mode,model_subject,predict_subject,accuracy,f1_macro,n_train,n_predict,model_solver,train_joy,train_neutro,train_sad,predict_joy,predict_neutro,predict_sad
strict,211-000531,211-000532,0.3472222222222222,0.26889654041646166,62,144,lsqr_auto,35,18,9,49,47,48
calibrated,211-000531,211-000532,0.3125,0.23823529411764702,62,144,lsqr_auto,35,18,9,49,47,48
strict,211-000531,211-000533,0.4782608695652174,0.4067460317460318,62,138,lsqr_auto,35,18,9,45,45,48
calibrated,211-000531,211-000533,0.4782608695652174,0.40370370370370373,62,138,lsqr_auto,35,18,9,45,45,48
strict,211-000531,211-000535,0.2871287128712871,0.1805380411937789,62,101,lsqr_auto,35,18,9,45,28,28
calibrated,211-000531,211-000535,0.46534653465346537,0.35117454653583113,62,101,lsqr_auto,35,18,9,45,28,28
strict,211-000531,211-000536,0.43548387096774194,0.30351866774106906,62,124,lsqr_auto,35,18,9,47,46,31
calibrated,211-000531,211-000536,0.46774193548387094,0.35353535353535354,62,124,lsqr_auto,35,18,9,47,46,31
strict,211-000531,211-000537,0.31297709923664124,0.1607843137254902,62,131,lsqr_auto,35,18,9,42,42,47
calibrated,211-000531,211-000537,0.35877862595419846,0.290883137839012,62,131,lsqr_auto,35,18,9,42,42,47
strict,211-000531,211-000539,0.3333333333333333,0.16666666666666666,62,132,lsqr_auto,35,18,9,49,44,39
calibrated,211-000531,211-000539,0.4393939393939394,0.34892950975459786,62,132,lsqr_auto,35,18,9,49,44,39
strict,211-000531,211-000540,0.6568627450980392,0.4809081527347781,62,102,lsqr_auto,35,18,9,49,33,20
calibrated,211-000531,211-000540,0.5784313725490197,0.43975155279503103,62,102,lsqr_auto,35,18,9,49,33,20
strict,211-000531,211-000541,0.3228346456692913,0.1626984126984127,62,127,lsqr_auto,35,18,9,41,40,46
calibrated,211-000531,211-000541,0.44881889763779526,0.36975013290802766,62,127,lsqr_auto,35,18,9,41,40,46
strict,211-000531,211-000543,0.3191489361702128,0.2644628099173554,62,141,lsqr_auto,35,18,9,49,45,47
calibrated,211-000531,211-000543,0.09929078014184398,0.08354978354978354,62,141,lsqr_auto,35,18,9,49,45,47
strict,211-000531,211-000544,0.5583333333333333,0.5235144682970544,62,120,lsqr_auto,35,18,9,27,46,47
calibrated,211-000531,211-000544,0.4,0.3412014230979748,62,120,lsqr_auto,35,18,9,27,46,47
strict,211-000531,211-000545,0.3125,0.17072879330943846,62,96,lsqr_auto,35,18,9,44,23,29
calibrated,211-000531,211-000545,0.3125,0.23806366047745361,62,96,lsqr_auto,35,18,9,44,23,29
strict,211-000531,211-000546,0.5673758865248227,0.5069636957114271,62,141,lsqr_auto,35,18,9,48,47,46
calibrated,211-000531,211-000546,0.5957446808510638,0.47834441980783443,62,141,lsqr_auto,35,18,9,48,47,46
strict,211-000531,211-000547,0.3541666666666667,0.2847124824684432,62,144,lsqr_auto,35,18,9,49,47,48
calibrated,211-000531,211-000547,0.3333333333333333,0.27614808073029096,62,144,lsqr_auto,35,18,9,49,47,48
strict,211-000531,211-000548,0.39622641509433965,0.26507887411073305,62,106,lsqr_auto,35,18,9,37,39,30
calibrated,211-000531,211-000548,0.4339622641509434,0.34026790713701166,62,106,lsqr_auto,35,18,9,37,39,30
strict,211-000531,211-000549,0.3381294964028777,0.18085106382978722,62,139,lsqr_auto,35,18,9,46,46,47
calibrated,211-000531,211-000549,0.28776978417266186,0.2257495590828924,62,139,lsqr_auto,35,18,9,46,46,47
strict,211-000531,211-000550,0.1728395061728395,0.1048689138576779,62,81,lsqr_auto,35,18,9,37,14,30
calibrated,211-000531,211-000550,0.07407407407407407,0.0691358024691358,62,81,lsqr_auto,35,18,9,37,14,30
strict,211-000531,211-000552,0.49137931034482757,0.4020594194810223,62,116,lsqr_auto,35,18,9,36,45,35
calibrated,211-000531,211-000552,0.4224137931034483,0.3677492877492878,62,116,lsqr_auto,35,18,9,36,45,35
strict,211-000531,211-000553,0.28846153846153844,0.15503875968992248,62,104,lsqr_auto,35,18,9,38,35,31
calibrated,211-000531,211-000553,0.25961538461538464,0.17683096630465048,62,104,lsqr_auto,35,18,9,38,35,31
strict,211-000531,211-000554,0.2846715328467153,0.1818552082272681,62,137,lsqr_auto,35,18,9,49,44,44
calibrated,211-000531,211-000554,0.22627737226277372,0.18591439424772757,62,137,lsqr_auto,35,18,9,49,44,44
strict,211-000531,211-000555,0.2932330827067669,0.16149068322981366,62,133,lsqr_auto,35,18,9,42,46,45
calibrated,211-000531,211-000555,0.2857142857142857,0.18997730050637332,62,133,lsqr_auto,35,18,9,42,46,45
strict,211-000531,211-000556,0.0784313725490196,0.07555649181939471,62,102,lsqr_auto,35,18,9,39,36,27
calibrated,211-000531,211-000556,0.049019607843137254,0.03115264797507788,62,102,lsqr_auto,35,18,9,39,36,27
strict,211-000531,211-000557,0.3233082706766917,0.16287878787878787,62,133,lsqr_auto,35,18,9,45,43,45
calibrated,211-000531,211-000557,0.15789473684210525,0.1279495698100349,62,133,lsqr_auto,35,18,9,45,43,45
strict,211-000532,211-000531,0.20967741935483872,0.17685518143184045,144,62,lsqr_auto,49,47,48,35,18,9
calibrated,211-000532,211-000531,0.6451612903225806,0.5276976896167301,144,62,lsqr_auto,49,47,48,35,18,9
strict,211-000532,211-000533,0.1956521739130435,0.1276595744680851,144,138,lsqr_auto,49,47,48,45,45,48
calibrated,211-000532,211-000533,0.13768115942028986,0.12640681387903285,144,138,lsqr_auto,49,47,48,45,45,48
strict,211-000532,211-000535,0.27722772277227725,0.14470284237726097,144,101,lsqr_auto,49,47,48,45,28,28
calibrated,211-000532,211-000535,0.1188118811881188,0.12146030491330535,144,101,lsqr_auto,49,47,48,45,28,28
strict,211-000532,211-000536,0.3548387096774194,0.221906728618138,144,124,lsqr_auto,49,47,48,47,46,31
calibrated,211-000532,211-000536,0.08064516129032258,0.07012987012987014,144,124,lsqr_auto,49,47,48,47,46,31
strict,211-000532,211-000537,0.35877862595419846,0.17602996254681647,144,131,lsqr_auto,49,47,48,42,42,47
calibrated,211-000532,211-000537,0.31297709923664124,0.2972952523514321,144,131,lsqr_auto,49,47,48,42,42,47
strict,211-000532,211-000539,0.29545454545454547,0.15204678362573099,144,132,lsqr_auto,49,47,48,49,44,39
calibrated,211-000532,211-000539,0.32575757575757575,0.3184863582015657,144,132,lsqr_auto,49,47,48,49,44,39
strict,211-000532,211-000540,0.23529411764705882,0.18343405616779238,144,102,lsqr_auto,49,47,48,49,33,20
calibrated,211-000532,211-000540,0.3137254901960784,0.2670940170940171,144,102,lsqr_auto,49,47,48,49,33,20
strict,211-000532,211-000541,0.36220472440944884,0.1772639691714836,144,127,lsqr_auto,49,47,48,41,40,46
calibrated,211-000532,211-000541,0.3543307086614173,0.3106498688456703,144,127,lsqr_auto,49,47,48,41,40,46
strict,211-000532,211-000543,0.3191489361702128,0.16574585635359115,144,141,lsqr_auto,49,47,48,49,45,47
calibrated,211-000532,211-000543,0.2907801418439716,0.27986845196147525,144,141,lsqr_auto,49,47,48,49,45,47
strict,211-000532,211-000544,0.39166666666666666,0.23030303030303031,144,120,lsqr_auto,49,47,48,27,46,47
calibrated,211-000532,211-000544,0.225,0.2236842105263158,144,120,lsqr_auto,49,47,48,27,46,47
strict,211-000532,211-000545,0.3020833333333333,0.15466666666666667,144,96,lsqr_auto,49,47,48,44,23,29
calibrated,211-000532,211-000545,0.3229166666666667,0.29332781913427075,144,96,lsqr_auto,49,47,48,44,23,29
strict,211-000532,211-000546,0.3971631205673759,0.40608740608740607,144,141,lsqr_auto,49,47,48,48,47,46
calibrated,211-000532,211-000546,0.49645390070921985,0.46243120394270454,144,141,lsqr_auto,49,47,48,48,47,46
strict,211-000532,211-000547,0.3194444444444444,0.26057302585604475,144,144,lsqr_auto,49,47,48,49,47,48
calibrated,211-000532,211-000547,0.2986111111111111,0.2949972874525304,144,144,lsqr_auto,49,47,48,49,47,48
strict,211-000532,211-000548,0.11320754716981132,0.10126582278481013,144,106,lsqr_auto,49,47,48,37,39,30
calibrated,211-000532,211-000548,0.2358490566037736,0.2280189597262768,144,106,lsqr_auto,49,47,48,37,39,30
strict,211-000532,211-000549,0.3597122302158273,0.22272727272727275,144,139,lsqr_auto,49,47,48,46,46,47
calibrated,211-000532,211-000549,0.3237410071942446,0.3163748442520821,144,139,lsqr_auto,49,47,48,46,46,47
strict,211-000532,211-000550,0.4444444444444444,0.2878182200715338,144,81,lsqr_auto,49,47,48,37,14,30
calibrated,211-000532,211-000550,0.2345679012345679,0.23369911742004765,144,81,lsqr_auto,49,47,48,37,14,30
strict,211-000532,211-000552,0.3017241379310345,0.15555555555555556,144,116,lsqr_auto,49,47,48,36,45,35
calibrated,211-000532,211-000552,0.1206896551724138,0.11667187581392925,144,116,lsqr_auto,49,47,48,36,45,35
strict,211-000532,211-000553,0.3173076923076923,0.2075822134819185,144,104,lsqr_auto,49,47,48,38,35,31
calibrated,211-000532,211-000553,0.23076923076923078,0.22083333333333333,144,104,lsqr_auto,49,47,48,38,35,31
strict,211-000532,211-000554,0.3357664233576642,0.3191857412040898,144,137,lsqr_auto,49,47,48,49,44,44
calibrated,211-000532,211-000554,0.21897810218978103,0.21841626552604174,144,137,lsqr_auto,49,47,48,49,44,44
strict,211-000532,211-000555,0.2556390977443609,0.20293581913639772,144,133,lsqr_auto,49,47,48,42,46,45
calibrated,211-000532,211-000555,0.3233082706766917,0.29331078224101476,144,133,lsqr_auto,49,47,48,42,46,45
strict,211-000532,211-000556,0.3235294117647059,0.2783625730994152,144,102,lsqr_auto,49,47,48,39,36,27
calibrated,211-000532,211-000556,0.17647058823529413,0.1949509116409537,144,102,lsqr_auto,49,47,48,39,36,27
strict,211-000532,211-000557,0.39849624060150374,0.2933057280883368,144,133,lsqr_auto,49,47,48,45,43,45
calibrated,211-000532,211-000557,0.3308270676691729,0.3050518367591538,144,133,lsqr_auto,49,47,48,45,43,45
strict,211-000533,211-000531,0.6451612903225806,0.4470054129561725,138,62,lsqr_auto,45,45,48,35,18,9
calibrated,211-000533,211-000531,0.6935483870967742,0.5794169301018616,138,62,lsqr_auto,45,45,48,35,18,9
strict,211-000533,211-000532,0.2638888888888889,0.1501123868537756,138,144,lsqr_auto,45,45,48,49,47,48
calibrated,211-000533,211-000532,0.2361111111111111,0.20513602847698956,138,144,lsqr_auto,45,45,48,49,47,48
strict,211-000533,211-000535,0.44554455445544555,0.20547945205479454,138,101,lsqr_auto,45,45,48,45,28,28
calibrated,211-000533,211-000535,0.26732673267326734,0.25586178527354997,138,101,lsqr_auto,45,45,48,45,28,28
strict,211-000533,211-000536,0.3467741935483871,0.24311435523114355,138,124,lsqr_auto,45,45,48,47,46,31
calibrated,211-000533,211-000536,0.4112903225806452,0.344758064516129,138,124,lsqr_auto,45,45,48,47,46,31
strict,211-000533,211-000537,0.32061068702290074,0.16184971098265896,138,131,lsqr_auto,45,45,48,42,42,47
calibrated,211-000533,211-000537,0.4198473282442748,0.36813537675606645,138,131,lsqr_auto,45,45,48,42,42,47
strict,211-000533,211-000539,0.4090909090909091,0.30106401534972965,138,132,lsqr_auto,45,45,48,49,44,39
calibrated,211-000533,211-000539,0.19696969696969696,0.21860347742700684,138,132,lsqr_auto,45,45,48,49,44,39
strict,211-000533,211-000540,0.4803921568627451,0.2163355408388521,138,102,lsqr_auto,45,45,48,49,33,20
calibrated,211-000533,211-000540,0.3235294117647059,0.25607118534982753,138,102,lsqr_auto,45,45,48,49,33,20
strict,211-000533,211-000541,0.3228346456692913,0.1626984126984127,138,127,lsqr_auto,45,45,48,41,40,46
calibrated,211-000533,211-000541,0.3228346456692913,0.2788677188790375,138,127,lsqr_auto,45,45,48,41,40,46
strict,211-000533,211-000543,0.3120567375886525,0.2030710835058661,138,141,lsqr_auto,45,45,48,49,45,47
calibrated,211-000533,211-000543,0.2765957446808511,0.27655840987897834,138,141,lsqr_auto,45,45,48,49,45,47
strict,211-000533,211-000544,0.24166666666666667,0.15201791672379908,138,120,lsqr_auto,45,45,48,27,46,47
calibrated,211-000533,211-000544,0.5833333333333334,0.5885458538917877,138,120,lsqr_auto,45,45,48,27,46,47
strict,211-000533,211-000545,0.3958333333333333,0.34408994596348225,138,96,lsqr_auto,45,45,48,44,23,29
calibrated,211-000533,211-000545,0.3541666666666667,0.2932216298552932,138,96,lsqr_auto,45,45,48,44,23,29
strict,211-000533,211-000546,0.6595744680851063,0.5515873015873015,138,141,lsqr_auto,45,45,48,48,47,46
calibrated,211-000533,211-000546,0.5531914893617021,0.542269392033543,138,141,lsqr_auto,45,45,48,48,47,46
strict,211-000533,211-000547,0.3263888888888889,0.16404886561954626,138,144,lsqr_auto,45,45,48,49,47,48
calibrated,211-000533,211-000547,0.4027777777777778,0.40566216823901574,138,144,lsqr_auto,45,45,48,49,47,48
strict,211-000533,211-000548,0.36792452830188677,0.1793103448275862,138,106,lsqr_auto,45,45,48,37,39,30
calibrated,211-000533,211-000548,0.3490566037735849,0.3531409168081494,138,106,lsqr_auto,45,45,48,37,39,30
strict,211-000533,211-000549,0.15827338129496402,0.15033280426214815,138,139,lsqr_auto,45,45,48,46,46,47
calibrated,211-000533,211-000549,0.18705035971223022,0.18048090794750624,138,139,lsqr_auto,45,45,48,46,46,47
strict,211-000533,211-000550,0.1728395061728395,0.22165169020111253,138,81,lsqr_auto,45,45,48,37,14,30
calibrated,211-000533,211-000550,0.2222222222222222,0.23497326203208554,138,81,lsqr_auto,45,45,48,37,14,30
strict,211-000533,211-000552,0.3103448275862069,0.15789473684210525,138,116,lsqr_auto,45,45,48,36,45,35
calibrated,211-000533,211-000552,0.33620689655172414,0.32111026228673284,138,116,lsqr_auto,45,45,48,36,45,35
strict,211-000533,211-000553,0.3557692307692308,0.17494089834515367,138,104,lsqr_auto,45,45,48,38,35,31
calibrated,211-000533,211-000553,0.4519230769230769,0.4195386503966727,138,104,lsqr_auto,45,45,48,38,35,31
strict,211-000533,211-000554,0.35766423357664234,0.17562724014336917,138,137,lsqr_auto,45,45,48,49,44,44
calibrated,211-000533,211-000554,0.2773722627737226,0.27202138480827004,138,137,lsqr_auto,45,45,48,49,44,44
strict,211-000533,211-000555,0.3157894736842105,0.16,138,133,lsqr_auto,45,45,48,42,46,45
calibrated,211-000533,211-000555,0.23308270676691728,0.15487030905077262,138,133,lsqr_auto,45,45,48,42,46,45
strict,211-000533,211-000556,0.3627450980392157,0.1774580335731415,138,102,lsqr_auto,45,45,48,39,36,27
calibrated,211-000533,211-000556,0.0392156862745098,0.03801801801801802,138,102,lsqr_auto,45,45,48,39,36,27
strict,211-000533,211-000557,0.3082706766917293,0.1579961464354528,138,133,lsqr_auto,45,45,48,45,43,45
calibrated,211-000533,211-000557,0.3007518796992481,0.30104280574969494,138,133,lsqr_auto,45,45,48,45,43,45
strict,211-000535,211-000531,0.14516129032258066,0.08450704225352113,101,62,lsqr_auto,45,28,28,35,18,9
calibrated,211-000535,211-000531,0.4838709677419355,0.3816287878787879,101,62,lsqr_auto,45,28,28,35,18,9
strict,211-000535,211-000532,0.3472222222222222,0.21515151515151518,101,144,lsqr_auto,45,28,28,49,47,48
calibrated,211-000535,211-000532,0.2152777777777778,0.20918237623043115,101,144,lsqr_auto,45,28,28,49,47,48
strict,211-000535,211-000533,0.34782608695652173,0.2058823529411765,101,138,lsqr_auto,45,28,28,45,45,48
calibrated,211-000535,211-000533,0.37681159420289856,0.39598290598290603,101,138,lsqr_auto,45,28,28,45,45,48
strict,211-000535,211-000536,0.03225806451612903,0.020833333333333332,101,124,lsqr_auto,45,28,28,47,46,31
calibrated,211-000535,211-000536,0.28225806451612906,0.25025213573801613,101,124,lsqr_auto,45,28,28,47,46,31
strict,211-000535,211-000537,0.366412213740458,0.1925283580782201,101,131,lsqr_auto,45,28,28,42,42,47
calibrated,211-000535,211-000537,0.4732824427480916,0.4665978672170623,101,131,lsqr_auto,45,28,28,42,42,47
strict,211-000535,211-000539,0.29545454545454547,0.15204678362573099,101,132,lsqr_auto,45,28,28,49,44,39
calibrated,211-000535,211-000539,0.3787878787878788,0.36878794004324633,101,132,lsqr_auto,45,28,28,49,44,39
strict,211-000535,211-000540,0.22549019607843138,0.16373571783407848,101,102,lsqr_auto,45,28,28,49,33,20
calibrated,211-000535,211-000540,0.5784313725490197,0.503976661085852,101,102,lsqr_auto,45,28,28,49,33,20
strict,211-000535,211-000541,0.48031496062992124,0.35448039120437835,101,127,lsqr_auto,45,28,28,41,40,46
calibrated,211-000535,211-000541,0.5196850393700787,0.5288747095198708,101,127,lsqr_auto,45,28,28,41,40,46
strict,211-000535,211-000543,0.44680851063829785,0.4475825425535951,101,141,lsqr_auto,45,28,28,49,45,47
calibrated,211-000535,211-000543,0.49645390070921985,0.46915711066654464,101,141,lsqr_auto,45,28,28,49,45,47
strict,211-000535,211-000544,0.38333333333333336,0.18473895582329317,101,120,lsqr_auto,45,28,28,27,46,47
calibrated,211-000535,211-000544,0.375,0.3613595413595414,101,120,lsqr_auto,45,28,28,27,46,47
strict,211-000535,211-000545,0.3333333333333333,0.2367026912481458,101,96,lsqr_auto,45,28,28,44,23,29
calibrated,211-000535,211-000545,0.6145833333333334,0.5719648372535043,101,96,lsqr_auto,45,28,28,44,23,29
strict,211-000535,211-000546,0.3262411347517731,0.16399286987522282,101,141,lsqr_auto,45,28,28,48,47,46
calibrated,211-000535,211-000546,0.48936170212765956,0.441235567551357,101,141,lsqr_auto,45,28,28,48,47,46
strict,211-000535,211-000547,0.4791666666666667,0.37325379070345516,101,144,lsqr_auto,45,28,28,49,47,48
calibrated,211-000535,211-000547,0.20833333333333334,0.1870851370851371,101,144,lsqr_auto,45,28,28,49,47,48
strict,211-000535,211-000548,0.3584905660377358,0.20266666666666666,101,106,lsqr_auto,45,28,28,37,39,30
calibrated,211-000535,211-000548,0.39622641509433965,0.3629450652706467,101,106,lsqr_auto,45,28,28,37,39,30
strict,211-000535,211-000549,0.31654676258992803,0.16029143897996356,101,139,lsqr_auto,45,28,28,46,46,47
calibrated,211-000535,211-000549,0.302158273381295,0.2909150255684909,101,139,lsqr_auto,45,28,28,46,46,47
strict,211-000535,211-000550,0.37037037037037035,0.1818181818181818,101,81,lsqr_auto,45,28,28,37,14,30
calibrated,211-000535,211-000550,0.9012345679012346,0.8773946360153256,101,81,lsqr_auto,45,28,28,37,14,30
strict,211-000535,211-000552,0.3017241379310345,0.15452538631346577,101,116,lsqr_auto,45,28,28,36,45,35
calibrated,211-000535,211-000552,0.28448275862068967,0.2529330572808834,101,116,lsqr_auto,45,28,28,36,45,35
strict,211-000535,211-000553,0.4423076923076923,0.3425559947299078,101,104,lsqr_auto,45,28,28,38,35,31
calibrated,211-000535,211-000553,0.6538461538461539,0.6307991317078095,101,104,lsqr_auto,45,28,28,38,35,31
strict,211-000535,211-000554,0.32116788321167883,0.16206261510128914,101,137,lsqr_auto,45,28,28,49,44,44
calibrated,211-000535,211-000554,0.49635036496350365,0.4518000518000518,101,137,lsqr_auto,45,28,28,49,44,44
strict,211-000535,211-000555,0.43609022556390975,0.3978569612436889,101,133,lsqr_auto,45,28,28,42,46,45
calibrated,211-000535,211-000555,0.3308270676691729,0.2734510211145725,101,133,lsqr_auto,45,28,28,42,46,45
strict,211-000535,211-000556,0.23529411764705882,0.23254901960784313,101,102,lsqr_auto,45,28,28,39,36,27
calibrated,211-000535,211-000556,0.6372549019607843,0.5615577405051089,101,102,lsqr_auto,45,28,28,39,36,27
strict,211-000535,211-000557,0.3383458646616541,0.189873417721519,101,133,lsqr_auto,45,28,28,45,43,45
calibrated,211-000535,211-000557,0.3383458646616541,0.34446970030258145,101,133,lsqr_auto,45,28,28,45,43,45
strict,211-000536,211-000531,0.3225806451612903,0.18988218988218988,124,62,lsqr_auto,47,46,31,35,18,9
calibrated,211-000536,211-000531,0.6612903225806451,0.4700750659362954,124,62,lsqr_auto,47,46,31,35,18,9
strict,211-000536,211-000532,0.3194444444444444,0.17462365591397852,124,144,lsqr_auto,47,46,31,49,47,48
calibrated,211-000536,211-000532,0.2847222222222222,0.23922762510345605,124,144,lsqr_auto,47,46,31,49,47,48
strict,211-000536,211-000533,0.13043478260869565,0.08391608391608392,124,138,lsqr_auto,47,46,31,45,45,48
calibrated,211-000536,211-000533,0.3115942028985507,0.26638596491228067,124,138,lsqr_auto,47,46,31,45,45,48
strict,211-000536,211-000535,0.18811881188118812,0.14389799635701275,124,101,lsqr_auto,47,46,31,45,28,28
calibrated,211-000536,211-000535,0.3564356435643564,0.2862474877978754,124,101,lsqr_auto,47,46,31,45,28,28
strict,211-000536,211-000537,0.31297709923664124,0.15984405458089668,124,131,lsqr_auto,47,46,31,42,42,47
calibrated,211-000536,211-000537,0.33587786259541985,0.26486756621689156,124,131,lsqr_auto,47,46,31,42,42,47
strict,211-000536,211-000539,0.32575757575757575,0.1657032755298651,124,132,lsqr_auto,47,46,31,49,44,39
calibrated,211-000536,211-000539,0.23484848484848486,0.20684514663436915,124,132,lsqr_auto,47,46,31,49,44,39
strict,211-000536,211-000540,0.7941176470588235,0.5976102394012842,124,102,lsqr_auto,47,46,31,49,33,20
calibrated,211-000536,211-000540,0.7058823529411765,0.5394024634530964,124,102,lsqr_auto,47,46,31,49,33,20
strict,211-000536,211-000541,0.2992125984251969,0.15734989648033126,124,127,lsqr_auto,47,46,31,41,40,46
calibrated,211-000536,211-000541,0.29133858267716534,0.23879633217099316,124,127,lsqr_auto,47,46,31,41,40,46
strict,211-000536,211-000543,0.36879432624113473,0.2976716769820218,124,141,lsqr_auto,47,46,31,49,45,47
calibrated,211-000536,211-000543,0.2553191489361702,0.20635633388215338,124,141,lsqr_auto,47,46,31,49,45,47
strict,211-000536,211-000544,0.38333333333333336,0.18473895582329317,124,120,lsqr_auto,47,46,31,27,46,47
calibrated,211-000536,211-000544,0.30833333333333335,0.2577745676337226,124,120,lsqr_auto,47,46,31,27,46,47
strict,211-000536,211-000545,0.23958333333333334,0.1288515406162465,124,96,lsqr_auto,47,46,31,44,23,29
calibrated,211-000536,211-000545,0.3854166666666667,0.3283635959797879,124,96,lsqr_auto,47,46,31,44,23,29
strict,211-000536,211-000546,0.425531914893617,0.32187986305633365,124,141,lsqr_auto,47,46,31,48,47,46
calibrated,211-000536,211-000546,0.6382978723404256,0.5137266355140188,124,141,lsqr_auto,47,46,31,48,47,46
strict,211-000536,211-000547,0.3194444444444444,0.172646363509943,124,144,lsqr_auto,47,46,31,49,47,48
calibrated,211-000536,211-000547,0.19444444444444445,0.17592592592592593,124,144,lsqr_auto,47,46,31,49,47,48
strict,211-000536,211-000548,0.36792452830188677,0.18055555555555555,124,106,lsqr_auto,47,46,31,37,39,30
calibrated,211-000536,211-000548,0.660377358490566,0.5408885426357762,124,106,lsqr_auto,47,46,31,37,39,30
strict,211-000536,211-000549,0.3237410071942446,0.26083935174844264,124,139,lsqr_auto,47,46,31,46,46,47
calibrated,211-000536,211-000549,0.39568345323741005,0.3479827824756407,124,139,lsqr_auto,47,46,31,46,46,47
strict,211-000536,211-000550,0.07407407407407407,0.06596954631770353,124,81,lsqr_auto,47,46,31,37,14,30
calibrated,211-000536,211-000550,0.2962962962962963,0.23111111111111113,124,81,lsqr_auto,47,46,31,37,14,30
strict,211-000536,211-000552,0.20689655172413793,0.16360509115927072,124,116,lsqr_auto,47,46,31,36,45,35
calibrated,211-000536,211-000552,0.28448275862068967,0.28698350046227156,124,116,lsqr_auto,47,46,31,36,45,35
strict,211-000536,211-000553,0.33653846153846156,0.16908212560386474,124,104,lsqr_auto,47,46,31,38,35,31
calibrated,211-000536,211-000553,0.4230769230769231,0.33885770293147993,124,104,lsqr_auto,47,46,31,38,35,31
strict,211-000536,211-000554,0.24817518248175183,0.16065243403236978,124,137,lsqr_auto,47,46,31,49,44,44
calibrated,211-000536,211-000554,0.20437956204379562,0.16319742210441515,124,137,lsqr_auto,47,46,31,49,44,44
strict,211-000536,211-000555,0.17293233082706766,0.13289161818573583,124,133,lsqr_auto,47,46,31,42,46,45
calibrated,211-000536,211-000555,0.15037593984962405,0.11937527304499783,124,133,lsqr_auto,47,46,31,42,46,45
strict,211-000536,211-000556,0.22549019607843138,0.1803921568627451,124,102,lsqr_auto,47,46,31,39,36,27
calibrated,211-000536,211-000556,0.0784313725490196,0.05555555555555555,124,102,lsqr_auto,47,46,31,39,36,27
strict,211-000536,211-000557,0.3458646616541353,0.20748299319727892,124,133,lsqr_auto,47,46,31,45,43,45
calibrated,211-000536,211-000557,0.19548872180451127,0.1567227604963454,124,133,lsqr_auto,47,46,31,45,43,45
strict,211-000537,211-000531,0.3548387096774194,0.23461622091759074,131,62,lsqr_auto,42,42,47,35,18,9
calibrated,211-000537,211-000531,0.20967741935483872,0.196969696969697,131,62,lsqr_auto,42,42,47,35,18,9
strict,211-000537,211-000532,0.3333333333333333,0.1675392670157068,131,144,lsqr_auto,42,42,47,49,47,48
calibrated,211-000537,211-000532,0.22916666666666666,0.23088743299583084,131,144,lsqr_auto,42,42,47,49,47,48
strict,211-000537,211-000533,0.34782608695652173,0.17204301075268816,131,138,lsqr_auto,42,42,47,45,45,48
calibrated,211-000537,211-000533,0.26811594202898553,0.3008825427165253,131,138,lsqr_auto,42,42,47,45,45,48
strict,211-000537,211-000535,0.27722772277227725,0.14470284237726097,131,101,lsqr_auto,42,42,47,45,28,28
calibrated,211-000537,211-000535,0.31683168316831684,0.31588402691901596,131,101,lsqr_auto,42,42,47,45,28,28
strict,211-000537,211-000536,0.1774193548387097,0.16309731934731933,131,124,lsqr_auto,42,42,47,47,46,31
calibrated,211-000537,211-000536,0.3064516129032258,0.253637473012297,131,124,lsqr_auto,42,42,47,47,46,31
strict,211-000537,211-000539,0.32575757575757575,0.20600308816329604,131,132,lsqr_auto,42,42,47,49,44,39
calibrated,211-000537,211-000539,0.4318181818181818,0.40717983728736423,131,132,lsqr_auto,42,42,47,49,44,39
strict,211-000537,211-000540,0.19607843137254902,0.1092896174863388,131,102,lsqr_auto,42,42,47,49,33,20
calibrated,211-000537,211-000540,0.20588235294117646,0.2074835460375044,131,102,lsqr_auto,42,42,47,49,33,20
strict,211-000537,211-000541,0.2283464566929134,0.13063063063063063,131,127,lsqr_auto,42,42,47,41,40,46
calibrated,211-000537,211-000541,0.3228346456692913,0.34359422770429077,131,127,lsqr_auto,42,42,47,41,40,46
strict,211-000537,211-000543,0.3333333333333333,0.16666666666666666,131,141,lsqr_auto,42,42,47,49,45,47
calibrated,211-000537,211-000543,0.3404255319148936,0.306986047327832,131,141,lsqr_auto,42,42,47,49,45,47
strict,211-000537,211-000544,0.21666666666666667,0.13643790849673204,131,120,lsqr_auto,42,42,47,27,46,47
calibrated,211-000537,211-000544,0.36666666666666664,0.3286551543694401,131,120,lsqr_auto,42,42,47,27,46,47
strict,211-000537,211-000545,0.2708333333333333,0.23159636062861869,131,96,lsqr_auto,42,42,47,44,23,29
calibrated,211-000537,211-000545,0.375,0.37056098816263505,131,96,lsqr_auto,42,42,47,44,23,29
strict,211-000537,211-000546,0.2553191489361702,0.19141449683321607,131,141,lsqr_auto,42,42,47,48,47,46
calibrated,211-000537,211-000546,0.1773049645390071,0.16460692377226213,131,141,lsqr_auto,42,42,47,48,47,46
strict,211-000537,211-000547,0.2361111111111111,0.14481386757601591,131,144,lsqr_auto,42,42,47,49,47,48
calibrated,211-000537,211-000547,0.2152777777777778,0.2113205535802748,131,144,lsqr_auto,42,42,47,49,47,48
strict,211-000537,211-000548,0.3490566037735849,0.2051181616399008,131,106,lsqr_auto,42,42,47,37,39,30
calibrated,211-000537,211-000548,0.33962264150943394,0.3360902255639098,131,106,lsqr_auto,42,42,47,37,39,30
strict,211-000537,211-000549,0.3597122302158273,0.25903908560925876,131,139,lsqr_auto,42,42,47,46,46,47
calibrated,211-000537,211-000549,0.39568345323741005,0.3595694884233202,131,139,lsqr_auto,42,42,47,46,46,47
strict,211-000537,211-000550,0.16049382716049382,0.11936936936936937,131,81,lsqr_auto,42,42,47,37,14,30
calibrated,211-000537,211-000550,0.41975308641975306,0.38489409141583053,131,81,lsqr_auto,42,42,47,37,14,30
strict,211-000537,211-000552,0.33620689655172414,0.2732593294011614,131,116,lsqr_auto,42,42,47,36,45,35
calibrated,211-000537,211-000552,0.4482758620689655,0.3965020063368714,131,116,lsqr_auto,42,42,47,36,45,35
strict,211-000537,211-000553,0.34615384615384615,0.18991545893719808,131,104,lsqr_auto,42,42,47,38,35,31
calibrated,211-000537,211-000553,0.38461538461538464,0.36157932958758554,131,104,lsqr_auto,42,42,47,38,35,31
strict,211-000537,211-000554,0.31386861313868614,0.24458070110244023,131,137,lsqr_auto,42,42,47,49,44,44
calibrated,211-000537,211-000554,0.32116788321167883,0.31202226147677053,131,137,lsqr_auto,42,42,47,49,44,44
strict,211-000537,211-000555,0.10526315789473684,0.07768685215493726,131,133,lsqr_auto,42,42,47,42,46,45
calibrated,211-000537,211-000555,0.16541353383458646,0.20874495874495871,131,133,lsqr_auto,42,42,47,42,46,45
strict,211-000537,211-000556,0.27450980392156865,0.20280764635603346,131,102,lsqr_auto,42,42,47,39,36,27
calibrated,211-000537,211-000556,0.2549019607843137,0.18840579710144925,131,102,lsqr_auto,42,42,47,39,36,27
strict,211-000537,211-000557,0.37593984962406013,0.2586852351003294,131,133,lsqr_auto,42,42,47,45,43,45
calibrated,211-000537,211-000557,0.38345864661654133,0.3456654361562385,131,133,lsqr_auto,42,42,47,45,43,45
strict,211-000539,211-000531,0.25806451612903225,0.260682548685952,132,62,lsqr_auto,49,44,39,35,18,9
calibrated,211-000539,211-000531,0.3064516129032258,0.3456252419667054,132,62,lsqr_auto,49,44,39,35,18,9
strict,211-000539,211-000532,0.3819444444444444,0.2523960633204331,132,144,lsqr_auto,49,44,39,49,47,48
calibrated,211-000539,211-000532,0.4722222222222222,0.47202898550724637,132,144,lsqr_auto,49,44,39,49,47,48
strict,211-000539,211-000533,0.32608695652173914,0.16393442622950818,132,138,lsqr_auto,49,44,39,45,45,48
calibrated,211-000539,211-000533,0.2753623188405797,0.2757898130238556,132,138,lsqr_auto,49,44,39,45,45,48
strict,211-000539,211-000535,0.44554455445544555,0.20547945205479454,132,101,lsqr_auto,49,44,39,45,28,28
calibrated,211-000539,211-000535,0.504950495049505,0.4519331243469174,132,101,lsqr_auto,49,44,39,45,28,28
strict,211-000539,211-000536,0.3790322580645161,0.1865079365079365,132,124,lsqr_auto,49,44,39,47,46,31
calibrated,211-000539,211-000536,0.13709677419354838,0.14852983925148874,132,124,lsqr_auto,49,44,39,47,46,31
strict,211-000539,211-000537,0.4122137404580153,0.34018264840182644,132,131,lsqr_auto,49,44,39,42,42,47
calibrated,211-000539,211-000537,0.3816793893129771,0.36240981240981246,132,131,lsqr_auto,49,44,39,42,42,47
strict,211-000539,211-000540,0.5490196078431373,0.3788838612368024,132,102,lsqr_auto,49,44,39,49,33,20
calibrated,211-000539,211-000540,0.6862745098039216,0.6588176442613978,132,102,lsqr_auto,49,44,39,49,33,20
strict,211-000539,211-000541,0.29133858267716534,0.20168439716312056,132,127,lsqr_auto,49,44,39,41,40,46
calibrated,211-000539,211-000541,0.12598425196850394,0.1322357174988754,132,127,lsqr_auto,49,44,39,41,40,46
strict,211-000539,211-000543,0.3475177304964539,0.17192982456140352,132,141,lsqr_auto,49,44,39,49,45,47
calibrated,211-000539,211-000543,0.5673758865248227,0.5522834245526658,132,141,lsqr_auto,49,44,39,49,45,47
strict,211-000539,211-000544,0.225,0.12244897959183675,132,120,lsqr_auto,49,44,39,27,46,47
calibrated,211-000539,211-000544,0.3416666666666667,0.29922323539344814,132,120,lsqr_auto,49,44,39,27,46,47
strict,211-000539,211-000545,0.4583333333333333,0.20952380952380953,132,96,lsqr_auto,49,44,39,44,23,29
calibrated,211-000539,211-000545,0.7708333333333334,0.7372078143080798,132,96,lsqr_auto,49,44,39,44,23,29
strict,211-000539,211-000546,0.3971631205673759,0.26891145245740405,132,141,lsqr_auto,49,44,39,48,47,46
calibrated,211-000539,211-000546,0.6808510638297872,0.6794152046783625,132,141,lsqr_auto,49,44,39,48,47,46
strict,211-000539,211-000547,0.3263888888888889,0.16404886561954626,132,144,lsqr_auto,49,44,39,49,47,48
calibrated,211-000539,211-000547,0.08333333333333333,0.08402114677327586,132,144,lsqr_auto,49,44,39,49,47,48
strict,211-000539,211-000548,0.33962264150943394,0.16901408450704225,132,106,lsqr_auto,49,44,39,37,39,30
calibrated,211-000539,211-000548,0.1792452830188679,0.18471156578573455,132,106,lsqr_auto,49,44,39,37,39,30
strict,211-000539,211-000549,0.38848920863309355,0.2745130135865117,132,139,lsqr_auto,49,44,39,46,46,47
calibrated,211-000539,211-000549,0.5467625899280576,0.5347704299110948,132,139,lsqr_auto,49,44,39,46,46,47
strict,211-000539,211-000550,0.4691358024691358,0.2323315871702968,132,81,lsqr_auto,49,44,39,37,14,30
calibrated,211-000539,211-000550,0.3950617283950617,0.36661744801279683,132,81,lsqr_auto,49,44,39,37,14,30
strict,211-000539,211-000552,0.49137931034482757,0.37956857956857953,132,116,lsqr_auto,49,44,39,36,45,35
calibrated,211-000539,211-000552,0.3620689655172414,0.35924888744165856,132,116,lsqr_auto,49,44,39,36,45,35
strict,211-000539,211-000553,0.36538461538461536,0.1784037558685446,132,104,lsqr_auto,49,44,39,38,35,31
calibrated,211-000539,211-000553,0.47115384615384615,0.46265805907486995,132,104,lsqr_auto,49,44,39,38,35,31
strict,211-000539,211-000554,0.36496350364963503,0.3097100032583904,132,137,lsqr_auto,49,44,39,49,44,44
calibrated,211-000539,211-000554,0.5182481751824818,0.5032589987178149,132,137,lsqr_auto,49,44,39,49,44,44
strict,211-000539,211-000555,0.2706766917293233,0.15865528601377657,132,133,lsqr_auto,49,44,39,42,46,45
calibrated,211-000539,211-000555,0.13533834586466165,0.13369890835237372,132,133,lsqr_auto,49,44,39,42,46,45
strict,211-000539,211-000556,0.049019607843137254,0.04838533114395183,132,102,lsqr_auto,49,44,39,39,36,27
calibrated,211-000539,211-000556,0.5,0.4439299830604178,132,102,lsqr_auto,49,44,39,39,36,27
strict,211-000539,211-000557,0.3308270676691729,0.1900015820281601,132,133,lsqr_auto,49,44,39,45,43,45
calibrated,211-000539,211-000557,0.43609022556390975,0.43365402786937723,132,133,lsqr_auto,49,44,39,45,43,45
strict,211-000540,211-000531,0.04838709677419355,0.03076923076923077,102,62,lsqr_auto,49,33,20,35,18,9
calibrated,211-000540,211-000531,0.3870967741935484,0.2222222222222222,102,62,lsqr_auto,49,33,20,35,18,9
strict,211-000540,211-000532,0.3402777777777778,0.17102966841186737,102,144,lsqr_auto,49,33,20,49,47,48
calibrated,211-000540,211-000532,0.3194444444444444,0.29056283701962926,102,144,lsqr_auto,49,33,20,49,47,48
strict,211-000540,211-000533,0.463768115942029,0.38448844884488453,102,138,lsqr_auto,49,33,20,45,45,48
calibrated,211-000540,211-000533,0.2753623188405797,0.24509941520467837,102,138,lsqr_auto,49,33,20,45,45,48
strict,211-000540,211-000535,0.32673267326732675,0.3082014911802146,102,101,lsqr_auto,49,33,20,45,28,28
calibrated,211-000540,211-000535,0.39603960396039606,0.39402686660418623,102,101,lsqr_auto,49,33,20,45,28,28
strict,211-000540,211-000536,0.3467741935483871,0.34423179160021267,102,124,lsqr_auto,49,33,20,47,46,31
calibrated,211-000540,211-000536,0.3387096774193548,0.34351549351549354,102,124,lsqr_auto,49,33,20,47,46,31
strict,211-000540,211-000537,0.3282442748091603,0.26407294144297205,102,131,lsqr_auto,49,33,20,42,42,47
calibrated,211-000540,211-000537,0.2748091603053435,0.26552537079908756,102,131,lsqr_auto,49,33,20,42,42,47
strict,211-000540,211-000539,0.3712121212121212,0.20833333333333334,102,132,lsqr_auto,49,33,20,49,44,39
calibrated,211-000540,211-000539,0.4090909090909091,0.3828324276366863,102,132,lsqr_auto,49,33,20,49,44,39
strict,211-000540,211-000541,0.18110236220472442,0.10222222222222221,102,127,lsqr_auto,49,33,20,41,40,46
calibrated,211-000540,211-000541,0.1968503937007874,0.15209048436308162,102,127,lsqr_auto,49,33,20,41,40,46
strict,211-000540,211-000543,0.3475177304964539,0.21924455472842572,102,141,lsqr_auto,49,33,20,49,45,47
calibrated,211-000540,211-000543,0.45390070921985815,0.4194255233681757,102,141,lsqr_auto,49,33,20,49,45,47
strict,211-000540,211-000544,0.2916666666666667,0.22226229114076212,102,120,lsqr_auto,49,33,20,27,46,47
calibrated,211-000540,211-000544,0.25833333333333336,0.2703150912106136,102,120,lsqr_auto,49,33,20,27,46,47
strict,211-000540,211-000545,0.4166666666666667,0.29973544973544974,102,96,lsqr_auto,49,33,20,44,23,29
calibrated,211-000540,211-000545,0.46875,0.35444818704180703,102,96,lsqr_auto,49,33,20,44,23,29
strict,211-000540,211-000546,0.5390070921985816,0.455534633827923,102,141,lsqr_auto,49,33,20,48,47,46
calibrated,211-000540,211-000546,0.46808510638297873,0.4143388675048423,102,141,lsqr_auto,49,33,20,48,47,46
strict,211-000540,211-000547,0.375,0.2982768865121806,102,144,lsqr_auto,49,33,20,49,47,48
calibrated,211-000540,211-000547,0.2847222222222222,0.23728905979775786,102,144,lsqr_auto,49,33,20,49,47,48
strict,211-000540,211-000548,0.20754716981132076,0.13213213213213212,102,106,lsqr_auto,49,33,20,37,39,30
calibrated,211-000540,211-000548,0.12264150943396226,0.1117609597764904,102,106,lsqr_auto,49,33,20,37,39,30
strict,211-000540,211-000549,0.34532374100719426,0.19609576427255984,102,139,lsqr_auto,49,33,20,46,46,47
calibrated,211-000540,211-000549,0.5323741007194245,0.5157555306399166,102,139,lsqr_auto,49,33,20,46,46,47
strict,211-000540,211-000550,0.25925925925925924,0.24152321335419927,102,81,lsqr_auto,49,33,20,37,14,30
calibrated,211-000540,211-000550,0.5925925925925926,0.49230769230769234,102,81,lsqr_auto,49,33,20,37,14,30
strict,211-000540,211-000552,0.3017241379310345,0.15452538631346577,102,116,lsqr_auto,49,33,20,36,45,35
calibrated,211-000540,211-000552,0.5,0.49692711659924776,102,116,lsqr_auto,49,33,20,36,45,35
strict,211-000540,211-000553,0.2980769230769231,0.15308641975308643,102,104,lsqr_auto,49,33,20,38,35,31
calibrated,211-000540,211-000553,0.4519230769230769,0.40937879289418516,102,104,lsqr_auto,49,33,20,38,35,31
strict,211-000540,211-000554,0.32116788321167883,0.16206261510128914,102,137,lsqr_auto,49,33,20,49,44,44
calibrated,211-000540,211-000554,0.5693430656934306,0.5339620551170198,102,137,lsqr_auto,49,33,20,49,44,44
strict,211-000540,211-000555,0.12781954887218044,0.11598915989159891,102,133,lsqr_auto,49,33,20,42,46,45
calibrated,211-000540,211-000555,0.14285714285714285,0.12764394646747587,102,133,lsqr_auto,49,33,20,42,46,45
strict,211-000540,211-000556,0.3137254901960784,0.23647186147186147,102,102,lsqr_auto,49,33,20,39,36,27
calibrated,211-000540,211-000556,0.5882352941176471,0.5675266597867217,102,102,lsqr_auto,49,33,20,39,36,27
strict,211-000540,211-000557,0.3383458646616541,0.1694915254237288,102,133,lsqr_auto,49,33,20,45,43,45
calibrated,211-000540,211-000557,0.6466165413533834,0.6384996161150847,102,133,lsqr_auto,49,33,20,45,43,45
strict,211-000541,211-000531,0.6774193548387096,0.5959950132460652,127,62,lsqr_auto,41,40,46,35,18,9
calibrated,211-000541,211-000531,0.5645161290322581,0.5279977313875619,127,62,lsqr_auto,41,40,46,35,18,9
strict,211-000541,211-000532,0.3125,0.2165373824063377,127,144,lsqr_auto,41,40,46,49,47,48
calibrated,211-000541,211-000532,0.3125,0.3130784559355988,127,144,lsqr_auto,41,40,46,49,47,48
strict,211-000541,211-000533,0.32608695652173914,0.16393442622950818,127,138,lsqr_auto,41,40,46,45,45,48
calibrated,211-000541,211-000533,0.2463768115942029,0.24426450742240216,127,138,lsqr_auto,41,40,46,45,45,48
strict,211-000541,211-000535,0.38613861386138615,0.3023927173547279,127,101,lsqr_auto,41,40,46,45,28,28
calibrated,211-000541,211-000535,0.6633663366336634,0.6504119080709811,127,101,lsqr_auto,41,40,46,45,28,28
strict,211-000541,211-000536,0.3790322580645161,0.2055722891566265,127,124,lsqr_auto,41,40,46,47,46,31
calibrated,211-000541,211-000536,0.21774193548387097,0.22814685314685312,127,124,lsqr_auto,41,40,46,47,46,31
strict,211-000541,211-000537,0.4961832061068702,0.3952380952380952,127,131,lsqr_auto,41,40,46,42,42,47
calibrated,211-000541,211-000537,0.4198473282442748,0.3764111705288176,127,131,lsqr_auto,41,40,46,42,42,47
strict,211-000541,211-000539,0.6060606060606061,0.4881794745214196,127,132,lsqr_auto,41,40,46,49,44,39
calibrated,211-000541,211-000539,0.3181818181818182,0.3184462596227302,127,132,lsqr_auto,41,40,46,49,44,39
strict,211-000541,211-000540,0.18627450980392157,0.15021899170627154,127,102,lsqr_auto,41,40,46,49,33,20
calibrated,211-000541,211-000540,0.14705882352941177,0.14886758659727217,127,102,lsqr_auto,41,40,46,49,33,20
strict,211-000541,211-000543,0.3475177304964539,0.1746880570409982,127,141,lsqr_auto,41,40,46,49,45,47
calibrated,211-000541,211-000543,0.28368794326241137,0.27909824258138866,127,141,lsqr_auto,41,40,46,49,45,47
strict,211-000541,211-000544,0.38333333333333336,0.18473895582329317,127,120,lsqr_auto,41,40,46,27,46,47
calibrated,211-000541,211-000544,0.5916666666666667,0.5867343336863208,127,120,lsqr_auto,41,40,46,27,46,47
strict,211-000541,211-000545,0.46875,0.3557312252964427,127,96,lsqr_auto,41,40,46,44,23,29
calibrated,211-000541,211-000545,0.34375,0.33598435462842247,127,96,lsqr_auto,41,40,46,44,23,29
strict,211-000541,211-000546,0.19858156028368795,0.14102564102564102,127,141,lsqr_auto,41,40,46,48,47,46
calibrated,211-000541,211-000546,0.23404255319148937,0.23799379547561325,127,141,lsqr_auto,41,40,46,48,47,46
strict,211-000541,211-000547,0.3194444444444444,0.18585858585858586,127,144,lsqr_auto,41,40,46,49,47,48
calibrated,211-000541,211-000547,0.2638888888888889,0.27395839240281417,127,144,lsqr_auto,41,40,46,49,47,48
strict,211-000541,211-000548,0.3584905660377358,0.17715617715617715,127,106,lsqr_auto,41,40,46,37,39,30
calibrated,211-000541,211-000548,0.41509433962264153,0.4089150286333385,127,106,lsqr_auto,41,40,46,37,39,30
strict,211-000541,211-000549,0.33093525179856115,0.24592194376367038,127,139,lsqr_auto,41,40,46,46,46,47
calibrated,211-000541,211-000549,0.2589928057553957,0.26002472239031377,127,139,lsqr_auto,41,40,46,46,46,47
strict,211-000541,211-000550,0.5308641975308642,0.3857212905756595,127,81,lsqr_auto,41,40,46,37,14,30
calibrated,211-000541,211-000550,0.5555555555555556,0.5517307864765492,127,81,lsqr_auto,41,40,46,37,14,30
strict,211-000541,211-000552,0.3706896551724138,0.19936204146730463,127,116,lsqr_auto,41,40,46,36,45,35
calibrated,211-000541,211-000552,0.20689655172413793,0.19500180223477112,127,116,lsqr_auto,41,40,46,36,45,35
strict,211-000541,211-000553,0.34615384615384615,0.18617614269788185,127,104,lsqr_auto,41,40,46,38,35,31
calibrated,211-000541,211-000553,0.3076923076923077,0.31005600019227536,127,104,lsqr_auto,41,40,46,38,35,31
strict,211-000541,211-000554,0.35036496350364965,0.17297297297297298,127,137,lsqr_auto,41,40,46,49,44,44
calibrated,211-000541,211-000554,0.1897810218978102,0.18078231292517008,127,137,lsqr_auto,41,40,46,49,44,44
strict,211-000541,211-000555,0.3609022556390977,0.30671497584541063,127,133,lsqr_auto,41,40,46,42,46,45
calibrated,211-000541,211-000555,0.24812030075187969,0.24207975324961448,127,133,lsqr_auto,41,40,46,42,46,45
strict,211-000541,211-000556,0.39215686274509803,0.20952380952380953,127,102,lsqr_auto,41,40,46,39,36,27
calibrated,211-000541,211-000556,0.24509803921568626,0.24775818920926,127,102,lsqr_auto,41,40,46,39,36,27
strict,211-000541,211-000557,0.3233082706766917,0.16287878787878787,127,133,lsqr_auto,41,40,46,45,43,45
calibrated,211-000541,211-000557,0.37593984962406013,0.35243241984815016,127,133,lsqr_auto,41,40,46,45,43,45
strict,211-000543,211-000531,0.14516129032258066,0.08450704225352113,141,62,lsqr_auto,49,45,47,35,18,9
calibrated,211-000543,211-000531,0.12903225806451613,0.1206454346759445,141,62,lsqr_auto,49,45,47,35,18,9
strict,211-000543,211-000532,0.3125,0.18917889121737475,141,144,lsqr_auto,49,45,47,49,47,48
calibrated,211-000543,211-000532,0.3194444444444444,0.31373246718489595,141,144,lsqr_auto,49,45,47,49,47,48
strict,211-000543,211-000533,0.32608695652173914,0.16393442622950818,141,138,lsqr_auto,49,45,47,45,45,48
calibrated,211-000543,211-000533,0.3188405797101449,0.30963829528300174,141,138,lsqr_auto,49,45,47,45,45,48
strict,211-000543,211-000535,0.27722772277227725,0.14470284237726097,141,101,lsqr_auto,49,45,47,45,28,28
calibrated,211-000543,211-000535,0.42574257425742573,0.42239134111280235,141,101,lsqr_auto,49,45,47,45,28,28
strict,211-000543,211-000536,0.28225806451612906,0.264378302983554,141,124,lsqr_auto,49,45,47,47,46,31
calibrated,211-000543,211-000536,0.25806451612903225,0.2250980691347664,141,124,lsqr_auto,49,45,47,47,46,31
strict,211-000543,211-000537,0.33587786259541985,0.19404572036150983,141,131,lsqr_auto,49,45,47,42,42,47
calibrated,211-000543,211-000537,0.19083969465648856,0.17342534009200675,141,131,lsqr_auto,49,45,47,42,42,47
strict,211-000543,211-000539,0.3484848484848485,0.26049313005834746,141,132,lsqr_auto,49,45,47,49,44,39
calibrated,211-000543,211-000539,0.5909090909090909,0.5868606701940036,141,132,lsqr_auto,49,45,47,49,44,39
strict,211-000543,211-000540,0.5588235294117647,0.48256330749354,141,102,lsqr_auto,49,45,47,49,33,20
calibrated,211-000543,211-000540,0.5686274509803921,0.5728635953026197,141,102,lsqr_auto,49,45,47,49,33,20
strict,211-000543,211-000541,0.2755905511811024,0.1661257606490872,141,127,lsqr_auto,49,45,47,41,40,46
calibrated,211-000543,211-000541,0.33858267716535434,0.330982905982906,141,127,lsqr_auto,49,45,47,41,40,46
strict,211-000543,211-000544,0.39166666666666666,0.18762475049900199,141,120,lsqr_auto,49,45,47,27,46,47
calibrated,211-000543,211-000544,0.3,0.29423076923076924,141,120,lsqr_auto,49,45,47,27,46,47
strict,211-000543,211-000545,0.375,0.29386370644465004,141,96,lsqr_auto,49,45,47,44,23,29
calibrated,211-000543,211-000545,0.59375,0.5951339613408367,141,96,lsqr_auto,49,45,47,44,23,29
strict,211-000543,211-000546,0.3829787234042553,0.26428137552659936,141,141,lsqr_auto,49,45,47,48,47,46
calibrated,211-000543,211-000546,0.6312056737588653,0.6348737463054889,141,141,lsqr_auto,49,45,47,48,47,46
strict,211-000543,211-000547,0.3263888888888889,0.16404886561954626,141,144,lsqr_auto,49,45,47,49,47,48
calibrated,211-000543,211-000547,0.3611111111111111,0.3488894247514937,141,144,lsqr_auto,49,45,47,49,47,48
strict,211-000543,211-000548,0.36792452830188677,0.1793103448275862,141,106,lsqr_auto,49,45,47,37,39,30
calibrated,211-000543,211-000548,0.3867924528301887,0.36764453594098473,141,106,lsqr_auto,49,45,47,37,39,30
strict,211-000543,211-000549,0.38848920863309355,0.32905678958310536,141,139,lsqr_auto,49,45,47,46,46,47
calibrated,211-000543,211-000549,0.4676258992805755,0.47118305408486155,141,139,lsqr_auto,49,45,47,46,46,47
strict,211-000543,211-000550,0.4567901234567901,0.3621933621933622,141,81,lsqr_auto,49,45,47,37,14,30
calibrated,211-000543,211-000550,0.5308641975308642,0.49748054598800867,141,81,lsqr_auto,49,45,47,37,14,30
strict,211-000543,211-000552,0.3879310344827586,0.18633540372670807,141,116,lsqr_auto,49,45,47,36,45,35
calibrated,211-000543,211-000552,0.4396551724137931,0.4272637016844196,141,116,lsqr_auto,49,45,47,36,45,35
strict,211-000543,211-000553,0.19230769230769232,0.15089514066496165,141,104,lsqr_auto,49,45,47,38,35,31
calibrated,211-000543,211-000553,0.36538461538461536,0.3587485981506168,141,104,lsqr_auto,49,45,47,38,35,31
strict,211-000543,211-000554,0.29927007299270075,0.1544256120527307,141,137,lsqr_auto,49,45,47,49,44,44
calibrated,211-000543,211-000554,0.29927007299270075,0.2964498496002002,141,137,lsqr_auto,49,45,47,49,44,44
strict,211-000543,211-000555,0.06015037593984962,0.04690225120072983,141,133,lsqr_auto,49,45,47,42,46,45
calibrated,211-000543,211-000555,0.20300751879699247,0.21490778533177268,141,133,lsqr_auto,49,45,47,42,46,45
strict,211-000543,211-000556,0.43137254901960786,0.38840579710144923,141,102,lsqr_auto,49,45,47,39,36,27
calibrated,211-000543,211-000556,0.5784313725490197,0.5709096069249325,141,102,lsqr_auto,49,45,47,39,36,27
strict,211-000543,211-000557,0.3157894736842105,0.16,141,133,lsqr_auto,49,45,47,45,43,45
calibrated,211-000543,211-000557,0.49624060150375937,0.4912442396313364,141,133,lsqr_auto,49,45,47,45,43,45
strict,211-000544,211-000531,0.14516129032258066,0.08450704225352113,120,62,lsqr_auto,27,46,47,35,18,9
calibrated,211-000544,211-000531,0.41935483870967744,0.41090909090909095,120,62,lsqr_auto,27,46,47,35,18,9
strict,211-000544,211-000532,0.3263888888888889,0.18817685047193244,120,144,lsqr_auto,27,46,47,49,47,48
calibrated,211-000544,211-000532,0.3541666666666667,0.32617866004962776,120,144,lsqr_auto,27,46,47,49,47,48
strict,211-000544,211-000533,0.39855072463768115,0.26577939100625125,120,138,lsqr_auto,27,46,47,45,45,48
calibrated,211-000544,211-000533,0.5289855072463768,0.46685590818859773,120,138,lsqr_auto,27,46,47,45,45,48
strict,211-000544,211-000535,0.27722772277227725,0.14470284237726097,120,101,lsqr_auto,27,46,47,45,28,28
calibrated,211-000544,211-000535,0.2079207920792079,0.2058823529411765,120,101,lsqr_auto,27,46,47,45,28,28
strict,211-000544,211-000536,0.25806451612903225,0.198005698005698,120,124,lsqr_auto,27,46,47,47,46,31
calibrated,211-000544,211-000536,0.27419354838709675,0.2709237177322284,120,124,lsqr_auto,27,46,47,47,46,31
strict,211-000544,211-000537,0.35877862595419846,0.178030303030303,120,131,lsqr_auto,27,46,47,42,42,47
calibrated,211-000544,211-000537,0.31297709923664124,0.27618568795039383,120,131,lsqr_auto,27,46,47,42,42,47
strict,211-000544,211-000539,0.3939393939393939,0.285550364724203,120,132,lsqr_auto,27,46,47,49,44,39
calibrated,211-000544,211-000539,0.3484848484848485,0.32269503546099293,120,132,lsqr_auto,27,46,47,49,44,39
strict,211-000544,211-000540,0.19607843137254902,0.1374570446735395,120,102,lsqr_auto,27,46,47,49,33,20
calibrated,211-000544,211-000540,0.1568627450980392,0.15517649846008055,120,102,lsqr_auto,27,46,47,49,33,20
strict,211-000544,211-000541,0.3228346456692913,0.19707276850133995,120,127,lsqr_auto,27,46,47,41,40,46
calibrated,211-000544,211-000541,0.36220472440944884,0.32304984581923285,120,127,lsqr_auto,27,46,47,41,40,46
strict,211-000544,211-000543,0.3333333333333333,0.16666666666666666,120,141,lsqr_auto,27,46,47,49,45,47
calibrated,211-000544,211-000543,0.36879432624113473,0.31546946462200703,120,141,lsqr_auto,27,46,47,49,45,47
strict,211-000544,211-000545,0.22916666666666666,0.19948849104859337,120,96,lsqr_auto,27,46,47,44,23,29
calibrated,211-000544,211-000545,0.16666666666666666,0.1682193232506184,120,96,lsqr_auto,27,46,47,44,23,29
strict,211-000544,211-000546,0.46099290780141844,0.4008044517026553,120,141,lsqr_auto,27,46,47,48,47,46
calibrated,211-000544,211-000546,0.44680851063829785,0.4380964149534973,120,141,lsqr_auto,27,46,47,48,47,46
strict,211-000544,211-000547,0.5763888888888888,0.49041095890410963,120,144,lsqr_auto,27,46,47,49,47,48
calibrated,211-000544,211-000547,0.5625,0.572418458388182,120,144,lsqr_auto,27,46,47,49,47,48
strict,211-000544,211-000548,0.36792452830188677,0.18055555555555555,120,106,lsqr_auto,27,46,47,37,39,30
calibrated,211-000544,211-000548,0.44339622641509435,0.38041565480589873,120,106,lsqr_auto,27,46,47,37,39,30
strict,211-000544,211-000549,0.35251798561151076,0.2084981684981685,120,139,lsqr_auto,27,46,47,46,46,47
calibrated,211-000544,211-000549,0.19424460431654678,0.19063130927537708,120,139,lsqr_auto,27,46,47,46,46,47
strict,211-000544,211-000550,0.49382716049382713,0.4110767113863089,120,81,lsqr_auto,27,46,47,37,14,30
calibrated,211-000544,211-000550,0.3950617283950617,0.3564027370478984,120,81,lsqr_auto,27,46,47,37,14,30
strict,211-000544,211-000552,0.39655172413793105,0.3218314532183146,120,116,lsqr_auto,27,46,47,36,45,35
calibrated,211-000544,211-000552,0.5948275862068966,0.5911814053721235,120,116,lsqr_auto,27,46,47,36,45,35
strict,211-000544,211-000553,0.20192307692307693,0.15397536394176933,120,104,lsqr_auto,27,46,47,38,35,31
calibrated,211-000544,211-000553,0.19230769230769232,0.1857928166566977,120,104,lsqr_auto,27,46,47,38,35,31
strict,211-000544,211-000554,0.32116788321167883,0.16206261510128914,120,137,lsqr_auto,27,46,47,49,44,44
calibrated,211-000544,211-000554,0.291970802919708,0.23687860289081208,120,137,lsqr_auto,27,46,47,49,44,44
strict,211-000544,211-000555,0.08270676691729323,0.05926916221033868,120,133,lsqr_auto,27,46,47,42,46,45
calibrated,211-000544,211-000555,0.07518796992481203,0.06201292398147377,120,133,lsqr_auto,27,46,47,42,46,45
strict,211-000544,211-000556,0.2647058823529412,0.17647058823529413,120,102,lsqr_auto,27,46,47,39,36,27
calibrated,211-000544,211-000556,0.2647058823529412,0.18947368421052632,120,102,lsqr_auto,27,46,47,39,36,27
strict,211-000544,211-000557,0.3233082706766917,0.17510393739300564,120,133,lsqr_auto,27,46,47,45,43,45
calibrated,211-000544,211-000557,0.3533834586466165,0.3546216507024959,120,133,lsqr_auto,27,46,47,45,43,45
strict,211-000545,211-000531,0.27419354838709675,0.1574074074074074,96,62,lsqr_auto,44,23,29,35,18,9
calibrated,211-000545,211-000531,0.3387096774193548,0.2431372549019608,96,62,lsqr_auto,44,23,29,35,18,9
strict,211-000545,211-000532,0.3680555555555556,0.23522555875497053,96,144,lsqr_auto,44,23,29,49,47,48
calibrated,211-000545,211-000532,0.4375,0.4358360098242962,96,144,lsqr_auto,44,23,29,49,47,48
strict,211-000545,211-000533,0.32608695652173914,0.16393442622950818,96,138,lsqr_auto,44,23,29,45,45,48
calibrated,211-000545,211-000533,0.18840579710144928,0.16380061422159223,96,138,lsqr_auto,44,23,29,45,45,48
strict,211-000545,211-000535,0.26732673267326734,0.15998696643857935,96,101,lsqr_auto,44,23,29,45,28,28
calibrated,211-000545,211-000535,0.5742574257425742,0.5095730249814364,96,101,lsqr_auto,44,23,29,45,28,28
strict,211-000545,211-000536,0.3387096774193548,0.25616883116883116,96,124,lsqr_auto,44,23,29,47,46,31
calibrated,211-000545,211-000536,0.20967741935483872,0.23024585123762467,96,124,lsqr_auto,44,23,29,47,46,31
strict,211-000545,211-000537,0.3969465648854962,0.28034188034188035,96,131,lsqr_auto,44,23,29,42,42,47
calibrated,211-000545,211-000537,0.4732824427480916,0.43034694773825205,96,131,lsqr_auto,44,23,29,42,42,47
strict,211-000545,211-000539,0.3333333333333333,0.16666666666666666,96,132,lsqr_auto,44,23,29,49,44,39
calibrated,211-000545,211-000539,0.553030303030303,0.5020232096503283,96,132,lsqr_auto,44,23,29,49,44,39
strict,211-000545,211-000540,0.6176470588235294,0.5737964351157755,96,102,lsqr_auto,44,23,29,49,33,20
calibrated,211-000545,211-000540,0.6274509803921569,0.5959523809523809,96,102,lsqr_auto,44,23,29,49,33,20
strict,211-000545,211-000541,0.4881889763779528,0.3994874545562906,96,127,lsqr_auto,44,23,29,41,40,46
calibrated,211-000545,211-000541,0.4094488188976378,0.38376646856013724,96,127,lsqr_auto,44,23,29,41,40,46
strict,211-000545,211-000543,0.3191489361702128,0.16666666666666666,96,141,lsqr_auto,44,23,29,49,45,47
calibrated,211-000545,211-000543,0.5106382978723404,0.47275132275132276,96,141,lsqr_auto,44,23,29,49,45,47
strict,211-000545,211-000544,0.38333333333333336,0.18473895582329317,96,120,lsqr_auto,44,23,29,27,46,47
calibrated,211-000545,211-000544,0.2833333333333333,0.27921884494858623,96,120,lsqr_auto,44,23,29,27,46,47
strict,211-000545,211-000546,0.6453900709219859,0.5364331723027376,96,141,lsqr_auto,44,23,29,48,47,46
calibrated,211-000545,211-000546,0.7659574468085106,0.7643936300530828,96,141,lsqr_auto,44,23,29,48,47,46
strict,211-000545,211-000547,0.3263888888888889,0.16404886561954626,96,144,lsqr_auto,44,23,29,49,47,48
calibrated,211-000545,211-000547,0.04861111111111111,0.049024350911143356,96,144,lsqr_auto,44,23,29,49,47,48
strict,211-000545,211-000548,0.36792452830188677,0.1793103448275862,96,106,lsqr_auto,44,23,29,37,39,30
calibrated,211-000545,211-000548,0.07547169811320754,0.09213577904279992,96,106,lsqr_auto,44,23,29,37,39,30
strict,211-000545,211-000549,0.3381294964028777,0.18085106382978722,96,139,lsqr_auto,44,23,29,46,46,47
calibrated,211-000545,211-000549,0.3669064748201439,0.33274444045195034,96,139,lsqr_auto,44,23,29,46,46,47
strict,211-000545,211-000550,0.1728395061728395,0.0982456140350877,96,81,lsqr_auto,44,23,29,37,14,30
calibrated,211-000545,211-000550,0.6049382716049383,0.5130340072868809,96,81,lsqr_auto,44,23,29,37,14,30
strict,211-000545,211-000552,0.3879310344827586,0.18633540372670807,96,116,lsqr_auto,44,23,29,36,45,35
calibrated,211-000545,211-000552,0.27586206896551724,0.2540775816712106,96,116,lsqr_auto,44,23,29,36,45,35
strict,211-000545,211-000553,0.33653846153846156,0.16786570743405274,96,104,lsqr_auto,44,23,29,38,35,31
calibrated,211-000545,211-000553,0.6153846153846154,0.6013014568297247,96,104,lsqr_auto,44,23,29,38,35,31
strict,211-000545,211-000554,0.32116788321167883,0.16206261510128914,96,137,lsqr_auto,44,23,29,49,44,44
calibrated,211-000545,211-000554,0.40875912408759124,0.3612451041022469,96,137,lsqr_auto,44,23,29,49,44,44
strict,211-000545,211-000555,0.3458646616541353,0.1713221601489758,96,133,lsqr_auto,44,23,29,42,46,45
calibrated,211-000545,211-000555,0.18045112781954886,0.1594069225767736,96,133,lsqr_auto,44,23,29,42,46,45
strict,211-000545,211-000556,0.35294117647058826,0.17391304347826086,96,102,lsqr_auto,44,23,29,39,36,27
calibrated,211-000545,211-000556,0.5392156862745098,0.46848265365034375,96,102,lsqr_auto,44,23,29,39,36,27
strict,211-000545,211-000557,0.3233082706766917,0.16287878787878787,96,133,lsqr_auto,44,23,29,45,43,45
calibrated,211-000545,211-000557,0.45864661654135336,0.41382027889037226,96,133,lsqr_auto,44,23,29,45,43,45
strict,211-000546,211-000531,0.11290322580645161,0.08187134502923976,141,62,lsqr_auto,48,47,46,35,18,9
calibrated,211-000546,211-000531,0.45161290322580644,0.34722222222222227,141,62,lsqr_auto,48,47,46,35,18,9
strict,211-000546,211-000532,0.4305555555555556,0.34721773759552255,141,144,lsqr_auto,48,47,46,49,47,48
calibrated,211-000546,211-000532,0.3402777777777778,0.32749446810687743,141,144,lsqr_auto,48,47,46,49,47,48
strict,211-000546,211-000533,0.34782608695652173,0.17204301075268816,141,138,lsqr_auto,48,47,46,45,45,48
calibrated,211-000546,211-000533,0.37681159420289856,0.32288036059049235,141,138,lsqr_auto,48,47,46,45,45,48
strict,211-000546,211-000535,0.22772277227722773,0.12365591397849462,141,101,lsqr_auto,48,47,46,45,28,28
calibrated,211-000546,211-000535,0.4158415841584158,0.3658170914542729,141,101,lsqr_auto,48,47,46,45,28,28
strict,211-000546,211-000536,0.3467741935483871,0.3295229577660461,141,124,lsqr_auto,48,47,46,47,46,31
calibrated,211-000546,211-000536,0.43548387096774194,0.38444170771756975,141,124,lsqr_auto,48,47,46,47,46,31
strict,211-000546,211-000537,0.20610687022900764,0.19794927145169994,141,131,lsqr_auto,48,47,46,42,42,47
calibrated,211-000546,211-000537,0.2900763358778626,0.28657659870629654,141,131,lsqr_auto,48,47,46,42,42,47
strict,211-000546,211-000539,0.3787878787878788,0.295970695970696,141,132,lsqr_auto,48,47,46,49,44,39
calibrated,211-000546,211-000539,0.3181818181818182,0.2838476024916703,141,132,lsqr_auto,48,47,46,49,44,39
strict,211-000546,211-000540,0.4803921568627451,0.2163355408388521,141,102,lsqr_auto,48,47,46,49,33,20
calibrated,211-000546,211-000540,0.46078431372549017,0.47719440244752925,141,102,lsqr_auto,48,47,46,49,33,20
strict,211-000546,211-000541,0.48031496062992124,0.43906485671191553,141,127,lsqr_auto,48,47,46,41,40,46
calibrated,211-000546,211-000541,0.3700787401574803,0.38954758915701865,141,127,lsqr_auto,48,47,46,41,40,46
strict,211-000546,211-000543,0.3333333333333333,0.16666666666666666,141,141,lsqr_auto,48,47,46,49,45,47
calibrated,211-000546,211-000543,0.3475177304964539,0.3227323358902306,141,141,lsqr_auto,48,47,46,49,45,47
strict,211-000546,211-000544,0.38333333333333336,0.18473895582329317,141,120,lsqr_auto,48,47,46,27,46,47
calibrated,211-000546,211-000544,0.575,0.5907336533471718,141,120,lsqr_auto,48,47,46,27,46,47
strict,211-000546,211-000545,0.4895833333333333,0.4117964693665628,141,96,lsqr_auto,48,47,46,44,23,29
calibrated,211-000546,211-000545,0.6666666666666666,0.6663860830527497,141,96,lsqr_auto,48,47,46,44,23,29
strict,211-000546,211-000547,0.3263888888888889,0.16491228070175437,141,144,lsqr_auto,48,47,46,49,47,48
calibrated,211-000546,211-000547,0.3194444444444444,0.3066028621584177,141,144,lsqr_auto,48,47,46,49,47,48
strict,211-000546,211-000548,0.2830188679245283,0.14705882352941177,141,106,lsqr_auto,48,47,46,37,39,30
calibrated,211-000546,211-000548,0.2830188679245283,0.22488020365378855,141,106,lsqr_auto,48,47,46,37,39,30
strict,211-000546,211-000549,0.3381294964028777,0.2933940769841124,141,139,lsqr_auto,48,47,46,46,46,47
calibrated,211-000546,211-000549,0.3381294964028777,0.31939605110336816,141,139,lsqr_auto,48,47,46,46,46,47
strict,211-000546,211-000550,0.024691358024691357,0.016260162601626018,141,81,lsqr_auto,48,47,46,37,14,30
calibrated,211-000546,211-000550,0.1728395061728395,0.1709488923774638,141,81,lsqr_auto,48,47,46,37,14,30
strict,211-000546,211-000552,0.41379310344827586,0.2655122655122655,141,116,lsqr_auto,48,47,46,36,45,35
calibrated,211-000546,211-000552,0.7155172413793104,0.7189478896117998,141,116,lsqr_auto,48,47,46,36,45,35
strict,211-000546,211-000553,0.33653846153846156,0.26330532212885155,141,104,lsqr_auto,48,47,46,38,35,31
calibrated,211-000546,211-000553,0.41346153846153844,0.3978174603174603,141,104,lsqr_auto,48,47,46,38,35,31
strict,211-000546,211-000554,0.32116788321167883,0.16206261510128914,141,137,lsqr_auto,48,47,46,49,44,44
calibrated,211-000546,211-000554,0.29927007299270075,0.3012012012012012,141,137,lsqr_auto,48,47,46,49,44,44
strict,211-000546,211-000555,0.10526315789473684,0.10190921488408337,141,133,lsqr_auto,48,47,46,42,46,45
calibrated,211-000546,211-000555,0.3308270676691729,0.2472751322751323,141,133,lsqr_auto,48,47,46,42,46,45
strict,211-000546,211-000556,0.29411764705882354,0.2564179402657077,141,102,lsqr_auto,48,47,46,39,36,27
calibrated,211-000546,211-000556,0.3137254901960784,0.27933250414593697,141,102,lsqr_auto,48,47,46,39,36,27
strict,211-000546,211-000557,0.3383458646616541,0.1714285714285714,141,133,lsqr_auto,48,47,46,45,43,45
calibrated,211-000546,211-000557,0.2556390977443609,0.26241183007870084,141,133,lsqr_auto,48,47,46,45,43,45
strict,211-000547,211-000531,0.2903225806451613,0.23043478260869565,144,62,lsqr_auto,49,47,48,35,18,9
calibrated,211-000547,211-000531,0.41935483870967744,0.3531705079692696,144,62,lsqr_auto,49,47,48,35,18,9
strict,211-000547,211-000532,0.3958333333333333,0.34811702458761284,144,144,lsqr_auto,49,47,48,49,47,48
calibrated,211-000547,211-000532,0.4583333333333333,0.4587996808350046,144,144,lsqr_auto,49,47,48,49,47,48
strict,211-000547,211-000533,0.35507246376811596,0.18746572659616137,144,138,lsqr_auto,49,47,48,45,45,48
calibrated,211-000547,211-000533,0.2898550724637681,0.25901178358473037,144,138,lsqr_auto,49,47,48,45,45,48
strict,211-000547,211-000535,0.27722772277227725,0.14470284237726097,144,101,lsqr_auto,49,47,48,45,28,28
calibrated,211-000547,211-000535,0.16831683168316833,0.16584564860426929,144,101,lsqr_auto,49,47,48,45,28,28
strict,211-000547,211-000536,0.23387096774193547,0.12719298245614036,144,124,lsqr_auto,49,47,48,47,46,31
calibrated,211-000547,211-000536,0.3870967741935484,0.40898003609868017,144,124,lsqr_auto,49,47,48,47,46,31
strict,211-000547,211-000537,0.35877862595419846,0.18939393939393936,144,131,lsqr_auto,49,47,48,42,42,47
calibrated,211-000547,211-000537,0.22900763358778625,0.21288515406162464,144,131,lsqr_auto,49,47,48,42,42,47
strict,211-000547,211-000539,0.29545454545454547,0.15204678362573099,144,132,lsqr_auto,49,47,48,49,44,39
calibrated,211-000547,211-000539,0.16666666666666666,0.13763769687547647,144,132,lsqr_auto,49,47,48,49,44,39
strict,211-000547,211-000540,0.18627450980392157,0.1046831955922865,144,102,lsqr_auto,49,47,48,49,33,20
calibrated,211-000547,211-000540,0.16666666666666666,0.14505494505494507,144,102,lsqr_auto,49,47,48,49,33,20
strict,211-000547,211-000541,0.3228346456692913,0.3147753297007028,144,127,lsqr_auto,49,47,48,41,40,46
calibrated,211-000547,211-000541,0.3228346456692913,0.2813329620347164,144,127,lsqr_auto,49,47,48,41,40,46
strict,211-000547,211-000543,0.3333333333333333,0.18091074681238617,144,141,lsqr_auto,49,47,48,49,45,47
calibrated,211-000547,211-000543,0.2198581560283688,0.19521072796934866,144,141,lsqr_auto,49,47,48,49,45,47
strict,211-000547,211-000544,0.39166666666666666,0.18762475049900199,144,120,lsqr_auto,49,47,48,27,46,47
calibrated,211-000547,211-000544,0.4,0.34673191904626655,144,120,lsqr_auto,49,47,48,27,46,47
strict,211-000547,211-000545,0.3020833333333333,0.15466666666666667,144,96,lsqr_auto,49,47,48,44,23,29
calibrated,211-000547,211-000545,0.08333333333333333,0.0798394907983949,144,96,lsqr_auto,49,47,48,44,23,29
strict,211-000547,211-000546,0.3262411347517731,0.16399286987522282,144,141,lsqr_auto,49,47,48,48,47,46
calibrated,211-000547,211-000546,0.04964539007092199,0.05239704724495078,144,141,lsqr_auto,49,47,48,48,47,46
strict,211-000547,211-000548,0.2830188679245283,0.14705882352941177,144,106,lsqr_auto,49,47,48,37,39,30
calibrated,211-000547,211-000548,0.37735849056603776,0.3784546495886702,144,106,lsqr_auto,49,47,48,37,39,30
strict,211-000547,211-000549,0.3381294964028777,0.1693693693693694,144,139,lsqr_auto,49,47,48,46,46,47
calibrated,211-000547,211-000549,0.37410071942446044,0.3400321251484042,144,139,lsqr_auto,49,47,48,46,46,47
strict,211-000547,211-000550,0.1728395061728395,0.1352657004830918,144,81,lsqr_auto,49,47,48,37,14,30
calibrated,211-000547,211-000550,0.12345679012345678,0.15873015873015872,144,81,lsqr_auto,49,47,48,37,14,30
strict,211-000547,211-000552,0.4224137931034483,0.38584975988627096,144,116,lsqr_auto,49,47,48,36,45,35
calibrated,211-000547,211-000552,0.2672413793103448,0.23140353468222322,144,116,lsqr_auto,49,47,48,36,45,35
strict,211-000547,211-000553,0.2980769230769231,0.15422885572139303,144,104,lsqr_auto,49,47,48,38,35,31
calibrated,211-000547,211-000553,0.2980769230769231,0.2838512267194739,144,104,lsqr_auto,49,47,48,38,35,31
strict,211-000547,211-000554,0.32116788321167883,0.16206261510128914,144,137,lsqr_auto,49,47,48,49,44,44
calibrated,211-000547,211-000554,0.1897810218978102,0.17362637362637365,144,137,lsqr_auto,49,47,48,49,44,44
strict,211-000547,211-000555,0.3383458646616541,0.16853932584269662,144,133,lsqr_auto,49,47,48,42,46,45
calibrated,211-000547,211-000555,0.7293233082706767,0.7195286195286196,144,133,lsqr_auto,49,47,48,42,46,45
strict,211-000547,211-000556,0.2647058823529412,0.13953488372093023,144,102,lsqr_auto,49,47,48,39,36,27
calibrated,211-000547,211-000556,0.23529411764705882,0.2140612725844462,144,102,lsqr_auto,49,47,48,39,36,27
strict,211-000547,211-000557,0.3383458646616541,0.16853932584269662,144,133,lsqr_auto,49,47,48,45,43,45
calibrated,211-000547,211-000557,0.2556390977443609,0.2164259750466647,144,133,lsqr_auto,49,47,48,45,43,45
strict,211-000548,211-000531,0.5645161290322581,0.24054982817869416,106,62,lsqr_auto,37,39,30,35,18,9
calibrated,211-000548,211-000531,0.16129032258064516,0.1835897435897436,106,62,lsqr_auto,37,39,30,35,18,9
strict,211-000548,211-000532,0.3263888888888889,0.16404886561954626,106,144,lsqr_auto,37,39,30,49,47,48
calibrated,211-000548,211-000532,0.2708333333333333,0.24634858812074004,106,144,lsqr_auto,37,39,30,49,47,48
strict,211-000548,211-000533,0.38405797101449274,0.29264069264069265,106,138,lsqr_auto,37,39,30,45,45,48
calibrated,211-000548,211-000533,0.5434782608695652,0.5297659260281402,106,138,lsqr_auto,37,39,30,45,45,48
strict,211-000548,211-000535,0.27722772277227725,0.14583333333333334,106,101,lsqr_auto,37,39,30,45,28,28
calibrated,211-000548,211-000535,0.16831683168316833,0.1861165875623707,106,101,lsqr_auto,37,39,30,45,28,28
strict,211-000548,211-000536,0.4596774193548387,0.363718820861678,106,124,lsqr_auto,37,39,30,47,46,31
calibrated,211-000548,211-000536,0.2903225806451613,0.2902902902902903,106,124,lsqr_auto,37,39,30,47,46,31
strict,211-000548,211-000537,0.3816793893129771,0.277378261762893,106,131,lsqr_auto,37,39,30,42,42,47
calibrated,211-000548,211-000537,0.3893129770992366,0.31276323017762314,106,131,lsqr_auto,37,39,30,42,42,47
strict,211-000548,211-000539,0.015151515151515152,0.009950248756218905,106,132,lsqr_auto,37,39,30,49,44,39
calibrated,211-000548,211-000539,0.015151515151515152,0.020475760313158686,106,132,lsqr_auto,37,39,30,49,44,39
strict,211-000548,211-000540,0.47058823529411764,0.21333333333333335,106,102,lsqr_auto,37,39,30,49,33,20
calibrated,211-000548,211-000540,0.0392156862745098,0.034074074074074076,106,102,lsqr_auto,37,39,30,49,33,20
strict,211-000548,211-000541,0.36220472440944884,0.31464840964199114,106,127,lsqr_auto,37,39,30,41,40,46
calibrated,211-000548,211-000541,0.4330708661417323,0.3926295416074475,106,127,lsqr_auto,37,39,30,41,40,46
strict,211-000548,211-000543,0.2765957446808511,0.23141421517060434,106,141,lsqr_auto,37,39,30,49,45,47
calibrated,211-000548,211-000543,0.22695035460992907,0.19969975379811444,106,141,lsqr_auto,37,39,30,49,45,47
strict,211-000548,211-000544,0.38333333333333336,0.18585858585858586,106,120,lsqr_auto,37,39,30,27,46,47
calibrated,211-000548,211-000544,0.425,0.4360942760942761,106,120,lsqr_auto,37,39,30,27,46,47
strict,211-000548,211-000545,0.23958333333333334,0.1288515406162465,106,96,lsqr_auto,37,39,30,44,23,29
calibrated,211-000548,211-000545,0.125,0.11073699962588851,106,96,lsqr_auto,37,39,30,44,23,29
strict,211-000548,211-000546,0.2907801418439716,0.21759101233444159,106,141,lsqr_auto,37,39,30,48,47,46
calibrated,211-000548,211-000546,0.24822695035460993,0.2187063159232431,106,141,lsqr_auto,37,39,30,48,47,46
strict,211-000548,211-000547,0.3402777777777778,0.1692573402417962,106,144,lsqr_auto,37,39,30,49,47,48
calibrated,211-000548,211-000547,0.4861111111111111,0.45092728416205646,106,144,lsqr_auto,37,39,30,49,47,48
strict,211-000548,211-000549,0.35251798561151076,0.3302219622026026,106,139,lsqr_auto,37,39,30,46,46,47
calibrated,211-000548,211-000549,0.2517985611510791,0.20134286333116744,106,139,lsqr_auto,37,39,30,46,46,47
strict,211-000548,211-000550,0.2345679012345679,0.2093189964157706,106,81,lsqr_auto,37,39,30,37,14,30
calibrated,211-000548,211-000550,0.19753086419753085,0.20269604481895154,106,81,lsqr_auto,37,39,30,37,14,30
strict,211-000548,211-000552,0.3103448275862069,0.15789473684210525,106,116,lsqr_auto,37,39,30,36,45,35
calibrated,211-000548,211-000552,0.3275862068965517,0.3271151821245501,106,116,lsqr_auto,37,39,30,36,45,35
strict,211-000548,211-000553,0.4230769230769231,0.3319088319088319,106,104,lsqr_auto,37,39,30,38,35,31
calibrated,211-000548,211-000553,0.17307692307692307,0.15963944731068017,106,104,lsqr_auto,37,39,30,38,35,31
strict,211-000548,211-000554,0.35766423357664234,0.17562724014336917,106,137,lsqr_auto,37,39,30,49,44,44
calibrated,211-000548,211-000554,0.1678832116788321,0.13596780942780548,106,137,lsqr_auto,37,39,30,49,44,44
strict,211-000548,211-000555,0.3157894736842105,0.16,106,133,lsqr_auto,37,39,30,42,46,45
calibrated,211-000548,211-000555,0.47368421052631576,0.39629064133833025,106,133,lsqr_auto,37,39,30,42,46,45
strict,211-000548,211-000556,0.37254901960784315,0.18095238095238095,106,102,lsqr_auto,37,39,30,39,36,27
calibrated,211-000548,211-000556,0.19607843137254902,0.14404761904761906,106,102,lsqr_auto,37,39,30,39,36,27
strict,211-000548,211-000557,0.12781954887218044,0.10071154898741104,106,133,lsqr_auto,37,39,30,45,43,45
calibrated,211-000548,211-000557,0.3007518796992481,0.2567747343866747,106,133,lsqr_auto,37,39,30,45,43,45
strict,211-000549,211-000531,0.14516129032258066,0.08450704225352113,139,62,lsqr_auto,46,46,47,35,18,9
calibrated,211-000549,211-000531,0.16129032258064516,0.15943191311612362,139,62,lsqr_auto,46,46,47,35,18,9
strict,211-000549,211-000532,0.375,0.2656926406926407,139,144,lsqr_auto,46,46,47,49,47,48
calibrated,211-000549,211-000532,0.3958333333333333,0.36123498080019817,139,144,lsqr_auto,46,46,47,49,47,48
strict,211-000549,211-000533,0.3115942028985507,0.1601489757914339,139,138,lsqr_auto,46,46,47,45,45,48
calibrated,211-000549,211-000533,0.2028985507246377,0.2069534786412568,139,138,lsqr_auto,46,46,47,45,45,48
strict,211-000549,211-000535,0.27722772277227725,0.14470284237726097,139,101,lsqr_auto,46,46,47,45,28,28
calibrated,211-000549,211-000535,0.2871287128712871,0.2800542740841248,139,101,lsqr_auto,46,46,47,45,28,28
strict,211-000549,211-000536,0.25806451612903225,0.149937237588192,139,124,lsqr_auto,46,46,47,47,46,31
calibrated,211-000549,211-000536,0.2903225806451613,0.24017094017094018,139,124,lsqr_auto,46,46,47,47,46,31
strict,211-000549,211-000537,0.5343511450381679,0.42734612913139447,139,131,lsqr_auto,46,46,47,42,42,47
calibrated,211-000549,211-000537,0.2748091603053435,0.2514245014245014,139,131,lsqr_auto,46,46,47,42,42,47
strict,211-000549,211-000539,0.29545454545454547,0.15476190476190477,139,132,lsqr_auto,46,46,47,49,44,39
calibrated,211-000549,211-000539,0.4166666666666667,0.4263492063492064,139,132,lsqr_auto,46,46,47,49,44,39
strict,211-000549,211-000540,0.3431372549019608,0.28086059190031154,139,102,lsqr_auto,46,46,47,49,33,20
calibrated,211-000549,211-000540,0.45098039215686275,0.421502747345444,139,102,lsqr_auto,46,46,47,49,33,20
strict,211-000549,211-000541,0.36220472440944884,0.1772639691714836,139,127,lsqr_auto,46,46,47,41,40,46
calibrated,211-000549,211-000541,0.30708661417322836,0.24036511156186613,139,127,lsqr_auto,46,46,47,41,40,46
strict,211-000549,211-000543,0.36879432624113473,0.2748815971116067,139,141,lsqr_auto,46,46,47,49,45,47
calibrated,211-000549,211-000543,0.5460992907801419,0.5515011799258751,139,141,lsqr_auto,46,46,47,49,45,47
strict,211-000549,211-000544,0.21666666666666667,0.14267257290513105,139,120,lsqr_auto,46,46,47,27,46,47
calibrated,211-000549,211-000544,0.25,0.22614476710621567,139,120,lsqr_auto,46,46,47,27,46,47
strict,211-000549,211-000545,0.5,0.34074074074074073,139,96,lsqr_auto,46,46,47,44,23,29
calibrated,211-000549,211-000545,0.3645833333333333,0.36846290963938017,139,96,lsqr_auto,46,46,47,44,23,29
strict,211-000549,211-000546,0.6028368794326241,0.5088383838383838,139,141,lsqr_auto,46,46,47,48,47,46
calibrated,211-000549,211-000546,0.2765957446808511,0.3072658111984474,139,141,lsqr_auto,46,46,47,48,47,46
strict,211-000549,211-000547,0.3263888888888889,0.2774028429838289,139,144,lsqr_auto,46,46,47,49,47,48
calibrated,211-000549,211-000547,0.3333333333333333,0.31111599422165254,139,144,lsqr_auto,46,46,47,49,47,48
strict,211-000549,211-000548,0.27358490566037735,0.15718157181571815,139,106,lsqr_auto,46,46,47,37,39,30
calibrated,211-000549,211-000548,0.4716981132075472,0.43809523809523804,139,106,lsqr_auto,46,46,47,37,39,30
strict,211-000549,211-000550,0.4074074074074074,0.2423076923076923,139,81,lsqr_auto,46,46,47,37,14,30
calibrated,211-000549,211-000550,0.30864197530864196,0.322322477378048,139,81,lsqr_auto,46,46,47,37,14,30
strict,211-000549,211-000552,0.603448275862069,0.5046511627906977,139,116,lsqr_auto,46,46,47,36,45,35
calibrated,211-000549,211-000552,0.5603448275862069,0.5551894488964823,139,116,lsqr_auto,46,46,47,36,45,35
strict,211-000549,211-000553,0.2980769230769231,0.15308641975308643,139,104,lsqr_auto,46,46,47,38,35,31
calibrated,211-000549,211-000553,0.28846153846153844,0.2764246835858089,139,104,lsqr_auto,46,46,47,38,35,31
strict,211-000549,211-000554,0.32116788321167883,0.16206261510128914,139,137,lsqr_auto,46,46,47,49,44,44
calibrated,211-000549,211-000554,0.46715328467153283,0.4655646296077116,139,137,lsqr_auto,46,46,47,49,44,44
strict,211-000549,211-000555,0.23308270676691728,0.1435268903623334,139,133,lsqr_auto,46,46,47,42,46,45
calibrated,211-000549,211-000555,0.3157894736842105,0.2282385934634883,139,133,lsqr_auto,46,46,47,42,46,45
strict,211-000549,211-000556,0.27450980392156865,0.15729166666666666,139,102,lsqr_auto,46,46,47,39,36,27
calibrated,211-000549,211-000556,0.5490196078431373,0.5120772946859903,139,102,lsqr_auto,46,46,47,39,36,27
strict,211-000549,211-000557,0.3383458646616541,0.16853932584269662,139,133,lsqr_auto,46,46,47,45,43,45
calibrated,211-000549,211-000557,0.24812030075187969,0.2237708091366628,139,133,lsqr_auto,46,46,47,45,43,45
strict,211-000550,211-000531,0.12903225806451613,0.07619047619047618,81,62,lsqr_auto,37,14,30,35,18,9
calibrated,211-000550,211-000531,0.3870967741935484,0.22499999999999998,81,62,lsqr_auto,37,14,30,35,18,9
strict,211-000550,211-000532,0.3125,0.22386528685548293,81,144,lsqr_auto,37,14,30,49,47,48
calibrated,211-000550,211-000532,0.3263888888888889,0.30199490855228556,81,144,lsqr_auto,37,14,30,49,47,48
strict,211-000550,211-000533,0.391304347826087,0.2984418901660281,81,138,lsqr_auto,37,14,30,45,45,48
calibrated,211-000550,211-000533,0.34782608695652173,0.3125097125097125,81,138,lsqr_auto,37,14,30,45,45,48
strict,211-000550,211-000535,0.3564356435643564,0.254320987654321,81,101,lsqr_auto,37,14,30,45,28,28
calibrated,211-000550,211-000535,0.5346534653465347,0.47378917378917373,81,101,lsqr_auto,37,14,30,45,28,28
strict,211-000550,211-000536,0.3951612903225806,0.2339821051477493,81,124,lsqr_auto,37,14,30,47,46,31
calibrated,211-000550,211-000536,0.3064516129032258,0.24637383689107825,81,124,lsqr_auto,37,14,30,47,46,31
strict,211-000550,211-000537,0.35877862595419846,0.18974630021141647,81,131,lsqr_auto,37,14,30,42,42,47
calibrated,211-000550,211-000537,0.1450381679389313,0.15450488852023378,81,131,lsqr_auto,37,14,30,42,42,47
strict,211-000550,211-000539,0.3712121212121212,0.18047882136279925,81,132,lsqr_auto,37,14,30,49,44,39
calibrated,211-000550,211-000539,0.45454545454545453,0.3849021399595484,81,132,lsqr_auto,37,14,30,49,44,39
strict,211-000550,211-000540,0.49019607843137253,0.25555555555555554,81,102,lsqr_auto,37,14,30,49,33,20
calibrated,211-000550,211-000540,0.5980392156862745,0.49539409259638817,81,102,lsqr_auto,37,14,30,49,33,20
strict,211-000550,211-000541,0.3700787401574803,0.27729011062344394,81,127,lsqr_auto,37,14,30,41,40,46
calibrated,211-000550,211-000541,0.3543307086614173,0.31512113617376775,81,127,lsqr_auto,37,14,30,41,40,46
strict,211-000550,211-000543,0.44680851063829785,0.3536702646095143,81,141,lsqr_auto,37,14,30,49,45,47
calibrated,211-000550,211-000543,0.5673758865248227,0.5090318388564002,81,141,lsqr_auto,37,14,30,49,45,47
strict,211-000550,211-000544,0.4083333333333333,0.22813905930470346,81,120,lsqr_auto,37,14,30,27,46,47
calibrated,211-000550,211-000544,0.19166666666666668,0.1963772669826882,81,120,lsqr_auto,37,14,30,27,46,47
strict,211-000550,211-000545,0.40625,0.3809514609997586,81,96,lsqr_auto,37,14,30,44,23,29
calibrated,211-000550,211-000545,0.5833333333333334,0.48957243274668355,81,96,lsqr_auto,37,14,30,44,23,29
strict,211-000550,211-000546,0.2765957446808511,0.15606060606060607,81,141,lsqr_auto,37,14,30,48,47,46
calibrated,211-000550,211-000546,0.2127659574468085,0.1785858585858586,81,141,lsqr_auto,37,14,30,48,47,46
strict,211-000550,211-000547,0.3194444444444444,0.18813905930470345,81,144,lsqr_auto,37,14,30,49,47,48
calibrated,211-000550,211-000547,0.2986111111111111,0.3028721529647556,81,144,lsqr_auto,37,14,30,49,47,48
strict,211-000550,211-000548,0.1792452830188679,0.12012012012012012,81,106,lsqr_auto,37,14,30,37,39,30
calibrated,211-000550,211-000548,0.24528301886792453,0.2195023752163515,81,106,lsqr_auto,37,14,30,37,39,30
strict,211-000550,211-000549,0.33093525179856115,0.16576576576576577,81,139,lsqr_auto,37,14,30,46,46,47
calibrated,211-000550,211-000549,0.39568345323741005,0.3473654820310319,81,139,lsqr_auto,37,14,30,46,46,47
strict,211-000550,211-000552,0.25862068965517243,0.19248942027199145,81,116,lsqr_auto,37,14,30,36,45,35
calibrated,211-000550,211-000552,0.31896551724137934,0.26944444444444443,81,116,lsqr_auto,37,14,30,36,45,35
strict,211-000550,211-000553,0.33653846153846156,0.16786570743405274,81,104,lsqr_auto,37,14,30,38,35,31
calibrated,211-000550,211-000553,0.49038461538461536,0.44566575301597955,81,104,lsqr_auto,37,14,30,38,35,31
strict,211-000550,211-000554,0.41605839416058393,0.29847543347312794,81,137,lsqr_auto,37,14,30,49,44,44
calibrated,211-000550,211-000554,0.5401459854014599,0.47341671414489445,81,137,lsqr_auto,37,14,30,49,44,44
strict,211-000550,211-000555,0.06766917293233082,0.05940120406025018,81,133,lsqr_auto,37,14,30,42,46,45
calibrated,211-000550,211-000555,0.15037593984962405,0.10410830999066294,81,133,lsqr_auto,37,14,30,42,46,45
strict,211-000550,211-000556,0.5490196078431373,0.5235659481183778,81,102,lsqr_auto,37,14,30,39,36,27
calibrated,211-000550,211-000556,0.6078431372549019,0.5757658425689116,81,102,lsqr_auto,37,14,30,39,36,27
strict,211-000550,211-000557,0.3383458646616541,0.2190874259839777,81,133,lsqr_auto,37,14,30,45,43,45
calibrated,211-000550,211-000557,0.47368421052631576,0.4114307633294975,81,133,lsqr_auto,37,14,30,45,43,45
strict,211-000552,211-000531,0.45161290322580644,0.4311762311762312,116,62,lsqr_auto,36,45,35,35,18,9
calibrated,211-000552,211-000531,0.41935483870967744,0.44017094017094016,116,62,lsqr_auto,36,45,35,35,18,9
strict,211-000552,211-000532,0.375,0.3140689121176926,116,144,lsqr_auto,36,45,35,49,47,48
calibrated,211-000552,211-000532,0.3194444444444444,0.2318447215134143,116,144,lsqr_auto,36,45,35,49,47,48
strict,211-000552,211-000533,0.3188405797101449,0.16296296296296295,116,138,lsqr_auto,36,45,35,45,45,48
calibrated,211-000552,211-000533,0.32608695652173914,0.20886701597335655,116,138,lsqr_auto,36,45,35,45,45,48
strict,211-000552,211-000535,0.27722772277227725,0.14698162729658792,116,101,lsqr_auto,36,45,35,45,28,28
calibrated,211-000552,211-000535,0.26732673267326734,0.1974262397991212,116,101,lsqr_auto,36,45,35,45,28,28
strict,211-000552,211-000536,0.3790322580645161,0.21885640483738408,116,124,lsqr_auto,36,45,35,47,46,31
calibrated,211-000552,211-000536,0.3548387096774194,0.2413640796191132,116,124,lsqr_auto,36,45,35,47,46,31
strict,211-000552,211-000537,0.33587786259541985,0.17988767269298567,116,131,lsqr_auto,36,45,35,42,42,47
calibrated,211-000552,211-000537,0.3053435114503817,0.1758333333333333,116,131,lsqr_auto,36,45,35,42,42,47
strict,211-000552,211-000539,0.21212121212121213,0.11740041928721173,116,132,lsqr_auto,36,45,35,49,44,39
calibrated,211-000552,211-000539,0.3333333333333333,0.2494047619047619,116,132,lsqr_auto,36,45,35,49,44,39
strict,211-000552,211-000540,0.3235294117647059,0.16296296296296295,116,102,lsqr_auto,36,45,35,49,33,20
calibrated,211-000552,211-000540,0.4117647058823529,0.410989010989011,116,102,lsqr_auto,36,45,35,49,33,20
strict,211-000552,211-000541,0.3543307086614173,0.2195138195138195,116,127,lsqr_auto,36,45,35,41,40,46
calibrated,211-000552,211-000541,0.31496062992125984,0.16771488469601678,116,127,lsqr_auto,36,45,35,41,40,46
strict,211-000552,211-000543,0.3333333333333333,0.16666666666666666,116,141,lsqr_auto,36,45,35,49,45,47
calibrated,211-000552,211-000543,0.28368794326241137,0.22088234325063424,116,141,lsqr_auto,36,45,35,49,45,47
strict,211-000552,211-000544,0.4083333333333333,0.23587600139324275,116,120,lsqr_auto,36,45,35,27,46,47
calibrated,211-000552,211-000544,0.5583333333333333,0.5370370370370371,116,120,lsqr_auto,36,45,35,27,46,47
strict,211-000552,211-000545,0.2708333333333333,0.2070863433092535,116,96,lsqr_auto,36,45,35,44,23,29
calibrated,211-000552,211-000545,0.2604166666666667,0.25569215260885764,116,96,lsqr_auto,36,45,35,44,23,29
strict,211-000552,211-000546,0.5390070921985816,0.5395321637426901,116,141,lsqr_auto,36,45,35,48,47,46
calibrated,211-000552,211-000546,0.41843971631205673,0.3627474512979065,116,141,lsqr_auto,36,45,35,48,47,46
strict,211-000552,211-000547,0.2638888888888889,0.19863270978889638,116,144,lsqr_auto,36,45,35,49,47,48
calibrated,211-000552,211-000547,0.22916666666666666,0.1609978694311063,116,144,lsqr_auto,36,45,35,49,47,48
strict,211-000552,211-000548,0.4716981132075472,0.35588298703748616,116,106,lsqr_auto,36,45,35,37,39,30
calibrated,211-000552,211-000548,0.39622641509433965,0.27228327228327226,116,106,lsqr_auto,36,45,35,37,39,30
strict,211-000552,211-000549,0.302158273381295,0.15730337078651685,116,139,lsqr_auto,36,45,35,46,46,47
calibrated,211-000552,211-000549,0.3381294964028777,0.2240162271805274,116,139,lsqr_auto,36,45,35,46,46,47
strict,211-000552,211-000550,0.32098765432098764,0.18496943545487235,116,81,lsqr_auto,36,45,35,37,14,30
calibrated,211-000552,211-000550,0.2345679012345679,0.21251413924431575,116,81,lsqr_auto,36,45,35,37,14,30
strict,211-000552,211-000553,0.2980769230769231,0.15422885572139303,116,104,lsqr_auto,36,45,35,38,35,31
calibrated,211-000552,211-000553,0.3557692307692308,0.25779289828673496,116,104,lsqr_auto,36,45,35,38,35,31
strict,211-000552,211-000554,0.35766423357664234,0.17562724014336917,116,137,lsqr_auto,36,45,35,49,44,44
calibrated,211-000552,211-000554,0.46715328467153283,0.4525373230998413,116,137,lsqr_auto,36,45,35,49,44,44
strict,211-000552,211-000555,0.3533834586466165,0.2492063492063492,116,133,lsqr_auto,36,45,35,42,46,45
calibrated,211-000552,211-000555,0.3308270676691729,0.19824444655702378,116,133,lsqr_auto,36,45,35,42,46,45
strict,211-000552,211-000556,0.23529411764705882,0.16326530612244897,116,102,lsqr_auto,36,45,35,39,36,27
calibrated,211-000552,211-000556,0.3333333333333333,0.20206555904804668,116,102,lsqr_auto,36,45,35,39,36,27
strict,211-000552,211-000557,0.3533834586466165,0.2000841750841751,116,133,lsqr_auto,36,45,35,45,43,45
calibrated,211-000552,211-000557,0.42105263157894735,0.36322604513503515,116,133,lsqr_auto,36,45,35,45,43,45
strict,211-000553,211-000531,0.14516129032258066,0.08450704225352113,104,62,lsqr_auto,38,35,31,35,18,9
calibrated,211-000553,211-000531,0.3709677419354839,0.28055555555555556,104,62,lsqr_auto,38,35,31,35,18,9
strict,211-000553,211-000532,0.3263888888888889,0.1756991837280878,104,144,lsqr_auto,38,35,31,49,47,48
calibrated,211-000553,211-000532,0.2638888888888889,0.23495370370370372,104,144,lsqr_auto,38,35,31,49,47,48
strict,211-000553,211-000533,0.35507246376811596,0.21887424147311152,104,138,lsqr_auto,38,35,31,45,45,48
calibrated,211-000553,211-000533,0.3115942028985507,0.31854404275414944,104,138,lsqr_auto,38,35,31,45,45,48
strict,211-000553,211-000535,0.297029702970297,0.18481632653061222,104,101,lsqr_auto,38,35,31,45,28,28
calibrated,211-000553,211-000535,0.44554455445544555,0.41617201365834705,104,101,lsqr_auto,38,35,31,45,28,28
strict,211-000553,211-000536,0.22580645161290322,0.1328205128205128,104,124,lsqr_auto,38,35,31,47,46,31
calibrated,211-000553,211-000536,0.4032258064516129,0.3287804211101996,104,124,lsqr_auto,38,35,31,47,46,31
strict,211-000553,211-000537,0.35877862595419846,0.17602996254681647,104,131,lsqr_auto,38,35,31,42,42,47
calibrated,211-000553,211-000537,0.4732824427480916,0.4667267484168893,104,131,lsqr_auto,38,35,31,42,42,47
strict,211-000553,211-000539,0.4166666666666667,0.2717252581505975,104,132,lsqr_auto,38,35,31,49,44,39
calibrated,211-000553,211-000539,0.29545454545454547,0.29807734419480575,104,132,lsqr_auto,38,35,31,49,44,39
strict,211-000553,211-000540,0.29411764705882354,0.243978243978244,104,102,lsqr_auto,38,35,31,49,33,20
calibrated,211-000553,211-000540,0.5784313725490197,0.5003060866074565,104,102,lsqr_auto,38,35,31,49,33,20
strict,211-000553,211-000541,0.2992125984251969,0.23390117192219403,104,127,lsqr_auto,38,35,31,41,40,46
calibrated,211-000553,211-000541,0.28346456692913385,0.2535782535782536,104,127,lsqr_auto,38,35,31,41,40,46
strict,211-000553,211-000543,0.3333333333333333,0.16666666666666666,104,141,lsqr_auto,38,35,31,49,45,47
calibrated,211-000553,211-000543,0.2907801418439716,0.25914824318620694,104,141,lsqr_auto,38,35,31,49,45,47
strict,211-000553,211-000544,0.18333333333333332,0.14444674853882014,104,120,lsqr_auto,38,35,31,27,46,47
calibrated,211-000553,211-000544,0.2,0.17902097902097902,104,120,lsqr_auto,38,35,31,27,46,47
strict,211-000553,211-000545,0.5520833333333334,0.415906432748538,104,96,lsqr_auto,38,35,31,44,23,29
calibrated,211-000553,211-000545,0.5416666666666666,0.5477697896089035,104,96,lsqr_auto,38,35,31,44,23,29
strict,211-000553,211-000546,0.3617021276595745,0.23939393939393938,104,141,lsqr_auto,38,35,31,48,47,46
calibrated,211-000553,211-000546,0.475177304964539,0.4462703902092326,104,141,lsqr_auto,38,35,31,48,47,46
strict,211-000553,211-000547,0.3263888888888889,0.16491228070175437,104,144,lsqr_auto,38,35,31,49,47,48
calibrated,211-000553,211-000547,0.3125,0.298873527905786,104,144,lsqr_auto,38,35,31,49,47,48
strict,211-000553,211-000548,0.3490566037735849,0.1724941724941725,104,106,lsqr_auto,38,35,31,37,39,30
calibrated,211-000553,211-000548,0.4716981132075472,0.4150850530841755,104,106,lsqr_auto,38,35,31,37,39,30
strict,211-000553,211-000549,0.35251798561151076,0.20883190883190883,104,139,lsqr_auto,38,35,31,46,46,47
calibrated,211-000553,211-000549,0.37410071942446044,0.35487862575972634,104,139,lsqr_auto,38,35,31,46,46,47
strict,211-000553,211-000550,0.37037037037037035,0.1801801801801802,104,81,lsqr_auto,38,35,31,37,14,30
calibrated,211-000553,211-000550,0.3333333333333333,0.30622909698996653,104,81,lsqr_auto,38,35,31,37,14,30
strict,211-000553,211-000552,0.3017241379310345,0.15452538631346577,104,116,lsqr_auto,38,35,31,36,45,35
calibrated,211-000553,211-000552,0.25862068965517243,0.2384222497430045,104,116,lsqr_auto,38,35,31,36,45,35
strict,211-000553,211-000554,0.44525547445255476,0.3539284160974237,104,137,lsqr_auto,38,35,31,49,44,44
calibrated,211-000553,211-000554,0.48175182481751827,0.47924852231968335,104,137,lsqr_auto,38,35,31,49,44,44
strict,211-000553,211-000555,0.16541353383458646,0.13315608729367454,104,133,lsqr_auto,38,35,31,42,46,45
calibrated,211-000553,211-000555,0.39097744360902253,0.3229112362836472,104,133,lsqr_auto,38,35,31,42,46,45
strict,211-000553,211-000556,0.29411764705882354,0.19278033794162827,104,102,lsqr_auto,38,35,31,39,36,27
calibrated,211-000553,211-000556,0.5686274509803921,0.5022591884905024,104,102,lsqr_auto,38,35,31,39,36,27
strict,211-000553,211-000557,0.39097744360902253,0.2698039215686275,104,133,lsqr_auto,38,35,31,45,43,45
calibrated,211-000553,211-000557,0.5864661654135338,0.5906607851270111,104,133,lsqr_auto,38,35,31,45,43,45
strict,211-000554,211-000531,0.14516129032258066,0.0857142857142857,137,62,lsqr_auto,49,44,44,35,18,9
calibrated,211-000554,211-000531,0.5161290322580645,0.5160446570972886,137,62,lsqr_auto,49,44,44,35,18,9
strict,211-000554,211-000532,0.19444444444444445,0.14305514305514308,137,144,lsqr_auto,49,44,44,49,47,48
calibrated,211-000554,211-000532,0.18055555555555555,0.18107481743845377,137,144,lsqr_auto,49,44,44,49,47,48
strict,211-000554,211-000533,0.35507246376811596,0.1897130647130647,137,138,lsqr_auto,49,44,44,45,45,48
calibrated,211-000554,211-000533,0.45652173913043476,0.45646444231701117,137,138,lsqr_auto,49,44,44,45,45,48
strict,211-000554,211-000535,0.27722772277227725,0.14470284237726097,137,101,lsqr_auto,49,44,44,45,28,28
calibrated,211-000554,211-000535,0.33663366336633666,0.33480011504170265,137,101,lsqr_auto,49,44,44,45,28,28
strict,211-000554,211-000536,0.3387096774193548,0.20305303329385446,137,124,lsqr_auto,49,44,44,47,46,31
calibrated,211-000554,211-000536,0.25806451612903225,0.23118279569892472,137,124,lsqr_auto,49,44,44,47,46,31
strict,211-000554,211-000537,0.2900763358778626,0.221171133792493,137,131,lsqr_auto,49,44,44,42,42,47
calibrated,211-000554,211-000537,0.3893129770992366,0.4008445258445259,137,131,lsqr_auto,49,44,44,42,42,47
strict,211-000554,211-000539,0.36363636363636365,0.1964349376114082,137,132,lsqr_auto,49,44,44,49,44,39
calibrated,211-000554,211-000539,0.36363636363636365,0.36165311653116533,137,132,lsqr_auto,49,44,44,49,44,39
strict,211-000554,211-000540,0.2549019607843137,0.22843340234644582,137,102,lsqr_auto,49,44,44,49,33,20
calibrated,211-000554,211-000540,0.4215686274509804,0.4117552334943639,137,102,lsqr_auto,49,44,44,49,33,20
strict,211-000554,211-000541,0.2125984251968504,0.13731245923026744,137,127,lsqr_auto,49,44,44,41,40,46
calibrated,211-000554,211-000541,0.1732283464566929,0.14397542570273478,137,127,lsqr_auto,49,44,44,41,40,46
strict,211-000554,211-000543,0.2765957446808511,0.22182539682539684,137,141,lsqr_auto,49,44,44,49,45,47
calibrated,211-000554,211-000543,0.3475177304964539,0.330489475650766,137,141,lsqr_auto,49,44,44,49,45,47
strict,211-000554,211-000544,0.4,0.2142027542724407,137,120,lsqr_auto,49,44,44,27,46,47
calibrated,211-000554,211-000544,0.30833333333333335,0.28276955602536996,137,120,lsqr_auto,49,44,44,27,46,47
strict,211-000554,211-000545,0.1875,0.16682732472206155,137,96,lsqr_auto,49,44,44,44,23,29
calibrated,211-000554,211-000545,0.2604166666666667,0.2623474178403756,137,96,lsqr_auto,49,44,44,44,23,29
strict,211-000554,211-000546,0.15602836879432624,0.12535612535612536,137,141,lsqr_auto,49,44,44,48,47,46
calibrated,211-000554,211-000546,0.23404255319148937,0.2212756159336864,137,141,lsqr_auto,49,44,44,48,47,46
strict,211-000554,211-000547,0.3333333333333333,0.17911816578483244,137,144,lsqr_auto,49,44,44,49,47,48
calibrated,211-000554,211-000547,0.2638888888888889,0.2567579079206986,137,144,lsqr_auto,49,44,44,49,47,48
strict,211-000554,211-000548,0.5754716981132075,0.49215265239606015,137,106,lsqr_auto,49,44,44,37,39,30
calibrated,211-000554,211-000548,0.5566037735849056,0.5014338223119971,137,106,lsqr_auto,49,44,44,37,39,30
strict,211-000554,211-000549,0.3381294964028777,0.18055555555555555,137,139,lsqr_auto,49,44,44,46,46,47
calibrated,211-000554,211-000549,0.30935251798561153,0.31420679472002644,137,139,lsqr_auto,49,44,44,46,46,47
strict,211-000554,211-000550,0.48148148148148145,0.39828431372549017,137,81,lsqr_auto,49,44,44,37,14,30
calibrated,211-000554,211-000550,0.6790123456790124,0.6329368334700574,137,81,lsqr_auto,49,44,44,37,14,30
strict,211-000554,211-000552,0.33620689655172414,0.262962962962963,137,116,lsqr_auto,49,44,44,36,45,35
calibrated,211-000554,211-000552,0.4224137931034483,0.41658508201566424,137,116,lsqr_auto,49,44,44,36,45,35
strict,211-000554,211-000553,0.33653846153846156,0.17412935323383083,137,104,lsqr_auto,49,44,44,38,35,31
calibrated,211-000554,211-000553,0.28846153846153844,0.26801501962792285,137,104,lsqr_auto,49,44,44,38,35,31
strict,211-000554,211-000555,0.17293233082706766,0.09829059829059829,137,133,lsqr_auto,49,44,44,42,46,45
calibrated,211-000554,211-000555,0.3684210526315789,0.2846190102120974,137,133,lsqr_auto,49,44,44,42,46,45
strict,211-000554,211-000556,0.27450980392156865,0.1984848484848485,137,102,lsqr_auto,49,44,44,39,36,27
calibrated,211-000554,211-000556,0.6372549019607843,0.5640640061692693,137,102,lsqr_auto,49,44,44,39,36,27
strict,211-000554,211-000557,0.3233082706766917,0.19949305468127074,137,133,lsqr_auto,49,44,44,45,43,45
calibrated,211-000554,211-000557,0.23308270676691728,0.22452961672473867,137,133,lsqr_auto,49,44,44,45,43,45
strict,211-000555,211-000531,0.5,0.2519640852974186,133,62,lsqr_auto,42,46,45,35,18,9
calibrated,211-000555,211-000531,0.20967741935483872,0.1613308223477715,133,62,lsqr_auto,42,46,45,35,18,9
strict,211-000555,211-000532,0.3611111111111111,0.2328772563639392,133,144,lsqr_auto,42,46,45,49,47,48
calibrated,211-000555,211-000532,0.3055555555555556,0.3046255324913367,133,144,lsqr_auto,42,46,45,49,47,48
strict,211-000555,211-000533,0.2898550724637681,0.24290741043716194,133,138,lsqr_auto,42,46,45,45,45,48
calibrated,211-000555,211-000533,0.2246376811594203,0.22833695514107885,133,138,lsqr_auto,42,46,45,45,45,48
strict,211-000555,211-000535,0.40594059405940597,0.21067821067821066,133,101,lsqr_auto,42,46,45,45,28,28
calibrated,211-000555,211-000535,0.3069306930693069,0.3097263764262767,133,101,lsqr_auto,42,46,45,45,28,28
strict,211-000555,211-000536,0.1693548387096774,0.12948173322005097,133,124,lsqr_auto,42,46,45,47,46,31
calibrated,211-000555,211-000536,0.27419354838709675,0.2990984231784022,133,124,lsqr_auto,42,46,45,47,46,31
strict,211-000555,211-000537,0.17557251908396945,0.1950093329403674,133,131,lsqr_auto,42,46,45,42,42,47
calibrated,211-000555,211-000537,0.2595419847328244,0.25060386473429946,133,131,lsqr_auto,42,46,45,42,42,47
strict,211-000555,211-000539,0.3106060606060606,0.18674242424242424,133,132,lsqr_auto,42,46,45,49,44,39
calibrated,211-000555,211-000539,0.2727272727272727,0.26868396511919057,133,132,lsqr_auto,42,46,45,49,44,39
strict,211-000555,211-000540,0.30392156862745096,0.2649859943977591,133,102,lsqr_auto,42,46,45,49,33,20
calibrated,211-000555,211-000540,0.3235294117647059,0.3084567901234568,133,102,lsqr_auto,42,46,45,49,33,20
strict,211-000555,211-000541,0.33858267716535434,0.2514712340799297,133,127,lsqr_auto,42,46,45,41,40,46
calibrated,211-000555,211-000541,0.2755905511811024,0.28953608615033516,133,127,lsqr_auto,42,46,45,41,40,46
strict,211-000555,211-000543,0.3829787234042553,0.316098541980895,133,141,lsqr_auto,42,46,45,49,45,47
calibrated,211-000555,211-000543,0.2695035460992908,0.268018208110374,133,141,lsqr_auto,42,46,45,49,45,47
strict,211-000555,211-000544,0.39166666666666666,0.34477048380437636,133,120,lsqr_auto,42,46,45,27,46,47
calibrated,211-000555,211-000544,0.2916666666666667,0.29768462804315393,133,120,lsqr_auto,42,46,45,27,46,47
strict,211-000555,211-000545,0.23958333333333334,0.12994350282485875,133,96,lsqr_auto,42,46,45,44,23,29
calibrated,211-000555,211-000545,0.28125,0.27499999999999997,133,96,lsqr_auto,42,46,45,44,23,29
strict,211-000555,211-000546,0.375886524822695,0.30465949820788535,133,141,lsqr_auto,42,46,45,48,47,46
calibrated,211-000555,211-000546,0.19858156028368795,0.19690402476780186,133,141,lsqr_auto,42,46,45,48,47,46
strict,211-000555,211-000547,0.4305555555555556,0.395042735042735,133,144,lsqr_auto,42,46,45,49,47,48
calibrated,211-000555,211-000547,0.4236111111111111,0.4197693760491381,133,144,lsqr_auto,42,46,45,49,47,48
strict,211-000555,211-000548,0.5283018867924528,0.41534391534391535,133,106,lsqr_auto,42,46,45,37,39,30
calibrated,211-000555,211-000548,0.2641509433962264,0.2675407417599217,133,106,lsqr_auto,42,46,45,37,39,30
strict,211-000555,211-000549,0.37410071942446044,0.27608181724740466,133,139,lsqr_auto,42,46,45,46,46,47
calibrated,211-000555,211-000549,0.2446043165467626,0.23922902494331066,133,139,lsqr_auto,42,46,45,46,46,47
strict,211-000555,211-000550,0.30864197530864196,0.31758340226082166,133,81,lsqr_auto,42,46,45,37,14,30
calibrated,211-000555,211-000550,0.1728395061728395,0.1814086814086814,133,81,lsqr_auto,42,46,45,37,14,30
strict,211-000555,211-000552,0.3017241379310345,0.15555555555555556,133,116,lsqr_auto,42,46,45,36,45,35
calibrated,211-000555,211-000552,0.1810344827586207,0.17424242424242423,133,116,lsqr_auto,42,46,45,36,45,35
strict,211-000555,211-000553,0.3557692307692308,0.2078824392693006,133,104,lsqr_auto,42,46,45,38,35,31
calibrated,211-000555,211-000553,0.41346153846153844,0.4133963942113348,133,104,lsqr_auto,42,46,45,38,35,31
strict,211-000555,211-000554,0.35766423357664234,0.2592220776269856,133,137,lsqr_auto,42,46,45,49,44,44
calibrated,211-000555,211-000554,0.30656934306569344,0.29648320369969855,133,137,lsqr_auto,42,46,45,49,44,44
strict,211-000555,211-000556,0.24509803921568626,0.16666666666666666,133,102,lsqr_auto,42,46,45,39,36,27
calibrated,211-000555,211-000556,0.12745098039215685,0.12092374064205051,133,102,lsqr_auto,42,46,45,39,36,27
strict,211-000555,211-000557,0.5112781954887218,0.41035963499731615,133,133,lsqr_auto,42,46,45,45,43,45
calibrated,211-000555,211-000557,0.39097744360902253,0.3892375909423566,133,133,lsqr_auto,42,46,45,45,43,45
strict,211-000556,211-000531,0.3387096774193548,0.34422657952069713,102,62,lsqr_auto,39,36,27,35,18,9
calibrated,211-000556,211-000531,0.5,0.4682013983592008,102,62,lsqr_auto,39,36,27,35,18,9
strict,211-000556,211-000532,0.2847222222222222,0.19689059055574895,102,144,lsqr_auto,39,36,27,49,47,48
calibrated,211-000556,211-000532,0.2847222222222222,0.28631366662117697,102,144,lsqr_auto,39,36,27,49,47,48
strict,211-000556,211-000533,0.36231884057971014,0.20264116575591987,102,138,lsqr_auto,39,36,27,45,45,48
calibrated,211-000556,211-000533,0.21739130434782608,0.22181486866539157,102,138,lsqr_auto,39,36,27,45,45,48
strict,211-000556,211-000535,0.26732673267326734,0.21388888888888888,102,101,lsqr_auto,39,36,27,45,28,28
calibrated,211-000556,211-000535,0.37623762376237624,0.3733141169353404,102,101,lsqr_auto,39,36,27,45,28,28
strict,211-000556,211-000536,0.0967741935483871,0.06153846153846154,102,124,lsqr_auto,39,36,27,47,46,31
calibrated,211-000556,211-000536,0.2903225806451613,0.30052155542351616,102,124,lsqr_auto,39,36,27,47,46,31
strict,211-000556,211-000537,0.3511450381679389,0.22656573645162506,102,131,lsqr_auto,39,36,27,42,42,47
calibrated,211-000556,211-000537,0.26717557251908397,0.2598636303455581,102,131,lsqr_auto,39,36,27,42,42,47
strict,211-000556,211-000539,0.3181818181818182,0.2127329192546584,102,132,lsqr_auto,39,36,27,49,44,39
calibrated,211-000556,211-000539,0.49242424242424243,0.4865839243498818,102,132,lsqr_auto,39,36,27,49,44,39
strict,211-000556,211-000540,0.24509803921568626,0.21792717086834734,102,102,lsqr_auto,39,36,27,49,33,20
calibrated,211-000556,211-000540,0.24509803921568626,0.23966087675765094,102,102,lsqr_auto,39,36,27,49,33,20
strict,211-000556,211-000541,0.36220472440944884,0.1772639691714836,102,127,lsqr_auto,39,36,27,41,40,46
calibrated,211-000556,211-000541,0.2992125984251969,0.297385721045984,102,127,lsqr_auto,39,36,27,41,40,46
strict,211-000556,211-000543,0.3191489361702128,0.16129032258064516,102,141,lsqr_auto,39,36,27,49,45,47
calibrated,211-000556,211-000543,0.49645390070921985,0.4860810562992848,102,141,lsqr_auto,39,36,27,49,45,47
strict,211-000556,211-000544,0.20833333333333334,0.13438807055828333,102,120,lsqr_auto,39,36,27,27,46,47
calibrated,211-000556,211-000544,0.3333333333333333,0.32592592592592595,102,120,lsqr_auto,39,36,27,27,46,47
strict,211-000556,211-000545,0.21875,0.19635378171963538,102,96,lsqr_auto,39,36,27,44,23,29
calibrated,211-000556,211-000545,0.3541666666666667,0.3357524828113063,102,96,lsqr_auto,39,36,27,44,23,29
strict,211-000556,211-000546,0.2553191489361702,0.2944150499706055,102,141,lsqr_auto,39,36,27,48,47,46
calibrated,211-000556,211-000546,0.475177304964539,0.43744107744107746,102,141,lsqr_auto,39,36,27,48,47,46
strict,211-000556,211-000547,0.4027777777777778,0.3108969210174029,102,144,lsqr_auto,39,36,27,49,47,48
calibrated,211-000556,211-000547,0.4027777777777778,0.4023708325797311,102,144,lsqr_auto,39,36,27,49,47,48
strict,211-000556,211-000548,0.3113207547169811,0.15827338129496402,102,106,lsqr_auto,39,36,27,37,39,30
calibrated,211-000556,211-000548,0.1509433962264151,0.15186797552994735,102,106,lsqr_auto,39,36,27,37,39,30
strict,211-000556,211-000549,0.3237410071942446,0.16304347826086957,102,139,lsqr_auto,39,36,27,46,46,47
calibrated,211-000556,211-000549,0.3669064748201439,0.36670692431561996,102,139,lsqr_auto,39,36,27,46,46,47
strict,211-000556,211-000550,0.2962962962962963,0.2639786335831826,102,81,lsqr_auto,39,36,27,37,14,30
calibrated,211-000556,211-000550,0.49382716049382713,0.46327808982271224,102,81,lsqr_auto,39,36,27,37,14,30
strict,211-000556,211-000552,0.27586206896551724,0.14414414414414414,102,116,lsqr_auto,39,36,27,36,45,35
calibrated,211-000556,211-000552,0.35344827586206895,0.3498940932416203,102,116,lsqr_auto,39,36,27,36,45,35
strict,211-000556,211-000553,0.3173076923076923,0.1924660852713178,102,104,lsqr_auto,39,36,27,38,35,31
calibrated,211-000556,211-000553,0.25961538461538464,0.26276853037416414,102,104,lsqr_auto,39,36,27,38,35,31
strict,211-000556,211-000554,0.32116788321167883,0.16206261510128914,102,137,lsqr_auto,39,36,27,49,44,44
calibrated,211-000556,211-000554,0.4744525547445255,0.46789736444908864,102,137,lsqr_auto,39,36,27,49,44,44
strict,211-000556,211-000555,0.3157894736842105,0.20698412698412702,102,133,lsqr_auto,39,36,27,42,46,45
calibrated,211-000556,211-000555,0.3082706766917293,0.3027184664842893,102,133,lsqr_auto,39,36,27,42,46,45
strict,211-000556,211-000557,0.40601503759398494,0.2965827099212895,102,133,lsqr_auto,39,36,27,45,43,45
calibrated,211-000556,211-000557,0.5488721804511278,0.5454799297886824,102,133,lsqr_auto,39,36,27,45,43,45
strict,211-000557,211-000531,0.14516129032258066,0.11538461538461538,133,62,lsqr_auto,45,43,45,35,18,9
calibrated,211-000557,211-000531,0.4032258064516129,0.25004347070074767,133,62,lsqr_auto,45,43,45,35,18,9
strict,211-000557,211-000532,0.2777777777777778,0.2248236331569665,133,144,lsqr_auto,45,43,45,49,47,48
calibrated,211-000557,211-000532,0.2708333333333333,0.23375810714312006,133,144,lsqr_auto,45,43,45,49,47,48
strict,211-000557,211-000533,0.34057971014492755,0.22568377943542486,133,138,lsqr_auto,45,43,45,45,45,48
calibrated,211-000557,211-000533,0.16666666666666666,0.15385906308437355,133,138,lsqr_auto,45,43,45,45,45,48
strict,211-000557,211-000535,0.27722772277227725,0.14470284237726097,133,101,lsqr_auto,45,43,45,45,28,28
calibrated,211-000557,211-000535,0.38613861386138615,0.3670450636394909,133,101,lsqr_auto,45,43,45,45,28,28
strict,211-000557,211-000536,0.25806451612903225,0.15935672514619884,133,124,lsqr_auto,45,43,45,47,46,31
calibrated,211-000557,211-000536,0.3870967741935484,0.35163989249959965,133,124,lsqr_auto,45,43,45,47,46,31
strict,211-000557,211-000537,0.35877862595419846,0.19038961038961036,133,131,lsqr_auto,45,43,45,42,42,47
calibrated,211-000557,211-000537,0.32061068702290074,0.3104072595598019,133,131,lsqr_auto,45,43,45,42,42,47
strict,211-000557,211-000539,0.2803030303030303,0.14682539682539683,133,132,lsqr_auto,45,43,45,49,44,39
calibrated,211-000557,211-000539,0.32575757575757575,0.24019109000452285,133,132,lsqr_auto,45,43,45,49,44,39
strict,211-000557,211-000540,0.45098039215686275,0.4414913252122554,133,102,lsqr_auto,45,43,45,49,33,20
calibrated,211-000557,211-000540,0.5294117647058824,0.5229567071206332,133,102,lsqr_auto,45,43,45,49,33,20
strict,211-000557,211-000541,0.36220472440944884,0.17829457364341084,133,127,lsqr_auto,45,43,45,41,40,46
calibrated,211-000557,211-000541,0.4566929133858268,0.44907723855092274,133,127,lsqr_auto,45,43,45,41,40,46
strict,211-000557,211-000543,0.3262411347517731,0.2381466163160103,133,141,lsqr_auto,45,43,45,49,45,47
calibrated,211-000557,211-000543,0.2198581560283688,0.22552700922266136,133,141,lsqr_auto,45,43,45,49,45,47
strict,211-000557,211-000544,0.14166666666666666,0.14470354006436478,133,120,lsqr_auto,45,43,45,27,46,47
calibrated,211-000557,211-000544,0.15833333333333333,0.16012100349449745,133,120,lsqr_auto,45,43,45,27,46,47
strict,211-000557,211-000545,0.23958333333333334,0.1288515406162465,133,96,lsqr_auto,45,43,45,44,23,29
calibrated,211-000557,211-000545,0.5104166666666666,0.4626889805158056,133,96,lsqr_auto,45,43,45,44,23,29
strict,211-000557,211-000546,0.3333333333333333,0.1782078853046595,133,141,lsqr_auto,45,43,45,48,47,46
calibrated,211-000557,211-000546,0.425531914893617,0.38211302254787444,133,141,lsqr_auto,45,43,45,48,47,46
strict,211-000557,211-000547,0.3194444444444444,0.18239745121465553,133,144,lsqr_auto,45,43,45,49,47,48
calibrated,211-000557,211-000547,0.2638888888888889,0.26139119492245005,133,144,lsqr_auto,45,43,45,49,47,48
strict,211-000557,211-000548,0.0,0.0,133,106,lsqr_auto,45,43,45,37,39,30
calibrated,211-000557,211-000548,0.11320754716981132,0.12815002700861927,133,106,lsqr_auto,45,43,45,37,39,30
strict,211-000557,211-000549,0.3237410071942446,0.21676715475165087,133,139,lsqr_auto,45,43,45,46,46,47
calibrated,211-000557,211-000549,0.2014388489208633,0.19761827824955513,133,139,lsqr_auto,45,43,45,46,46,47
strict,211-000557,211-000550,0.37037037037037035,0.1801801801801802,133,81,lsqr_auto,45,43,45,37,14,30
calibrated,211-000557,211-000550,0.3333333333333333,0.33137058627254706,133,81,lsqr_auto,45,43,45,37,14,30
strict,211-000557,211-000552,0.3017241379310345,0.15452538631346577,133,116,lsqr_auto,45,43,45,36,45,35
calibrated,211-000557,211-000552,0.22413793103448276,0.1948529411764706,133,116,lsqr_auto,45,43,45,36,45,35
strict,211-000557,211-000553,0.2980769230769231,0.15538847117794485,133,104,lsqr_auto,45,43,45,38,35,31
calibrated,211-000557,211-000553,0.5096153846153846,0.5160384331116039,133,104,lsqr_auto,45,43,45,38,35,31
strict,211-000557,211-000554,0.3357664233576642,0.24333333333333332,133,137,lsqr_auto,45,43,45,49,44,44
calibrated,211-000557,211-000554,0.35766423357664234,0.3440516358862064,133,137,lsqr_auto,45,43,45,49,44,44
strict,211-000557,211-000555,0.3233082706766917,0.1657032755298651,133,133,lsqr_auto,45,43,45,42,46,45
calibrated,211-000557,211-000555,0.49624060150375937,0.489742484903978,133,133,lsqr_auto,45,43,45,42,46,45
strict,211-000557,211-000556,0.49019607843137253,0.4415055693638958,133,102,lsqr_auto,45,43,45,39,36,27
calibrated,211-000557,211-000556,0.3431372549019608,0.3121921921921922,133,102,lsqr_auto,45,43,45,39,36,27
