subject_id,class_label,condition,feature_idx,feature_name,feature_type,channel,band,pair,cluster,mean_abs_shap,mean_signed_shap,n_epochs_class
211-000531,0,JOY,0,O2_Alpha,bandpower,O2,Alpha,,occipital,0.0,0.0,35
211-000531,0,JOY,1,O2_Beta,bandpower,O2,Beta,,occipital,0.2692664320444108,0.2692664320444108,35
211-000531,0,JOY,2,O1_Alpha,bandpower,O1,Alpha,,occipital,0.0,0.0,35
211-000531,0,JOY,3,O1_Beta,bandpower,O1,Beta,,occipital,0.0,0.0,35
211-000531,0,JOY,4,Oz_Alpha,bandpower,Oz,Alpha,,occipital,0.0,0.0,35
211-000531,0,JOY,5,Oz_Beta,bandpower,Oz,Beta,,occipital,0.08238553532084728,0.08179157685573135,35
211-000531,0,JOY,6,Pz_Alpha,bandpower,Pz,Alpha,,parietal_midline,0.0,0.0,35
211-000531,0,JOY,7,Pz_Beta,bandpower,Pz,Beta,,parietal_midline,0.0,0.0,35
211-000531,0,JOY,8,P4_Alpha,bandpower,P4,Alpha,,other,0.0,0.0,35
211-000531,0,JOY,9,P4_Beta,bandpower,P4,Beta,,other,0.0,0.0,35
211-000531,0,JOY,10,CP4_Alpha,bandpower,CP4,Alpha,,temporal_right,0.0,0.0,35
211-000531,0,JOY,11,CP4_Beta,bandpower,CP4,Beta,,temporal_right,0.005876474667098306,-0.0026045067372390657,35
211-000531,0,JOY,12,P8_Alpha,bandpower,P8,Alpha,,temporal_right,0.014684526267323536,-0.00367002279338684,35
211-000531,0,JOY,13,P8_Beta,bandpower,P8,Beta,,temporal_right,0.0,0.0,35
211-000531,0,JOY,14,C4_Alpha,bandpower,C4,Alpha,,other,0.0,0.0,35
211-000531,0,JOY,15,C4_Beta,bandpower,C4,Beta,,other,0.1825659949801207,0.15343120447334022,35
211-000531,0,JOY,16,TP8_Alpha,bandpower,TP8,Alpha,,temporal_right,0.0,0.0,35
211-000531,0,JOY,17,TP8_Beta,bandpower,TP8,Beta,,temporal_right,0.0,0.0,35
211-000531,0,JOY,18,T8_Alpha,bandpower,T8,Alpha,,temporal_right,0.0,0.0,35
211-000531,0,JOY,19,T8_Beta,bandpower,T8,Beta,,temporal_right,0.050299196190865834,0.04092888086716946,35
211-000531,0,JOY,20,P7_Alpha,bandpower,P7,Alpha,,temporal_left,0.0,0.0,35
211-000531,0,JOY,21,P7_Beta,bandpower,P7,Beta,,temporal_left,0.0,0.0,35
211-000531,0,JOY,22,P3_Alpha,bandpower,P3,Alpha,,centro_parietal_left,0.0,0.0,35
211-000531,0,JOY,23,P3_Beta,bandpower,P3,Beta,,centro_parietal_left,0.0,0.0,35
211-000531,0,JOY,24,CP3_Alpha,bandpower,CP3,Alpha,,temporal_left,0.0,0.0,35
211-000531,0,JOY,25,CP3_Beta,bandpower,CP3,Beta,,temporal_left,0.0,0.0,35
211-000531,0,JOY,26,CPz_Alpha,bandpower,CPz,Alpha,,parietal_midline,0.0,0.0,35
211-000531,0,JOY,27,CPz_Beta,bandpower,CPz,Beta,,parietal_midline,0.0,0.0,35
211-000531,0,JOY,28,Cz_Alpha,bandpower,Cz,Alpha,,parietal_midline,0.0,0.0,35
211-000531,0,JOY,29,Cz_Beta,bandpower,Cz,Beta,,parietal_midline,0.0,0.0,35
211-000531,0,JOY,30,FC4_Alpha,bandpower,FC4,Alpha,,frontal_bilateral,0.0005090855524302963,-0.00024966391837279324,35
211-000531,0,JOY,31,FC4_Beta,bandpower,FC4,Beta,,frontal_bilateral,0.1347488816391248,0.11008172422868824,35
211-000531,0,JOY,32,FT8_Alpha,bandpower,FT8,Alpha,,temporal_right,0.0,0.0,35
211-000531,0,JOY,33,FT8_Beta,bandpower,FT8,Beta,,temporal_right,0.0,0.0,35
211-000531,0,JOY,34,TP7_Alpha,bandpower,TP7,Alpha,,temporal_left,0.011097515295513088,-0.0013580738444687744,35
211-000531,0,JOY,35,TP7_Beta,bandpower,TP7,Beta,,temporal_left,0.0,0.0,35
211-000531,0,JOY,36,C3_Alpha,bandpower,C3,Alpha,,centro_parietal_left,0.0,0.0,35
211-000531,0,JOY,37,C3_Beta,bandpower,C3,Beta,,centro_parietal_left,0.0,0.0,35
211-000531,0,JOY,38,FCz_Alpha,bandpower,FCz,Alpha,,frontal_bilateral,0.03882825291873966,0.0199069390358923,35
211-000531,0,JOY,39,FCz_Beta,bandpower,FCz,Beta,,frontal_bilateral,0.0,0.0,35
211-000531,0,JOY,40,Fz_Alpha,bandpower,Fz,Alpha,,frontal_bilateral,0.0,0.0,35
211-000531,0,JOY,41,Fz_Beta,bandpower,Fz,Beta,,frontal_bilateral,0.0,0.0,35
211-000531,0,JOY,42,F4_Alpha,bandpower,F4,Alpha,,frontal_bilateral,0.0,0.0,35
211-000531,0,JOY,43,F4_Beta,bandpower,F4,Beta,,frontal_bilateral,0.18474224545484574,0.15504468517290745,35
211-000531,0,JOY,44,F8_Alpha,bandpower,F8,Alpha,,other,0.0,0.0,35
211-000531,0,JOY,45,F8_Beta,bandpower,F8,Beta,,other,0.0,0.0,35
211-000531,0,JOY,46,T7_Alpha,bandpower,T7,Alpha,,temporal_left,0.0,0.0,35
211-000531,0,JOY,47,T7_Beta,bandpower,T7,Beta,,temporal_left,0.0,0.0,35
211-000531,0,JOY,48,FT7_Alpha,bandpower,FT7,Alpha,,temporal_left,0.0,0.0,35
211-000531,0,JOY,49,FT7_Beta,bandpower,FT7,Beta,,temporal_left,0.0,0.0,35
211-000531,0,JOY,50,FC3_Alpha,bandpower,FC3,Alpha,,frontal_bilateral,0.0,0.0,35
211-000531,0,JOY,51,FC3_Beta,bandpower,FC3,Beta,,frontal_bilateral,0.0008616631520254398,0.0006516869595438616,35
211-000531,0,JOY,52,F3_Alpha,bandpower,F3,Alpha,,frontal_bilateral,0.0,0.0,35
211-000531,0,JOY,53,F3_Beta,bandpower,F3,Beta,,frontal_bilateral,0.0,0.0,35
211-000531,0,JOY,54,Fp2_Alpha,bandpower,Fp2,Alpha,,frontal_bilateral,0.0,0.0,35
211-000531,0,JOY,55,Fp2_Beta,bandpower,Fp2,Beta,,frontal_bilateral,0.0027898189182994724,-0.001405539873242537,35
211-000531,0,JOY,56,F7_Alpha,bandpower,F7,Alpha,,frontal_inferior_left,0.0,0.0,35
211-000531,0,JOY,57,F7_Beta,bandpower,F7,Beta,,frontal_inferior_left,0.0,0.0,35
211-000531,0,JOY,58,Fp1_Alpha,bandpower,Fp1,Alpha,,frontal_bilateral,0.0,0.0,35
211-000531,0,JOY,59,Fp1_Beta,bandpower,Fp1,Beta,,frontal_bilateral,0.0,0.0,35
211-000531,0,JOY,60,PO5_Alpha,bandpower,PO5,Alpha,,other,0.0,0.0,35
211-000531,0,JOY,61,PO5_Beta,bandpower,PO5,Beta,,other,0.17866675585710698,0.1670201038275036,35
211-000531,0,JOY,62,PO3_Alpha,bandpower,PO3,Alpha,,occipital,0.0,0.0,35
211-000531,0,JOY,63,PO3_Beta,bandpower,PO3,Beta,,occipital,0.0,0.0,35
211-000531,0,JOY,64,P1_Alpha,bandpower,P1,Alpha,,other,0.0,0.0,35
211-000531,0,JOY,65,P1_Beta,bandpower,P1,Beta,,other,0.07551787710025304,0.06739998029883731,35
211-000531,0,JOY,66,POz_Alpha,bandpower,POz,Alpha,,occipital,0.0,0.0,35
211-000531,0,JOY,67,POz_Beta,bandpower,POz,Beta,,occipital,0.31553609498924684,0.31553609498924684,35
211-000531,0,JOY,68,P2_Alpha,bandpower,P2,Alpha,,other,0.0,0.0,35
211-000531,0,JOY,69,P2_Beta,bandpower,P2,Beta,,other,0.0,0.0,35
211-000531,0,JOY,70,PO4_Alpha,bandpower,PO4,Alpha,,occipital,0.0008425454794429945,-0.00036950975268541954,35
211-000531,0,JOY,71,PO4_Beta,bandpower,PO4,Beta,,occipital,0.31150653610709983,0.31150653610709983,35
211-000531,0,JOY,72,CP2_Alpha,bandpower,CP2,Alpha,,other,0.0,0.0,35
211-000531,0,JOY,73,CP2_Beta,bandpower,CP2,Beta,,other,0.0,0.0,35
211-000531,0,JOY,74,P6_Alpha,bandpower,P6,Alpha,,temporal_right,0.0,0.0,35
211-000531,0,JOY,75,P6_Beta,bandpower,P6,Beta,,temporal_right,0.0,0.0,35
211-000531,0,JOY,76,PO6_Alpha,bandpower,PO6,Alpha,,other,0.0,0.0,35
211-000531,0,JOY,77,PO6_Beta,bandpower,PO6,Beta,,other,0.20808159472607413,0.20511344382703944,35
211-000531,0,JOY,78,CP6_Alpha,bandpower,CP6,Alpha,,temporal_right,0.0,0.0,35
211-000531,0,JOY,79,CP6_Beta,bandpower,CP6,Beta,,temporal_right,0.009471500428430644,0.009471500428430644,35
211-000531,0,JOY,80,C6_Alpha,bandpower,C6,Alpha,,temporal_right,0.0,0.0,35
211-000531,0,JOY,81,C6_Beta,bandpower,C6,Beta,,temporal_right,0.07918206424176483,0.06898263983808639,35
211-000531,0,JOY,82,PO8_Alpha,bandpower,PO8,Alpha,,occipital,0.0,0.0,35
211-000531,0,JOY,83,PO8_Beta,bandpower,PO8,Beta,,occipital,0.0,0.0,35
211-000531,0,JOY,84,PO7_Alpha,bandpower,PO7,Alpha,,occipital,0.00519804015449206,-0.0016389336891467052,35
211-000531,0,JOY,85,PO7_Beta,bandpower,PO7,Beta,,occipital,0.020532752952802102,-0.0008914654435860211,35
211-000531,0,JOY,86,P5_Alpha,bandpower,P5,Alpha,,temporal_left,0.0,0.0,35
211-000531,0,JOY,87,P5_Beta,bandpower,P5,Beta,,temporal_left,0.0,0.0,35
211-000531,0,JOY,88,CP5_Alpha,bandpower,CP5,Alpha,,temporal_left,0.0,0.0,35
211-000531,0,JOY,89,CP5_Beta,bandpower,CP5,Beta,,temporal_left,0.0,0.0,35
211-000531,0,JOY,90,CP1_Alpha,bandpower,CP1,Alpha,,other,0.0,0.0,35
211-000531,0,JOY,91,CP1_Beta,bandpower,CP1,Beta,,other,0.0,0.0,35
211-000531,0,JOY,92,C1_Alpha,bandpower,C1,Alpha,,other,0.0,0.0,35
211-000531,0,JOY,93,C1_Beta,bandpower,C1,Beta,,other,0.0,0.0,35
211-000531,0,JOY,94,C2_Alpha,bandpower,C2,Alpha,,other,0.0,0.0,35
211-000531,0,JOY,95,C2_Beta,bandpower,C2,Beta,,other,0.002682393574229627,0.0022939124061393686,35
211-000531,0,JOY,96,FC2_Alpha,bandpower,FC2,Alpha,,other,0.0,0.0,35
211-000531,0,JOY,97,FC2_Beta,bandpower,FC2,Beta,,other,0.0034048592420047614,0.0010410685670861855,35
211-000531,0,JOY,98,FC6_Alpha,bandpower,FC6,Alpha,,other,0.0,0.0,35
211-000531,0,JOY,99,FC6_Beta,bandpower,FC6,Beta,,other,0.0,0.0,35
211-000531,0,JOY,100,C5_Alpha,bandpower,C5,Alpha,,temporal_left,0.0,0.0,35
211-000531,0,JOY,101,C5_Beta,bandpower,C5,Beta,,temporal_left,0.0,0.0,35
211-000531,0,JOY,102,FC1_Alpha,bandpower,FC1,Alpha,,other,0.0,0.0,35
211-000531,0,JOY,103,FC1_Beta,bandpower,FC1,Beta,,other,0.0,0.0,35
211-000531,0,JOY,104,F2_Alpha,bandpower,F2,Alpha,,frontal_bilateral,0.0,0.0,35
211-000531,0,JOY,105,F2_Beta,bandpower,F2,Beta,,frontal_bilateral,0.06799602799058622,0.06204599370396876,35
211-000531,0,JOY,106,F6_Alpha,bandpower,F6,Alpha,,other,0.0,0.0,35
211-000531,0,JOY,107,F6_Beta,bandpower,F6,Beta,,other,0.0,0.0,35
211-000531,0,JOY,108,FC5_Alpha,bandpower,FC5,Alpha,,frontal_inferior_left,0.0,0.0,35
211-000531,0,JOY,109,FC5_Beta,bandpower,FC5,Beta,,frontal_inferior_left,0.0,0.0,35
211-000531,0,JOY,110,F1_Alpha,bandpower,F1,Alpha,,frontal_bilateral,0.0,0.0,35
211-000531,0,JOY,111,F1_Beta,bandpower,F1,Beta,,frontal_bilateral,0.0,0.0,35
211-000531,0,JOY,112,AF4_Alpha,bandpower,AF4,Alpha,,frontal_bilateral,0.0,0.0,35
211-000531,0,JOY,113,AF4_Beta,bandpower,AF4,Beta,,frontal_bilateral,0.0,0.0,35
211-000531,0,JOY,114,AF8_Alpha,bandpower,AF8,Alpha,,frontal_bilateral,0.0,0.0,35
211-000531,0,JOY,115,AF8_Beta,bandpower,AF8,Beta,,frontal_bilateral,0.0,0.0,35
211-000531,0,JOY,116,F5_Alpha,bandpower,F5,Alpha,,frontal_inferior_left,0.0,0.0,35
211-000531,0,JOY,117,F5_Beta,bandpower,F5,Beta,,frontal_inferior_left,0.0,0.0,35
211-000531,0,JOY,118,AF7_Alpha,bandpower,AF7,Alpha,,frontal_bilateral,0.0,0.0,35
211-000531,0,JOY,119,AF7_Beta,bandpower,AF7,Beta,,frontal_bilateral,0.0,0.0,35
211-000531,0,JOY,120,AF3_Alpha,bandpower,AF3,Alpha,,frontal_bilateral,0.0,0.0,35
211-000531,0,JOY,121,AF3_Beta,bandpower,AF3,Beta,,frontal_bilateral,0.0,0.0,35
211-000531,0,JOY,122,Fpz_Alpha,bandpower,Fpz,Alpha,,frontal_bilateral,0.0,0.0,35
211-000531,0,JOY,123,Fpz_Beta,bandpower,Fpz,Beta,,frontal_bilateral,0.0,0.0,35
211-000531,0,JOY,124,AlphaAsym_Fp2-Fp1,AlphaAsym,,,Fp2-Fp1,,0.0,0.0,35
211-000531,0,JOY,125,AlphaAsym_AF8-AF7,AlphaAsym,,,AF8-AF7,,0.0,0.0,35
211-000531,0,JOY,126,AlphaAsym_AF4-AF3,AlphaAsym,,,AF4-AF3,,0.0,0.0,35
211-000531,0,JOY,127,AlphaAsym_F8-F7,AlphaAsym,,,F8-F7,,0.0,0.0,35
211-000531,0,JOY,128,AlphaAsym_F6-F5,AlphaAsym,,,F6-F5,,0.0,0.0,35
211-000531,0,JOY,129,AlphaAsym_F4-F3,AlphaAsym,,,F4-F3,,0.0,0.0,35
211-000531,0,JOY,130,AlphaAsym_F2-F1,AlphaAsym,,,F2-F1,,0.0,0.0,35
211-000531,0,JOY,131,AlphaAsym_FC6-FC5,AlphaAsym,,,FC6-FC5,,0.0,0.0,35
211-000531,0,JOY,132,AlphaAsym_FC4-FC3,AlphaAsym,,,FC4-FC3,,0.0,0.0,35
211-000531,0,JOY,133,AlphaAsym_FC2-FC1,AlphaAsym,,,FC2-FC1,,0.0,0.0,35
211-000531,0,JOY,134,AlphaAsym_T8-T7,AlphaAsym,,,T8-T7,,0.0,0.0,35
211-000531,0,JOY,135,AlphaAsym_C6-C5,AlphaAsym,,,C6-C5,,0.0,0.0,35
211-000531,0,JOY,136,AlphaAsym_C4-C3,AlphaAsym,,,C4-C3,,0.0,0.0,35
211-000531,0,JOY,137,AlphaAsym_C2-C1,AlphaAsym,,,C2-C1,,0.0,0.0,35
211-000531,0,JOY,138,AlphaAsym_TP8-TP7,AlphaAsym,,,TP8-TP7,,0.0,0.0,35
211-000531,0,JOY,139,AlphaAsym_CP6-CP5,AlphaAsym,,,CP6-CP5,,0.0,0.0,35
211-000531,0,JOY,140,AlphaAsym_CP4-CP3,AlphaAsym,,,CP4-CP3,,0.0,0.0,35
211-000531,0,JOY,141,AlphaAsym_CP2-CP1,AlphaAsym,,,CP2-CP1,,0.0,0.0,35
211-000531,0,JOY,142,AlphaAsym_P8-P7,AlphaAsym,,,P8-P7,,0.0,0.0,35
211-000531,0,JOY,143,AlphaAsym_P6-P5,AlphaAsym,,,P6-P5,,0.0,0.0,35
211-000531,0,JOY,144,AlphaAsym_P4-P3,AlphaAsym,,,P4-P3,,0.0,0.0,35
211-000531,0,JOY,145,AlphaAsym_P2-P1,AlphaAsym,,,P2-P1,,0.0,0.0,35
211-000531,0,JOY,146,AlphaAsym_PO8-PO7,AlphaAsym,,,PO8-PO7,,0.0,0.0,35
211-000531,0,JOY,147,AlphaAsym_PO6-PO5,AlphaAsym,,,PO6-PO5,,0.0,0.0,35
211-000531,0,JOY,148,AlphaAsym_PO4-PO3,AlphaAsym,,,PO4-PO3,,0.204426133718477,0.1733856520121964,35
211-000531,0,JOY,149,AlphaAsym_O2-O1,AlphaAsym,,,O2-O1,,0.0,0.0,35
211-000531,1,NEUTRO,0,O2_Alpha,bandpower,O2,Alpha,,occipital,0.0,0.0,18
211-000531,1,NEUTRO,1,O2_Beta,bandpower,O2,Beta,,occipital,0.0,0.0,18
211-000531,1,NEUTRO,2,O1_Alpha,bandpower,O1,Alpha,,occipital,0.0,0.0,18
211-000531,1,NEUTRO,3,O1_Beta,bandpower,O1,Beta,,occipital,0.0,0.0,18
211-000531,1,NEUTRO,4,Oz_Alpha,bandpower,Oz,Alpha,,occipital,0.0,0.0,18
211-000531,1,NEUTRO,5,Oz_Beta,bandpower,Oz,Beta,,occipital,0.2620950489383619,0.2612805404209418,18
211-000531,1,NEUTRO,6,Pz_Alpha,bandpower,Pz,Alpha,,parietal_midline,0.0,0.0,18
211-000531,1,NEUTRO,7,Pz_Beta,bandpower,Pz,Beta,,parietal_midline,0.09610217968735918,0.08534735096230874,18
211-000531,1,NEUTRO,8,P4_Alpha,bandpower,P4,Alpha,,other,0.022266217667616717,0.0064706812749889915,18
211-000531,1,NEUTRO,9,P4_Beta,bandpower,P4,Beta,,other,0.08137262018303221,0.02622332128776825,18
211-000531,1,NEUTRO,10,CP4_Alpha,bandpower,CP4,Alpha,,temporal_right,0.0,0.0,18
211-000531,1,NEUTRO,11,CP4_Beta,bandpower,CP4,Beta,,temporal_right,0.03247768951108179,-0.004463782806249079,18
211-000531,1,NEUTRO,12,P8_Alpha,bandpower,P8,Alpha,,temporal_right,0.0,0.0,18
211-000531,1,NEUTRO,13,P8_Beta,bandpower,P8,Beta,,temporal_right,0.0,0.0,18
211-000531,1,NEUTRO,14,C4_Alpha,bandpower,C4,Alpha,,other,0.0,0.0,18
211-000531,1,NEUTRO,15,C4_Beta,bandpower,C4,Beta,,other,0.0,0.0,18
211-000531,1,NEUTRO,16,TP8_Alpha,bandpower,TP8,Alpha,,temporal_right,0.0,0.0,18
211-000531,1,NEUTRO,17,TP8_Beta,bandpower,TP8,Beta,,temporal_right,0.0,0.0,18
211-000531,1,NEUTRO,18,T8_Alpha,bandpower,T8,Alpha,,temporal_right,0.0,0.0,18
211-000531,1,NEUTRO,19,T8_Beta,bandpower,T8,Beta,,temporal_right,0.0,0.0,18
211-000531,1,NEUTRO,20,P7_Alpha,bandpower,P7,Alpha,,temporal_left,0.0,0.0,18
211-000531,1,NEUTRO,21,P7_Beta,bandpower,P7,Beta,,temporal_left,0.0,0.0,18
211-000531,1,NEUTRO,22,P3_Alpha,bandpower,P3,Alpha,,centro_parietal_left,0.0,0.0,18
211-000531,1,NEUTRO,23,P3_Beta,bandpower,P3,Beta,,centro_parietal_left,0.0,0.0,18
211-000531,1,NEUTRO,24,CP3_Alpha,bandpower,CP3,Alpha,,temporal_left,0.0,0.0,18
211-000531,1,NEUTRO,25,CP3_Beta,bandpower,CP3,Beta,,temporal_left,0.0,0.0,18
211-000531,1,NEUTRO,26,CPz_Alpha,bandpower,CPz,Alpha,,parietal_midline,0.013167115126521948,-0.013167115126521948,18
211-000531,1,NEUTRO,27,CPz_Beta,bandpower,CPz,Beta,,parietal_midline,0.3394530122057301,0.33029382639760263,18
211-000531,1,NEUTRO,28,Cz_Alpha,bandpower,Cz,Alpha,,parietal_midline,0.0,0.0,18
211-000531,1,NEUTRO,29,Cz_Beta,bandpower,Cz,Beta,,parietal_midline,0.03313978914012414,0.02040873225568891,18
211-000531,1,NEUTRO,30,FC4_Alpha,bandpower,FC4,Alpha,,frontal_bilateral,0.0,0.0,18
211-000531,1,NEUTRO,31,FC4_Beta,bandpower,FC4,Beta,,frontal_bilateral,0.0,0.0,18
211-000531,1,NEUTRO,32,FT8_Alpha,bandpower,FT8,Alpha,,temporal_right,0.0,0.0,18
211-000531,1,NEUTRO,33,FT8_Beta,bandpower,FT8,Beta,,temporal_right,0.0,0.0,18
211-000531,1,NEUTRO,34,TP7_Alpha,bandpower,TP7,Alpha,,temporal_left,0.0,0.0,18
211-000531,1,NEUTRO,35,TP7_Beta,bandpower,TP7,Beta,,temporal_left,0.0,0.0,18
211-000531,1,NEUTRO,36,C3_Alpha,bandpower,C3,Alpha,,centro_parietal_left,0.0,0.0,18
211-000531,1,NEUTRO,37,C3_Beta,bandpower,C3,Beta,,centro_parietal_left,0.04091209614692727,0.027998990244380944,18
211-000531,1,NEUTRO,38,FCz_Alpha,bandpower,FCz,Alpha,,frontal_bilateral,0.2026683253210209,0.1813708212321035,18
211-000531,1,NEUTRO,39,FCz_Beta,bandpower,FCz,Beta,,frontal_bilateral,0.006965563025717714,0.0019379438064724358,18
211-000531,1,NEUTRO,40,Fz_Alpha,bandpower,Fz,Alpha,,frontal_bilateral,0.1817338432695471,0.15888581484393105,18
211-000531,1,NEUTRO,41,Fz_Beta,bandpower,Fz,Beta,,frontal_bilateral,0.20756362099787676,0.01150862772806088,18
211-000531,1,NEUTRO,42,F4_Alpha,bandpower,F4,Alpha,,frontal_bilateral,0.013954251293293751,0.010464277663742336,18
211-000531,1,NEUTRO,43,F4_Beta,bandpower,F4,Beta,,frontal_bilateral,0.0,0.0,18
211-000531,1,NEUTRO,44,F8_Alpha,bandpower,F8,Alpha,,other,0.0,0.0,18
211-000531,1,NEUTRO,45,F8_Beta,bandpower,F8,Beta,,other,0.024341739602994756,0.023033672775151844,18
211-000531,1,NEUTRO,46,T7_Alpha,bandpower,T7,Alpha,,temporal_left,0.0,0.0,18
211-000531,1,NEUTRO,47,T7_Beta,bandpower,T7,Beta,,temporal_left,0.01130004417884551,0.010438325275316308,18
211-000531,1,NEUTRO,48,FT7_Alpha,bandpower,FT7,Alpha,,temporal_left,0.0,0.0,18
211-000531,1,NEUTRO,49,FT7_Beta,bandpower,FT7,Beta,,temporal_left,0.09228646241276875,0.08790255648864682,18
211-000531,1,NEUTRO,50,FC3_Alpha,bandpower,FC3,Alpha,,frontal_bilateral,0.0,0.0,18
211-000531,1,NEUTRO,51,FC3_Beta,bandpower,FC3,Beta,,frontal_bilateral,0.0,0.0,18
211-000531,1,NEUTRO,52,F3_Alpha,bandpower,F3,Alpha,,frontal_bilateral,0.0,0.0,18
211-000531,1,NEUTRO,53,F3_Beta,bandpower,F3,Beta,,frontal_bilateral,0.0,0.0,18
211-000531,1,NEUTRO,54,Fp2_Alpha,bandpower,Fp2,Alpha,,frontal_bilateral,0.0,0.0,18
211-000531,1,NEUTRO,55,Fp2_Beta,bandpower,Fp2,Beta,,frontal_bilateral,0.006491725111040791,0.006159088968419078,18
211-000531,1,NEUTRO,56,F7_Alpha,bandpower,F7,Alpha,,frontal_inferior_left,0.0,0.0,18
211-000531,1,NEUTRO,57,F7_Beta,bandpower,F7,Beta,,frontal_inferior_left,0.0019846977469815444,0.0019846977469815444,18
211-000531,1,NEUTRO,58,Fp1_Alpha,bandpower,Fp1,Alpha,,frontal_bilateral,0.0,0.0,18
211-000531,1,NEUTRO,59,Fp1_Beta,bandpower,Fp1,Beta,,frontal_bilateral,0.11398914884849203,0.09599499255157652,18
211-000531,1,NEUTRO,60,PO5_Alpha,bandpower,PO5,Alpha,,other,0.0,0.0,18
211-000531,1,NEUTRO,61,PO5_Beta,bandpower,PO5,Beta,,other,0.17845786321177734,0.17686872318037242,18
211-000531,1,NEUTRO,62,PO3_Alpha,bandpower,PO3,Alpha,,occipital,0.02250894547274352,0.019094638526216387,18
211-000531,1,NEUTRO,63,PO3_Beta,bandpower,PO3,Beta,,occipital,0.07139713927125763,-0.003723650046474964,18
211-000531,1,NEUTRO,64,P1_Alpha,bandpower,P1,Alpha,,other,0.0,0.0,18
211-000531,1,NEUTRO,65,P1_Beta,bandpower,P1,Beta,,other,0.0,0.0,18
211-000531,1,NEUTRO,66,POz_Alpha,bandpower,POz,Alpha,,occipital,0.0,0.0,18
211-000531,1,NEUTRO,67,POz_Beta,bandpower,POz,Beta,,occipital,0.01362099307582048,0.01362099307582048,18
211-000531,1,NEUTRO,68,P2_Alpha,bandpower,P2,Alpha,,other,0.0,0.0,18
211-000531,1,NEUTRO,69,P2_Beta,bandpower,P2,Beta,,other,0.0,0.0,18
211-000531,1,NEUTRO,70,PO4_Alpha,bandpower,PO4,Alpha,,occipital,0.0,0.0,18
211-000531,1,NEUTRO,71,PO4_Beta,bandpower,PO4,Beta,,occipital,5.155106512739127e-05,5.155106512739127e-05,18
211-000531,1,NEUTRO,72,CP2_Alpha,bandpower,CP2,Alpha,,other,0.0,0.0,18
211-000531,1,NEUTRO,73,CP2_Beta,bandpower,CP2,Beta,,other,0.0,0.0,18
211-000531,1,NEUTRO,74,P6_Alpha,bandpower,P6,Alpha,,temporal_right,0.0,0.0,18
211-000531,1,NEUTRO,75,P6_Beta,bandpower,P6,Beta,,temporal_right,0.0,0.0,18
211-000531,1,NEUTRO,76,PO6_Alpha,bandpower,PO6,Alpha,,other,0.0,0.0,18
211-000531,1,NEUTRO,77,PO6_Beta,bandpower,PO6,Beta,,other,0.0,0.0,18
211-000531,1,NEUTRO,78,CP6_Alpha,bandpower,CP6,Alpha,,temporal_right,0.0,0.0,18
211-000531,1,NEUTRO,79,CP6_Beta,bandpower,CP6,Beta,,temporal_right,0.0,0.0,18
211-000531,1,NEUTRO,80,C6_Alpha,bandpower,C6,Alpha,,temporal_right,0.0,0.0,18
211-000531,1,NEUTRO,81,C6_Beta,bandpower,C6,Beta,,temporal_right,0.0,0.0,18
211-000531,1,NEUTRO,82,PO8_Alpha,bandpower,PO8,Alpha,,occipital,0.029908896997999628,0.015346686255452768,18
211-000531,1,NEUTRO,83,PO8_Beta,bandpower,PO8,Beta,,occipital,0.0,0.0,18
211-000531,1,NEUTRO,84,PO7_Alpha,bandpower,PO7,Alpha,,occipital,0.03483367893099356,0.03284874067888225,18
211-000531,1,NEUTRO,85,PO7_Beta,bandpower,PO7,Beta,,occipital,0.06335987464408498,0.05116855743368211,18
211-000531,1,NEUTRO,86,P5_Alpha,bandpower,P5,Alpha,,temporal_left,0.0,0.0,18
211-000531,1,NEUTRO,87,P5_Beta,bandpower,P5,Beta,,temporal_left,0.0,0.0,18
211-000531,1,NEUTRO,88,CP5_Alpha,bandpower,CP5,Alpha,,temporal_left,0.0,0.0,18
211-000531,1,NEUTRO,89,CP5_Beta,bandpower,CP5,Beta,,temporal_left,0.0,0.0,18
211-000531,1,NEUTRO,90,CP1_Alpha,bandpower,CP1,Alpha,,other,0.0,0.0,18
211-000531,1,NEUTRO,91,CP1_Beta,bandpower,CP1,Beta,,other,0.0,0.0,18
211-000531,1,NEUTRO,92,C1_Alpha,bandpower,C1,Alpha,,other,0.0,0.0,18
211-000531,1,NEUTRO,93,C1_Beta,bandpower,C1,Beta,,other,0.0,0.0,18
211-000531,1,NEUTRO,94,C2_Alpha,bandpower,C2,Alpha,,other,0.0,0.0,18
211-000531,1,NEUTRO,95,C2_Beta,bandpower,C2,Beta,,other,0.0,0.0,18
211-000531,1,NEUTRO,96,FC2_Alpha,bandpower,FC2,Alpha,,other,0.0,0.0,18
211-000531,1,NEUTRO,97,FC2_Beta,bandpower,FC2,Beta,,other,0.07720942505272772,0.07144734287491811,18
211-000531,1,NEUTRO,98,FC6_Alpha,bandpower,FC6,Alpha,,other,0.0,0.0,18
211-000531,1,NEUTRO,99,FC6_Beta,bandpower,FC6,Beta,,other,0.0,0.0,18
211-000531,1,NEUTRO,100,C5_Alpha,bandpower,C5,Alpha,,temporal_left,0.0,0.0,18
211-000531,1,NEUTRO,101,C5_Beta,bandpower,C5,Beta,,temporal_left,0.0,0.0,18
211-000531,1,NEUTRO,102,FC1_Alpha,bandpower,FC1,Alpha,,other,0.08341717515298556,0.05762886492614754,18
211-000531,1,NEUTRO,103,FC1_Beta,bandpower,FC1,Beta,,other,0.0,0.0,18
211-000531,1,NEUTRO,104,F2_Alpha,bandpower,F2,Alpha,,frontal_bilateral,0.0,0.0,18
211-000531,1,NEUTRO,105,F2_Beta,bandpower,F2,Beta,,frontal_bilateral,0.0011270793664863751,0.0011270793664863751,18
211-000531,1,NEUTRO,106,F6_Alpha,bandpower,F6,Alpha,,other,0.0,0.0,18
211-000531,1,NEUTRO,107,F6_Beta,bandpower,F6,Beta,,other,0.0,0.0,18
211-000531,1,NEUTRO,108,FC5_Alpha,bandpower,FC5,Alpha,,frontal_inferior_left,0.0,0.0,18
211-000531,1,NEUTRO,109,FC5_Beta,bandpower,FC5,Beta,,frontal_inferior_left,0.0,0.0,18
211-000531,1,NEUTRO,110,F1_Alpha,bandpower,F1,Alpha,,frontal_bilateral,0.0,0.0,18
211-000531,1,NEUTRO,111,F1_Beta,bandpower,F1,Beta,,frontal_bilateral,0.0,0.0,18
211-000531,1,NEUTRO,112,AF4_Alpha,bandpower,AF4,Alpha,,frontal_bilateral,0.0,0.0,18
211-000531,1,NEUTRO,113,AF4_Beta,bandpower,AF4,Beta,,frontal_bilateral,0.0,0.0,18
211-000531,1,NEUTRO,114,AF8_Alpha,bandpower,AF8,Alpha,,frontal_bilateral,0.0,0.0,18
211-000531,1,NEUTRO,115,AF8_Beta,bandpower,AF8,Beta,,frontal_bilateral,0.039041784780630445,0.03195921489028326,18
211-000531,1,NEUTRO,116,F5_Alpha,bandpower,F5,Alpha,,frontal_inferior_left,0.0,0.0,18
211-000531,1,NEUTRO,117,F5_Beta,bandpower,F5,Beta,,frontal_inferior_left,0.0,0.0,18
211-000531,1,NEUTRO,118,AF7_Alpha,bandpower,AF7,Alpha,,frontal_bilateral,0.0,0.0,18
211-000531,1,NEUTRO,119,AF7_Beta,bandpower,AF7,Beta,,frontal_bilateral,0.008515731559152862,0.004270544088895514,18
211-000531,1,NEUTRO,120,AF3_Alpha,bandpower,AF3,Alpha,,frontal_bilateral,0.0,0.0,18
211-000531,1,NEUTRO,121,AF3_Beta,bandpower,AF3,Beta,,frontal_bilateral,0.0,0.0,18
211-000531,1,NEUTRO,122,Fpz_Alpha,bandpower,Fpz,Alpha,,frontal_bilateral,0.0,0.0,18
211-000531,1,NEUTRO,123,Fpz_Beta,bandpower,Fpz,Beta,,frontal_bilateral,0.42988316800103976,0.4263655590803703,18
211-000531,1,NEUTRO,124,AlphaAsym_Fp2-Fp1,AlphaAsym,,,Fp2-Fp1,,0.0,0.0,18
211-000531,1,NEUTRO,125,AlphaAsym_AF8-AF7,AlphaAsym,,,AF8-AF7,,0.0,0.0,18
211-000531,1,NEUTRO,126,AlphaAsym_AF4-AF3,AlphaAsym,,,AF4-AF3,,0.0,0.0,18
211-000531,1,NEUTRO,127,AlphaAsym_F8-F7,AlphaAsym,,,F8-F7,,0.0,0.0,18
211-000531,1,NEUTRO,128,AlphaAsym_F6-F5,AlphaAsym,,,F6-F5,,0.0,0.0,18
211-000531,1,NEUTRO,129,AlphaAsym_F4-F3,AlphaAsym,,,F4-F3,,0.0,0.0,18
211-000531,1,NEUTRO,130,AlphaAsym_F2-F1,AlphaAsym,,,F2-F1,,0.0,0.0,18
211-000531,1,NEUTRO,131,AlphaAsym_FC6-FC5,AlphaAsym,,,FC6-FC5,,0.0,0.0,18
211-000531,1,NEUTRO,132,AlphaAsym_FC4-FC3,AlphaAsym,,,FC4-FC3,,0.0,0.0,18
211-000531,1,NEUTRO,133,AlphaAsym_FC2-FC1,AlphaAsym,,,FC2-FC1,,0.0,0.0,18
211-000531,1,NEUTRO,134,AlphaAsym_T8-T7,AlphaAsym,,,T8-T7,,0.0,0.0,18
211-000531,1,NEUTRO,135,AlphaAsym_C6-C5,AlphaAsym,,,C6-C5,,0.0,0.0,18
211-000531,1,NEUTRO,136,AlphaAsym_C4-C3,AlphaAsym,,,C4-C3,,0.0,0.0,18
211-000531,1,NEUTRO,137,AlphaAsym_C2-C1,AlphaAsym,,,C2-C1,,0.0,0.0,18
211-000531,1,NEUTRO,138,AlphaAsym_TP8-TP7,AlphaAsym,,,TP8-TP7,,0.0,0.0,18
211-000531,1,NEUTRO,139,AlphaAsym_CP6-CP5,AlphaAsym,,,CP6-CP5,,0.0,0.0,18
211-000531,1,NEUTRO,140,AlphaAsym_CP4-CP3,AlphaAsym,,,CP4-CP3,,0.0,0.0,18
211-000531,1,NEUTRO,141,AlphaAsym_CP2-CP1,AlphaAsym,,,CP2-CP1,,0.0,0.0,18
211-000531,1,NEUTRO,142,AlphaAsym_P8-P7,AlphaAsym,,,P8-P7,,0.0,0.0,18
211-000531,1,NEUTRO,143,AlphaAsym_P6-P5,AlphaAsym,,,P6-P5,,0.0,0.0,18
211-000531,1,NEUTRO,144,AlphaAsym_P4-P3,AlphaAsym,,,P4-P3,,0.0,0.0,18
211-000531,1,NEUTRO,145,AlphaAsym_P2-P1,AlphaAsym,,,P2-P1,,0.0,0.0,18
211-000531,1,NEUTRO,146,AlphaAsym_PO8-PO7,AlphaAsym,,,PO8-PO7,,0.0,0.0,18
211-000531,1,NEUTRO,147,AlphaAsym_PO6-PO5,AlphaAsym,,,PO6-PO5,,0.0,0.0,18
211-000531,1,NEUTRO,148,AlphaAsym_PO4-PO3,AlphaAsym,,,PO4-PO3,,0.07662241480087657,0.07446229906807551,18
211-000531,1,NEUTRO,149,AlphaAsym_O2-O1,AlphaAsym,,,O2-O1,,0.0,0.0,18
211-000531,2,SAD,0,O2_Alpha,bandpower,O2,Alpha,,occipital,0.0,0.0,9
211-000531,2,SAD,1,O2_Beta,bandpower,O2,Beta,,occipital,0.0,0.0,9
211-000531,2,SAD,2,O1_Alpha,bandpower,O1,Alpha,,occipital,0.0,0.0,9
211-000531,2,SAD,3,O1_Beta,bandpower,O1,Beta,,occipital,0.0,0.0,9
211-000531,2,SAD,4,Oz_Alpha,bandpower,Oz,Alpha,,occipital,0.0,0.0,9
211-000531,2,SAD,5,Oz_Beta,bandpower,Oz,Beta,,occipital,0.0,0.0,9
211-000531,2,SAD,6,Pz_Alpha,bandpower,Pz,Alpha,,parietal_midline,0.0,0.0,9
211-000531,2,SAD,7,Pz_Beta,bandpower,Pz,Beta,,parietal_midline,0.0,0.0,9
211-000531,2,SAD,8,P4_Alpha,bandpower,P4,Alpha,,other,0.0,0.0,9
211-000531,2,SAD,9,P4_Beta,bandpower,P4,Beta,,other,0.0,0.0,9
211-000531,2,SAD,10,CP4_Alpha,bandpower,CP4,Alpha,,temporal_right,0.0,0.0,9
211-000531,2,SAD,11,CP4_Beta,bandpower,CP4,Beta,,temporal_right,0.0,0.0,9
211-000531,2,SAD,12,P8_Alpha,bandpower,P8,Alpha,,temporal_right,0.0,0.0,9
211-000531,2,SAD,13,P8_Beta,bandpower,P8,Beta,,temporal_right,0.0,0.0,9
211-000531,2,SAD,14,C4_Alpha,bandpower,C4,Alpha,,other,0.0,0.0,9
211-000531,2,SAD,15,C4_Beta,bandpower,C4,Beta,,other,0.0017251969585786206,0.0017251969585786206,9
211-000531,2,SAD,16,TP8_Alpha,bandpower,TP8,Alpha,,temporal_right,0.0,0.0,9
211-000531,2,SAD,17,TP8_Beta,bandpower,TP8,Beta,,temporal_right,0.0,0.0,9
211-000531,2,SAD,18,T8_Alpha,bandpower,T8,Alpha,,temporal_right,0.0,0.0,9
211-000531,2,SAD,19,T8_Beta,bandpower,T8,Beta,,temporal_right,0.04153545528334224,0.04153545528334224,9
211-000531,2,SAD,20,P7_Alpha,bandpower,P7,Alpha,,temporal_left,0.0,0.0,9
211-000531,2,SAD,21,P7_Beta,bandpower,P7,Beta,,temporal_left,0.2303903852239498,0.2303903852239498,9
211-000531,2,SAD,22,P3_Alpha,bandpower,P3,Alpha,,centro_parietal_left,0.0,0.0,9
211-000531,2,SAD,23,P3_Beta,bandpower,P3,Beta,,centro_parietal_left,0.0,0.0,9
211-000531,2,SAD,24,CP3_Alpha,bandpower,CP3,Alpha,,temporal_left,0.0,0.0,9
211-000531,2,SAD,25,CP3_Beta,bandpower,CP3,Beta,,temporal_left,0.0,0.0,9
211-000531,2,SAD,26,CPz_Alpha,bandpower,CPz,Alpha,,parietal_midline,0.0,0.0,9
211-000531,2,SAD,27,CPz_Beta,bandpower,CPz,Beta,,parietal_midline,0.0,0.0,9
211-000531,2,SAD,28,Cz_Alpha,bandpower,Cz,Alpha,,parietal_midline,0.0,0.0,9
211-000531,2,SAD,29,Cz_Beta,bandpower,Cz,Beta,,parietal_midline,0.0,0.0,9
211-000531,2,SAD,30,FC4_Alpha,bandpower,FC4,Alpha,,frontal_bilateral,0.0,0.0,9
211-000531,2,SAD,31,FC4_Beta,bandpower,FC4,Beta,,frontal_bilateral,0.06250922981993684,0.06250922981993684,9
211-000531,2,SAD,32,FT8_Alpha,bandpower,FT8,Alpha,,temporal_right,0.0,0.0,9
211-000531,2,SAD,33,FT8_Beta,bandpower,FT8,Beta,,temporal_right,0.3502066616847394,0.3502066616847394,9
211-000531,2,SAD,34,TP7_Alpha,bandpower,TP7,Alpha,,temporal_left,0.0,0.0,9
211-000531,2,SAD,35,TP7_Beta,bandpower,TP7,Beta,,temporal_left,0.0,0.0,9
211-000531,2,SAD,36,C3_Alpha,bandpower,C3,Alpha,,centro_parietal_left,0.0,0.0,9
211-000531,2,SAD,37,C3_Beta,bandpower,C3,Beta,,centro_parietal_left,0.041073310235073546,0.034461736749932026,9
211-000531,2,SAD,38,FCz_Alpha,bandpower,FCz,Alpha,,frontal_bilateral,0.0,0.0,9
211-000531,2,SAD,39,FCz_Beta,bandpower,FCz,Beta,,frontal_bilateral,0.0,0.0,9
211-000531,2,SAD,40,Fz_Alpha,bandpower,Fz,Alpha,,frontal_bilateral,0.0,0.0,9
211-000531,2,SAD,41,Fz_Beta,bandpower,Fz,Beta,,frontal_bilateral,0.3854425393897395,0.2996704052661512,9
211-000531,2,SAD,42,F4_Alpha,bandpower,F4,Alpha,,frontal_bilateral,0.0,0.0,9
211-000531,2,SAD,43,F4_Beta,bandpower,F4,Beta,,frontal_bilateral,0.0,0.0,9
211-000531,2,SAD,44,F8_Alpha,bandpower,F8,Alpha,,other,0.0,0.0,9
211-000531,2,SAD,45,F8_Beta,bandpower,F8,Beta,,other,0.19732458255136498,0.1698146930133012,9
211-000531,2,SAD,46,T7_Alpha,bandpower,T7,Alpha,,temporal_left,0.0,0.0,9
211-000531,2,SAD,47,T7_Beta,bandpower,T7,Beta,,temporal_left,0.4378469478829309,0.4378469478829309,9
211-000531,2,SAD,48,FT7_Alpha,bandpower,FT7,Alpha,,temporal_left,0.0,0.0,9
211-000531,2,SAD,49,FT7_Beta,bandpower,FT7,Beta,,temporal_left,0.2668496232553,0.2586885597801505,9
211-000531,2,SAD,50,FC3_Alpha,bandpower,FC3,Alpha,,frontal_bilateral,0.0,0.0,9
211-000531,2,SAD,51,FC3_Beta,bandpower,FC3,Beta,,frontal_bilateral,0.0,0.0,9
211-000531,2,SAD,52,F3_Alpha,bandpower,F3,Alpha,,frontal_bilateral,0.0,0.0,9
211-000531,2,SAD,53,F3_Beta,bandpower,F3,Beta,,frontal_bilateral,0.0,0.0,9
211-000531,2,SAD,54,Fp2_Alpha,bandpower,Fp2,Alpha,,frontal_bilateral,0.0,0.0,9
211-000531,2,SAD,55,Fp2_Beta,bandpower,Fp2,Beta,,frontal_bilateral,0.0,0.0,9
211-000531,2,SAD,56,F7_Alpha,bandpower,F7,Alpha,,frontal_inferior_left,0.0,0.0,9
211-000531,2,SAD,57,F7_Beta,bandpower,F7,Beta,,frontal_inferior_left,0.0,0.0,9
211-000531,2,SAD,58,Fp1_Alpha,bandpower,Fp1,Alpha,,frontal_bilateral,0.0,0.0,9
211-000531,2,SAD,59,Fp1_Beta,bandpower,Fp1,Beta,,frontal_bilateral,0.11609699718430802,0.11609699718430802,9
211-000531,2,SAD,60,PO5_Alpha,bandpower,PO5,Alpha,,other,0.0,0.0,9
211-000531,2,SAD,61,PO5_Beta,bandpower,PO5,Beta,,other,0.0,0.0,9
211-000531,2,SAD,62,PO3_Alpha,bandpower,PO3,Alpha,,occipital,0.0,0.0,9
211-000531,2,SAD,63,PO3_Beta,bandpower,PO3,Beta,,occipital,0.0,0.0,9
211-000531,2,SAD,64,P1_Alpha,bandpower,P1,Alpha,,other,0.0,0.0,9
211-000531,2,SAD,65,P1_Beta,bandpower,P1,Beta,,other,0.0,0.0,9
211-000531,2,SAD,66,POz_Alpha,bandpower,POz,Alpha,,occipital,0.0,0.0,9
211-000531,2,SAD,67,POz_Beta,bandpower,POz,Beta,,occipital,0.0,0.0,9
211-000531,2,SAD,68,P2_Alpha,bandpower,P2,Alpha,,other,0.0,0.0,9
211-000531,2,SAD,69,P2_Beta,bandpower,P2,Beta,,other,0.0,0.0,9
211-000531,2,SAD,70,PO4_Alpha,bandpower,PO4,Alpha,,occipital,0.012051563704927116,0.006156350217538995,9
211-000531,2,SAD,71,PO4_Beta,bandpower,PO4,Beta,,occipital,0.0,0.0,9
211-000531,2,SAD,72,CP2_Alpha,bandpower,CP2,Alpha,,other,0.0,0.0,9
211-000531,2,SAD,73,CP2_Beta,bandpower,CP2,Beta,,other,0.0,0.0,9
211-000531,2,SAD,74,P6_Alpha,bandpower,P6,Alpha,,temporal_right,0.0,0.0,9
211-000531,2,SAD,75,P6_Beta,bandpower,P6,Beta,,temporal_right,0.00019164940814125724,-0.00014126298245026488,9
211-000531,2,SAD,76,PO6_Alpha,bandpower,PO6,Alpha,,other,0.0,0.0,9
211-000531,2,SAD,77,PO6_Beta,bandpower,PO6,Beta,,other,0.0,0.0,9
211-000531,2,SAD,78,CP6_Alpha,bandpower,CP6,Alpha,,temporal_right,0.0,0.0,9
211-000531,2,SAD,79,CP6_Beta,bandpower,CP6,Beta,,temporal_right,0.0,0.0,9
211-000531,2,SAD,80,C6_Alpha,bandpower,C6,Alpha,,temporal_right,0.0,0.0,9
211-000531,2,SAD,81,C6_Beta,bandpower,C6,Beta,,temporal_right,0.08948840965464881,0.08948840965464881,9
211-000531,2,SAD,82,PO8_Alpha,bandpower,PO8,Alpha,,occipital,0.0,0.0,9
211-000531,2,SAD,83,PO8_Beta,bandpower,PO8,Beta,,occipital,0.0,0.0,9
211-000531,2,SAD,84,PO7_Alpha,bandpower,PO7,Alpha,,occipital,0.0,0.0,9
211-000531,2,SAD,85,PO7_Beta,bandpower,PO7,Beta,,occipital,0.0,0.0,9
211-000531,2,SAD,86,P5_Alpha,bandpower,P5,Alpha,,temporal_left,0.0,0.0,9
211-000531,2,SAD,87,P5_Beta,bandpower,P5,Beta,,temporal_left,0.0,0.0,9
211-000531,2,SAD,88,CP5_Alpha,bandpower,CP5,Alpha,,temporal_left,0.0,0.0,9
211-000531,2,SAD,89,CP5_Beta,bandpower,CP5,Beta,,temporal_left,0.0464012673655131,0.0464012673655131,9
211-000531,2,SAD,90,CP1_Alpha,bandpower,CP1,Alpha,,other,0.0,0.0,9
211-000531,2,SAD,91,CP1_Beta,bandpower,CP1,Beta,,other,0.0,0.0,9
211-000531,2,SAD,92,C1_Alpha,bandpower,C1,Alpha,,other,0.0,0.0,9
211-000531,2,SAD,93,C1_Beta,bandpower,C1,Beta,,other,0.23656879301954228,0.23656879301954228,9
211-000531,2,SAD,94,C2_Alpha,bandpower,C2,Alpha,,other,0.0,0.0,9
211-000531,2,SAD,95,C2_Beta,bandpower,C2,Beta,,other,0.0,0.0,9
211-000531,2,SAD,96,FC2_Alpha,bandpower,FC2,Alpha,,other,0.0,0.0,9
211-000531,2,SAD,97,FC2_Beta,bandpower,FC2,Beta,,other,0.0,0.0,9
211-000531,2,SAD,98,FC6_Alpha,bandpower,FC6,Alpha,,other,0.0,0.0,9
211-000531,2,SAD,99,FC6_Beta,bandpower,FC6,Beta,,other,0.03848424259039473,0.03848424259039473,9
211-000531,2,SAD,100,C5_Alpha,bandpower,C5,Alpha,,temporal_left,0.0,0.0,9
211-000531,2,SAD,101,C5_Beta,bandpower,C5,Beta,,temporal_left,0.0,0.0,9
211-000531,2,SAD,102,FC1_Alpha,bandpower,FC1,Alpha,,other,0.0,0.0,9
211-000531,2,SAD,103,FC1_Beta,bandpower,FC1,Beta,,other,0.0,0.0,9
211-000531,2,SAD,104,F2_Alpha,bandpower,F2,Alpha,,frontal_bilateral,0.0,0.0,9
211-000531,2,SAD,105,F2_Beta,bandpower,F2,Beta,,frontal_bilateral,0.0,0.0,9
211-000531,2,SAD,106,F6_Alpha,bandpower,F6,Alpha,,other,0.0,0.0,9
211-000531,2,SAD,107,F6_Beta,bandpower,F6,Beta,,other,0.0,0.0,9
211-000531,2,SAD,108,FC5_Alpha,bandpower,FC5,Alpha,,frontal_inferior_left,0.0,0.0,9
211-000531,2,SAD,109,FC5_Beta,bandpower,FC5,Beta,,frontal_inferior_left,0.8177743950836032,0.8177743950836032,9
211-000531,2,SAD,110,F1_Alpha,bandpower,F1,Alpha,,frontal_bilateral,0.0,0.0,9
211-000531,2,SAD,111,F1_Beta,bandpower,F1,Beta,,frontal_bilateral,0.0,0.0,9
211-000531,2,SAD,112,AF4_Alpha,bandpower,AF4,Alpha,,frontal_bilateral,0.0,0.0,9
211-000531,2,SAD,113,AF4_Beta,bandpower,AF4,Beta,,frontal_bilateral,0.0,0.0,9
211-000531,2,SAD,114,AF8_Alpha,bandpower,AF8,Alpha,,frontal_bilateral,0.0,0.0,9
211-000531,2,SAD,115,AF8_Beta,bandpower,AF8,Beta,,frontal_bilateral,0.12281301587523379,0.12147898482972143,9
211-000531,2,SAD,116,F5_Alpha,bandpower,F5,Alpha,,frontal_inferior_left,0.0,0.0,9
211-000531,2,SAD,117,F5_Beta,bandpower,F5,Beta,,frontal_inferior_left,0.0,0.0,9
211-000531,2,SAD,118,AF7_Alpha,bandpower,AF7,Alpha,,frontal_bilateral,0.0,0.0,9
211-000531,2,SAD,119,AF7_Beta,bandpower,AF7,Beta,,frontal_bilateral,0.2867440932656032,0.2867440932656032,9
211-000531,2,SAD,120,AF3_Alpha,bandpower,AF3,Alpha,,frontal_bilateral,0.0,0.0,9
211-000531,2,SAD,121,AF3_Beta,bandpower,AF3,Beta,,frontal_bilateral,0.0,0.0,9
211-000531,2,SAD,122,Fpz_Alpha,bandpower,Fpz,Alpha,,frontal_bilateral,0.0,0.0,9
211-000531,2,SAD,123,Fpz_Beta,bandpower,Fpz,Beta,,frontal_bilateral,0.14261403423524588,0.14261403423524588,9
211-000531,2,SAD,124,AlphaAsym_Fp2-Fp1,AlphaAsym,,,Fp2-Fp1,,0.0,0.0,9
211-000531,2,SAD,125,AlphaAsym_AF8-AF7,AlphaAsym,,,AF8-AF7,,0.0,0.0,9
211-000531,2,SAD,126,AlphaAsym_AF4-AF3,AlphaAsym,,,AF4-AF3,,0.0,0.0,9
211-000531,2,SAD,127,AlphaAsym_F8-F7,AlphaAsym,,,F8-F7,,0.0,0.0,9
211-000531,2,SAD,128,AlphaAsym_F6-F5,AlphaAsym,,,F6-F5,,0.0,0.0,9
211-000531,2,SAD,129,AlphaAsym_F4-F3,AlphaAsym,,,F4-F3,,0.0,0.0,9
211-000531,2,SAD,130,AlphaAsym_F2-F1,AlphaAsym,,,F2-F1,,0.0,0.0,9
211-000531,2,SAD,131,AlphaAsym_FC6-FC5,AlphaAsym,,,FC6-FC5,,0.0,0.0,9
211-000531,2,SAD,132,AlphaAsym_FC4-FC3,AlphaAsym,,,FC4-FC3,,0.0,0.0,9
211-000531,2,SAD,133,AlphaAsym_FC2-FC1,AlphaAsym,,,FC2-FC1,,0.0,0.0,9
211-000531,2,SAD,134,AlphaAsym_T8-T7,AlphaAsym,,,T8-T7,,0.0,0.0,9
211-000531,2,SAD,135,AlphaAsym_C6-C5,AlphaAsym,,,C6-C5,,0.0,0.0,9
211-000531,2,SAD,136,AlphaAsym_C4-C3,AlphaAsym,,,C4-C3,,0.0,0.0,9
211-000531,2,SAD,137,AlphaAsym_C2-C1,AlphaAsym,,,C2-C1,,0.0,0.0,9
211-000531,2,SAD,138,AlphaAsym_TP8-TP7,AlphaAsym,,,TP8-TP7,,0.0,0.0,9
211-000531,2,SAD,139,AlphaAsym_CP6-CP5,AlphaAsym,,,CP6-CP5,,0.0,0.0,9
211-000531,2,SAD,140,AlphaAsym_CP4-CP3,AlphaAsym,,,CP4-CP3,,0.0,0.0,9
211-000531,2,SAD,141,AlphaAsym_CP2-CP1,AlphaAsym,,,CP2-CP1,,0.0,0.0,9
211-000531,2,SAD,142,AlphaAsym_P8-P7,AlphaAsym,,,P8-P7,,0.0,0.0,9
211-000531,2,SAD,143,AlphaAsym_P6-P5,AlphaAsym,,,P6-P5,,0.0,0.0,9
211-000531,2,SAD,144,AlphaAsym_P4-P3,AlphaAsym,,,P4-P3,,0.0,0.0,9
211-000531,2,SAD,145,AlphaAsym_P2-P1,AlphaAsym,,,P2-P1,,0.0,0.0,9
211-000531,2,SAD,146,AlphaAsym_PO8-PO7,AlphaAsym,,,PO8-PO7,,0.0,0.0,9
211-000531,2,SAD,147,AlphaAsym_PO6-PO5,AlphaAsym,,,PO6-PO5,,0.0,0.0,9
211-000531,2,SAD,148,AlphaAsym_PO4-PO3,AlphaAsym,,,PO4-PO3,,0.0,0.0,9
211-000531,2,SAD,149,AlphaAsym_O2-O1,AlphaAsym,,,O2-O1,,0.0,0.0,9
211-000532,0,JOY,0,O2_Alpha,bandpower,O2,Alpha,,occipital,0.0,0.0,49
211-000532,0,JOY,1,O2_Beta,bandpower,O2,Beta,,occipital,0.26395714793861297,0.11527357532921523,49
211-000532,0,JOY,2,O1_Alpha,bandpower,O1,Alpha,,occipital,0.0,0.0,49
211-000532,0,JOY,3,O1_Beta,bandpower,O1,Beta,,occipital,0.1263442819619895,-0.02940581157415725,49
211-000532,0,JOY,4,Oz_Alpha,bandpower,Oz,Alpha,,occipital,0.0655989039417125,-0.01307184099712247,49
211-000532,0,JOY,5,Oz_Beta,bandpower,Oz,Beta,,occipital,0.0766687024777658,-0.0038468399799631444,49
211-000532,0,JOY,6,Pz_Alpha,bandpower,Pz,Alpha,,parietal_midline,0.005430049079133307,-0.0012847105405657628,49
211-000532,0,JOY,7,Pz_Beta,bandpower,Pz,Beta,,parietal_midline,0.0,0.0,49
211-000532,0,JOY,8,P4_Alpha,bandpower,P4,Alpha,,other,0.0,0.0,49
211-000532,0,JOY,9,P4_Beta,bandpower,P4,Beta,,other,0.0,0.0,49
211-000532,0,JOY,10,CP4_Alpha,bandpower,CP4,Alpha,,temporal_right,0.0,0.0,49
211-000532,0,JOY,11,CP4_Beta,bandpower,CP4,Beta,,temporal_right,0.0,0.0,49
211-000532,0,JOY,12,P8_Alpha,bandpower,P8,Alpha,,temporal_right,0.0,0.0,49
211-000532,0,JOY,13,P8_Beta,bandpower,P8,Beta,,temporal_right,0.06485705957823477,0.003783185050892982,49
211-000532,0,JOY,14,C4_Alpha,bandpower,C4,Alpha,,other,0.04945153014023183,-0.023815660153912427,49
211-000532,0,JOY,15,C4_Beta,bandpower,C4,Beta,,other,0.0,0.0,49
211-000532,0,JOY,16,TP8_Alpha,bandpower,TP8,Alpha,,temporal_right,0.0,0.0,49
211-000532,0,JOY,17,TP8_Beta,bandpower,TP8,Beta,,temporal_right,0.0,0.0,49
211-000532,0,JOY,18,T8_Alpha,bandpower,T8,Alpha,,temporal_right,0.023378733692400462,0.011637261816393638,49
211-000532,0,JOY,19,T8_Beta,bandpower,T8,Beta,,temporal_right,0.01641362878959633,0.010581423675218655,49
211-000532,0,JOY,20,P7_Alpha,bandpower,P7,Alpha,,temporal_left,0.10050963281858015,0.029506745412549426,49
211-000532,0,JOY,21,P7_Beta,bandpower,P7,Beta,,temporal_left,0.0,0.0,49
211-000532,0,JOY,22,P3_Alpha,bandpower,P3,Alpha,,centro_parietal_left,0.0,0.0,49
211-000532,0,JOY,23,P3_Beta,bandpower,P3,Beta,,centro_parietal_left,0.18631422852371482,0.05139897805919521,49
211-000532,0,JOY,24,CP3_Alpha,bandpower,CP3,Alpha,,temporal_left,0.0,0.0,49
211-000532,0,JOY,25,CP3_Beta,bandpower,CP3,Beta,,temporal_left,0.0,0.0,49
211-000532,0,JOY,26,CPz_Alpha,bandpower,CPz,Alpha,,parietal_midline,0.07732789785444803,-0.011206755581085298,49
211-000532,0,JOY,27,CPz_Beta,bandpower,CPz,Beta,,parietal_midline,0.16022047248329332,0.04827308251024183,49
211-000532,0,JOY,28,Cz_Alpha,bandpower,Cz,Alpha,,parietal_midline,0.008056372444587012,-0.0052178302313766085,49
211-000532,0,JOY,29,Cz_Beta,bandpower,Cz,Beta,,parietal_midline,0.03793938247104931,-0.01069981502008283,49
211-000532,0,JOY,30,FC4_Alpha,bandpower,FC4,Alpha,,frontal_bilateral,0.0,0.0,49
211-000532,0,JOY,31,FC4_Beta,bandpower,FC4,Beta,,frontal_bilateral,0.0,0.0,49
211-000532,0,JOY,32,FT8_Alpha,bandpower,FT8,Alpha,,temporal_right,0.0,0.0,49
211-000532,0,JOY,33,FT8_Beta,bandpower,FT8,Beta,,temporal_right,0.0,0.0,49
211-000532,0,JOY,34,TP7_Alpha,bandpower,TP7,Alpha,,temporal_left,0.0,0.0,49
211-000532,0,JOY,35,TP7_Beta,bandpower,TP7,Beta,,temporal_left,0.0,0.0,49
211-000532,0,JOY,36,C3_Alpha,bandpower,C3,Alpha,,centro_parietal_left,0.0366700060568099,-0.0009034943479886052,49
211-000532,0,JOY,37,C3_Beta,bandpower,C3,Beta,,centro_parietal_left,0.012316771186802668,0.0008751804811127351,49
211-000532,0,JOY,38,FCz_Alpha,bandpower,FCz,Alpha,,frontal_bilateral,0.007005048952108021,0.006720602666997737,49
211-000532,0,JOY,39,FCz_Beta,bandpower,FCz,Beta,,frontal_bilateral,0.08259753638499222,-0.04632631286431757,49
211-000532,0,JOY,40,Fz_Alpha,bandpower,Fz,Alpha,,frontal_bilateral,0.0,0.0,49
211-000532,0,JOY,41,Fz_Beta,bandpower,Fz,Beta,,frontal_bilateral,0.0,0.0,49
211-000532,0,JOY,42,F4_Alpha,bandpower,F4,Alpha,,frontal_bilateral,0.005092036333716776,0.000780935785156043,49
211-000532,0,JOY,43,F4_Beta,bandpower,F4,Beta,,frontal_bilateral,0.0,0.0,49
211-000532,0,JOY,44,F8_Alpha,bandpower,F8,Alpha,,other,0.0,0.0,49
211-000532,0,JOY,45,F8_Beta,bandpower,F8,Beta,,other,0.0,0.0,49
211-000532,0,JOY,46,T7_Alpha,bandpower,T7,Alpha,,temporal_left,0.0,0.0,49
211-000532,0,JOY,47,T7_Beta,bandpower,T7,Beta,,temporal_left,0.0,0.0,49
211-000532,0,JOY,48,FT7_Alpha,bandpower,FT7,Alpha,,temporal_left,0.0,0.0,49
211-000532,0,JOY,49,FT7_Beta,bandpower,FT7,Beta,,temporal_left,0.0,0.0,49
211-000532,0,JOY,50,FC3_Alpha,bandpower,FC3,Alpha,,frontal_bilateral,0.0,0.0,49
211-000532,0,JOY,51,FC3_Beta,bandpower,FC3,Beta,,frontal_bilateral,0.14118630073985783,-0.04992114860528168,49
211-000532,0,JOY,52,F3_Alpha,bandpower,F3,Alpha,,frontal_bilateral,0.0,0.0,49
211-000532,0,JOY,53,F3_Beta,bandpower,F3,Beta,,frontal_bilateral,0.0,0.0,49
211-000532,0,JOY,54,Fp2_Alpha,bandpower,Fp2,Alpha,,frontal_bilateral,0.0,0.0,49
211-000532,0,JOY,55,Fp2_Beta,bandpower,Fp2,Beta,,frontal_bilateral,0.0,0.0,49
211-000532,0,JOY,56,F7_Alpha,bandpower,F7,Alpha,,frontal_inferior_left,0.0010362480113239533,0.00033688015618193133,49
211-000532,0,JOY,57,F7_Beta,bandpower,F7,Beta,,frontal_inferior_left,0.0,0.0,49
211-000532,0,JOY,58,Fp1_Alpha,bandpower,Fp1,Alpha,,frontal_bilateral,0.0023880585881169,0.0009982310536959629,49
211-000532,0,JOY,59,Fp1_Beta,bandpower,Fp1,Beta,,frontal_bilateral,0.0,0.0,49
211-000532,0,JOY,60,PO5_Alpha,bandpower,PO5,Alpha,,other,0.0,0.0,49
211-000532,0,JOY,61,PO5_Beta,bandpower,PO5,Beta,,other,0.06034949252610549,0.002341709364783457,49
211-000532,0,JOY,62,PO3_Alpha,bandpower,PO3,Alpha,,occipital,0.0034647316391556863,-0.0007921482459058391,49
211-000532,0,JOY,63,PO3_Beta,bandpower,PO3,Beta,,occipital,0.013535038686248627,-0.002670996727461054,49
211-000532,0,JOY,64,P1_Alpha,bandpower,P1,Alpha,,other,0.0,0.0,49
211-000532,0,JOY,65,P1_Beta,bandpower,P1,Beta,,other,0.0,0.0,49
211-000532,0,JOY,66,POz_Alpha,bandpower,POz,Alpha,,occipital,0.014758587115800042,-0.004178260035467484,49
211-000532,0,JOY,67,POz_Beta,bandpower,POz,Beta,,occipital,0.0572180203239354,0.018785767204442697,49
211-000532,0,JOY,68,P2_Alpha,bandpower,P2,Alpha,,other,0.002876728299082994,0.00025454849328070865,49
211-000532,0,JOY,69,P2_Beta,bandpower,P2,Beta,,other,0.06505212594393031,-0.05958664011041372,49
211-000532,0,JOY,70,PO4_Alpha,bandpower,PO4,Alpha,,occipital,0.0,0.0,49
211-000532,0,JOY,71,PO4_Beta,bandpower,PO4,Beta,,occipital,0.0,0.0,49
211-000532,0,JOY,72,CP2_Alpha,bandpower,CP2,Alpha,,other,0.01400043806136253,-0.001572988945811856,49
211-000532,0,JOY,73,CP2_Beta,bandpower,CP2,Beta,,other,0.037233395484101914,0.013416576279907111,49
211-000532,0,JOY,74,P6_Alpha,bandpower,P6,Alpha,,temporal_right,0.0,0.0,49
211-000532,0,JOY,75,P6_Beta,bandpower,P6,Beta,,temporal_right,0.0,0.0,49
211-000532,0,JOY,76,PO6_Alpha,bandpower,PO6,Alpha,,other,0.0,0.0,49
211-000532,0,JOY,77,PO6_Beta,bandpower,PO6,Beta,,other,0.0,0.0,49
211-000532,0,JOY,78,CP6_Alpha,bandpower,CP6,Alpha,,temporal_right,0.0,0.0,49
211-000532,0,JOY,79,CP6_Beta,bandpower,CP6,Beta,,temporal_right,0.012873099523594018,-0.005087510356117054,49
211-000532,0,JOY,80,C6_Alpha,bandpower,C6,Alpha,,temporal_right,0.1049287991324943,0.016778141551179983,49
211-000532,0,JOY,81,C6_Beta,bandpower,C6,Beta,,temporal_right,0.0,0.0,49
211-000532,0,JOY,82,PO8_Alpha,bandpower,PO8,Alpha,,occipital,0.0,0.0,49
211-000532,0,JOY,83,PO8_Beta,bandpower,PO8,Beta,,occipital,0.0,0.0,49
211-000532,0,JOY,84,PO7_Alpha,bandpower,PO7,Alpha,,occipital,0.0,0.0,49
211-000532,0,JOY,85,PO7_Beta,bandpower,PO7,Beta,,occipital,0.0024623826938442134,-0.001412319757333163,49
211-000532,0,JOY,86,P5_Alpha,bandpower,P5,Alpha,,temporal_left,0.0,0.0,49
211-000532,0,JOY,87,P5_Beta,bandpower,P5,Beta,,temporal_left,0.13437760261419932,0.06013638303329051,49
211-000532,0,JOY,88,CP5_Alpha,bandpower,CP5,Alpha,,temporal_left,0.005477674357099387,0.0009311032808116993,49
211-000532,0,JOY,89,CP5_Beta,bandpower,CP5,Beta,,temporal_left,0.0,0.0,49
211-000532,0,JOY,90,CP1_Alpha,bandpower,CP1,Alpha,,other,0.0,0.0,49
211-000532,0,JOY,91,CP1_Beta,bandpower,CP1,Beta,,other,0.01842398555505194,-0.006247224982966149,49
211-000532,0,JOY,92,C1_Alpha,bandpower,C1,Alpha,,other,0.24868315980525868,-0.015847828751736397,49
211-000532,0,JOY,93,C1_Beta,bandpower,C1,Beta,,other,0.011000659794577426,-0.01011196580810659,49
211-000532,0,JOY,94,C2_Alpha,bandpower,C2,Alpha,,other,0.03321316193137628,0.00022468505478835183,49
211-000532,0,JOY,95,C2_Beta,bandpower,C2,Beta,,other,0.1537774768098306,-0.03998879072284068,49
211-000532,0,JOY,96,FC2_Alpha,bandpower,FC2,Alpha,,other,0.0,0.0,49
211-000532,0,JOY,97,FC2_Beta,bandpower,FC2,Beta,,other,0.1165936101450996,-0.074799472551341,49
211-000532,0,JOY,98,FC6_Alpha,bandpower,FC6,Alpha,,other,0.06665275905716157,0.011470001595576295,49
211-000532,0,JOY,99,FC6_Beta,bandpower,FC6,Beta,,other,0.015572386600058032,-0.009285893315589086,49
211-000532,0,JOY,100,C5_Alpha,bandpower,C5,Alpha,,temporal_left,0.01584459685863298,-0.00027198570508452655,49
211-000532,0,JOY,101,C5_Beta,bandpower,C5,Beta,,temporal_left,0.1314351233322538,0.050167529304461334,49
211-000532,0,JOY,102,FC1_Alpha,bandpower,FC1,Alpha,,other,0.06683091091956117,0.03832259993364042,49
211-000532,0,JOY,103,FC1_Beta,bandpower,FC1,Beta,,other,0.1219676360349243,0.0551536678299288,49
211-000532,0,JOY,104,F2_Alpha,bandpower,F2,Alpha,,frontal_bilateral,0.0,0.0,49
211-000532,0,JOY,105,F2_Beta,bandpower,F2,Beta,,frontal_bilateral,0.009936633189464862,-0.000607189755358702,49
211-000532,0,JOY,106,F6_Alpha,bandpower,F6,Alpha,,other,0.07373737450196552,0.01847461305753727,49
211-000532,0,JOY,107,F6_Beta,bandpower,F6,Beta,,other,0.447989303125574,0.026431880363686,49
211-000532,0,JOY,108,FC5_Alpha,bandpower,FC5,Alpha,,frontal_inferior_left,0.0,0.0,49
211-000532,0,JOY,109,FC5_Beta,bandpower,FC5,Beta,,frontal_inferior_left,0.0625776508632572,-0.00376083129738346,49
211-000532,0,JOY,110,F1_Alpha,bandpower,F1,Alpha,,frontal_bilateral,0.0,0.0,49
211-000532,0,JOY,111,F1_Beta,bandpower,F1,Beta,,frontal_bilateral,0.07072554076306846,0.001501021026593357,49
211-000532,0,JOY,112,AF4_Alpha,bandpower,AF4,Alpha,,frontal_bilateral,0.0,0.0,49
211-000532,0,JOY,113,AF4_Beta,bandpower,AF4,Beta,,frontal_bilateral,0.27732126865205997,0.02827015021690551,49
211-000532,0,JOY,114,AF8_Alpha,bandpower,AF8,Alpha,,frontal_bilateral,0.2876646149551292,0.15545091068206318,49
211-000532,0,JOY,115,AF8_Beta,bandpower,AF8,Beta,,frontal_bilateral,0.5927768500698827,0.5917919061646496,49
211-000532,0,JOY,116,F5_Alpha,bandpower,F5,Alpha,,frontal_inferior_left,0.0,0.0,49
211-000532,0,JOY,117,F5_Beta,bandpower,F5,Beta,,frontal_inferior_left,0.027484344425184833,-0.0012448909901833613,49
211-000532,0,JOY,118,AF7_Alpha,bandpower,AF7,Alpha,,frontal_bilateral,0.0,0.0,49
211-000532,0,JOY,119,AF7_Beta,bandpower,AF7,Beta,,frontal_bilateral,0.045075144687256014,-0.024426469754019724,49
211-000532,0,JOY,120,AF3_Alpha,bandpower,AF3,Alpha,,frontal_bilateral,0.0,0.0,49
211-000532,0,JOY,121,AF3_Beta,bandpower,AF3,Beta,,frontal_bilateral,0.0,0.0,49
211-000532,0,JOY,122,Fpz_Alpha,bandpower,Fpz,Alpha,,frontal_bilateral,0.0,0.0,49
211-000532,0,JOY,123,Fpz_Beta,bandpower,Fpz,Beta,,frontal_bilateral,0.07960477125681668,0.012070066168195712,49
211-000532,0,JOY,124,AlphaAsym_Fp2-Fp1,AlphaAsym,,,Fp2-Fp1,,0.0,0.0,49
211-000532,0,JOY,125,AlphaAsym_AF8-AF7,AlphaAsym,,,AF8-AF7,,0.39712791365394196,0.3602573102923392,49
211-000532,0,JOY,126,AlphaAsym_AF4-AF3,AlphaAsym,,,AF4-AF3,,0.03115865243591342,0.013176157064431147,49
211-000532,0,JOY,127,AlphaAsym_F8-F7,AlphaAsym,,,F8-F7,,0.0,0.0,49
211-000532,0,JOY,128,AlphaAsym_F6-F5,AlphaAsym,,,F6-F5,,0.018129306694435705,-0.004688987221469313,49
211-000532,0,JOY,129,AlphaAsym_F4-F3,AlphaAsym,,,F4-F3,,0.0,0.0,49
211-000532,0,JOY,130,AlphaAsym_F2-F1,AlphaAsym,,,F2-F1,,0.0,0.0,49
211-000532,0,JOY,131,AlphaAsym_FC6-FC5,AlphaAsym,,,FC6-FC5,,0.05611922041601564,-0.0020015165578507444,49
211-000532,0,JOY,132,AlphaAsym_FC4-FC3,AlphaAsym,,,FC4-FC3,,0.009533443029147838,-0.0046643180580802895,49
211-000532,0,JOY,133,AlphaAsym_FC2-FC1,AlphaAsym,,,FC2-FC1,,0.49564169273011577,0.25549007475655167,49
211-000532,0,JOY,134,AlphaAsym_T8-T7,AlphaAsym,,,T8-T7,,0.02886018518546444,-0.02271403696539589,49
211-000532,0,JOY,135,AlphaAsym_C6-C5,AlphaAsym,,,C6-C5,,0.0,0.0,49
211-000532,0,JOY,136,AlphaAsym_C4-C3,AlphaAsym,,,C4-C3,,0.0031087727644618732,-0.0016619972765109813,49
211-000532,0,JOY,137,AlphaAsym_C2-C1,AlphaAsym,,,C2-C1,,0.0,0.0,49
211-000532,0,JOY,138,AlphaAsym_TP8-TP7,AlphaAsym,,,TP8-TP7,,0.0,0.0,49
211-000532,0,JOY,139,AlphaAsym_CP6-CP5,AlphaAsym,,,CP6-CP5,,0.0,0.0,49
211-000532,0,JOY,140,AlphaAsym_CP4-CP3,AlphaAsym,,,CP4-CP3,,0.03495721118705824,0.009464655941233018,49
211-000532,0,JOY,141,AlphaAsym_CP2-CP1,AlphaAsym,,,CP2-CP1,,0.06724136408160684,0.010133969260355716,49
211-000532,0,JOY,142,AlphaAsym_P8-P7,AlphaAsym,,,P8-P7,,0.0493009853139518,-0.01566077270321227,49
211-000532,0,JOY,143,AlphaAsym_P6-P5,AlphaAsym,,,P6-P5,,0.0073311637446113525,-0.0010714083791659337,49
211-000532,0,JOY,144,AlphaAsym_P4-P3,AlphaAsym,,,P4-P3,,0.0,0.0,49
211-000532,0,JOY,145,AlphaAsym_P2-P1,AlphaAsym,,,P2-P1,,0.0,0.0,49
211-000532,0,JOY,146,AlphaAsym_PO8-PO7,AlphaAsym,,,PO8-PO7,,0.0,0.0,49
211-000532,0,JOY,147,AlphaAsym_PO6-PO5,AlphaAsym,,,PO6-PO5,,0.0,0.0,49
211-000532,0,JOY,148,AlphaAsym_PO4-PO3,AlphaAsym,,,PO4-PO3,,0.0,0.0,49
211-000532,0,JOY,149,AlphaAsym_O2-O1,AlphaAsym,,,O2-O1,,0.00618317852616389,-0.004383756087244007,49
211-000532,1,NEUTRO,0,O2_Alpha,bandpower,O2,Alpha,,occipital,0.0,0.0,47
211-000532,1,NEUTRO,1,O2_Beta,bandpower,O2,Beta,,occipital,0.0,0.0,47
211-000532,1,NEUTRO,2,O1_Alpha,bandpower,O1,Alpha,,occipital,0.0,0.0,47
211-000532,1,NEUTRO,3,O1_Beta,bandpower,O1,Beta,,occipital,0.17913954895149445,0.17181399106132245,47
211-000532,1,NEUTRO,4,Oz_Alpha,bandpower,Oz,Alpha,,occipital,0.0,0.0,47
211-000532,1,NEUTRO,5,Oz_Beta,bandpower,Oz,Beta,,occipital,0.0,0.0,47
211-000532,1,NEUTRO,6,Pz_Alpha,bandpower,Pz,Alpha,,parietal_midline,0.0,0.0,47
211-000532,1,NEUTRO,7,Pz_Beta,bandpower,Pz,Beta,,parietal_midline,0.0,0.0,47
211-000532,1,NEUTRO,8,P4_Alpha,bandpower,P4,Alpha,,other,0.0,0.0,47
211-000532,1,NEUTRO,9,P4_Beta,bandpower,P4,Beta,,other,0.0,0.0,47
211-000532,1,NEUTRO,10,CP4_Alpha,bandpower,CP4,Alpha,,temporal_right,0.0,0.0,47
211-000532,1,NEUTRO,11,CP4_Beta,bandpower,CP4,Beta,,temporal_right,0.0,0.0,47
211-000532,1,NEUTRO,12,P8_Alpha,bandpower,P8,Alpha,,temporal_right,0.0,0.0,47
211-000532,1,NEUTRO,13,P8_Beta,bandpower,P8,Beta,,temporal_right,0.0,0.0,47
211-000532,1,NEUTRO,14,C4_Alpha,bandpower,C4,Alpha,,other,0.0,0.0,47
211-000532,1,NEUTRO,15,C4_Beta,bandpower,C4,Beta,,other,0.0,0.0,47
211-000532,1,NEUTRO,16,TP8_Alpha,bandpower,TP8,Alpha,,temporal_right,0.0,0.0,47
211-000532,1,NEUTRO,17,TP8_Beta,bandpower,TP8,Beta,,temporal_right,0.0,0.0,47
211-000532,1,NEUTRO,18,T8_Alpha,bandpower,T8,Alpha,,temporal_right,0.0,0.0,47
211-000532,1,NEUTRO,19,T8_Beta,bandpower,T8,Beta,,temporal_right,0.0,0.0,47
211-000532,1,NEUTRO,20,P7_Alpha,bandpower,P7,Alpha,,temporal_left,0.0,0.0,47
211-000532,1,NEUTRO,21,P7_Beta,bandpower,P7,Beta,,temporal_left,0.0,0.0,47
211-000532,1,NEUTRO,22,P3_Alpha,bandpower,P3,Alpha,,centro_parietal_left,0.0,0.0,47
211-000532,1,NEUTRO,23,P3_Beta,bandpower,P3,Beta,,centro_parietal_left,0.0,0.0,47
211-000532,1,NEUTRO,24,CP3_Alpha,bandpower,CP3,Alpha,,temporal_left,0.0,0.0,47
211-000532,1,NEUTRO,25,CP3_Beta,bandpower,CP3,Beta,,temporal_left,0.0,0.0,47
211-000532,1,NEUTRO,26,CPz_Alpha,bandpower,CPz,Alpha,,parietal_midline,0.0,0.0,47
211-000532,1,NEUTRO,27,CPz_Beta,bandpower,CPz,Beta,,parietal_midline,0.0,0.0,47
211-000532,1,NEUTRO,28,Cz_Alpha,bandpower,Cz,Alpha,,parietal_midline,0.033983130864496724,0.011717426636374637,47
211-000532,1,NEUTRO,29,Cz_Beta,bandpower,Cz,Beta,,parietal_midline,0.0,0.0,47
211-000532,1,NEUTRO,30,FC4_Alpha,bandpower,FC4,Alpha,,frontal_bilateral,0.0,0.0,47
211-000532,1,NEUTRO,31,FC4_Beta,bandpower,FC4,Beta,,frontal_bilateral,0.0,0.0,47
211-000532,1,NEUTRO,32,FT8_Alpha,bandpower,FT8,Alpha,,temporal_right,0.0,0.0,47
211-000532,1,NEUTRO,33,FT8_Beta,bandpower,FT8,Beta,,temporal_right,0.0,0.0,47
211-000532,1,NEUTRO,34,TP7_Alpha,bandpower,TP7,Alpha,,temporal_left,0.0,0.0,47
211-000532,1,NEUTRO,35,TP7_Beta,bandpower,TP7,Beta,,temporal_left,0.0,0.0,47
211-000532,1,NEUTRO,36,C3_Alpha,bandpower,C3,Alpha,,centro_parietal_left,0.0,0.0,47
211-000532,1,NEUTRO,37,C3_Beta,bandpower,C3,Beta,,centro_parietal_left,0.0,0.0,47
211-000532,1,NEUTRO,38,FCz_Alpha,bandpower,FCz,Alpha,,frontal_bilateral,0.0,0.0,47
211-000532,1,NEUTRO,39,FCz_Beta,bandpower,FCz,Beta,,frontal_bilateral,0.0,0.0,47
211-000532,1,NEUTRO,40,Fz_Alpha,bandpower,Fz,Alpha,,frontal_bilateral,0.0,0.0,47
211-000532,1,NEUTRO,41,Fz_Beta,bandpower,Fz,Beta,,frontal_bilateral,0.0,0.0,47
211-000532,1,NEUTRO,42,F4_Alpha,bandpower,F4,Alpha,,frontal_bilateral,0.0,0.0,47
211-000532,1,NEUTRO,43,F4_Beta,bandpower,F4,Beta,,frontal_bilateral,0.0,0.0,47
211-000532,1,NEUTRO,44,F8_Alpha,bandpower,F8,Alpha,,other,0.0,0.0,47
211-000532,1,NEUTRO,45,F8_Beta,bandpower,F8,Beta,,other,0.0,0.0,47
211-000532,1,NEUTRO,46,T7_Alpha,bandpower,T7,Alpha,,temporal_left,0.0,0.0,47
211-000532,1,NEUTRO,47,T7_Beta,bandpower,T7,Beta,,temporal_left,0.0,0.0,47
211-000532,1,NEUTRO,48,FT7_Alpha,bandpower,FT7,Alpha,,temporal_left,0.0,0.0,47
211-000532,1,NEUTRO,49,FT7_Beta,bandpower,FT7,Beta,,temporal_left,0.0,0.0,47
211-000532,1,NEUTRO,50,FC3_Alpha,bandpower,FC3,Alpha,,frontal_bilateral,0.0,0.0,47
211-000532,1,NEUTRO,51,FC3_Beta,bandpower,FC3,Beta,,frontal_bilateral,0.0,0.0,47
211-000532,1,NEUTRO,52,F3_Alpha,bandpower,F3,Alpha,,frontal_bilateral,0.0,0.0,47
211-000532,1,NEUTRO,53,F3_Beta,bandpower,F3,Beta,,frontal_bilateral,0.0,0.0,47
211-000532,1,NEUTRO,54,Fp2_Alpha,bandpower,Fp2,Alpha,,frontal_bilateral,0.019999745715044405,0.008463397870566165,47
211-000532,1,NEUTRO,55,Fp2_Beta,bandpower,Fp2,Beta,,frontal_bilateral,0.15234367278431618,0.12296826670947154,47
211-000532,1,NEUTRO,56,F7_Alpha,bandpower,F7,Alpha,,frontal_inferior_left,0.0,0.0,47
211-000532,1,NEUTRO,57,F7_Beta,bandpower,F7,Beta,,frontal_inferior_left,0.0,0.0,47
211-000532,1,NEUTRO,58,Fp1_Alpha,bandpower,Fp1,Alpha,,frontal_bilateral,0.0,0.0,47
211-000532,1,NEUTRO,59,Fp1_Beta,bandpower,Fp1,Beta,,frontal_bilateral,0.0,0.0,47
211-000532,1,NEUTRO,60,PO5_Alpha,bandpower,PO5,Alpha,,other,0.0,0.0,47
211-000532,1,NEUTRO,61,PO5_Beta,bandpower,PO5,Beta,,other,0.0,0.0,47
211-000532,1,NEUTRO,62,PO3_Alpha,bandpower,PO3,Alpha,,occipital,0.0,0.0,47
211-000532,1,NEUTRO,63,PO3_Beta,bandpower,PO3,Beta,,occipital,0.002519439712933726,0.0007443978694107173,47
211-000532,1,NEUTRO,64,P1_Alpha,bandpower,P1,Alpha,,other,0.0,0.0,47
211-000532,1,NEUTRO,65,P1_Beta,bandpower,P1,Beta,,other,0.0,0.0,47
211-000532,1,NEUTRO,66,POz_Alpha,bandpower,POz,Alpha,,occipital,0.0,0.0,47
211-000532,1,NEUTRO,67,POz_Beta,bandpower,POz,Beta,,occipital,0.0,0.0,47
211-000532,1,NEUTRO,68,P2_Alpha,bandpower,P2,Alpha,,other,0.0,0.0,47
211-000532,1,NEUTRO,69,P2_Beta,bandpower,P2,Beta,,other,0.0,0.0,47
211-000532,1,NEUTRO,70,PO4_Alpha,bandpower,PO4,Alpha,,occipital,0.0,0.0,47
211-000532,1,NEUTRO,71,PO4_Beta,bandpower,PO4,Beta,,occipital,0.0,0.0,47
211-000532,1,NEUTRO,72,CP2_Alpha,bandpower,CP2,Alpha,,other,0.0,0.0,47
211-000532,1,NEUTRO,73,CP2_Beta,bandpower,CP2,Beta,,other,0.0,0.0,47
211-000532,1,NEUTRO,74,P6_Alpha,bandpower,P6,Alpha,,temporal_right,0.0,0.0,47
211-000532,1,NEUTRO,75,P6_Beta,bandpower,P6,Beta,,temporal_right,0.0,0.0,47
211-000532,1,NEUTRO,76,PO6_Alpha,bandpower,PO6,Alpha,,other,0.0,0.0,47
211-000532,1,NEUTRO,77,PO6_Beta,bandpower,PO6,Beta,,other,0.0,0.0,47
211-000532,1,NEUTRO,78,CP6_Alpha,bandpower,CP6,Alpha,,temporal_right,0.0,0.0,47
211-000532,1,NEUTRO,79,CP6_Beta,bandpower,CP6,Beta,,temporal_right,0.0,0.0,47
211-000532,1,NEUTRO,80,C6_Alpha,bandpower,C6,Alpha,,temporal_right,0.0,0.0,47
211-000532,1,NEUTRO,81,C6_Beta,bandpower,C6,Beta,,temporal_right,0.0,0.0,47
211-000532,1,NEUTRO,82,PO8_Alpha,bandpower,PO8,Alpha,,occipital,0.0,0.0,47
211-000532,1,NEUTRO,83,PO8_Beta,bandpower,PO8,Beta,,occipital,0.0,0.0,47
211-000532,1,NEUTRO,84,PO7_Alpha,bandpower,PO7,Alpha,,occipital,0.0,0.0,47
211-000532,1,NEUTRO,85,PO7_Beta,bandpower,PO7,Beta,,occipital,0.0,0.0,47
211-000532,1,NEUTRO,86,P5_Alpha,bandpower,P5,Alpha,,temporal_left,0.0,0.0,47
211-000532,1,NEUTRO,87,P5_Beta,bandpower,P5,Beta,,temporal_left,0.0,0.0,47
211-000532,1,NEUTRO,88,CP5_Alpha,bandpower,CP5,Alpha,,temporal_left,0.0,0.0,47
211-000532,1,NEUTRO,89,CP5_Beta,bandpower,CP5,Beta,,temporal_left,0.014218292206084235,-0.009153870413304035,47
211-000532,1,NEUTRO,90,CP1_Alpha,bandpower,CP1,Alpha,,other,0.0,0.0,47
211-000532,1,NEUTRO,91,CP1_Beta,bandpower,CP1,Beta,,other,0.0,0.0,47
211-000532,1,NEUTRO,92,C1_Alpha,bandpower,C1,Alpha,,other,0.0,0.0,47
211-000532,1,NEUTRO,93,C1_Beta,bandpower,C1,Beta,,other,0.0,0.0,47
211-000532,1,NEUTRO,94,C2_Alpha,bandpower,C2,Alpha,,other,0.0,0.0,47
211-000532,1,NEUTRO,95,C2_Beta,bandpower,C2,Beta,,other,0.0,0.0,47
211-000532,1,NEUTRO,96,FC2_Alpha,bandpower,FC2,Alpha,,other,0.0,0.0,47
211-000532,1,NEUTRO,97,FC2_Beta,bandpower,FC2,Beta,,other,0.0,0.0,47
211-000532,1,NEUTRO,98,FC6_Alpha,bandpower,FC6,Alpha,,other,0.0,0.0,47
211-000532,1,NEUTRO,99,FC6_Beta,bandpower,FC6,Beta,,other,0.0,0.0,47
211-000532,1,NEUTRO,100,C5_Alpha,bandpower,C5,Alpha,,temporal_left,0.0,0.0,47
211-000532,1,NEUTRO,101,C5_Beta,bandpower,C5,Beta,,temporal_left,0.0,0.0,47
211-000532,1,NEUTRO,102,FC1_Alpha,bandpower,FC1,Alpha,,other,0.0,0.0,47
211-000532,1,NEUTRO,103,FC1_Beta,bandpower,FC1,Beta,,other,0.0,0.0,47
211-000532,1,NEUTRO,104,F2_Alpha,bandpower,F2,Alpha,,frontal_bilateral,0.0,0.0,47
211-000532,1,NEUTRO,105,F2_Beta,bandpower,F2,Beta,,frontal_bilateral,0.0,0.0,47
211-000532,1,NEUTRO,106,F6_Alpha,bandpower,F6,Alpha,,other,0.0,0.0,47
211-000532,1,NEUTRO,107,F6_Beta,bandpower,F6,Beta,,other,0.0,0.0,47
211-000532,1,NEUTRO,108,FC5_Alpha,bandpower,FC5,Alpha,,frontal_inferior_left,0.0,0.0,47
211-000532,1,NEUTRO,109,FC5_Beta,bandpower,FC5,Beta,,frontal_inferior_left,0.03714643227211537,0.023847426764418943,47
211-000532,1,NEUTRO,110,F1_Alpha,bandpower,F1,Alpha,,frontal_bilateral,0.0,0.0,47
211-000532,1,NEUTRO,111,F1_Beta,bandpower,F1,Beta,,frontal_bilateral,0.0,0.0,47
211-000532,1,NEUTRO,112,AF4_Alpha,bandpower,AF4,Alpha,,frontal_bilateral,0.0,0.0,47
211-000532,1,NEUTRO,113,AF4_Beta,bandpower,AF4,Beta,,frontal_bilateral,0.0,0.0,47
211-000532,1,NEUTRO,114,AF8_Alpha,bandpower,AF8,Alpha,,frontal_bilateral,0.47725654677620694,0.42555480716819627,47
211-000532,1,NEUTRO,115,AF8_Beta,bandpower,AF8,Beta,,frontal_bilateral,1.831295195340235,1.831295195340235,47
211-000532,1,NEUTRO,116,F5_Alpha,bandpower,F5,Alpha,,frontal_inferior_left,0.0,0.0,47
211-000532,1,NEUTRO,117,F5_Beta,bandpower,F5,Beta,,frontal_inferior_left,0.0,0.0,47
211-000532,1,NEUTRO,118,AF7_Alpha,bandpower,AF7,Alpha,,frontal_bilateral,0.0,0.0,47
211-000532,1,NEUTRO,119,AF7_Beta,bandpower,AF7,Beta,,frontal_bilateral,0.0,0.0,47
211-000532,1,NEUTRO,120,AF3_Alpha,bandpower,AF3,Alpha,,frontal_bilateral,0.0,0.0,47
211-000532,1,NEUTRO,121,AF3_Beta,bandpower,AF3,Beta,,frontal_bilateral,0.0,0.0,47
211-000532,1,NEUTRO,122,Fpz_Alpha,bandpower,Fpz,Alpha,,frontal_bilateral,0.0,0.0,47
211-000532,1,NEUTRO,123,Fpz_Beta,bandpower,Fpz,Beta,,frontal_bilateral,0.0,0.0,47
211-000532,1,NEUTRO,124,AlphaAsym_Fp2-Fp1,AlphaAsym,,,Fp2-Fp1,,0.0,0.0,47
211-000532,1,NEUTRO,125,AlphaAsym_AF8-AF7,AlphaAsym,,,AF8-AF7,,0.689425037320943,0.689425037320943,47
211-000532,1,NEUTRO,126,AlphaAsym_AF4-AF3,AlphaAsym,,,AF4-AF3,,0.0,0.0,47
211-000532,1,NEUTRO,127,AlphaAsym_F8-F7,AlphaAsym,,,F8-F7,,0.0,0.0,47
211-000532,1,NEUTRO,128,AlphaAsym_F6-F5,AlphaAsym,,,F6-F5,,0.0,0.0,47
211-000532,1,NEUTRO,129,AlphaAsym_F4-F3,AlphaAsym,,,F4-F3,,0.0,0.0,47
211-000532,1,NEUTRO,130,AlphaAsym_F2-F1,AlphaAsym,,,F2-F1,,0.0,0.0,47
211-000532,1,NEUTRO,131,AlphaAsym_FC6-FC5,AlphaAsym,,,FC6-FC5,,0.0,0.0,47
211-000532,1,NEUTRO,132,AlphaAsym_FC4-FC3,AlphaAsym,,,FC4-FC3,,0.0,0.0,47
211-000532,1,NEUTRO,133,AlphaAsym_FC2-FC1,AlphaAsym,,,FC2-FC1,,0.011122257340471304,0.0024478786231333606,47
211-000532,1,NEUTRO,134,AlphaAsym_T8-T7,AlphaAsym,,,T8-T7,,0.0,0.0,47
211-000532,1,NEUTRO,135,AlphaAsym_C6-C5,AlphaAsym,,,C6-C5,,0.0,0.0,47
211-000532,1,NEUTRO,136,AlphaAsym_C4-C3,AlphaAsym,,,C4-C3,,0.0,0.0,47
211-000532,1,NEUTRO,137,AlphaAsym_C2-C1,AlphaAsym,,,C2-C1,,0.0,0.0,47
211-000532,1,NEUTRO,138,AlphaAsym_TP8-TP7,AlphaAsym,,,TP8-TP7,,0.0,0.0,47
211-000532,1,NEUTRO,139,AlphaAsym_CP6-CP5,AlphaAsym,,,CP6-CP5,,0.0,0.0,47
211-000532,1,NEUTRO,140,AlphaAsym_CP4-CP3,AlphaAsym,,,CP4-CP3,,0.0,0.0,47
211-000532,1,NEUTRO,141,AlphaAsym_CP2-CP1,AlphaAsym,,,CP2-CP1,,0.0,0.0,47
211-000532,1,NEUTRO,142,AlphaAsym_P8-P7,AlphaAsym,,,P8-P7,,0.0,0.0,47
211-000532,1,NEUTRO,143,AlphaAsym_P6-P5,AlphaAsym,,,P6-P5,,0.0,0.0,47
211-000532,1,NEUTRO,144,AlphaAsym_P4-P3,AlphaAsym,,,P4-P3,,0.0,0.0,47
211-000532,1,NEUTRO,145,AlphaAsym_P2-P1,AlphaAsym,,,P2-P1,,0.0,0.0,47
211-000532,1,NEUTRO,146,AlphaAsym_PO8-PO7,AlphaAsym,,,PO8-PO7,,0.007026324244752485,0.006342412876240142,47
211-000532,1,NEUTRO,147,AlphaAsym_PO6-PO5,AlphaAsym,,,PO6-PO5,,0.0,0.0,47
211-000532,1,NEUTRO,148,AlphaAsym_PO4-PO3,AlphaAsym,,,PO4-PO3,,0.0,0.0,47
211-000532,1,NEUTRO,149,AlphaAsym_O2-O1,AlphaAsym,,,O2-O1,,0.0,0.0,47
211-000532,2,SAD,0,O2_Alpha,bandpower,O2,Alpha,,occipital,0.3424836107726248,0.20177068253408184,48
211-000532,2,SAD,1,O2_Beta,bandpower,O2,Beta,,occipital,0.7292766043213182,0.42931708081050735,48
211-000532,2,SAD,2,O1_Alpha,bandpower,O1,Alpha,,occipital,0.012702972848408345,0.00039272035552992066,48
211-000532,2,SAD,3,O1_Beta,bandpower,O1,Beta,,occipital,1.281819029794824,0.9494191186896573,48
211-000532,2,SAD,4,Oz_Alpha,bandpower,Oz,Alpha,,occipital,0.2817862907508452,0.11371920655125406,48
211-000532,2,SAD,5,Oz_Beta,bandpower,Oz,Beta,,occipital,0.012964785157438945,0.005431967796274033,48
211-000532,2,SAD,6,Pz_Alpha,bandpower,Pz,Alpha,,parietal_midline,0.010843340606689116,-0.0014542122225442234,48
211-000532,2,SAD,7,Pz_Beta,bandpower,Pz,Beta,,parietal_midline,0.0,0.0,48
211-000532,2,SAD,8,P4_Alpha,bandpower,P4,Alpha,,other,0.0,0.0,48
211-000532,2,SAD,9,P4_Beta,bandpower,P4,Beta,,other,0.0,0.0,48
211-000532,2,SAD,10,CP4_Alpha,bandpower,CP4,Alpha,,temporal_right,0.0,0.0,48
211-000532,2,SAD,11,CP4_Beta,bandpower,CP4,Beta,,temporal_right,0.0,0.0,48
211-000532,2,SAD,12,P8_Alpha,bandpower,P8,Alpha,,temporal_right,0.0,0.0,48
211-000532,2,SAD,13,P8_Beta,bandpower,P8,Beta,,temporal_right,0.052364215231325895,-0.017768483111432438,48
211-000532,2,SAD,14,C4_Alpha,bandpower,C4,Alpha,,other,0.06446850065093421,-0.011887061096737456,48
211-000532,2,SAD,15,C4_Beta,bandpower,C4,Beta,,other,0.0,0.0,48
211-000532,2,SAD,16,TP8_Alpha,bandpower,TP8,Alpha,,temporal_right,0.0,0.0,48
211-000532,2,SAD,17,TP8_Beta,bandpower,TP8,Beta,,temporal_right,0.0,0.0,48
211-000532,2,SAD,18,T8_Alpha,bandpower,T8,Alpha,,temporal_right,0.023194655583103792,-0.00668369067912183,48
211-000532,2,SAD,19,T8_Beta,bandpower,T8,Beta,,temporal_right,0.0,0.0,48
211-000532,2,SAD,20,P7_Alpha,bandpower,P7,Alpha,,temporal_left,0.013761187216377624,0.004529210847878657,48
211-000532,2,SAD,21,P7_Beta,bandpower,P7,Beta,,temporal_left,0.0,0.0,48
211-000532,2,SAD,22,P3_Alpha,bandpower,P3,Alpha,,centro_parietal_left,0.0,0.0,48
211-000532,2,SAD,23,P3_Beta,bandpower,P3,Beta,,centro_parietal_left,0.0,0.0,48
211-000532,2,SAD,24,CP3_Alpha,bandpower,CP3,Alpha,,temporal_left,0.0,0.0,48
211-000532,2,SAD,25,CP3_Beta,bandpower,CP3,Beta,,temporal_left,0.0,0.0,48
211-000532,2,SAD,26,CPz_Alpha,bandpower,CPz,Alpha,,parietal_midline,0.3940880646285527,0.1886839057439004,48
211-000532,2,SAD,27,CPz_Beta,bandpower,CPz,Beta,,parietal_midline,0.3623077017922928,0.17029888324880146,48
211-000532,2,SAD,28,Cz_Alpha,bandpower,Cz,Alpha,,parietal_midline,0.17966622545070512,0.05145040765814968,48
211-000532,2,SAD,29,Cz_Beta,bandpower,Cz,Beta,,parietal_midline,0.09933897970314486,-0.036326614050187646,48
211-000532,2,SAD,30,FC4_Alpha,bandpower,FC4,Alpha,,frontal_bilateral,0.0,0.0,48
211-000532,2,SAD,31,FC4_Beta,bandpower,FC4,Beta,,frontal_bilateral,0.0,0.0,48
211-000532,2,SAD,32,FT8_Alpha,bandpower,FT8,Alpha,,temporal_right,0.0,0.0,48
211-000532,2,SAD,33,FT8_Beta,bandpower,FT8,Beta,,temporal_right,0.0,0.0,48
211-000532,2,SAD,34,TP7_Alpha,bandpower,TP7,Alpha,,temporal_left,0.0,0.0,48
211-000532,2,SAD,35,TP7_Beta,bandpower,TP7,Beta,,temporal_left,0.0,0.0,48
211-000532,2,SAD,36,C3_Alpha,bandpower,C3,Alpha,,centro_parietal_left,0.029771677671260027,-0.00881666633292069,48
211-000532,2,SAD,37,C3_Beta,bandpower,C3,Beta,,centro_parietal_left,0.03258545049605042,-0.025885290233616288,48
211-000532,2,SAD,38,FCz_Alpha,bandpower,FCz,Alpha,,frontal_bilateral,0.0,0.0,48
211-000532,2,SAD,39,FCz_Beta,bandpower,FCz,Beta,,frontal_bilateral,0.006047588669142027,0.0002590374997987789,48
211-000532,2,SAD,40,Fz_Alpha,bandpower,Fz,Alpha,,frontal_bilateral,0.0,0.0,48
211-000532,2,SAD,41,Fz_Beta,bandpower,Fz,Beta,,frontal_bilateral,0.0,0.0,48
211-000532,2,SAD,42,F4_Alpha,bandpower,F4,Alpha,,frontal_bilateral,0.0,0.0,48
211-000532,2,SAD,43,F4_Beta,bandpower,F4,Beta,,frontal_bilateral,0.08742690673178094,-0.022059897642607018,48
211-000532,2,SAD,44,F8_Alpha,bandpower,F8,Alpha,,other,0.0,0.0,48
211-000532,2,SAD,45,F8_Beta,bandpower,F8,Beta,,other,0.0,0.0,48
211-000532,2,SAD,46,T7_Alpha,bandpower,T7,Alpha,,temporal_left,0.0,0.0,48
211-000532,2,SAD,47,T7_Beta,bandpower,T7,Beta,,temporal_left,0.01955320600161014,-0.015489146230695937,48
211-000532,2,SAD,48,FT7_Alpha,bandpower,FT7,Alpha,,temporal_left,0.0,0.0,48
211-000532,2,SAD,49,FT7_Beta,bandpower,FT7,Beta,,temporal_left,0.004216686602078852,-0.0032423579109704588,48
211-000532,2,SAD,50,FC3_Alpha,bandpower,FC3,Alpha,,frontal_bilateral,0.0,0.0,48
211-000532,2,SAD,51,FC3_Beta,bandpower,FC3,Beta,,frontal_bilateral,0.0,0.0,48
211-000532,2,SAD,52,F3_Alpha,bandpower,F3,Alpha,,frontal_bilateral,0.0,0.0,48
211-000532,2,SAD,53,F3_Beta,bandpower,F3,Beta,,frontal_bilateral,0.0,0.0,48
211-000532,2,SAD,54,Fp2_Alpha,bandpower,Fp2,Alpha,,frontal_bilateral,0.06268170732667494,0.011018097569262508,48
211-000532,2,SAD,55,Fp2_Beta,bandpower,Fp2,Beta,,frontal_bilateral,0.5248712432343351,0.2372243266667808,48
211-000532,2,SAD,56,F7_Alpha,bandpower,F7,Alpha,,frontal_inferior_left,0.008084350485679704,-0.0039671542266852605,48
211-000532,2,SAD,57,F7_Beta,bandpower,F7,Beta,,frontal_inferior_left,0.0,0.0,48
211-000532,2,SAD,58,Fp1_Alpha,bandpower,Fp1,Alpha,,frontal_bilateral,0.0,0.0,48
211-000532,2,SAD,59,Fp1_Beta,bandpower,Fp1,Beta,,frontal_bilateral,0.03720977236745209,0.035942991100765195,48
211-000532,2,SAD,60,PO5_Alpha,bandpower,PO5,Alpha,,other,0.007370164548022861,0.0010235642172821287,48
211-000532,2,SAD,61,PO5_Beta,bandpower,PO5,Beta,,other,0.5234894753717539,0.14343130989115496,48
211-000532,2,SAD,62,PO3_Alpha,bandpower,PO3,Alpha,,occipital,0.014595123188138466,-0.006487841607412374,48
211-000532,2,SAD,63,PO3_Beta,bandpower,PO3,Beta,,occipital,0.4378395342435432,-0.06610145521505034,48
211-000532,2,SAD,64,P1_Alpha,bandpower,P1,Alpha,,other,0.0,0.0,48
211-000532,2,SAD,65,P1_Beta,bandpower,P1,Beta,,other,0.016185822889366513,-0.006224365679544133,48
211-000532,2,SAD,66,POz_Alpha,bandpower,POz,Alpha,,occipital,0.24421074806571494,0.10979364275239402,48
211-000532,2,SAD,67,POz_Beta,bandpower,POz,Beta,,occipital,0.13998150060064776,0.004845272770222739,48
211-000532,2,SAD,68,P2_Alpha,bandpower,P2,Alpha,,other,0.01998858958065921,0.005441544006751761,48
211-000532,2,SAD,69,P2_Beta,bandpower,P2,Beta,,other,0.0,0.0,48
211-000532,2,SAD,70,PO4_Alpha,bandpower,PO4,Alpha,,occipital,0.0,0.0,48
211-000532,2,SAD,71,PO4_Beta,bandpower,PO4,Beta,,occipital,0.09971188774844492,0.020194328262875278,48
211-000532,2,SAD,72,CP2_Alpha,bandpower,CP2,Alpha,,other,0.06039573732901501,0.04246509545185484,48
211-000532,2,SAD,73,CP2_Beta,bandpower,CP2,Beta,,other,0.3786721373573833,0.22027083284500448,48
211-000532,2,SAD,74,P6_Alpha,bandpower,P6,Alpha,,temporal_right,0.0,0.0,48
211-000532,2,SAD,75,P6_Beta,bandpower,P6,Beta,,temporal_right,0.0,0.0,48
211-000532,2,SAD,76,PO6_Alpha,bandpower,PO6,Alpha,,other,0.0,0.0,48
211-000532,2,SAD,77,PO6_Beta,bandpower,PO6,Beta,,other,0.0,0.0,48
211-000532,2,SAD,78,CP6_Alpha,bandpower,CP6,Alpha,,temporal_right,0.06736089971229405,-0.017646870457793503,48
211-000532,2,SAD,79,CP6_Beta,bandpower,CP6,Beta,,temporal_right,0.0,0.0,48
211-000532,2,SAD,80,C6_Alpha,bandpower,C6,Alpha,,temporal_right,0.0,0.0,48
211-000532,2,SAD,81,C6_Beta,bandpower,C6,Beta,,temporal_right,0.0,0.0,48
211-000532,2,SAD,82,PO8_Alpha,bandpower,PO8,Alpha,,occipital,0.0,0.0,48
211-000532,2,SAD,83,PO8_Beta,bandpower,PO8,Beta,,occipital,0.0,0.0,48
211-000532,2,SAD,84,PO7_Alpha,bandpower,PO7,Alpha,,occipital,0.06046472100911041,0.008838660150540417,48
211-000532,2,SAD,85,PO7_Beta,bandpower,PO7,Beta,,occipital,0.16273166501027206,0.014698972554293055,48
211-000532,2,SAD,86,P5_Alpha,bandpower,P5,Alpha,,temporal_left,0.0,0.0,48
211-000532,2,SAD,87,P5_Beta,bandpower,P5,Beta,,temporal_left,0.005303156915959687,-0.0029491586935434175,48
211-000532,2,SAD,88,CP5_Alpha,bandpower,CP5,Alpha,,temporal_left,0.05549646861170338,0.003412987207706703,48
211-000532,2,SAD,89,CP5_Beta,bandpower,CP5,Beta,,temporal_left,0.008133201750721379,0.004438284014401098,48
211-000532,2,SAD,90,CP1_Alpha,bandpower,CP1,Alpha,,other,0.0,0.0,48
211-000532,2,SAD,91,CP1_Beta,bandpower,CP1,Beta,,other,0.008661568051496028,-0.005820121845073724,48
211-000532,2,SAD,92,C1_Alpha,bandpower,C1,Alpha,,other,0.1167404644343419,-0.0015433526826546622,48
211-000532,2,SAD,93,C1_Beta,bandpower,C1,Beta,,other,0.0,0.0,48
211-000532,2,SAD,94,C2_Alpha,bandpower,C2,Alpha,,other,0.0,0.0,48
211-000532,2,SAD,95,C2_Beta,bandpower,C2,Beta,,other,0.0,0.0,48
211-000532,2,SAD,96,FC2_Alpha,bandpower,FC2,Alpha,,other,0.0,0.0,48
211-000532,2,SAD,97,FC2_Beta,bandpower,FC2,Beta,,other,0.0,0.0,48
211-000532,2,SAD,98,FC6_Alpha,bandpower,FC6,Alpha,,other,0.0,0.0,48
211-000532,2,SAD,99,FC6_Beta,bandpower,FC6,Beta,,other,0.0,0.0,48
211-000532,2,SAD,100,C5_Alpha,bandpower,C5,Alpha,,temporal_left,0.024926670165914728,-0.011432249603634018,48
211-000532,2,SAD,101,C5_Beta,bandpower,C5,Beta,,temporal_left,0.006455367567989363,0.0019967277361061463,48
211-000532,2,SAD,102,FC1_Alpha,bandpower,FC1,Alpha,,other,0.014024909633362434,0.0029679945742908387,48
211-000532,2,SAD,103,FC1_Beta,bandpower,FC1,Beta,,other,0.004076119212709131,0.0035349592257905107,48
211-000532,2,SAD,104,F2_Alpha,bandpower,F2,Alpha,,frontal_bilateral,0.0,0.0,48
211-000532,2,SAD,105,F2_Beta,bandpower,F2,Beta,,frontal_bilateral,0.24611359249894316,0.04568292065159402,48
211-000532,2,SAD,106,F6_Alpha,bandpower,F6,Alpha,,other,0.0,0.0,48
211-000532,2,SAD,107,F6_Beta,bandpower,F6,Beta,,other,0.745801360488121,0.15444001939650107,48
211-000532,2,SAD,108,FC5_Alpha,bandpower,FC5,Alpha,,frontal_inferior_left,0.0,0.0,48
211-000532,2,SAD,109,FC5_Beta,bandpower,FC5,Beta,,frontal_inferior_left,0.0,0.0,48
211-000532,2,SAD,110,F1_Alpha,bandpower,F1,Alpha,,frontal_bilateral,0.0,0.0,48
211-000532,2,SAD,111,F1_Beta,bandpower,F1,Beta,,frontal_bilateral,0.14563172090986012,-0.001411027620358651,48
211-000532,2,SAD,112,AF4_Alpha,bandpower,AF4,Alpha,,frontal_bilateral,0.0,0.0,48
211-000532,2,SAD,113,AF4_Beta,bandpower,AF4,Beta,,frontal_bilateral,0.17315780511916987,0.0036061326946088663,48
211-000532,2,SAD,114,AF8_Alpha,bandpower,AF8,Alpha,,frontal_bilateral,0.0,0.0,48
211-000532,2,SAD,115,AF8_Beta,bandpower,AF8,Beta,,frontal_bilateral,0.0045141882129289025,0.002538853002583722,48
211-000532,2,SAD,116,F5_Alpha,bandpower,F5,Alpha,,frontal_inferior_left,0.0,0.0,48
211-000532,2,SAD,117,F5_Beta,bandpower,F5,Beta,,frontal_inferior_left,0.0,0.0,48
211-000532,2,SAD,118,AF7_Alpha,bandpower,AF7,Alpha,,frontal_bilateral,0.0,0.0,48
211-000532,2,SAD,119,AF7_Beta,bandpower,AF7,Beta,,frontal_bilateral,0.035744335776896397,-0.016325334156993516,48
211-000532,2,SAD,120,AF3_Alpha,bandpower,AF3,Alpha,,frontal_bilateral,0.0,0.0,48
211-000532,2,SAD,121,AF3_Beta,bandpower,AF3,Beta,,frontal_bilateral,0.0,0.0,48
211-000532,2,SAD,122,Fpz_Alpha,bandpower,Fpz,Alpha,,frontal_bilateral,0.0,0.0,48
211-000532,2,SAD,123,Fpz_Beta,bandpower,Fpz,Beta,,frontal_bilateral,0.0,0.0,48
211-000532,2,SAD,124,AlphaAsym_Fp2-Fp1,AlphaAsym,,,Fp2-Fp1,,0.09608316306944657,0.045262179706794775,48
211-000532,2,SAD,125,AlphaAsym_AF8-AF7,AlphaAsym,,,AF8-AF7,,0.0,0.0,48
211-000532,2,SAD,126,AlphaAsym_AF4-AF3,AlphaAsym,,,AF4-AF3,,0.0,0.0,48
211-000532,2,SAD,127,AlphaAsym_F8-F7,AlphaAsym,,,F8-F7,,0.0,0.0,48
211-000532,2,SAD,128,AlphaAsym_F6-F5,AlphaAsym,,,F6-F5,,0.0,0.0,48
211-000532,2,SAD,129,AlphaAsym_F4-F3,AlphaAsym,,,F4-F3,,0.0005489501333104919,-0.00024941610692939863,48
211-000532,2,SAD,130,AlphaAsym_F2-F1,AlphaAsym,,,F2-F1,,0.0,0.0,48
211-000532,2,SAD,131,AlphaAsym_FC6-FC5,AlphaAsym,,,FC6-FC5,,0.002958953534395193,-0.0019149778805536862,48
211-000532,2,SAD,132,AlphaAsym_FC4-FC3,AlphaAsym,,,FC4-FC3,,0.0,0.0,48
211-000532,2,SAD,133,AlphaAsym_FC2-FC1,AlphaAsym,,,FC2-FC1,,0.0,0.0,48
211-000532,2,SAD,134,AlphaAsym_T8-T7,AlphaAsym,,,T8-T7,,0.0,0.0,48
211-000532,2,SAD,135,AlphaAsym_C6-C5,AlphaAsym,,,C6-C5,,0.0,0.0,48
211-000532,2,SAD,136,AlphaAsym_C4-C3,AlphaAsym,,,C4-C3,,0.007711940001083824,-0.0021812906271764386,48
211-000532,2,SAD,137,AlphaAsym_C2-C1,AlphaAsym,,,C2-C1,,0.06591854741858524,0.027928707827395996,48
211-000532,2,SAD,138,AlphaAsym_TP8-TP7,AlphaAsym,,,TP8-TP7,,0.0,0.0,48
211-000532,2,SAD,139,AlphaAsym_CP6-CP5,AlphaAsym,,,CP6-CP5,,0.0,0.0,48
211-000532,2,SAD,140,AlphaAsym_CP4-CP3,AlphaAsym,,,CP4-CP3,,0.006736180685816763,0.002667097139736495,48
211-000532,2,SAD,141,AlphaAsym_CP2-CP1,AlphaAsym,,,CP2-CP1,,0.21801674530779314,0.15549857578440332,48
211-000532,2,SAD,142,AlphaAsym_P8-P7,AlphaAsym,,,P8-P7,,0.022229294502129904,0.009222330852994608,48
211-000532,2,SAD,143,AlphaAsym_P6-P5,AlphaAsym,,,P6-P5,,0.00499849272902763,-0.0018401566896068232,48
211-000532,2,SAD,144,AlphaAsym_P4-P3,AlphaAsym,,,P4-P3,,0.0,0.0,48
211-000532,2,SAD,145,AlphaAsym_P2-P1,AlphaAsym,,,P2-P1,,0.0,0.0,48
211-000532,2,SAD,146,AlphaAsym_PO8-PO7,AlphaAsym,,,PO8-PO7,,0.1742594059606172,0.04362301707597686,48
211-000532,2,SAD,147,AlphaAsym_PO6-PO5,AlphaAsym,,,PO6-PO5,,0.0065814167626571845,0.0008100377997047372,48
211-000532,2,SAD,148,AlphaAsym_PO4-PO3,AlphaAsym,,,PO4-PO3,,0.0,0.0,48
211-000532,2,SAD,149,AlphaAsym_O2-O1,AlphaAsym,,,O2-O1,,0.002623762566914392,0.0012713352619289863,48
211-000533,0,JOY,0,O2_Alpha,bandpower,O2,Alpha,,occipital,0.0,0.0,45
211-000533,0,JOY,1,O2_Beta,bandpower,O2,Beta,,occipital,0.0,0.0,45
211-000533,0,JOY,2,O1_Alpha,bandpower,O1,Alpha,,occipital,0.0,0.0,45
211-000533,0,JOY,3,O1_Beta,bandpower,O1,Beta,,occipital,0.06464276195004201,-0.030367218744909528,45
211-000533,0,JOY,4,Oz_Alpha,bandpower,Oz,Alpha,,occipital,0.0,0.0,45
211-000533,0,JOY,5,Oz_Beta,bandpower,Oz,Beta,,occipital,0.0,0.0,45
211-000533,0,JOY,6,Pz_Alpha,bandpower,Pz,Alpha,,parietal_midline,0.0,0.0,45
211-000533,0,JOY,7,Pz_Beta,bandpower,Pz,Beta,,parietal_midline,0.028142846204486965,0.012990208215060665,45
211-000533,0,JOY,8,P4_Alpha,bandpower,P4,Alpha,,other,0.0,0.0,45
211-000533,0,JOY,9,P4_Beta,bandpower,P4,Beta,,other,0.0,0.0,45
211-000533,0,JOY,10,CP4_Alpha,bandpower,CP4,Alpha,,temporal_right,0.0,0.0,45
211-000533,0,JOY,11,CP4_Beta,bandpower,CP4,Beta,,temporal_right,0.029182521842386195,0.017736244336475422,45
211-000533,0,JOY,12,P8_Alpha,bandpower,P8,Alpha,,temporal_right,0.0,0.0,45
211-000533,0,JOY,13,P8_Beta,bandpower,P8,Beta,,temporal_right,0.0,0.0,45
211-000533,0,JOY,14,C4_Alpha,bandpower,C4,Alpha,,other,0.0,0.0,45
211-000533,0,JOY,15,C4_Beta,bandpower,C4,Beta,,other,0.0,0.0,45
211-000533,0,JOY,16,TP8_Alpha,bandpower,TP8,Alpha,,temporal_right,0.0,0.0,45
211-000533,0,JOY,17,TP8_Beta,bandpower,TP8,Beta,,temporal_right,0.0,0.0,45
211-000533,0,JOY,18,T8_Alpha,bandpower,T8,Alpha,,temporal_right,0.0,0.0,45
211-000533,0,JOY,19,T8_Beta,bandpower,T8,Beta,,temporal_right,0.0,0.0,45
211-000533,0,JOY,20,P7_Alpha,bandpower,P7,Alpha,,temporal_left,0.00016994549997730659,2.2204219007751954e-06,45
211-000533,0,JOY,21,P7_Beta,bandpower,P7,Beta,,temporal_left,0.0,0.0,45
211-000533,0,JOY,22,P3_Alpha,bandpower,P3,Alpha,,centro_parietal_left,0.0,0.0,45
211-000533,0,JOY,23,P3_Beta,bandpower,P3,Beta,,centro_parietal_left,0.0,0.0,45
211-000533,0,JOY,24,CP3_Alpha,bandpower,CP3,Alpha,,temporal_left,0.0,0.0,45
211-000533,0,JOY,25,CP3_Beta,bandpower,CP3,Beta,,temporal_left,0.0002452619679365479,0.00015563383727113523,45
211-000533,0,JOY,26,CPz_Alpha,bandpower,CPz,Alpha,,parietal_midline,0.007818520049519953,-0.004975907466019547,45
211-000533,0,JOY,27,CPz_Beta,bandpower,CPz,Beta,,parietal_midline,0.11360414723749178,0.023611479793966415,45
211-000533,0,JOY,28,Cz_Alpha,bandpower,Cz,Alpha,,parietal_midline,0.01361831424331426,-0.007889676483483689,45
211-000533,0,JOY,29,Cz_Beta,bandpower,Cz,Beta,,parietal_midline,0.007759438359542117,0.00041869225900224264,45
211-000533,0,JOY,30,FC4_Alpha,bandpower,FC4,Alpha,,frontal_bilateral,0.0,0.0,45
211-000533,0,JOY,31,FC4_Beta,bandpower,FC4,Beta,,frontal_bilateral,0.0077310200167974505,0.004304155209557218,45
211-000533,0,JOY,32,FT8_Alpha,bandpower,FT8,Alpha,,temporal_right,0.018876208337573176,-0.011235690744912692,45
211-000533,0,JOY,33,FT8_Beta,bandpower,FT8,Beta,,temporal_right,0.0,0.0,45
211-000533,0,JOY,34,TP7_Alpha,bandpower,TP7,Alpha,,temporal_left,0.0,0.0,45
211-000533,0,JOY,35,TP7_Beta,bandpower,TP7,Beta,,temporal_left,0.0,0.0,45
211-000533,0,JOY,36,C3_Alpha,bandpower,C3,Alpha,,centro_parietal_left,0.0,0.0,45
211-000533,0,JOY,37,C3_Beta,bandpower,C3,Beta,,centro_parietal_left,0.0,0.0,45
211-000533,0,JOY,38,FCz_Alpha,bandpower,FCz,Alpha,,frontal_bilateral,0.0,0.0,45
211-000533,0,JOY,39,FCz_Beta,bandpower,FCz,Beta,,frontal_bilateral,0.0013493720989539604,0.001065035575298534,45
211-000533,0,JOY,40,Fz_Alpha,bandpower,Fz,Alpha,,frontal_bilateral,0.0,0.0,45
211-000533,0,JOY,41,Fz_Beta,bandpower,Fz,Beta,,frontal_bilateral,0.0,0.0,45
211-000533,0,JOY,42,F4_Alpha,bandpower,F4,Alpha,,frontal_bilateral,0.0,0.0,45
211-000533,0,JOY,43,F4_Beta,bandpower,F4,Beta,,frontal_bilateral,0.028133027090133846,-0.00026218268455821227,45
211-000533,0,JOY,44,F8_Alpha,bandpower,F8,Alpha,,other,0.00357318789381139,-0.0034629622963832135,45
211-000533,0,JOY,45,F8_Beta,bandpower,F8,Beta,,other,0.013048995432661956,0.008182410383065965,45
211-000533,0,JOY,46,T7_Alpha,bandpower,T7,Alpha,,temporal_left,0.0,0.0,45
211-000533,0,JOY,47,T7_Beta,bandpower,T7,Beta,,temporal_left,0.034647434301427575,0.004312838204287157,45
211-000533,0,JOY,48,FT7_Alpha,bandpower,FT7,Alpha,,temporal_left,0.0,0.0,45
211-000533,0,JOY,49,FT7_Beta,bandpower,FT7,Beta,,temporal_left,0.0,0.0,45
211-000533,0,JOY,50,FC3_Alpha,bandpower,FC3,Alpha,,frontal_bilateral,0.0,0.0,45
211-000533,0,JOY,51,FC3_Beta,bandpower,FC3,Beta,,frontal_bilateral,0.0,0.0,45
211-000533,0,JOY,52,F3_Alpha,bandpower,F3,Alpha,,frontal_bilateral,0.0,0.0,45
211-000533,0,JOY,53,F3_Beta,bandpower,F3,Beta,,frontal_bilateral,0.0,0.0,45
211-000533,0,JOY,54,Fp2_Alpha,bandpower,Fp2,Alpha,,frontal_bilateral,0.0,0.0,45
211-000533,0,JOY,55,Fp2_Beta,bandpower,Fp2,Beta,,frontal_bilateral,0.0030218884352693097,0.00014809187291196373,45
211-000533,0,JOY,56,F7_Alpha,bandpower,F7,Alpha,,frontal_inferior_left,0.0,0.0,45
211-000533,0,JOY,57,F7_Beta,bandpower,F7,Beta,,frontal_inferior_left,0.009837585706628094,0.008183914155224108,45
211-000533,0,JOY,58,Fp1_Alpha,bandpower,Fp1,Alpha,,frontal_bilateral,0.0,0.0,45
211-000533,0,JOY,59,Fp1_Beta,bandpower,Fp1,Beta,,frontal_bilateral,0.0,0.0,45
211-000533,0,JOY,60,PO5_Alpha,bandpower,PO5,Alpha,,other,0.0,0.0,45
211-000533,0,JOY,61,PO5_Beta,bandpower,PO5,Beta,,other,0.0,0.0,45
211-000533,0,JOY,62,PO3_Alpha,bandpower,PO3,Alpha,,occipital,0.0,0.0,45
211-000533,0,JOY,63,PO3_Beta,bandpower,PO3,Beta,,occipital,0.027121278891967273,0.002601645305102429,45
211-000533,0,JOY,64,P1_Alpha,bandpower,P1,Alpha,,other,0.0,0.0,45
211-000533,0,JOY,65,P1_Beta,bandpower,P1,Beta,,other,0.0,0.0,45
211-000533,0,JOY,66,POz_Alpha,bandpower,POz,Alpha,,occipital,0.0,0.0,45
211-000533,0,JOY,67,POz_Beta,bandpower,POz,Beta,,occipital,0.0,0.0,45
211-000533,0,JOY,68,P2_Alpha,bandpower,P2,Alpha,,other,0.0,0.0,45
211-000533,0,JOY,69,P2_Beta,bandpower,P2,Beta,,other,0.0,0.0,45
211-000533,0,JOY,70,PO4_Alpha,bandpower,PO4,Alpha,,occipital,0.0,0.0,45
211-000533,0,JOY,71,PO4_Beta,bandpower,PO4,Beta,,occipital,0.001052080687295474,0.0008326606182597451,45
211-000533,0,JOY,72,CP2_Alpha,bandpower,CP2,Alpha,,other,0.0,0.0,45
211-000533,0,JOY,73,CP2_Beta,bandpower,CP2,Beta,,other,1.0148135524562645,1.0144477938358565,45
211-000533,0,JOY,74,P6_Alpha,bandpower,P6,Alpha,,temporal_right,0.0,0.0,45
211-000533,0,JOY,75,P6_Beta,bandpower,P6,Beta,,temporal_right,0.0,0.0,45
211-000533,0,JOY,76,PO6_Alpha,bandpower,PO6,Alpha,,other,0.0,0.0,45
211-000533,0,JOY,77,PO6_Beta,bandpower,PO6,Beta,,other,0.0,0.0,45
211-000533,0,JOY,78,CP6_Alpha,bandpower,CP6,Alpha,,temporal_right,0.0,0.0,45
211-000533,0,JOY,79,CP6_Beta,bandpower,CP6,Beta,,temporal_right,0.0,0.0,45
211-000533,0,JOY,80,C6_Alpha,bandpower,C6,Alpha,,temporal_right,0.010347147016073208,-0.005009103963341504,45
211-000533,0,JOY,81,C6_Beta,bandpower,C6,Beta,,temporal_right,0.39596089425862824,0.08514605179829696,45
211-000533,0,JOY,82,PO8_Alpha,bandpower,PO8,Alpha,,occipital,0.0,0.0,45
211-000533,0,JOY,83,PO8_Beta,bandpower,PO8,Beta,,occipital,0.005430184563833778,-0.00012692077069288124,45
211-000533,0,JOY,84,PO7_Alpha,bandpower,PO7,Alpha,,occipital,0.0006040361533290839,0.00012190059915538204,45
211-000533,0,JOY,85,PO7_Beta,bandpower,PO7,Beta,,occipital,0.0,0.0,45
211-000533,0,JOY,86,P5_Alpha,bandpower,P5,Alpha,,temporal_left,0.0,0.0,45
211-000533,0,JOY,87,P5_Beta,bandpower,P5,Beta,,temporal_left,0.0,0.0,45
211-000533,0,JOY,88,CP5_Alpha,bandpower,CP5,Alpha,,temporal_left,0.0,0.0,45
211-000533,0,JOY,89,CP5_Beta,bandpower,CP5,Beta,,temporal_left,0.258332519528871,0.13377869952576568,45
211-000533,0,JOY,90,CP1_Alpha,bandpower,CP1,Alpha,,other,0.0,0.0,45
211-000533,0,JOY,91,CP1_Beta,bandpower,CP1,Beta,,other,0.0,0.0,45
211-000533,0,JOY,92,C1_Alpha,bandpower,C1,Alpha,,other,0.0,0.0,45
211-000533,0,JOY,93,C1_Beta,bandpower,C1,Beta,,other,0.0,0.0,45
211-000533,0,JOY,94,C2_Alpha,bandpower,C2,Alpha,,other,0.0,0.0,45
211-000533,0,JOY,95,C2_Beta,bandpower,C2,Beta,,other,0.0,0.0,45
211-000533,0,JOY,96,FC2_Alpha,bandpower,FC2,Alpha,,other,0.0,0.0,45
211-000533,0,JOY,97,FC2_Beta,bandpower,FC2,Beta,,other,0.0,0.0,45
211-000533,0,JOY,98,FC6_Alpha,bandpower,FC6,Alpha,,other,0.11066717315867414,0.03346125034506094,45
211-000533,0,JOY,99,FC6_Beta,bandpower,FC6,Beta,,other,0.0,0.0,45
211-000533,0,JOY,100,C5_Alpha,bandpower,C5,Alpha,,temporal_left,0.0,0.0,45
211-000533,0,JOY,101,C5_Beta,bandpower,C5,Beta,,temporal_left,0.0,0.0,45
211-000533,0,JOY,102,FC1_Alpha,bandpower,FC1,Alpha,,other,0.03894785859975925,0.02050142926590583,45
211-000533,0,JOY,103,FC1_Beta,bandpower,FC1,Beta,,other,0.2698109438298666,0.15063103688371624,45
211-000533,0,JOY,104,F2_Alpha,bandpower,F2,Alpha,,frontal_bilateral,0.0,0.0,45
211-000533,0,JOY,105,F2_Beta,bandpower,F2,Beta,,frontal_bilateral,0.0,0.0,45
211-000533,0,JOY,106,F6_Alpha,bandpower,F6,Alpha,,other,0.0,0.0,45
211-000533,0,JOY,107,F6_Beta,bandpower,F6,Beta,,other,0.0,0.0,45
211-000533,0,JOY,108,FC5_Alpha,bandpower,FC5,Alpha,,frontal_inferior_left,0.15380648159554022,0.051871917720414155,45
211-000533,0,JOY,109,FC5_Beta,bandpower,FC5,Beta,,frontal_inferior_left,0.6044252455453077,0.43623595118188513,45
211-000533,0,JOY,110,F1_Alpha,bandpower,F1,Alpha,,frontal_bilateral,0.0,0.0,45
211-000533,0,JOY,111,F1_Beta,bandpower,F1,Beta,,frontal_bilateral,0.0,0.0,45
211-000533,0,JOY,112,AF4_Alpha,bandpower,AF4,Alpha,,frontal_bilateral,0.0,0.0,45
211-000533,0,JOY,113,AF4_Beta,bandpower,AF4,Beta,,frontal_bilateral,0.0,0.0,45
211-000533,0,JOY,114,AF8_Alpha,bandpower,AF8,Alpha,,frontal_bilateral,0.0,0.0,45
211-000533,0,JOY,115,AF8_Beta,bandpower,AF8,Beta,,frontal_bilateral,0.20916742856476664,0.1625754304641866,45
211-000533,0,JOY,116,F5_Alpha,bandpower,F5,Alpha,,frontal_inferior_left,0.0,0.0,45
211-000533,0,JOY,117,F5_Beta,bandpower,F5,Beta,,frontal_inferior_left,0.13863215012803928,0.11070852259306131,45
211-000533,0,JOY,118,AF7_Alpha,bandpower,AF7,Alpha,,frontal_bilateral,0.0,0.0,45
211-000533,0,JOY,119,AF7_Beta,bandpower,AF7,Beta,,frontal_bilateral,0.1630540567706622,0.10088093744054936,45
211-000533,0,JOY,120,AF3_Alpha,bandpower,AF3,Alpha,,frontal_bilateral,0.0,0.0,45
211-000533,0,JOY,121,AF3_Beta,bandpower,AF3,Beta,,frontal_bilateral,0.0,0.0,45
211-000533,0,JOY,122,Fpz_Alpha,bandpower,Fpz,Alpha,,frontal_bilateral,0.0,0.0,45
211-000533,0,JOY,123,Fpz_Beta,bandpower,Fpz,Beta,,frontal_bilateral,0.0,0.0,45
211-000533,0,JOY,124,AlphaAsym_Fp2-Fp1,AlphaAsym,,,Fp2-Fp1,,0.0,0.0,45
211-000533,0,JOY,125,AlphaAsym_AF8-AF7,AlphaAsym,,,AF8-AF7,,0.0,0.0,45
211-000533,0,JOY,126,AlphaAsym_AF4-AF3,AlphaAsym,,,AF4-AF3,,0.0,0.0,45
211-000533,0,JOY,127,AlphaAsym_F8-F7,AlphaAsym,,,F8-F7,,0.03199866572146666,-0.00013771709670968118,45
211-000533,0,JOY,128,AlphaAsym_F6-F5,AlphaAsym,,,F6-F5,,0.08677031601977024,0.023373112985563965,45
211-000533,0,JOY,129,AlphaAsym_F4-F3,AlphaAsym,,,F4-F3,,0.0025430266880316476,0.0003995882707616379,45
211-000533,0,JOY,130,AlphaAsym_F2-F1,AlphaAsym,,,F2-F1,,0.0,0.0,45
211-000533,0,JOY,131,AlphaAsym_FC6-FC5,AlphaAsym,,,FC6-FC5,,0.0,0.0,45
211-000533,0,JOY,132,AlphaAsym_FC4-FC3,AlphaAsym,,,FC4-FC3,,0.021309394573961568,0.008409746475190076,45
211-000533,0,JOY,133,AlphaAsym_FC2-FC1,AlphaAsym,,,FC2-FC1,,0.0021806438413199242,-0.0003814334449304605,45
211-000533,0,JOY,134,AlphaAsym_T8-T7,AlphaAsym,,,T8-T7,,0.08790918385288467,0.06285056356593298,45
211-000533,0,JOY,135,AlphaAsym_C6-C5,AlphaAsym,,,C6-C5,,0.01452090661525324,-0.0062267826662891,45
211-000533,0,JOY,136,AlphaAsym_C4-C3,AlphaAsym,,,C4-C3,,0.0995386191094236,0.06664161627685668,45
211-000533,0,JOY,137,AlphaAsym_C2-C1,AlphaAsym,,,C2-C1,,0.0,0.0,45
211-000533,0,JOY,138,AlphaAsym_TP8-TP7,AlphaAsym,,,TP8-TP7,,0.0022453802303921727,-0.0004367541678591114,45
211-000533,0,JOY,139,AlphaAsym_CP6-CP5,AlphaAsym,,,CP6-CP5,,0.006977992624704273,-0.0006119749403524977,45
211-000533,0,JOY,140,AlphaAsym_CP4-CP3,AlphaAsym,,,CP4-CP3,,0.0,0.0,45
211-000533,0,JOY,141,AlphaAsym_CP2-CP1,AlphaAsym,,,CP2-CP1,,0.0,0.0,45
211-000533,0,JOY,142,AlphaAsym_P8-P7,AlphaAsym,,,P8-P7,,0.010565564368660936,0.003554174306808157,45
211-000533,0,JOY,143,AlphaAsym_P6-P5,AlphaAsym,,,P6-P5,,0.0,0.0,45
211-000533,0,JOY,144,AlphaAsym_P4-P3,AlphaAsym,,,P4-P3,,0.0,0.0,45
211-000533,0,JOY,145,AlphaAsym_P2-P1,AlphaAsym,,,P2-P1,,0.0,0.0,45
211-000533,0,JOY,146,AlphaAsym_PO8-PO7,AlphaAsym,,,PO8-PO7,,0.0,0.0,45
211-000533,0,JOY,147,AlphaAsym_PO6-PO5,AlphaAsym,,,PO6-PO5,,0.0,0.0,45
211-000533,0,JOY,148,AlphaAsym_PO4-PO3,AlphaAsym,,,PO4-PO3,,0.0,0.0,45
211-000533,0,JOY,149,AlphaAsym_O2-O1,AlphaAsym,,,O2-O1,,0.0,0.0,45
211-000533,1,NEUTRO,0,O2_Alpha,bandpower,O2,Alpha,,occipital,0.0,0.0,45
211-000533,1,NEUTRO,1,O2_Beta,bandpower,O2,Beta,,occipital,0.0,0.0,45
211-000533,1,NEUTRO,2,O1_Alpha,bandpower,O1,Alpha,,occipital,0.0,0.0,45
211-000533,1,NEUTRO,3,O1_Beta,bandpower,O1,Beta,,occipital,0.45585864520605923,0.3625842745903613,45
211-000533,1,NEUTRO,4,Oz_Alpha,bandpower,Oz,Alpha,,occipital,0.0,0.0,45
211-000533,1,NEUTRO,5,Oz_Beta,bandpower,Oz,Beta,,occipital,0.0,0.0,45
211-000533,1,NEUTRO,6,Pz_Alpha,bandpower,Pz,Alpha,,parietal_midline,0.0,0.0,45
211-000533,1,NEUTRO,7,Pz_Beta,bandpower,Pz,Beta,,parietal_midline,0.0,0.0,45
211-000533,1,NEUTRO,8,P4_Alpha,bandpower,P4,Alpha,,other,0.0,0.0,45
211-000533,1,NEUTRO,9,P4_Beta,bandpower,P4,Beta,,other,0.0,0.0,45
211-000533,1,NEUTRO,10,CP4_Alpha,bandpower,CP4,Alpha,,temporal_right,0.0,0.0,45
211-000533,1,NEUTRO,11,CP4_Beta,bandpower,CP4,Beta,,temporal_right,0.0,0.0,45
211-000533,1,NEUTRO,12,P8_Alpha,bandpower,P8,Alpha,,temporal_right,0.0,0.0,45
211-000533,1,NEUTRO,13,P8_Beta,bandpower,P8,Beta,,temporal_right,0.0,0.0,45
211-000533,1,NEUTRO,14,C4_Alpha,bandpower,C4,Alpha,,other,0.0,0.0,45
211-000533,1,NEUTRO,15,C4_Beta,bandpower,C4,Beta,,other,0.0,0.0,45
211-000533,1,NEUTRO,16,TP8_Alpha,bandpower,TP8,Alpha,,temporal_right,0.0,0.0,45
211-000533,1,NEUTRO,17,TP8_Beta,bandpower,TP8,Beta,,temporal_right,0.0,0.0,45
211-000533,1,NEUTRO,18,T8_Alpha,bandpower,T8,Alpha,,temporal_right,0.025946492288170336,0.016392384019143315,45
211-000533,1,NEUTRO,19,T8_Beta,bandpower,T8,Beta,,temporal_right,0.10608517536742737,-0.021259694712965477,45
211-000533,1,NEUTRO,20,P7_Alpha,bandpower,P7,Alpha,,temporal_left,0.0,0.0,45
211-000533,1,NEUTRO,21,P7_Beta,bandpower,P7,Beta,,temporal_left,0.0,0.0,45
211-000533,1,NEUTRO,22,P3_Alpha,bandpower,P3,Alpha,,centro_parietal_left,0.0,0.0,45
211-000533,1,NEUTRO,23,P3_Beta,bandpower,P3,Beta,,centro_parietal_left,0.0,0.0,45
211-000533,1,NEUTRO,24,CP3_Alpha,bandpower,CP3,Alpha,,temporal_left,0.0,0.0,45
211-000533,1,NEUTRO,25,CP3_Beta,bandpower,CP3,Beta,,temporal_left,0.0,0.0,45
211-000533,1,NEUTRO,26,CPz_Alpha,bandpower,CPz,Alpha,,parietal_midline,0.0,0.0,45
211-000533,1,NEUTRO,27,CPz_Beta,bandpower,CPz,Beta,,parietal_midline,0.007929266386156479,-0.003140439817172989,45
211-000533,1,NEUTRO,28,Cz_Alpha,bandpower,Cz,Alpha,,parietal_midline,0.0,0.0,45
211-000533,1,NEUTRO,29,Cz_Beta,bandpower,Cz,Beta,,parietal_midline,0.0,0.0,45
211-000533,1,NEUTRO,30,FC4_Alpha,bandpower,FC4,Alpha,,frontal_bilateral,0.0,0.0,45
211-000533,1,NEUTRO,31,FC4_Beta,bandpower,FC4,Beta,,frontal_bilateral,0.0,0.0,45
211-000533,1,NEUTRO,32,FT8_Alpha,bandpower,FT8,Alpha,,temporal_right,0.0,0.0,45
211-000533,1,NEUTRO,33,FT8_Beta,bandpower,FT8,Beta,,temporal_right,0.0732754948157702,-0.024375328073042605,45
211-000533,1,NEUTRO,34,TP7_Alpha,bandpower,TP7,Alpha,,temporal_left,0.0,0.0,45
211-000533,1,NEUTRO,35,TP7_Beta,bandpower,TP7,Beta,,temporal_left,0.0,0.0,45
211-000533,1,NEUTRO,36,C3_Alpha,bandpower,C3,Alpha,,centro_parietal_left,0.0,0.0,45
211-000533,1,NEUTRO,37,C3_Beta,bandpower,C3,Beta,,centro_parietal_left,0.0,0.0,45
211-000533,1,NEUTRO,38,FCz_Alpha,bandpower,FCz,Alpha,,frontal_bilateral,0.0,0.0,45
211-000533,1,NEUTRO,39,FCz_Beta,bandpower,FCz,Beta,,frontal_bilateral,0.0,0.0,45
211-000533,1,NEUTRO,40,Fz_Alpha,bandpower,Fz,Alpha,,frontal_bilateral,0.0,0.0,45
211-000533,1,NEUTRO,41,Fz_Beta,bandpower,Fz,Beta,,frontal_bilateral,0.0,0.0,45
211-000533,1,NEUTRO,42,F4_Alpha,bandpower,F4,Alpha,,frontal_bilateral,0.0,0.0,45
211-000533,1,NEUTRO,43,F4_Beta,bandpower,F4,Beta,,frontal_bilateral,0.0,0.0,45
211-000533,1,NEUTRO,44,F8_Alpha,bandpower,F8,Alpha,,other,0.0,0.0,45
211-000533,1,NEUTRO,45,F8_Beta,bandpower,F8,Beta,,other,0.0,0.0,45
211-000533,1,NEUTRO,46,T7_Alpha,bandpower,T7,Alpha,,temporal_left,0.0,0.0,45
211-000533,1,NEUTRO,47,T7_Beta,bandpower,T7,Beta,,temporal_left,0.0,0.0,45
211-000533,1,NEUTRO,48,FT7_Alpha,bandpower,FT7,Alpha,,temporal_left,0.0,0.0,45
211-000533,1,NEUTRO,49,FT7_Beta,bandpower,FT7,Beta,,temporal_left,0.0,0.0,45
211-000533,1,NEUTRO,50,FC3_Alpha,bandpower,FC3,Alpha,,frontal_bilateral,0.3427726397703297,0.30894334228114817,45
211-000533,1,NEUTRO,51,FC3_Beta,bandpower,FC3,Beta,,frontal_bilateral,0.5170242973927716,0.45538543012517835,45
211-000533,1,NEUTRO,52,F3_Alpha,bandpower,F3,Alpha,,frontal_bilateral,0.1483465957954203,0.1336392887505233,45
211-000533,1,NEUTRO,53,F3_Beta,bandpower,F3,Beta,,frontal_bilateral,0.018919669568656854,0.015637811072779405,45
211-000533,1,NEUTRO,54,Fp2_Alpha,bandpower,Fp2,Alpha,,frontal_bilateral,0.0,0.0,45
211-000533,1,NEUTRO,55,Fp2_Beta,bandpower,Fp2,Beta,,frontal_bilateral,0.0,0.0,45
211-000533,1,NEUTRO,56,F7_Alpha,bandpower,F7,Alpha,,frontal_inferior_left,0.0021060565119313166,0.0013234392032534517,45
211-000533,1,NEUTRO,57,F7_Beta,bandpower,F7,Beta,,frontal_inferior_left,0.15836678972229615,0.1312211555104866,45
211-000533,1,NEUTRO,58,Fp1_Alpha,bandpower,Fp1,Alpha,,frontal_bilateral,0.0,0.0,45
211-000533,1,NEUTRO,59,Fp1_Beta,bandpower,Fp1,Beta,,frontal_bilateral,0.0,0.0,45
211-000533,1,NEUTRO,60,PO5_Alpha,bandpower,PO5,Alpha,,other,0.03302970126781184,0.03140694630497925,45
211-000533,1,NEUTRO,61,PO5_Beta,bandpower,PO5,Beta,,other,0.0,0.0,45
211-000533,1,NEUTRO,62,PO3_Alpha,bandpower,PO3,Alpha,,occipital,0.0,0.0,45
211-000533,1,NEUTRO,63,PO3_Beta,bandpower,PO3,Beta,,occipital,0.0,0.0,45
211-000533,1,NEUTRO,64,P1_Alpha,bandpower,P1,Alpha,,other,0.0,0.0,45
211-000533,1,NEUTRO,65,P1_Beta,bandpower,P1,Beta,,other,0.0,0.0,45
211-000533,1,NEUTRO,66,POz_Alpha,bandpower,POz,Alpha,,occipital,0.02998377504996964,0.02998377504996964,45
211-000533,1,NEUTRO,67,POz_Beta,bandpower,POz,Beta,,occipital,0.0,0.0,45
211-000533,1,NEUTRO,68,P2_Alpha,bandpower,P2,Alpha,,other,0.0,0.0,45
211-000533,1,NEUTRO,69,P2_Beta,bandpower,P2,Beta,,other,0.058408486292120115,0.0004600307513818076,45
211-000533,1,NEUTRO,70,PO4_Alpha,bandpower,PO4,Alpha,,occipital,0.0,0.0,45
211-000533,1,NEUTRO,71,PO4_Beta,bandpower,PO4,Beta,,occipital,0.0,0.0,45
211-000533,1,NEUTRO,72,CP2_Alpha,bandpower,CP2,Alpha,,other,0.0,0.0,45
211-000533,1,NEUTRO,73,CP2_Beta,bandpower,CP2,Beta,,other,0.07368920905971228,0.06963671806737508,45
211-000533,1,NEUTRO,74,P6_Alpha,bandpower,P6,Alpha,,temporal_right,0.0370977156865618,0.03698412580913552,45
211-000533,1,NEUTRO,75,P6_Beta,bandpower,P6,Beta,,temporal_right,0.0,0.0,45
211-000533,1,NEUTRO,76,PO6_Alpha,bandpower,PO6,Alpha,,other,0.0,0.0,45
211-000533,1,NEUTRO,77,PO6_Beta,bandpower,PO6,Beta,,other,0.0,0.0,45
211-000533,1,NEUTRO,78,CP6_Alpha,bandpower,CP6,Alpha,,temporal_right,0.0,0.0,45
211-000533,1,NEUTRO,79,CP6_Beta,bandpower,CP6,Beta,,temporal_right,0.001799690842166542,-0.0005137051122808575,45
211-000533,1,NEUTRO,80,C6_Alpha,bandpower,C6,Alpha,,temporal_right,0.0,0.0,45
211-000533,1,NEUTRO,81,C6_Beta,bandpower,C6,Beta,,temporal_right,0.022971861025951303,0.0026374047656774523,45
211-000533,1,NEUTRO,82,PO8_Alpha,bandpower,PO8,Alpha,,occipital,0.21918775450795747,0.19371077131826087,45
211-000533,1,NEUTRO,83,PO8_Beta,bandpower,PO8,Beta,,occipital,0.046181044718034414,-0.003767035226538182,45
211-000533,1,NEUTRO,84,PO7_Alpha,bandpower,PO7,Alpha,,occipital,0.0,0.0,45
211-000533,1,NEUTRO,85,PO7_Beta,bandpower,PO7,Beta,,occipital,0.0,0.0,45
211-000533,1,NEUTRO,86,P5_Alpha,bandpower,P5,Alpha,,temporal_left,0.0,0.0,45
211-000533,1,NEUTRO,87,P5_Beta,bandpower,P5,Beta,,temporal_left,0.0,0.0,45
211-000533,1,NEUTRO,88,CP5_Alpha,bandpower,CP5,Alpha,,temporal_left,0.0,0.0,45
211-000533,1,NEUTRO,89,CP5_Beta,bandpower,CP5,Beta,,temporal_left,0.3116177053100631,0.22267422400257536,45
211-000533,1,NEUTRO,90,CP1_Alpha,bandpower,CP1,Alpha,,other,0.0,0.0,45
211-000533,1,NEUTRO,91,CP1_Beta,bandpower,CP1,Beta,,other,0.0,0.0,45
211-000533,1,NEUTRO,92,C1_Alpha,bandpower,C1,Alpha,,other,0.0,0.0,45
211-000533,1,NEUTRO,93,C1_Beta,bandpower,C1,Beta,,other,0.009769205610771416,-0.001597112132157198,45
211-000533,1,NEUTRO,94,C2_Alpha,bandpower,C2,Alpha,,other,0.0,0.0,45
211-000533,1,NEUTRO,95,C2_Beta,bandpower,C2,Beta,,other,0.0,0.0,45
211-000533,1,NEUTRO,96,FC2_Alpha,bandpower,FC2,Alpha,,other,0.0,0.0,45
211-000533,1,NEUTRO,97,FC2_Beta,bandpower,FC2,Beta,,other,0.0,0.0,45
211-000533,1,NEUTRO,98,FC6_Alpha,bandpower,FC6,Alpha,,other,0.0,0.0,45
211-000533,1,NEUTRO,99,FC6_Beta,bandpower,FC6,Beta,,other,0.0,0.0,45
211-000533,1,NEUTRO,100,C5_Alpha,bandpower,C5,Alpha,,temporal_left,0.0,0.0,45
211-000533,1,NEUTRO,101,C5_Beta,bandpower,C5,Beta,,temporal_left,0.0,0.0,45
211-000533,1,NEUTRO,102,FC1_Alpha,bandpower,FC1,Alpha,,other,0.05936421988876926,0.01578655474139269,45
211-000533,1,NEUTRO,103,FC1_Beta,bandpower,FC1,Beta,,other,0.05279560066511582,0.013852588423532881,45
211-000533,1,NEUTRO,104,F2_Alpha,bandpower,F2,Alpha,,frontal_bilateral,0.0,0.0,45
211-000533,1,NEUTRO,105,F2_Beta,bandpower,F2,Beta,,frontal_bilateral,0.0,0.0,45
211-000533,1,NEUTRO,106,F6_Alpha,bandpower,F6,Alpha,,other,0.0,0.0,45
211-000533,1,NEUTRO,107,F6_Beta,bandpower,F6,Beta,,other,0.0041796484985667645,0.0031478924272578665,45
211-000533,1,NEUTRO,108,FC5_Alpha,bandpower,FC5,Alpha,,frontal_inferior_left,0.0,0.0,45
211-000533,1,NEUTRO,109,FC5_Beta,bandpower,FC5,Beta,,frontal_inferior_left,0.0,0.0,45
211-000533,1,NEUTRO,110,F1_Alpha,bandpower,F1,Alpha,,frontal_bilateral,0.0,0.0,45
211-000533,1,NEUTRO,111,F1_Beta,bandpower,F1,Beta,,frontal_bilateral,0.0,0.0,45
211-000533,1,NEUTRO,112,AF4_Alpha,bandpower,AF4,Alpha,,frontal_bilateral,0.0,0.0,45
211-000533,1,NEUTRO,113,AF4_Beta,bandpower,AF4,Beta,,frontal_bilateral,0.0,0.0,45
211-000533,1,NEUTRO,114,AF8_Alpha,bandpower,AF8,Alpha,,frontal_bilateral,0.0,0.0,45
211-000533,1,NEUTRO,115,AF8_Beta,bandpower,AF8,Beta,,frontal_bilateral,0.08140572018298121,0.07108113696289821,45
211-000533,1,NEUTRO,116,F5_Alpha,bandpower,F5,Alpha,,frontal_inferior_left,0.2645523716029847,0.24873749567049602,45
211-000533,1,NEUTRO,117,F5_Beta,bandpower,F5,Beta,,frontal_inferior_left,1.0370091525814764,0.9547743938451086,45
211-000533,1,NEUTRO,118,AF7_Alpha,bandpower,AF7,Alpha,,frontal_bilateral,0.0,0.0,45
211-000533,1,NEUTRO,119,AF7_Beta,bandpower,AF7,Beta,,frontal_bilateral,0.0,0.0,45
211-000533,1,NEUTRO,120,AF3_Alpha,bandpower,AF3,Alpha,,frontal_bilateral,0.0,0.0,45
211-000533,1,NEUTRO,121,AF3_Beta,bandpower,AF3,Beta,,frontal_bilateral,0.0,0.0,45
211-000533,1,NEUTRO,122,Fpz_Alpha,bandpower,Fpz,Alpha,,frontal_bilateral,0.0,0.0,45
211-000533,1,NEUTRO,123,Fpz_Beta,bandpower,Fpz,Beta,,frontal_bilateral,0.0,0.0,45
211-000533,1,NEUTRO,124,AlphaAsym_Fp2-Fp1,AlphaAsym,,,Fp2-Fp1,,0.0,0.0,45
211-000533,1,NEUTRO,125,AlphaAsym_AF8-AF7,AlphaAsym,,,AF8-AF7,,0.0,0.0,45
211-000533,1,NEUTRO,126,AlphaAsym_AF4-AF3,AlphaAsym,,,AF4-AF3,,0.0,0.0,45
211-000533,1,NEUTRO,127,AlphaAsym_F8-F7,AlphaAsym,,,F8-F7,,0.0,0.0,45
211-000533,1,NEUTRO,128,AlphaAsym_F6-F5,AlphaAsym,,,F6-F5,,0.06110135600473869,0.035352565926819915,45
211-000533,1,NEUTRO,129,AlphaAsym_F4-F3,AlphaAsym,,,F4-F3,,0.0009005095818107967,0.000840554133831933,45
211-000533,1,NEUTRO,130,AlphaAsym_F2-F1,AlphaAsym,,,F2-F1,,0.0,0.0,45
211-000533,1,NEUTRO,131,AlphaAsym_FC6-FC5,AlphaAsym,,,FC6-FC5,,0.0,0.0,45
211-000533,1,NEUTRO,132,AlphaAsym_FC4-FC3,AlphaAsym,,,FC4-FC3,,0.06601602534160461,0.03892456138157456,45
211-000533,1,NEUTRO,133,AlphaAsym_FC2-FC1,AlphaAsym,,,FC2-FC1,,0.0,0.0,45
211-000533,1,NEUTRO,134,AlphaAsym_T8-T7,AlphaAsym,,,T8-T7,,0.0,0.0,45
211-000533,1,NEUTRO,135,AlphaAsym_C6-C5,AlphaAsym,,,C6-C5,,0.0,0.0,45
211-000533,1,NEUTRO,136,AlphaAsym_C4-C3,AlphaAsym,,,C4-C3,,0.0,0.0,45
211-000533,1,NEUTRO,137,AlphaAsym_C2-C1,AlphaAsym,,,C2-C1,,0.0,0.0,45
211-000533,1,NEUTRO,138,AlphaAsym_TP8-TP7,AlphaAsym,,,TP8-TP7,,0.0,0.0,45
211-000533,1,NEUTRO,139,AlphaAsym_CP6-CP5,AlphaAsym,,,CP6-CP5,,0.1033932800475494,0.061319971254124035,45
211-000533,1,NEUTRO,140,AlphaAsym_CP4-CP3,AlphaAsym,,,CP4-CP3,,0.0,0.0,45
211-000533,1,NEUTRO,141,AlphaAsym_CP2-CP1,AlphaAsym,,,CP2-CP1,,0.0,0.0,45
211-000533,1,NEUTRO,142,AlphaAsym_P8-P7,AlphaAsym,,,P8-P7,,0.0,0.0,45
211-000533,1,NEUTRO,143,AlphaAsym_P6-P5,AlphaAsym,,,P6-P5,,0.0,0.0,45
211-000533,1,NEUTRO,144,AlphaAsym_P4-P3,AlphaAsym,,,P4-P3,,0.0,0.0,45
211-000533,1,NEUTRO,145,AlphaAsym_P2-P1,AlphaAsym,,,P2-P1,,0.0,0.0,45
211-000533,1,NEUTRO,146,AlphaAsym_PO8-PO7,AlphaAsym,,,PO8-PO7,,0.0,0.0,45
211-000533,1,NEUTRO,147,AlphaAsym_PO6-PO5,AlphaAsym,,,PO6-PO5,,0.0,0.0,45
211-000533,1,NEUTRO,148,AlphaAsym_PO4-PO3,AlphaAsym,,,PO4-PO3,,0.0,0.0,45
211-000533,1,NEUTRO,149,AlphaAsym_O2-O1,AlphaAsym,,,O2-O1,,0.19675802163066405,0.13031948072389254,45
211-000533,2,SAD,0,O2_Alpha,bandpower,O2,Alpha,,occipital,0.0,0.0,48
211-000533,2,SAD,1,O2_Beta,bandpower,O2,Beta,,occipital,0.0,0.0,48
211-000533,2,SAD,2,O1_Alpha,bandpower,O1,Alpha,,occipital,0.0,0.0,48
211-000533,2,SAD,3,O1_Beta,bandpower,O1,Beta,,occipital,0.0,0.0,48
211-000533,2,SAD,4,Oz_Alpha,bandpower,Oz,Alpha,,occipital,0.0,0.0,48
211-000533,2,SAD,5,Oz_Beta,bandpower,Oz,Beta,,occipital,0.0,0.0,48
211-000533,2,SAD,6,Pz_Alpha,bandpower,Pz,Alpha,,parietal_midline,0.0,0.0,48
211-000533,2,SAD,7,Pz_Beta,bandpower,Pz,Beta,,parietal_midline,0.02619545144011212,0.012252070219878853,48
211-000533,2,SAD,8,P4_Alpha,bandpower,P4,Alpha,,other,0.0,0.0,48
211-000533,2,SAD,9,P4_Beta,bandpower,P4,Beta,,other,0.0,0.0,48
211-000533,2,SAD,10,CP4_Alpha,bandpower,CP4,Alpha,,temporal_right,0.0,0.0,48
211-000533,2,SAD,11,CP4_Beta,bandpower,CP4,Beta,,temporal_right,0.004119922207198708,0.001687546748775852,48
211-000533,2,SAD,12,P8_Alpha,bandpower,P8,Alpha,,temporal_right,0.0,0.0,48
211-000533,2,SAD,13,P8_Beta,bandpower,P8,Beta,,temporal_right,0.0,0.0,48
211-000533,2,SAD,14,C4_Alpha,bandpower,C4,Alpha,,other,0.0047026034109265945,-0.0013515372345258697,48
211-000533,2,SAD,15,C4_Beta,bandpower,C4,Beta,,other,0.0018863854262760147,0.00031365355832560293,48
211-000533,2,SAD,16,TP8_Alpha,bandpower,TP8,Alpha,,temporal_right,0.0,0.0,48
211-000533,2,SAD,17,TP8_Beta,bandpower,TP8,Beta,,temporal_right,0.0,0.0,48
211-000533,2,SAD,18,T8_Alpha,bandpower,T8,Alpha,,temporal_right,0.0,0.0,48
211-000533,2,SAD,19,T8_Beta,bandpower,T8,Beta,,temporal_right,0.0,0.0,48
211-000533,2,SAD,20,P7_Alpha,bandpower,P7,Alpha,,temporal_left,0.006379117329234715,0.0011229169622851423,48
211-000533,2,SAD,21,P7_Beta,bandpower,P7,Beta,,temporal_left,0.0,0.0,48
211-000533,2,SAD,22,P3_Alpha,bandpower,P3,Alpha,,centro_parietal_left,0.1319719002136139,0.09029780939822263,48
211-000533,2,SAD,23,P3_Beta,bandpower,P3,Beta,,centro_parietal_left,0.05621819545007001,0.02974765396104424,48
211-000533,2,SAD,24,CP3_Alpha,bandpower,CP3,Alpha,,temporal_left,0.0,0.0,48
211-000533,2,SAD,25,CP3_Beta,bandpower,CP3,Beta,,temporal_left,0.04044565394060849,0.022894926594501114,48
211-000533,2,SAD,26,CPz_Alpha,bandpower,CPz,Alpha,,parietal_midline,0.0,0.0,48
211-000533,2,SAD,27,CPz_Beta,bandpower,CPz,Beta,,parietal_midline,0.0,0.0,48
211-000533,2,SAD,28,Cz_Alpha,bandpower,Cz,Alpha,,parietal_midline,0.03556904745888479,0.014778546321784774,48
211-000533,2,SAD,29,Cz_Beta,bandpower,Cz,Beta,,parietal_midline,0.001380609530230818,0.0013163810926397994,48
211-000533,2,SAD,30,FC4_Alpha,bandpower,FC4,Alpha,,frontal_bilateral,0.0,0.0,48
211-000533,2,SAD,31,FC4_Beta,bandpower,FC4,Beta,,frontal_bilateral,0.0,0.0,48
211-000533,2,SAD,32,FT8_Alpha,bandpower,FT8,Alpha,,temporal_right,0.0,0.0,48
211-000533,2,SAD,33,FT8_Beta,bandpower,FT8,Beta,,temporal_right,0.0,0.0,48
211-000533,2,SAD,34,TP7_Alpha,bandpower,TP7,Alpha,,temporal_left,0.010949317090902857,0.0044686395158844965,48
211-000533,2,SAD,35,TP7_Beta,bandpower,TP7,Beta,,temporal_left,0.0,0.0,48
211-000533,2,SAD,36,C3_Alpha,bandpower,C3,Alpha,,centro_parietal_left,0.0,0.0,48
211-000533,2,SAD,37,C3_Beta,bandpower,C3,Beta,,centro_parietal_left,0.005891866817446176,0.0044675801480386496,48
211-000533,2,SAD,38,FCz_Alpha,bandpower,FCz,Alpha,,frontal_bilateral,0.0,0.0,48
211-000533,2,SAD,39,FCz_Beta,bandpower,FCz,Beta,,frontal_bilateral,0.028721770497675127,0.02143474267820961,48
211-000533,2,SAD,40,Fz_Alpha,bandpower,Fz,Alpha,,frontal_bilateral,0.0,0.0,48
211-000533,2,SAD,41,Fz_Beta,bandpower,Fz,Beta,,frontal_bilateral,0.0,0.0,48
211-000533,2,SAD,42,F4_Alpha,bandpower,F4,Alpha,,frontal_bilateral,0.0,0.0,48
211-000533,2,SAD,43,F4_Beta,bandpower,F4,Beta,,frontal_bilateral,0.017062188354683382,0.014373520328712724,48
211-000533,2,SAD,44,F8_Alpha,bandpower,F8,Alpha,,other,0.0,0.0,48
211-000533,2,SAD,45,F8_Beta,bandpower,F8,Beta,,other,0.0,0.0,48
211-000533,2,SAD,46,T7_Alpha,bandpower,T7,Alpha,,temporal_left,0.0084674214257352,0.006176490074598084,48
211-000533,2,SAD,47,T7_Beta,bandpower,T7,Beta,,temporal_left,0.19384650849425986,0.16341462963454942,48
211-000533,2,SAD,48,FT7_Alpha,bandpower,FT7,Alpha,,temporal_left,0.0397304105889319,-0.00018949943743543896,48
211-000533,2,SAD,49,FT7_Beta,bandpower,FT7,Beta,,temporal_left,0.05191583091113749,0.03647509605089338,48
211-000533,2,SAD,50,FC3_Alpha,bandpower,FC3,Alpha,,frontal_bilateral,0.020806760281530945,0.020806760281530945,48
211-000533,2,SAD,51,FC3_Beta,bandpower,FC3,Beta,,frontal_bilateral,0.16651224420100172,0.15898361949391426,48
211-000533,2,SAD,52,F3_Alpha,bandpower,F3,Alpha,,frontal_bilateral,0.0,0.0,48
211-000533,2,SAD,53,F3_Beta,bandpower,F3,Beta,,frontal_bilateral,0.0,0.0,48
211-000533,2,SAD,54,Fp2_Alpha,bandpower,Fp2,Alpha,,frontal_bilateral,0.0202274396273346,0.010409365263121868,48
211-000533,2,SAD,55,Fp2_Beta,bandpower,Fp2,Beta,,frontal_bilateral,0.03581396387797514,0.033406535656025714,48
211-000533,2,SAD,56,F7_Alpha,bandpower,F7,Alpha,,frontal_inferior_left,0.0,0.0,48
211-000533,2,SAD,57,F7_Beta,bandpower,F7,Beta,,frontal_inferior_left,0.0,0.0,48
211-000533,2,SAD,58,Fp1_Alpha,bandpower,Fp1,Alpha,,frontal_bilateral,0.03856012807211446,0.025886805851230033,48
211-000533,2,SAD,59,Fp1_Beta,bandpower,Fp1,Beta,,frontal_bilateral,0.034999833352360406,0.02370302065881204,48
211-000533,2,SAD,60,PO5_Alpha,bandpower,PO5,Alpha,,other,0.08337277206475967,0.06601594515682653,48
211-000533,2,SAD,61,PO5_Beta,bandpower,PO5,Beta,,other,0.06733333067835572,0.06685682193335672,48
211-000533,2,SAD,62,PO3_Alpha,bandpower,PO3,Alpha,,occipital,0.0,0.0,48
211-000533,2,SAD,63,PO3_Beta,bandpower,PO3,Beta,,occipital,0.0219303771252089,0.0005407359065045097,48
211-000533,2,SAD,64,P1_Alpha,bandpower,P1,Alpha,,other,0.0,0.0,48
211-000533,2,SAD,65,P1_Beta,bandpower,P1,Beta,,other,0.015191332337511366,0.003952363436830488,48
211-000533,2,SAD,66,POz_Alpha,bandpower,POz,Alpha,,occipital,0.015387597624315803,0.013240133584249818,48
211-000533,2,SAD,67,POz_Beta,bandpower,POz,Beta,,occipital,0.0,0.0,48
211-000533,2,SAD,68,P2_Alpha,bandpower,P2,Alpha,,other,0.0,0.0,48
211-000533,2,SAD,69,P2_Beta,bandpower,P2,Beta,,other,0.06438890511699487,0.04920238207647209,48
211-000533,2,SAD,70,PO4_Alpha,bandpower,PO4,Alpha,,occipital,0.0,0.0,48
211-000533,2,SAD,71,PO4_Beta,bandpower,PO4,Beta,,occipital,0.010272547798314062,-0.0028476929835979828,48
211-000533,2,SAD,72,CP2_Alpha,bandpower,CP2,Alpha,,other,0.0,0.0,48
211-000533,2,SAD,73,CP2_Beta,bandpower,CP2,Beta,,other,0.16443795526711785,0.02841198082557915,48
211-000533,2,SAD,74,P6_Alpha,bandpower,P6,Alpha,,temporal_right,0.0,0.0,48
211-000533,2,SAD,75,P6_Beta,bandpower,P6,Beta,,temporal_right,0.0,0.0,48
211-000533,2,SAD,76,PO6_Alpha,bandpower,PO6,Alpha,,other,0.0,0.0,48
211-000533,2,SAD,77,PO6_Beta,bandpower,PO6,Beta,,other,0.0,0.0,48
211-000533,2,SAD,78,CP6_Alpha,bandpower,CP6,Alpha,,temporal_right,0.0,0.0,48
211-000533,2,SAD,79,CP6_Beta,bandpower,CP6,Beta,,temporal_right,0.0,0.0,48
211-000533,2,SAD,80,C6_Alpha,bandpower,C6,Alpha,,temporal_right,0.0,0.0,48
211-000533,2,SAD,81,C6_Beta,bandpower,C6,Beta,,temporal_right,0.0,0.0,48
211-000533,2,SAD,82,PO8_Alpha,bandpower,PO8,Alpha,,occipital,0.0,0.0,48
211-000533,2,SAD,83,PO8_Beta,bandpower,PO8,Beta,,occipital,0.0,0.0,48
211-000533,2,SAD,84,PO7_Alpha,bandpower,PO7,Alpha,,occipital,0.0,0.0,48
211-000533,2,SAD,85,PO7_Beta,bandpower,PO7,Beta,,occipital,0.0,0.0,48
211-000533,2,SAD,86,P5_Alpha,bandpower,P5,Alpha,,temporal_left,0.0,0.0,48
211-000533,2,SAD,87,P5_Beta,bandpower,P5,Beta,,temporal_left,0.0,0.0,48
211-000533,2,SAD,88,CP5_Alpha,bandpower,CP5,Alpha,,temporal_left,0.0,0.0,48
211-000533,2,SAD,89,CP5_Beta,bandpower,CP5,Beta,,temporal_left,0.0,0.0,48
211-000533,2,SAD,90,CP1_Alpha,bandpower,CP1,Alpha,,other,0.0,0.0,48
211-000533,2,SAD,91,CP1_Beta,bandpower,CP1,Beta,,other,0.0,0.0,48
211-000533,2,SAD,92,C1_Alpha,bandpower,C1,Alpha,,other,0.009948340988670994,0.0010333403569676447,48
211-000533,2,SAD,93,C1_Beta,bandpower,C1,Beta,,other,0.0027853881780952176,0.002304177320342337,48
211-000533,2,SAD,94,C2_Alpha,bandpower,C2,Alpha,,other,0.007445748511895567,0.003564586141348453,48
211-000533,2,SAD,95,C2_Beta,bandpower,C2,Beta,,other,0.008703228444832874,0.006877678468435733,48
211-000533,2,SAD,96,FC2_Alpha,bandpower,FC2,Alpha,,other,0.0,0.0,48
211-000533,2,SAD,97,FC2_Beta,bandpower,FC2,Beta,,other,0.0,0.0,48
211-000533,2,SAD,98,FC6_Alpha,bandpower,FC6,Alpha,,other,0.09322159954020291,0.057855151296625724,48
211-000533,2,SAD,99,FC6_Beta,bandpower,FC6,Beta,,other,0.0,0.0,48
211-000533,2,SAD,100,C5_Alpha,bandpower,C5,Alpha,,temporal_left,0.0,0.0,48
211-000533,2,SAD,101,C5_Beta,bandpower,C5,Beta,,temporal_left,0.0,0.0,48
211-000533,2,SAD,102,FC1_Alpha,bandpower,FC1,Alpha,,other,0.0,0.0,48
211-000533,2,SAD,103,FC1_Beta,bandpower,FC1,Beta,,other,0.0,0.0,48
211-000533,2,SAD,104,F2_Alpha,bandpower,F2,Alpha,,frontal_bilateral,0.0,0.0,48
211-000533,2,SAD,105,F2_Beta,bandpower,F2,Beta,,frontal_bilateral,0.0,0.0,48
211-000533,2,SAD,106,F6_Alpha,bandpower,F6,Alpha,,other,0.0,0.0,48
211-000533,2,SAD,107,F6_Beta,bandpower,F6,Beta,,other,0.2780246823459989,0.2507092962030682,48
211-000533,2,SAD,108,FC5_Alpha,bandpower,FC5,Alpha,,frontal_inferior_left,0.0,0.0,48
211-000533,2,SAD,109,FC5_Beta,bandpower,FC5,Beta,,frontal_inferior_left,0.3875204691943639,0.28248482283604603,48
211-000533,2,SAD,110,F1_Alpha,bandpower,F1,Alpha,,frontal_bilateral,0.0,0.0,48
211-000533,2,SAD,111,F1_Beta,bandpower,F1,Beta,,frontal_bilateral,0.0,0.0,48
211-000533,2,SAD,112,AF4_Alpha,bandpower,AF4,Alpha,,frontal_bilateral,0.0,0.0,48
211-000533,2,SAD,113,AF4_Beta,bandpower,AF4,Beta,,frontal_bilateral,0.0,0.0,48
211-000533,2,SAD,114,AF8_Alpha,bandpower,AF8,Alpha,,frontal_bilateral,0.0,0.0,48
211-000533,2,SAD,115,AF8_Beta,bandpower,AF8,Beta,,frontal_bilateral,1.2972881207837756,1.2816177394793264,48
211-000533,2,SAD,116,F5_Alpha,bandpower,F5,Alpha,,frontal_inferior_left,0.0,0.0,48
211-000533,2,SAD,117,F5_Beta,bandpower,F5,Beta,,frontal_inferior_left,0.0,0.0,48
211-000533,2,SAD,118,AF7_Alpha,bandpower,AF7,Alpha,,frontal_bilateral,0.0,0.0,48
211-000533,2,SAD,119,AF7_Beta,bandpower,AF7,Beta,,frontal_bilateral,0.07732171759116978,0.016331405720334792,48
211-000533,2,SAD,120,AF3_Alpha,bandpower,AF3,Alpha,,frontal_bilateral,0.0,0.0,48
211-000533,2,SAD,121,AF3_Beta,bandpower,AF3,Beta,,frontal_bilateral,0.0,0.0,48
211-000533,2,SAD,122,Fpz_Alpha,bandpower,Fpz,Alpha,,frontal_bilateral,0.0,0.0,48
211-000533,2,SAD,123,Fpz_Beta,bandpower,Fpz,Beta,,frontal_bilateral,0.0,0.0,48
211-000533,2,SAD,124,AlphaAsym_Fp2-Fp1,AlphaAsym,,,Fp2-Fp1,,0.0,0.0,48
211-000533,2,SAD,125,AlphaAsym_AF8-AF7,AlphaAsym,,,AF8-AF7,,0.003934439143873011,-0.0015639129163760564,48
211-000533,2,SAD,126,AlphaAsym_AF4-AF3,AlphaAsym,,,AF4-AF3,,0.0,0.0,48
211-000533,2,SAD,127,AlphaAsym_F8-F7,AlphaAsym,,,F8-F7,,0.02855354667487515,0.017952426822821544,48
211-000533,2,SAD,128,AlphaAsym_F6-F5,AlphaAsym,,,F6-F5,,0.0,0.0,48
211-000533,2,SAD,129,AlphaAsym_F4-F3,AlphaAsym,,,F4-F3,,0.0,0.0,48
211-000533,2,SAD,130,AlphaAsym_F2-F1,AlphaAsym,,,F2-F1,,0.0,0.0,48
211-000533,2,SAD,131,AlphaAsym_FC6-FC5,AlphaAsym,,,FC6-FC5,,0.0,0.0,48
211-000533,2,SAD,132,AlphaAsym_FC4-FC3,AlphaAsym,,,FC4-FC3,,0.0,0.0,48
211-000533,2,SAD,133,AlphaAsym_FC2-FC1,AlphaAsym,,,FC2-FC1,,0.0,0.0,48
211-000533,2,SAD,134,AlphaAsym_T8-T7,AlphaAsym,,,T8-T7,,0.0,0.0,48
211-000533,2,SAD,135,AlphaAsym_C6-C5,AlphaAsym,,,C6-C5,,0.0,0.0,48
211-000533,2,SAD,136,AlphaAsym_C4-C3,AlphaAsym,,,C4-C3,,0.2667243721480404,0.2039366909195747,48
211-000533,2,SAD,137,AlphaAsym_C2-C1,AlphaAsym,,,C2-C1,,0.0,0.0,48
211-000533,2,SAD,138,AlphaAsym_TP8-TP7,AlphaAsym,,,TP8-TP7,,0.0,0.0,48
211-000533,2,SAD,139,AlphaAsym_CP6-CP5,AlphaAsym,,,CP6-CP5,,0.0,0.0,48
211-000533,2,SAD,140,AlphaAsym_CP4-CP3,AlphaAsym,,,CP4-CP3,,0.0,0.0,48
211-000533,2,SAD,141,AlphaAsym_CP2-CP1,AlphaAsym,,,CP2-CP1,,0.0,0.0,48
211-000533,2,SAD,142,AlphaAsym_P8-P7,AlphaAsym,,,P8-P7,,0.0,0.0,48
211-000533,2,SAD,143,AlphaAsym_P6-P5,AlphaAsym,,,P6-P5,,0.0,0.0,48
211-000533,2,SAD,144,AlphaAsym_P4-P3,AlphaAsym,,,P4-P3,,0.0,0.0,48
211-000533,2,SAD,145,AlphaAsym_P2-P1,AlphaAsym,,,P2-P1,,0.0,0.0,48
211-000533,2,SAD,146,AlphaAsym_PO8-PO7,AlphaAsym,,,PO8-PO7,,0.036292898539974264,0.01678786209928177,48
211-000533,2,SAD,147,AlphaAsym_PO6-PO5,AlphaAsym,,,PO6-PO5,,0.005337138170761622,0.002394220906657225,48
211-000533,2,SAD,148,AlphaAsym_PO4-PO3,AlphaAsym,,,PO4-PO3,,0.0,0.0,48
211-000533,2,SAD,149,AlphaAsym_O2-O1,AlphaAsym,,,O2-O1,,0.0,0.0,48
211-000535,0,JOY,0,O2_Alpha,bandpower,O2,Alpha,,occipital,0.0,0.0,45
211-000535,0,JOY,1,O2_Beta,bandpower,O2,Beta,,occipital,0.0,0.0,45
211-000535,0,JOY,2,O1_Alpha,bandpower,O1,Alpha,,occipital,0.0,0.0,45
211-000535,0,JOY,3,O1_Beta,bandpower,O1,Beta,,occipital,0.0,0.0,45
211-000535,0,JOY,4,Oz_Alpha,bandpower,Oz,Alpha,,occipital,0.02828059457061798,0.006237061569887952,45
211-000535,0,JOY,5,Oz_Beta,bandpower,Oz,Beta,,occipital,0.0,0.0,45
211-000535,0,JOY,6,Pz_Alpha,bandpower,Pz,Alpha,,parietal_midline,0.0,0.0,45
211-000535,0,JOY,7,Pz_Beta,bandpower,Pz,Beta,,parietal_midline,0.0017321848853259112,0.00010269580552755563,45
211-000535,0,JOY,8,P4_Alpha,bandpower,P4,Alpha,,other,0.08889687981672956,0.04679487395311791,45
211-000535,0,JOY,9,P4_Beta,bandpower,P4,Beta,,other,0.0,0.0,45
211-000535,0,JOY,10,CP4_Alpha,bandpower,CP4,Alpha,,temporal_right,0.0,0.0,45
211-000535,0,JOY,11,CP4_Beta,bandpower,CP4,Beta,,temporal_right,0.0,0.0,45
211-000535,0,JOY,12,P8_Alpha,bandpower,P8,Alpha,,temporal_right,0.0,0.0,45
211-000535,0,JOY,13,P8_Beta,bandpower,P8,Beta,,temporal_right,0.0,0.0,45
211-000535,0,JOY,14,C4_Alpha,bandpower,C4,Alpha,,other,0.0,0.0,45
211-000535,0,JOY,15,C4_Beta,bandpower,C4,Beta,,other,0.0,0.0,45
211-000535,0,JOY,16,TP8_Alpha,bandpower,TP8,Alpha,,temporal_right,0.0,0.0,45
211-000535,0,JOY,17,TP8_Beta,bandpower,TP8,Beta,,temporal_right,0.20448630284854,0.15089129053968012,45
211-000535,0,JOY,18,T8_Alpha,bandpower,T8,Alpha,,temporal_right,0.0,0.0,45
211-000535,0,JOY,19,T8_Beta,bandpower,T8,Beta,,temporal_right,0.02608922795502753,0.015509881434285624,45
211-000535,0,JOY,20,P7_Alpha,bandpower,P7,Alpha,,temporal_left,0.0,0.0,45
211-000535,0,JOY,21,P7_Beta,bandpower,P7,Beta,,temporal_left,0.0,0.0,45
211-000535,0,JOY,22,P3_Alpha,bandpower,P3,Alpha,,centro_parietal_left,0.0382654929758346,0.018724565119836802,45
211-000535,0,JOY,23,P3_Beta,bandpower,P3,Beta,,centro_parietal_left,0.0,0.0,45
211-000535,0,JOY,24,CP3_Alpha,bandpower,CP3,Alpha,,temporal_left,0.0,0.0,45
211-000535,0,JOY,25,CP3_Beta,bandpower,CP3,Beta,,temporal_left,0.07632424828369866,0.025819625970069874,45
211-000535,0,JOY,26,CPz_Alpha,bandpower,CPz,Alpha,,parietal_midline,0.0,0.0,45
211-000535,0,JOY,27,CPz_Beta,bandpower,CPz,Beta,,parietal_midline,0.0,0.0,45
211-000535,0,JOY,28,Cz_Alpha,bandpower,Cz,Alpha,,parietal_midline,0.0057192070303954245,0.0026686250071028482,45
211-000535,0,JOY,29,Cz_Beta,bandpower,Cz,Beta,,parietal_midline,0.0,0.0,45
211-000535,0,JOY,30,FC4_Alpha,bandpower,FC4,Alpha,,frontal_bilateral,0.0,0.0,45
211-000535,0,JOY,31,FC4_Beta,bandpower,FC4,Beta,,frontal_bilateral,0.0,0.0,45
211-000535,0,JOY,32,FT8_Alpha,bandpower,FT8,Alpha,,temporal_right,0.0,0.0,45
211-000535,0,JOY,33,FT8_Beta,bandpower,FT8,Beta,,temporal_right,0.013903489159016062,0.00999062712055543,45
211-000535,0,JOY,34,TP7_Alpha,bandpower,TP7,Alpha,,temporal_left,0.0,0.0,45
211-000535,0,JOY,35,TP7_Beta,bandpower,TP7,Beta,,temporal_left,0.0,0.0,45
211-000535,0,JOY,36,C3_Alpha,bandpower,C3,Alpha,,centro_parietal_left,0.0060136099798848465,0.0007072526410422676,45
211-000535,0,JOY,37,C3_Beta,bandpower,C3,Beta,,centro_parietal_left,0.0,0.0,45
211-000535,0,JOY,38,FCz_Alpha,bandpower,FCz,Alpha,,frontal_bilateral,0.0,0.0,45
211-000535,0,JOY,39,FCz_Beta,bandpower,FCz,Beta,,frontal_bilateral,0.0,0.0,45
211-000535,0,JOY,40,Fz_Alpha,bandpower,Fz,Alpha,,frontal_bilateral,0.0,0.0,45
211-000535,0,JOY,41,Fz_Beta,bandpower,Fz,Beta,,frontal_bilateral,0.0,0.0,45
211-000535,0,JOY,42,F4_Alpha,bandpower,F4,Alpha,,frontal_bilateral,0.0,0.0,45
211-000535,0,JOY,43,F4_Beta,bandpower,F4,Beta,,frontal_bilateral,0.028097352874734208,0.019473417231119998,45
211-000535,0,JOY,44,F8_Alpha,bandpower,F8,Alpha,,other,0.0,0.0,45
211-000535,0,JOY,45,F8_Beta,bandpower,F8,Beta,,other,0.0,0.0,45
211-000535,0,JOY,46,T7_Alpha,bandpower,T7,Alpha,,temporal_left,0.0038601117937075067,0.0038162808246700658,45
211-000535,0,JOY,47,T7_Beta,bandpower,T7,Beta,,temporal_left,0.01531154438997733,0.01312486002158417,45
211-000535,0,JOY,48,FT7_Alpha,bandpower,FT7,Alpha,,temporal_left,0.1414338014069511,0.09606972432211607,45
211-000535,0,JOY,49,FT7_Beta,bandpower,FT7,Beta,,temporal_left,0.4895571703944001,0.37347147994178764,45
211-000535,0,JOY,50,FC3_Alpha,bandpower,FC3,Alpha,,frontal_bilateral,0.0,0.0,45
211-000535,0,JOY,51,FC3_Beta,bandpower,FC3,Beta,,frontal_bilateral,0.0,0.0,45
211-000535,0,JOY,52,F3_Alpha,bandpower,F3,Alpha,,frontal_bilateral,0.024217240795059825,0.0023940584009160696,45
211-000535,0,JOY,53,F3_Beta,bandpower,F3,Beta,,frontal_bilateral,0.0,0.0,45
211-000535,0,JOY,54,Fp2_Alpha,bandpower,Fp2,Alpha,,frontal_bilateral,0.0,0.0,45
211-000535,0,JOY,55,Fp2_Beta,bandpower,Fp2,Beta,,frontal_bilateral,0.07678198460048276,0.06420041538591942,45
211-000535,0,JOY,56,F7_Alpha,bandpower,F7,Alpha,,frontal_inferior_left,0.0,0.0,45
211-000535,0,JOY,57,F7_Beta,bandpower,F7,Beta,,frontal_inferior_left,0.0,0.0,45
211-000535,0,JOY,58,Fp1_Alpha,bandpower,Fp1,Alpha,,frontal_bilateral,0.0,0.0,45
211-000535,0,JOY,59,Fp1_Beta,bandpower,Fp1,Beta,,frontal_bilateral,0.0,0.0,45
211-000535,0,JOY,60,PO5_Alpha,bandpower,PO5,Alpha,,other,0.0,0.0,45
211-000535,0,JOY,61,PO5_Beta,bandpower,PO5,Beta,,other,0.0,0.0,45
211-000535,0,JOY,62,PO3_Alpha,bandpower,PO3,Alpha,,occipital,0.0,0.0,45
211-000535,0,JOY,63,PO3_Beta,bandpower,PO3,Beta,,occipital,0.0,0.0,45
211-000535,0,JOY,64,P1_Alpha,bandpower,P1,Alpha,,other,0.0,0.0,45
211-000535,0,JOY,65,P1_Beta,bandpower,P1,Beta,,other,0.0,0.0,45
211-000535,0,JOY,66,POz_Alpha,bandpower,POz,Alpha,,occipital,0.0,0.0,45
211-000535,0,JOY,67,POz_Beta,bandpower,POz,Beta,,occipital,0.016500016531299594,0.008961988101450038,45
211-000535,0,JOY,68,P2_Alpha,bandpower,P2,Alpha,,other,0.0,0.0,45
211-000535,0,JOY,69,P2_Beta,bandpower,P2,Beta,,other,0.0,0.0,45
211-000535,0,JOY,70,PO4_Alpha,bandpower,PO4,Alpha,,occipital,0.0,0.0,45
211-000535,0,JOY,71,PO4_Beta,bandpower,PO4,Beta,,occipital,0.07074853855536548,0.003418913636155158,45
211-000535,0,JOY,72,CP2_Alpha,bandpower,CP2,Alpha,,other,0.0,0.0,45
211-000535,0,JOY,73,CP2_Beta,bandpower,CP2,Beta,,other,0.0,0.0,45
211-000535,0,JOY,74,P6_Alpha,bandpower,P6,Alpha,,temporal_right,0.0,0.0,45
211-000535,0,JOY,75,P6_Beta,bandpower,P6,Beta,,temporal_right,0.0,0.0,45
211-000535,0,JOY,76,PO6_Alpha,bandpower,PO6,Alpha,,other,0.0,0.0,45
211-000535,0,JOY,77,PO6_Beta,bandpower,PO6,Beta,,other,0.0,0.0,45
211-000535,0,JOY,78,CP6_Alpha,bandpower,CP6,Alpha,,temporal_right,0.0,0.0,45
211-000535,0,JOY,79,CP6_Beta,bandpower,CP6,Beta,,temporal_right,0.0,0.0,45
211-000535,0,JOY,80,C6_Alpha,bandpower,C6,Alpha,,temporal_right,0.0,0.0,45
211-000535,0,JOY,81,C6_Beta,bandpower,C6,Beta,,temporal_right,0.0,0.0,45
211-000535,0,JOY,82,PO8_Alpha,bandpower,PO8,Alpha,,occipital,0.0,0.0,45
211-000535,0,JOY,83,PO8_Beta,bandpower,PO8,Beta,,occipital,0.0,0.0,45
211-000535,0,JOY,84,PO7_Alpha,bandpower,PO7,Alpha,,occipital,0.4392886635194063,0.40001147739574666,45
211-000535,0,JOY,85,PO7_Beta,bandpower,PO7,Beta,,occipital,0.6065014325703508,0.5785962329361336,45
211-000535,0,JOY,86,P5_Alpha,bandpower,P5,Alpha,,temporal_left,0.0,0.0,45
211-000535,0,JOY,87,P5_Beta,bandpower,P5,Beta,,temporal_left,0.0,0.0,45
211-000535,0,JOY,88,CP5_Alpha,bandpower,CP5,Alpha,,temporal_left,0.0,0.0,45
211-000535,0,JOY,89,CP5_Beta,bandpower,CP5,Beta,,temporal_left,0.0,0.0,45
211-000535,0,JOY,90,CP1_Alpha,bandpower,CP1,Alpha,,other,0.0,0.0,45
211-000535,0,JOY,91,CP1_Beta,bandpower,CP1,Beta,,other,0.0,0.0,45
211-000535,0,JOY,92,C1_Alpha,bandpower,C1,Alpha,,other,0.006393304697688022,-0.005180008016290079,45
211-000535,0,JOY,93,C1_Beta,bandpower,C1,Beta,,other,0.0,0.0,45
211-000535,0,JOY,94,C2_Alpha,bandpower,C2,Alpha,,other,0.0,0.0,45
211-000535,0,JOY,95,C2_Beta,bandpower,C2,Beta,,other,0.0,0.0,45
211-000535,0,JOY,96,FC2_Alpha,bandpower,FC2,Alpha,,other,0.0,0.0,45
211-000535,0,JOY,97,FC2_Beta,bandpower,FC2,Beta,,other,0.0,0.0,45
211-000535,0,JOY,98,FC6_Alpha,bandpower,FC6,Alpha,,other,0.0,0.0,45
211-000535,0,JOY,99,FC6_Beta,bandpower,FC6,Beta,,other,0.18886184757991448,0.14147164689355013,45
211-000535,0,JOY,100,C5_Alpha,bandpower,C5,Alpha,,temporal_left,0.0,0.0,45
211-000535,0,JOY,101,C5_Beta,bandpower,C5,Beta,,temporal_left,0.0,0.0,45
211-000535,0,JOY,102,FC1_Alpha,bandpower,FC1,Alpha,,other,0.0,0.0,45
211-000535,0,JOY,103,FC1_Beta,bandpower,FC1,Beta,,other,0.0,0.0,45
211-000535,0,JOY,104,F2_Alpha,bandpower,F2,Alpha,,frontal_bilateral,0.0,0.0,45
211-000535,0,JOY,105,F2_Beta,bandpower,F2,Beta,,frontal_bilateral,0.04958492753609197,0.0013766176785882077,45
211-000535,0,JOY,106,F6_Alpha,bandpower,F6,Alpha,,other,0.0,0.0,45
211-000535,0,JOY,107,F6_Beta,bandpower,F6,Beta,,other,0.0,0.0,45
211-000535,0,JOY,108,FC5_Alpha,bandpower,FC5,Alpha,,frontal_inferior_left,0.0,0.0,45
211-000535,0,JOY,109,FC5_Beta,bandpower,FC5,Beta,,frontal_inferior_left,0.0,0.0,45
211-000535,0,JOY,110,F1_Alpha,bandpower,F1,Alpha,,frontal_bilateral,0.0,0.0,45
211-000535,0,JOY,111,F1_Beta,bandpower,F1,Beta,,frontal_bilateral,0.0,0.0,45
211-000535,0,JOY,112,AF4_Alpha,bandpower,AF4,Alpha,,frontal_bilateral,0.0,0.0,45
211-000535,0,JOY,113,AF4_Beta,bandpower,AF4,Beta,,frontal_bilateral,0.24159452044852361,0.1173581402925561,45
211-000535,0,JOY,114,AF8_Alpha,bandpower,AF8,Alpha,,frontal_bilateral,0.0,0.0,45
211-000535,0,JOY,115,AF8_Beta,bandpower,AF8,Beta,,frontal_bilateral,0.07662992733451042,0.05192399342218579,45
211-000535,0,JOY,116,F5_Alpha,bandpower,F5,Alpha,,frontal_inferior_left,0.0,0.0,45
211-000535,0,JOY,117,F5_Beta,bandpower,F5,Beta,,frontal_inferior_left,0.19027260980942795,0.12500393659347322,45
211-000535,0,JOY,118,AF7_Alpha,bandpower,AF7,Alpha,,frontal_bilateral,0.0,0.0,45
211-000535,0,JOY,119,AF7_Beta,bandpower,AF7,Beta,,frontal_bilateral,0.0,0.0,45
211-000535,0,JOY,120,AF3_Alpha,bandpower,AF3,Alpha,,frontal_bilateral,0.0,0.0,45
211-000535,0,JOY,121,AF3_Beta,bandpower,AF3,Beta,,frontal_bilateral,0.0,0.0,45
211-000535,0,JOY,122,Fpz_Alpha,bandpower,Fpz,Alpha,,frontal_bilateral,0.005409242950356687,0.005121113023738343,45
211-000535,0,JOY,123,Fpz_Beta,bandpower,Fpz,Beta,,frontal_bilateral,0.3655619733732508,0.3585428452888095,45
211-000535,0,JOY,124,AlphaAsym_Fp2-Fp1,AlphaAsym,,,Fp2-Fp1,,0.0,0.0,45
211-000535,0,JOY,125,AlphaAsym_AF8-AF7,AlphaAsym,,,AF8-AF7,,0.0,0.0,45
211-000535,0,JOY,126,AlphaAsym_AF4-AF3,AlphaAsym,,,AF4-AF3,,0.06973732680990825,0.029891852514358025,45
211-000535,0,JOY,127,AlphaAsym_F8-F7,AlphaAsym,,,F8-F7,,0.16259133115335742,0.049973529758073634,45
211-000535,0,JOY,128,AlphaAsym_F6-F5,AlphaAsym,,,F6-F5,,0.0,0.0,45
211-000535,0,JOY,129,AlphaAsym_F4-F3,AlphaAsym,,,F4-F3,,0.0,0.0,45
211-000535,0,JOY,130,AlphaAsym_F2-F1,AlphaAsym,,,F2-F1,,0.0,0.0,45
211-000535,0,JOY,131,AlphaAsym_FC6-FC5,AlphaAsym,,,FC6-FC5,,0.0,0.0,45
211-000535,0,JOY,132,AlphaAsym_FC4-FC3,AlphaAsym,,,FC4-FC3,,0.0,0.0,45
211-000535,0,JOY,133,AlphaAsym_FC2-FC1,AlphaAsym,,,FC2-FC1,,0.0,0.0,45
211-000535,0,JOY,134,AlphaAsym_T8-T7,AlphaAsym,,,T8-T7,,0.07418370770153385,0.0344927739027345,45
211-000535,0,JOY,135,AlphaAsym_C6-C5,AlphaAsym,,,C6-C5,,0.0,0.0,45
211-000535,0,JOY,136,AlphaAsym_C4-C3,AlphaAsym,,,C4-C3,,0.0,0.0,45
211-000535,0,JOY,137,AlphaAsym_C2-C1,AlphaAsym,,,C2-C1,,0.0,0.0,45
211-000535,0,JOY,138,AlphaAsym_TP8-TP7,AlphaAsym,,,TP8-TP7,,0.0,0.0,45
211-000535,0,JOY,139,AlphaAsym_CP6-CP5,AlphaAsym,,,CP6-CP5,,0.0,0.0,45
211-000535,0,JOY,140,AlphaAsym_CP4-CP3,AlphaAsym,,,CP4-CP3,,0.0,0.0,45
211-000535,0,JOY,141,AlphaAsym_CP2-CP1,AlphaAsym,,,CP2-CP1,,0.0,0.0,45
211-000535,0,JOY,142,AlphaAsym_P8-P7,AlphaAsym,,,P8-P7,,0.0,0.0,45
211-000535,0,JOY,143,AlphaAsym_P6-P5,AlphaAsym,,,P6-P5,,0.0,0.0,45
211-000535,0,JOY,144,AlphaAsym_P4-P3,AlphaAsym,,,P4-P3,,0.0,0.0,45
211-000535,0,JOY,145,AlphaAsym_P2-P1,AlphaAsym,,,P2-P1,,0.0,0.0,45
211-000535,0,JOY,146,AlphaAsym_PO8-PO7,AlphaAsym,,,PO8-PO7,,0.022356092591677198,0.01055680989953027,45
211-000535,0,JOY,147,AlphaAsym_PO6-PO5,AlphaAsym,,,PO6-PO5,,0.0,0.0,45
211-000535,0,JOY,148,AlphaAsym_PO4-PO3,AlphaAsym,,,PO4-PO3,,0.0,0.0,45
211-000535,0,JOY,149,AlphaAsym_O2-O1,AlphaAsym,,,O2-O1,,0.0,0.0,45
211-000535,1,NEUTRO,0,O2_Alpha,bandpower,O2,Alpha,,occipital,0.0,0.0,28
211-000535,1,NEUTRO,1,O2_Beta,bandpower,O2,Beta,,occipital,0.0,0.0,28
211-000535,1,NEUTRO,2,O1_Alpha,bandpower,O1,Alpha,,occipital,0.058443313556802545,0.011475135825192134,28
211-000535,1,NEUTRO,3,O1_Beta,bandpower,O1,Beta,,occipital,0.0,0.0,28
211-000535,1,NEUTRO,4,Oz_Alpha,bandpower,Oz,Alpha,,occipital,0.2569081006349479,0.13871297826920687,28
211-000535,1,NEUTRO,5,Oz_Beta,bandpower,Oz,Beta,,occipital,0.42330572545912043,0.21043147362712483,28
211-000535,1,NEUTRO,6,Pz_Alpha,bandpower,Pz,Alpha,,parietal_midline,0.0,0.0,28
211-000535,1,NEUTRO,7,Pz_Beta,bandpower,Pz,Beta,,parietal_midline,0.0,0.0,28
211-000535,1,NEUTRO,8,P4_Alpha,bandpower,P4,Alpha,,other,0.009256323849594813,0.0033192229289996053,28
211-000535,1,NEUTRO,9,P4_Beta,bandpower,P4,Beta,,other,0.0,0.0,28
211-000535,1,NEUTRO,10,CP4_Alpha,bandpower,CP4,Alpha,,temporal_right,0.0046057319747132884,-0.0014238099985641264,28
211-000535,1,NEUTRO,11,CP4_Beta,bandpower,CP4,Beta,,temporal_right,0.0,0.0,28
211-000535,1,NEUTRO,12,P8_Alpha,bandpower,P8,Alpha,,temporal_right,0.0,0.0,28
211-000535,1,NEUTRO,13,P8_Beta,bandpower,P8,Beta,,temporal_right,0.0,0.0,28
211-000535,1,NEUTRO,14,C4_Alpha,bandpower,C4,Alpha,,other,0.0,0.0,28
211-000535,1,NEUTRO,15,C4_Beta,bandpower,C4,Beta,,other,0.18096187830106283,0.06200727865908863,28
211-000535,1,NEUTRO,16,TP8_Alpha,bandpower,TP8,Alpha,,temporal_right,0.0,0.0,28
211-000535,1,NEUTRO,17,TP8_Beta,bandpower,TP8,Beta,,temporal_right,0.07080012813345735,0.023780371128557583,28
211-000535,1,NEUTRO,18,T8_Alpha,bandpower,T8,Alpha,,temporal_right,0.0,0.0,28
211-000535,1,NEUTRO,19,T8_Beta,bandpower,T8,Beta,,temporal_right,0.028408441368399186,0.005161634435401673,28
211-000535,1,NEUTRO,20,P7_Alpha,bandpower,P7,Alpha,,temporal_left,0.0028341427079864993,0.0005340267216006091,28
211-000535,1,NEUTRO,21,P7_Beta,bandpower,P7,Beta,,temporal_left,0.0,0.0,28
211-000535,1,NEUTRO,22,P3_Alpha,bandpower,P3,Alpha,,centro_parietal_left,0.0,0.0,28
211-000535,1,NEUTRO,23,P3_Beta,bandpower,P3,Beta,,centro_parietal_left,0.0,0.0,28
211-000535,1,NEUTRO,24,CP3_Alpha,bandpower,CP3,Alpha,,temporal_left,0.0,0.0,28
211-000535,1,NEUTRO,25,CP3_Beta,bandpower,CP3,Beta,,temporal_left,0.030634422659348803,0.0025904176640207982,28
211-000535,1,NEUTRO,26,CPz_Alpha,bandpower,CPz,Alpha,,parietal_midline,0.1147540071604819,0.007593987325958667,28
211-000535,1,NEUTRO,27,CPz_Beta,bandpower,CPz,Beta,,parietal_midline,0.0,0.0,28
211-000535,1,NEUTRO,28,Cz_Alpha,bandpower,Cz,Alpha,,parietal_midline,0.0,0.0,28
211-000535,1,NEUTRO,29,Cz_Beta,bandpower,Cz,Beta,,parietal_midline,0.059319626861107685,0.045239788417143864,28
211-000535,1,NEUTRO,30,FC4_Alpha,bandpower,FC4,Alpha,,frontal_bilateral,0.0,0.0,28
211-000535,1,NEUTRO,31,FC4_Beta,bandpower,FC4,Beta,,frontal_bilateral,0.06190276566199936,-0.04108734540422809,28
211-000535,1,NEUTRO,32,FT8_Alpha,bandpower,FT8,Alpha,,temporal_right,0.0,0.0,28
211-000535,1,NEUTRO,33,FT8_Beta,bandpower,FT8,Beta,,temporal_right,0.10924267850606491,0.042237970101265856,28
211-000535,1,NEUTRO,34,TP7_Alpha,bandpower,TP7,Alpha,,temporal_left,0.0,0.0,28
211-000535,1,NEUTRO,35,TP7_Beta,bandpower,TP7,Beta,,temporal_left,0.08796847414523787,0.04658987362655147,28
211-000535,1,NEUTRO,36,C3_Alpha,bandpower,C3,Alpha,,centro_parietal_left,0.0,0.0,28
211-000535,1,NEUTRO,37,C3_Beta,bandpower,C3,Beta,,centro_parietal_left,0.0,0.0,28
211-000535,1,NEUTRO,38,FCz_Alpha,bandpower,FCz,Alpha,,frontal_bilateral,0.001986934488078792,-0.00039643437147488317,28
211-000535,1,NEUTRO,39,FCz_Beta,bandpower,FCz,Beta,,frontal_bilateral,0.0,0.0,28
211-000535,1,NEUTRO,40,Fz_Alpha,bandpower,Fz,Alpha,,frontal_bilateral,0.0,0.0,28
211-000535,1,NEUTRO,41,Fz_Beta,bandpower,Fz,Beta,,frontal_bilateral,0.0,0.0,28
211-000535,1,NEUTRO,42,F4_Alpha,bandpower,F4,Alpha,,frontal_bilateral,0.0,0.0,28
211-000535,1,NEUTRO,43,F4_Beta,bandpower,F4,Beta,,frontal_bilateral,0.053203462202630926,0.015302387791300831,28
211-000535,1,NEUTRO,44,F8_Alpha,bandpower,F8,Alpha,,other,0.0,0.0,28
211-000535,1,NEUTRO,45,F8_Beta,bandpower,F8,Beta,,other,0.046632698126524375,0.03160842819109,28
211-000535,1,NEUTRO,46,T7_Alpha,bandpower,T7,Alpha,,temporal_left,0.05617298910090313,-0.021658157183943753,28
211-000535,1,NEUTRO,47,T7_Beta,bandpower,T7,Beta,,temporal_left,0.00042377772580313007,-0.00042377772580313007,28
211-000535,1,NEUTRO,48,FT7_Alpha,bandpower,FT7,Alpha,,temporal_left,0.04597423787125172,0.030877124037808252,28
211-000535,1,NEUTRO,49,FT7_Beta,bandpower,FT7,Beta,,temporal_left,0.0870864057698185,0.006366286591285496,28
211-000535,1,NEUTRO,50,FC3_Alpha,bandpower,FC3,Alpha,,frontal_bilateral,0.0,0.0,28
211-000535,1,NEUTRO,51,FC3_Beta,bandpower,FC3,Beta,,frontal_bilateral,0.006181872326815809,-0.0020016263779049836,28
211-000535,1,NEUTRO,52,F3_Alpha,bandpower,F3,Alpha,,frontal_bilateral,0.040476333394101185,0.012793762267040801,28
211-000535,1,NEUTRO,53,F3_Beta,bandpower,F3,Beta,,frontal_bilateral,0.019438633691612136,0.008183241901204156,28
211-000535,1,NEUTRO,54,Fp2_Alpha,bandpower,Fp2,Alpha,,frontal_bilateral,0.064528930873379,0.0374451022914345,28
211-000535,1,NEUTRO,55,Fp2_Beta,bandpower,Fp2,Beta,,frontal_bilateral,0.0,0.0,28
211-000535,1,NEUTRO,56,F7_Alpha,bandpower,F7,Alpha,,frontal_inferior_left,0.0,0.0,28
211-000535,1,NEUTRO,57,F7_Beta,bandpower,F7,Beta,,frontal_inferior_left,0.0,0.0,28
211-000535,1,NEUTRO,58,Fp1_Alpha,bandpower,Fp1,Alpha,,frontal_bilateral,0.247169050250579,0.14930060507555548,28
211-000535,1,NEUTRO,59,Fp1_Beta,bandpower,Fp1,Beta,,frontal_bilateral,0.2747069568361748,0.1978534444488189,28
211-000535,1,NEUTRO,60,PO5_Alpha,bandpower,PO5,Alpha,,other,0.0,0.0,28
211-000535,1,NEUTRO,61,PO5_Beta,bandpower,PO5,Beta,,other,0.0,0.0,28
211-000535,1,NEUTRO,62,PO3_Alpha,bandpower,PO3,Alpha,,occipital,0.0,0.0,28
211-000535,1,NEUTRO,63,PO3_Beta,bandpower,PO3,Beta,,occipital,0.0035109079543998297,-0.0019915533636994877,28
211-000535,1,NEUTRO,64,P1_Alpha,bandpower,P1,Alpha,,other,0.0,0.0,28
211-000535,1,NEUTRO,65,P1_Beta,bandpower,P1,Beta,,other,0.0,0.0,28
211-000535,1,NEUTRO,66,POz_Alpha,bandpower,POz,Alpha,,occipital,0.0,0.0,28
211-000535,1,NEUTRO,67,POz_Beta,bandpower,POz,Beta,,occipital,0.0,0.0,28
211-000535,1,NEUTRO,68,P2_Alpha,bandpower,P2,Alpha,,other,0.0,0.0,28
211-000535,1,NEUTRO,69,P2_Beta,bandpower,P2,Beta,,other,0.059186466010261875,0.01884075765813888,28
211-000535,1,NEUTRO,70,PO4_Alpha,bandpower,PO4,Alpha,,occipital,0.0,0.0,28
211-000535,1,NEUTRO,71,PO4_Beta,bandpower,PO4,Beta,,occipital,0.07520419368585855,0.0565511374684509,28
211-000535,1,NEUTRO,72,CP2_Alpha,bandpower,CP2,Alpha,,other,0.0,0.0,28
211-000535,1,NEUTRO,73,CP2_Beta,bandpower,CP2,Beta,,other,0.0,0.0,28
211-000535,1,NEUTRO,74,P6_Alpha,bandpower,P6,Alpha,,temporal_right,0.0,0.0,28
211-000535,1,NEUTRO,75,P6_Beta,bandpower,P6,Beta,,temporal_right,0.0,0.0,28
211-000535,1,NEUTRO,76,PO6_Alpha,bandpower,PO6,Alpha,,other,0.07439453954366107,-0.021238459335639084,28
211-000535,1,NEUTRO,77,PO6_Beta,bandpower,PO6,Beta,,other,0.0,0.0,28
211-000535,1,NEUTRO,78,CP6_Alpha,bandpower,CP6,Alpha,,temporal_right,0.0,0.0,28
211-000535,1,NEUTRO,79,CP6_Beta,bandpower,CP6,Beta,,temporal_right,0.0,0.0,28
211-000535,1,NEUTRO,80,C6_Alpha,bandpower,C6,Alpha,,temporal_right,0.0,0.0,28
211-000535,1,NEUTRO,81,C6_Beta,bandpower,C6,Beta,,temporal_right,0.012737920345654564,-0.012737920345654564,28
211-000535,1,NEUTRO,82,PO8_Alpha,bandpower,PO8,Alpha,,occipital,0.0,0.0,28
211-000535,1,NEUTRO,83,PO8_Beta,bandpower,PO8,Beta,,occipital,0.0,0.0,28
211-000535,1,NEUTRO,84,PO7_Alpha,bandpower,PO7,Alpha,,occipital,0.06147808285102357,0.029975383251353727,28
211-000535,1,NEUTRO,85,PO7_Beta,bandpower,PO7,Beta,,occipital,0.046895703974862576,0.005611280679135673,28
211-000535,1,NEUTRO,86,P5_Alpha,bandpower,P5,Alpha,,temporal_left,0.0,0.0,28
211-000535,1,NEUTRO,87,P5_Beta,bandpower,P5,Beta,,temporal_left,0.028013258595090542,-0.020871805513147736,28
211-000535,1,NEUTRO,88,CP5_Alpha,bandpower,CP5,Alpha,,temporal_left,0.10438410098932023,-0.012036393067430425,28
211-000535,1,NEUTRO,89,CP5_Beta,bandpower,CP5,Beta,,temporal_left,0.0,0.0,28
211-000535,1,NEUTRO,90,CP1_Alpha,bandpower,CP1,Alpha,,other,0.0,0.0,28
211-000535,1,NEUTRO,91,CP1_Beta,bandpower,CP1,Beta,,other,0.10777378658436139,0.08118325462614859,28
211-000535,1,NEUTRO,92,C1_Alpha,bandpower,C1,Alpha,,other,0.0009644174945481318,-0.00024208650528844054,28
211-000535,1,NEUTRO,93,C1_Beta,bandpower,C1,Beta,,other,0.0,0.0,28
211-000535,1,NEUTRO,94,C2_Alpha,bandpower,C2,Alpha,,other,0.03413856917817555,-0.0007632781769102802,28
211-000535,1,NEUTRO,95,C2_Beta,bandpower,C2,Beta,,other,0.0,0.0,28
211-000535,1,NEUTRO,96,FC2_Alpha,bandpower,FC2,Alpha,,other,0.0,0.0,28
211-000535,1,NEUTRO,97,FC2_Beta,bandpower,FC2,Beta,,other,0.0,0.0,28
211-000535,1,NEUTRO,98,FC6_Alpha,bandpower,FC6,Alpha,,other,0.016795021280919493,-0.010211830067570584,28
211-000535,1,NEUTRO,99,FC6_Beta,bandpower,FC6,Beta,,other,0.01769275065602097,-7.593561664330036e-05,28
211-000535,1,NEUTRO,100,C5_Alpha,bandpower,C5,Alpha,,temporal_left,0.012324182730745203,-0.008549751622227233,28
211-000535,1,NEUTRO,101,C5_Beta,bandpower,C5,Beta,,temporal_left,0.0,0.0,28
211-000535,1,NEUTRO,102,FC1_Alpha,bandpower,FC1,Alpha,,other,0.0,0.0,28
211-000535,1,NEUTRO,103,FC1_Beta,bandpower,FC1,Beta,,other,0.0,0.0,28
211-000535,1,NEUTRO,104,F2_Alpha,bandpower,F2,Alpha,,frontal_bilateral,0.0,0.0,28
211-000535,1,NEUTRO,105,F2_Beta,bandpower,F2,Beta,,frontal_bilateral,0.07601784963227234,0.006630898366469666,28
211-000535,1,NEUTRO,106,F6_Alpha,bandpower,F6,Alpha,,other,0.0,0.0,28
211-000535,1,NEUTRO,107,F6_Beta,bandpower,F6,Beta,,other,0.0,0.0,28
211-000535,1,NEUTRO,108,FC5_Alpha,bandpower,FC5,Alpha,,frontal_inferior_left,0.009372699267142527,-0.0017515432842634554,28
211-000535,1,NEUTRO,109,FC5_Beta,bandpower,FC5,Beta,,frontal_inferior_left,0.01853360042232577,-0.013934231267719532,28
211-000535,1,NEUTRO,110,F1_Alpha,bandpower,F1,Alpha,,frontal_bilateral,0.0,0.0,28
211-000535,1,NEUTRO,111,F1_Beta,bandpower,F1,Beta,,frontal_bilateral,0.0,0.0,28
211-000535,1,NEUTRO,112,AF4_Alpha,bandpower,AF4,Alpha,,frontal_bilateral,0.11823833962701098,-0.011170020649047843,28
211-000535,1,NEUTRO,113,AF4_Beta,bandpower,AF4,Beta,,frontal_bilateral,0.0,0.0,28
211-000535,1,NEUTRO,114,AF8_Alpha,bandpower,AF8,Alpha,,frontal_bilateral,0.009769617517397506,0.0015795461758261564,28
211-000535,1,NEUTRO,115,AF8_Beta,bandpower,AF8,Beta,,frontal_bilateral,0.25510029260813744,0.16810435491177975,28
211-000535,1,NEUTRO,116,F5_Alpha,bandpower,F5,Alpha,,frontal_inferior_left,0.0,0.0,28
211-000535,1,NEUTRO,117,F5_Beta,bandpower,F5,Beta,,frontal_inferior_left,0.004019278743534912,0.0031850295009261667,28
211-000535,1,NEUTRO,118,AF7_Alpha,bandpower,AF7,Alpha,,frontal_bilateral,0.0,0.0,28
211-000535,1,NEUTRO,119,AF7_Beta,bandpower,AF7,Beta,,frontal_bilateral,0.0,0.0,28
211-000535,1,NEUTRO,120,AF3_Alpha,bandpower,AF3,Alpha,,frontal_bilateral,0.0,0.0,28
211-000535,1,NEUTRO,121,AF3_Beta,bandpower,AF3,Beta,,frontal_bilateral,0.0,0.0,28
211-000535,1,NEUTRO,122,Fpz_Alpha,bandpower,Fpz,Alpha,,frontal_bilateral,0.0,0.0,28
211-000535,1,NEUTRO,123,Fpz_Beta,bandpower,Fpz,Beta,,frontal_bilateral,0.0,0.0,28
211-000535,1,NEUTRO,124,AlphaAsym_Fp2-Fp1,AlphaAsym,,,Fp2-Fp1,,0.0,0.0,28
211-000535,1,NEUTRO,125,AlphaAsym_AF8-AF7,AlphaAsym,,,AF8-AF7,,0.0,0.0,28
211-000535,1,NEUTRO,126,AlphaAsym_AF4-AF3,AlphaAsym,,,AF4-AF3,,0.04173849843478676,0.014002750338562334,28
211-000535,1,NEUTRO,127,AlphaAsym_F8-F7,AlphaAsym,,,F8-F7,,0.0,0.0,28
211-000535,1,NEUTRO,128,AlphaAsym_F6-F5,AlphaAsym,,,F6-F5,,0.0,0.0,28
211-000535,1,NEUTRO,129,AlphaAsym_F4-F3,AlphaAsym,,,F4-F3,,0.029963743856110118,0.01618350219983788,28
211-000535,1,NEUTRO,130,AlphaAsym_F2-F1,AlphaAsym,,,F2-F1,,0.0,0.0,28
211-000535,1,NEUTRO,131,AlphaAsym_FC6-FC5,AlphaAsym,,,FC6-FC5,,0.0,0.0,28
211-000535,1,NEUTRO,132,AlphaAsym_FC4-FC3,AlphaAsym,,,FC4-FC3,,0.0,0.0,28
211-000535,1,NEUTRO,133,AlphaAsym_FC2-FC1,AlphaAsym,,,FC2-FC1,,0.0,0.0,28
211-000535,1,NEUTRO,134,AlphaAsym_T8-T7,AlphaAsym,,,T8-T7,,0.008253991205738276,0.0026299784161221695,28
211-000535,1,NEUTRO,135,AlphaAsym_C6-C5,AlphaAsym,,,C6-C5,,0.0,0.0,28
211-000535,1,NEUTRO,136,AlphaAsym_C4-C3,AlphaAsym,,,C4-C3,,0.0,0.0,28
211-000535,1,NEUTRO,137,AlphaAsym_C2-C1,AlphaAsym,,,C2-C1,,0.0,0.0,28
211-000535,1,NEUTRO,138,AlphaAsym_TP8-TP7,AlphaAsym,,,TP8-TP7,,0.0,0.0,28
211-000535,1,NEUTRO,139,AlphaAsym_CP6-CP5,AlphaAsym,,,CP6-CP5,,0.013571945780362768,-0.009557618633075304,28
211-000535,1,NEUTRO,140,AlphaAsym_CP4-CP3,AlphaAsym,,,CP4-CP3,,0.0,0.0,28
211-000535,1,NEUTRO,141,AlphaAsym_CP2-CP1,AlphaAsym,,,CP2-CP1,,0.0,0.0,28
211-000535,1,NEUTRO,142,AlphaAsym_P8-P7,AlphaAsym,,,P8-P7,,0.012170371370047946,0.003840975770248519,28
211-000535,1,NEUTRO,143,AlphaAsym_P6-P5,AlphaAsym,,,P6-P5,,0.0,0.0,28
211-000535,1,NEUTRO,144,AlphaAsym_P4-P3,AlphaAsym,,,P4-P3,,0.0,0.0,28
211-000535,1,NEUTRO,145,AlphaAsym_P2-P1,AlphaAsym,,,P2-P1,,0.0,0.0,28
211-000535,1,NEUTRO,146,AlphaAsym_PO8-PO7,AlphaAsym,,,PO8-PO7,,0.1779826828112449,0.0422892347306491,28
211-000535,1,NEUTRO,147,AlphaAsym_PO6-PO5,AlphaAsym,,,PO6-PO5,,0.0,0.0,28
211-000535,1,NEUTRO,148,AlphaAsym_PO4-PO3,AlphaAsym,,,PO4-PO3,,0.0,0.0,28
211-000535,1,NEUTRO,149,AlphaAsym_O2-O1,AlphaAsym,,,O2-O1,,0.011558366721749326,0.0011399265325555774,28
211-000535,2,SAD,0,O2_Alpha,bandpower,O2,Alpha,,occipital,0.0,0.0,28
211-000535,2,SAD,1,O2_Beta,bandpower,O2,Beta,,occipital,0.0,0.0,28
211-000535,2,SAD,2,O1_Alpha,bandpower,O1,Alpha,,occipital,0.0,0.0,28
211-000535,2,SAD,3,O1_Beta,bandpower,O1,Beta,,occipital,0.0,0.0,28
211-000535,2,SAD,4,Oz_Alpha,bandpower,Oz,Alpha,,occipital,0.0,0.0,28
211-000535,2,SAD,5,Oz_Beta,bandpower,Oz,Beta,,occipital,0.008600317907353617,-0.0012979611271730644,28
211-000535,2,SAD,6,Pz_Alpha,bandpower,Pz,Alpha,,parietal_midline,0.0,0.0,28
211-000535,2,SAD,7,Pz_Beta,bandpower,Pz,Beta,,parietal_midline,0.0,0.0,28
211-000535,2,SAD,8,P4_Alpha,bandpower,P4,Alpha,,other,0.0,0.0,28
211-000535,2,SAD,9,P4_Beta,bandpower,P4,Beta,,other,0.2658651106890139,0.25648663902511454,28
211-000535,2,SAD,10,CP4_Alpha,bandpower,CP4,Alpha,,temporal_right,0.0,0.0,28
211-000535,2,SAD,11,CP4_Beta,bandpower,CP4,Beta,,temporal_right,0.0,0.0,28
211-000535,2,SAD,12,P8_Alpha,bandpower,P8,Alpha,,temporal_right,0.0,0.0,28
211-000535,2,SAD,13,P8_Beta,bandpower,P8,Beta,,temporal_right,0.0,0.0,28
211-000535,2,SAD,14,C4_Alpha,bandpower,C4,Alpha,,other,0.0,0.0,28
211-000535,2,SAD,15,C4_Beta,bandpower,C4,Beta,,other,0.059252974715509166,0.02084061793865579,28
211-000535,2,SAD,16,TP8_Alpha,bandpower,TP8,Alpha,,temporal_right,0.0,0.0,28
211-000535,2,SAD,17,TP8_Beta,bandpower,TP8,Beta,,temporal_right,0.0,0.0,28
211-000535,2,SAD,18,T8_Alpha,bandpower,T8,Alpha,,temporal_right,0.0,0.0,28
211-000535,2,SAD,19,T8_Beta,bandpower,T8,Beta,,temporal_right,0.0,0.0,28
211-000535,2,SAD,20,P7_Alpha,bandpower,P7,Alpha,,temporal_left,0.002978914785963449,0.0020154906806017785,28
211-000535,2,SAD,21,P7_Beta,bandpower,P7,Beta,,temporal_left,0.0,0.0,28
211-000535,2,SAD,22,P3_Alpha,bandpower,P3,Alpha,,centro_parietal_left,0.0,0.0,28
211-000535,2,SAD,23,P3_Beta,bandpower,P3,Beta,,centro_parietal_left,0.0,0.0,28
211-000535,2,SAD,24,CP3_Alpha,bandpower,CP3,Alpha,,temporal_left,0.0,0.0,28
211-000535,2,SAD,25,CP3_Beta,bandpower,CP3,Beta,,temporal_left,0.0,0.0,28
211-000535,2,SAD,26,CPz_Alpha,bandpower,CPz,Alpha,,parietal_midline,0.004523127482462007,-0.00414246596003972,28
211-000535,2,SAD,27,CPz_Beta,bandpower,CPz,Beta,,parietal_midline,0.0,0.0,28
211-000535,2,SAD,28,Cz_Alpha,bandpower,Cz,Alpha,,parietal_midline,0.0,0.0,28
211-000535,2,SAD,29,Cz_Beta,bandpower,Cz,Beta,,parietal_midline,0.624948632412155,0.4176929500016647,28
211-000535,2,SAD,30,FC4_Alpha,bandpower,FC4,Alpha,,frontal_bilateral,0.0,0.0,28
211-000535,2,SAD,31,FC4_Beta,bandpower,FC4,Beta,,frontal_bilateral,0.0,0.0,28
211-000535,2,SAD,32,FT8_Alpha,bandpower,FT8,Alpha,,temporal_right,0.0,0.0,28
211-000535,2,SAD,33,FT8_Beta,bandpower,FT8,Beta,,temporal_right,0.0,0.0,28
211-000535,2,SAD,34,TP7_Alpha,bandpower,TP7,Alpha,,temporal_left,0.0,0.0,28
211-000535,2,SAD,35,TP7_Beta,bandpower,TP7,Beta,,temporal_left,0.0014697048399294756,-0.0003552079402624869,28
211-000535,2,SAD,36,C3_Alpha,bandpower,C3,Alpha,,centro_parietal_left,0.0,0.0,28
211-000535,2,SAD,37,C3_Beta,bandpower,C3,Beta,,centro_parietal_left,0.005913158318244576,0.0007581315959534683,28
211-000535,2,SAD,38,FCz_Alpha,bandpower,FCz,Alpha,,frontal_bilateral,0.0,0.0,28
211-000535,2,SAD,39,FCz_Beta,bandpower,FCz,Beta,,frontal_bilateral,0.0,0.0,28
211-000535,2,SAD,40,Fz_Alpha,bandpower,Fz,Alpha,,frontal_bilateral,0.0,0.0,28
211-000535,2,SAD,41,Fz_Beta,bandpower,Fz,Beta,,frontal_bilateral,0.0,0.0,28
211-000535,2,SAD,42,F4_Alpha,bandpower,F4,Alpha,,frontal_bilateral,0.018762649442463752,-0.001543350340077465,28
211-000535,2,SAD,43,F4_Beta,bandpower,F4,Beta,,frontal_bilateral,0.0,0.0,28
211-000535,2,SAD,44,F8_Alpha,bandpower,F8,Alpha,,other,0.0,0.0,28
211-000535,2,SAD,45,F8_Beta,bandpower,F8,Beta,,other,0.010998120997680525,0.0010106158077658309,28
211-000535,2,SAD,46,T7_Alpha,bandpower,T7,Alpha,,temporal_left,0.0,0.0,28
211-000535,2,SAD,47,T7_Beta,bandpower,T7,Beta,,temporal_left,0.04062026698146242,0.04062026698146242,28
211-000535,2,SAD,48,FT7_Alpha,bandpower,FT7,Alpha,,temporal_left,0.0,0.0,28
211-000535,2,SAD,49,FT7_Beta,bandpower,FT7,Beta,,temporal_left,0.0,0.0,28
211-000535,2,SAD,50,FC3_Alpha,bandpower,FC3,Alpha,,frontal_bilateral,0.0,0.0,28
211-000535,2,SAD,51,FC3_Beta,bandpower,FC3,Beta,,frontal_bilateral,0.0,0.0,28
211-000535,2,SAD,52,F3_Alpha,bandpower,F3,Alpha,,frontal_bilateral,0.002426640449191821,0.0009172893398317349,28
211-000535,2,SAD,53,F3_Beta,bandpower,F3,Beta,,frontal_bilateral,0.0,0.0,28
211-000535,2,SAD,54,Fp2_Alpha,bandpower,Fp2,Alpha,,frontal_bilateral,0.12918517802915844,0.0732513872999744,28
211-000535,2,SAD,55,Fp2_Beta,bandpower,Fp2,Beta,,frontal_bilateral,0.6453594255657499,0.6453594255657499,28
211-000535,2,SAD,56,F7_Alpha,bandpower,F7,Alpha,,frontal_inferior_left,0.060005601667461564,0.00041089416186452864,28
211-000535,2,SAD,57,F7_Beta,bandpower,F7,Beta,,frontal_inferior_left,0.0106976861349881,0.0019534899271196815,28
211-000535,2,SAD,58,Fp1_Alpha,bandpower,Fp1,Alpha,,frontal_bilateral,0.6993125407104654,0.6993125407104654,28
211-000535,2,SAD,59,Fp1_Beta,bandpower,Fp1,Beta,,frontal_bilateral,0.5909749068473243,0.5756178535193356,28
211-000535,2,SAD,60,PO5_Alpha,bandpower,PO5,Alpha,,other,0.0,0.0,28
211-000535,2,SAD,61,PO5_Beta,bandpower,PO5,Beta,,other,0.0,0.0,28
211-000535,2,SAD,62,PO3_Alpha,bandpower,PO3,Alpha,,occipital,0.0,0.0,28
211-000535,2,SAD,63,PO3_Beta,bandpower,PO3,Beta,,occipital,0.0,0.0,28
211-000535,2,SAD,64,P1_Alpha,bandpower,P1,Alpha,,other,0.0,0.0,28
211-000535,2,SAD,65,P1_Beta,bandpower,P1,Beta,,other,0.0,0.0,28
211-000535,2,SAD,66,POz_Alpha,bandpower,POz,Alpha,,occipital,0.0,0.0,28
211-000535,2,SAD,67,POz_Beta,bandpower,POz,Beta,,occipital,0.0,0.0,28
211-000535,2,SAD,68,P2_Alpha,bandpower,P2,Alpha,,other,0.0,0.0,28
211-000535,2,SAD,69,P2_Beta,bandpower,P2,Beta,,other,0.0,0.0,28
211-000535,2,SAD,70,PO4_Alpha,bandpower,PO4,Alpha,,occipital,0.0,0.0,28
211-000535,2,SAD,71,PO4_Beta,bandpower,PO4,Beta,,occipital,0.0,0.0,28
211-000535,2,SAD,72,CP2_Alpha,bandpower,CP2,Alpha,,other,0.0,0.0,28
211-000535,2,SAD,73,CP2_Beta,bandpower,CP2,Beta,,other,0.0,0.0,28
211-000535,2,SAD,74,P6_Alpha,bandpower,P6,Alpha,,temporal_right,0.0,0.0,28
211-000535,2,SAD,75,P6_Beta,bandpower,P6,Beta,,temporal_right,0.0,0.0,28
211-000535,2,SAD,76,PO6_Alpha,bandpower,PO6,Alpha,,other,0.0,0.0,28
211-000535,2,SAD,77,PO6_Beta,bandpower,PO6,Beta,,other,0.0,0.0,28
211-000535,2,SAD,78,CP6_Alpha,bandpower,CP6,Alpha,,temporal_right,0.0,0.0,28
211-000535,2,SAD,79,CP6_Beta,bandpower,CP6,Beta,,temporal_right,0.0,0.0,28
211-000535,2,SAD,80,C6_Alpha,bandpower,C6,Alpha,,temporal_right,0.0,0.0,28
211-000535,2,SAD,81,C6_Beta,bandpower,C6,Beta,,temporal_right,0.0,0.0,28
211-000535,2,SAD,82,PO8_Alpha,bandpower,PO8,Alpha,,occipital,0.0,0.0,28
211-000535,2,SAD,83,PO8_Beta,bandpower,PO8,Beta,,occipital,0.0,0.0,28
211-000535,2,SAD,84,PO7_Alpha,bandpower,PO7,Alpha,,occipital,0.0,0.0,28
211-000535,2,SAD,85,PO7_Beta,bandpower,PO7,Beta,,occipital,0.0028091487041140284,0.0028091487041140284,28
211-000535,2,SAD,86,P5_Alpha,bandpower,P5,Alpha,,temporal_left,0.0,0.0,28
211-000535,2,SAD,87,P5_Beta,bandpower,P5,Beta,,temporal_left,0.10570286734258304,-0.018379083290451063,28
211-000535,2,SAD,88,CP5_Alpha,bandpower,CP5,Alpha,,temporal_left,0.0,0.0,28
211-000535,2,SAD,89,CP5_Beta,bandpower,CP5,Beta,,temporal_left,0.0018372721120719518,-5.7517916539899516e-05,28
211-000535,2,SAD,90,CP1_Alpha,bandpower,CP1,Alpha,,other,0.0,0.0,28
211-000535,2,SAD,91,CP1_Beta,bandpower,CP1,Beta,,other,0.0,0.0,28
211-000535,2,SAD,92,C1_Alpha,bandpower,C1,Alpha,,other,0.0,0.0,28
211-000535,2,SAD,93,C1_Beta,bandpower,C1,Beta,,other,0.0,0.0,28
211-000535,2,SAD,94,C2_Alpha,bandpower,C2,Alpha,,other,0.0,0.0,28
211-000535,2,SAD,95,C2_Beta,bandpower,C2,Beta,,other,0.0,0.0,28
211-000535,2,SAD,96,FC2_Alpha,bandpower,FC2,Alpha,,other,0.0,0.0,28
211-000535,2,SAD,97,FC2_Beta,bandpower,FC2,Beta,,other,0.0,0.0,28
211-000535,2,SAD,98,FC6_Alpha,bandpower,FC6,Alpha,,other,0.0,0.0,28
211-000535,2,SAD,99,FC6_Beta,bandpower,FC6,Beta,,other,0.0,0.0,28
211-000535,2,SAD,100,C5_Alpha,bandpower,C5,Alpha,,temporal_left,0.0,0.0,28
211-000535,2,SAD,101,C5_Beta,bandpower,C5,Beta,,temporal_left,0.0,0.0,28
211-000535,2,SAD,102,FC1_Alpha,bandpower,FC1,Alpha,,other,0.0,0.0,28
211-000535,2,SAD,103,FC1_Beta,bandpower,FC1,Beta,,other,0.0,0.0,28
211-000535,2,SAD,104,F2_Alpha,bandpower,F2,Alpha,,frontal_bilateral,0.00047661602643576565,0.0003505516940445954,28
211-000535,2,SAD,105,F2_Beta,bandpower,F2,Beta,,frontal_bilateral,0.0,0.0,28
211-000535,2,SAD,106,F6_Alpha,bandpower,F6,Alpha,,other,0.0,0.0,28
211-000535,2,SAD,107,F6_Beta,bandpower,F6,Beta,,other,0.0,0.0,28
211-000535,2,SAD,108,FC5_Alpha,bandpower,FC5,Alpha,,frontal_inferior_left,0.0,0.0,28
211-000535,2,SAD,109,FC5_Beta,bandpower,FC5,Beta,,frontal_inferior_left,0.011341152114238608,0.0013288955563480356,28
211-000535,2,SAD,110,F1_Alpha,bandpower,F1,Alpha,,frontal_bilateral,0.0,0.0,28
211-000535,2,SAD,111,F1_Beta,bandpower,F1,Beta,,frontal_bilateral,0.0,0.0,28
211-000535,2,SAD,112,AF4_Alpha,bandpower,AF4,Alpha,,frontal_bilateral,0.0,0.0,28
211-000535,2,SAD,113,AF4_Beta,bandpower,AF4,Beta,,frontal_bilateral,0.0007332539422207768,0.0001968929627316901,28
211-000535,2,SAD,114,AF8_Alpha,bandpower,AF8,Alpha,,frontal_bilateral,0.08042590814587666,0.06488223860455321,28
211-000535,2,SAD,115,AF8_Beta,bandpower,AF8,Beta,,frontal_bilateral,0.0,0.0,28
211-000535,2,SAD,116,F5_Alpha,bandpower,F5,Alpha,,frontal_inferior_left,0.0,0.0,28
211-000535,2,SAD,117,F5_Beta,bandpower,F5,Beta,,frontal_inferior_left,0.0,0.0,28
211-000535,2,SAD,118,AF7_Alpha,bandpower,AF7,Alpha,,frontal_bilateral,0.0,0.0,28
211-000535,2,SAD,119,AF7_Beta,bandpower,AF7,Beta,,frontal_bilateral,0.03822486135014918,0.03822486135014918,28
211-000535,2,SAD,120,AF3_Alpha,bandpower,AF3,Alpha,,frontal_bilateral,0.0030771884682536557,0.0002775074001517344,28
211-000535,2,SAD,121,AF3_Beta,bandpower,AF3,Beta,,frontal_bilateral,0.0,0.0,28
211-000535,2,SAD,122,Fpz_Alpha,bandpower,Fpz,Alpha,,frontal_bilateral,0.6819794010504833,0.6523592515846365,28
211-000535,2,SAD,123,Fpz_Beta,bandpower,Fpz,Beta,,frontal_bilateral,0.4570649339572929,0.4570649339572929,28
211-000535,2,SAD,124,AlphaAsym_Fp2-Fp1,AlphaAsym,,,Fp2-Fp1,,0.0,0.0,28
211-000535,2,SAD,125,AlphaAsym_AF8-AF7,AlphaAsym,,,AF8-AF7,,0.0,0.0,28
211-000535,2,SAD,126,AlphaAsym_AF4-AF3,AlphaAsym,,,AF4-AF3,,0.0,0.0,28
211-000535,2,SAD,127,AlphaAsym_F8-F7,AlphaAsym,,,F8-F7,,0.1357273944523121,0.04109923243731645,28
211-000535,2,SAD,128,AlphaAsym_F6-F5,AlphaAsym,,,F6-F5,,0.0,0.0,28
211-000535,2,SAD,129,AlphaAsym_F4-F3,AlphaAsym,,,F4-F3,,0.0,0.0,28
211-000535,2,SAD,130,AlphaAsym_F2-F1,AlphaAsym,,,F2-F1,,0.003439409962700277,-0.00036236647952594167,28
211-000535,2,SAD,131,AlphaAsym_FC6-FC5,AlphaAsym,,,FC6-FC5,,0.0,0.0,28
211-000535,2,SAD,132,AlphaAsym_FC4-FC3,AlphaAsym,,,FC4-FC3,,0.014939588304327261,-0.007408316538240944,28
211-000535,2,SAD,133,AlphaAsym_FC2-FC1,AlphaAsym,,,FC2-FC1,,0.0,0.0,28
211-000535,2,SAD,134,AlphaAsym_T8-T7,AlphaAsym,,,T8-T7,,0.0,0.0,28
211-000535,2,SAD,135,AlphaAsym_C6-C5,AlphaAsym,,,C6-C5,,0.0,0.0,28
211-000535,2,SAD,136,AlphaAsym_C4-C3,AlphaAsym,,,C4-C3,,0.028229581069197367,-0.00496241825743391,28
211-000535,2,SAD,137,AlphaAsym_C2-C1,AlphaAsym,,,C2-C1,,0.0,0.0,28
211-000535,2,SAD,138,AlphaAsym_TP8-TP7,AlphaAsym,,,TP8-TP7,,0.0,0.0,28
211-000535,2,SAD,139,AlphaAsym_CP6-CP5,AlphaAsym,,,CP6-CP5,,0.0,0.0,28
211-000535,2,SAD,140,AlphaAsym_CP4-CP3,AlphaAsym,,,CP4-CP3,,0.0,0.0,28
211-000535,2,SAD,141,AlphaAsym_CP2-CP1,AlphaAsym,,,CP2-CP1,,0.0,0.0,28
211-000535,2,SAD,142,AlphaAsym_P8-P7,AlphaAsym,,,P8-P7,,0.0,0.0,28
211-000535,2,SAD,143,AlphaAsym_P6-P5,AlphaAsym,,,P6-P5,,0.0,0.0,28
211-000535,2,SAD,144,AlphaAsym_P4-P3,AlphaAsym,,,P4-P3,,0.0,0.0,28
211-000535,2,SAD,145,AlphaAsym_P2-P1,AlphaAsym,,,P2-P1,,0.0,0.0,28
211-000535,2,SAD,146,AlphaAsym_PO8-PO7,AlphaAsym,,,PO8-PO7,,0.0,0.0,28
211-000535,2,SAD,147,AlphaAsym_PO6-PO5,AlphaAsym,,,PO6-PO5,,0.0,0.0,28
211-000535,2,SAD,148,AlphaAsym_PO4-PO3,AlphaAsym,,,PO4-PO3,,0.0,0.0,28
211-000535,2,SAD,149,AlphaAsym_O2-O1,AlphaAsym,,,O2-O1,,0.0011134705264810808,0.00036722658833200986,28
211-000536,0,JOY,0,O2_Alpha,bandpower,O2,Alpha,,occipital,0.0,0.0,47
211-000536,0,JOY,1,O2_Beta,bandpower,O2,Beta,,occipital,0.0,0.0,47
211-000536,0,JOY,2,O1_Alpha,bandpower,O1,Alpha,,occipital,0.0,0.0,47
211-000536,0,JOY,3,O1_Beta,bandpower,O1,Beta,,occipital,0.0,0.0,47
211-000536,0,JOY,4,Oz_Alpha,bandpower,Oz,Alpha,,occipital,0.14766809893914615,0.07942226327068128,47
211-000536,0,JOY,5,Oz_Beta,bandpower,Oz,Beta,,occipital,0.0032884025549603938,0.0007959382790576271,47
211-000536,0,JOY,6,Pz_Alpha,bandpower,Pz,Alpha,,parietal_midline,0.0,0.0,47
211-000536,0,JOY,7,Pz_Beta,bandpower,Pz,Beta,,parietal_midline,0.0,0.0,47
211-000536,0,JOY,8,P4_Alpha,bandpower,P4,Alpha,,other,0.0,0.0,47
211-000536,0,JOY,9,P4_Beta,bandpower,P4,Beta,,other,0.0,0.0,47
211-000536,0,JOY,10,CP4_Alpha,bandpower,CP4,Alpha,,temporal_right,0.0,0.0,47
211-000536,0,JOY,11,CP4_Beta,bandpower,CP4,Beta,,temporal_right,0.0,0.0,47
211-000536,0,JOY,12,P8_Alpha,bandpower,P8,Alpha,,temporal_right,0.0,0.0,47
211-000536,0,JOY,13,P8_Beta,bandpower,P8,Beta,,temporal_right,0.0,0.0,47
211-000536,0,JOY,14,C4_Alpha,bandpower,C4,Alpha,,other,0.0,0.0,47
211-000536,0,JOY,15,C4_Beta,bandpower,C4,Beta,,other,0.1723350155411481,0.10946751890957215,47
211-000536,0,JOY,16,TP8_Alpha,bandpower,TP8,Alpha,,temporal_right,0.0,0.0,47
211-000536,0,JOY,17,TP8_Beta,bandpower,TP8,Beta,,temporal_right,0.14380138611136098,0.09755536056354142,47
211-000536,0,JOY,18,T8_Alpha,bandpower,T8,Alpha,,temporal_right,0.0,0.0,47
211-000536,0,JOY,19,T8_Beta,bandpower,T8,Beta,,temporal_right,0.0,0.0,47
211-000536,0,JOY,20,P7_Alpha,bandpower,P7,Alpha,,temporal_left,0.0,0.0,47
211-000536,0,JOY,21,P7_Beta,bandpower,P7,Beta,,temporal_left,0.0,0.0,47
211-000536,0,JOY,22,P3_Alpha,bandpower,P3,Alpha,,centro_parietal_left,0.0,0.0,47
211-000536,0,JOY,23,P3_Beta,bandpower,P3,Beta,,centro_parietal_left,0.0,0.0,47
211-000536,0,JOY,24,CP3_Alpha,bandpower,CP3,Alpha,,temporal_left,0.0,0.0,47
211-000536,0,JOY,25,CP3_Beta,bandpower,CP3,Beta,,temporal_left,0.0,0.0,47
211-000536,0,JOY,26,CPz_Alpha,bandpower,CPz,Alpha,,parietal_midline,0.0,0.0,47
211-000536,0,JOY,27,CPz_Beta,bandpower,CPz,Beta,,parietal_midline,0.0,0.0,47
211-000536,0,JOY,28,Cz_Alpha,bandpower,Cz,Alpha,,parietal_midline,0.05695492399633616,0.00964387675078005,47
211-000536,0,JOY,29,Cz_Beta,bandpower,Cz,Beta,,parietal_midline,0.0,0.0,47
211-000536,0,JOY,30,FC4_Alpha,bandpower,FC4,Alpha,,frontal_bilateral,0.43713076637833753,0.428154256548693,47
211-000536,0,JOY,31,FC4_Beta,bandpower,FC4,Beta,,frontal_bilateral,0.3836459116549981,0.3836459116549981,47
211-000536,0,JOY,32,FT8_Alpha,bandpower,FT8,Alpha,,temporal_right,0.0,0.0,47
211-000536,0,JOY,33,FT8_Beta,bandpower,FT8,Beta,,temporal_right,0.0,0.0,47
211-000536,0,JOY,34,TP7_Alpha,bandpower,TP7,Alpha,,temporal_left,0.0,0.0,47
211-000536,0,JOY,35,TP7_Beta,bandpower,TP7,Beta,,temporal_left,0.0,0.0,47
211-000536,0,JOY,36,C3_Alpha,bandpower,C3,Alpha,,centro_parietal_left,0.0,0.0,47
211-000536,0,JOY,37,C3_Beta,bandpower,C3,Beta,,centro_parietal_left,0.0,0.0,47
211-000536,0,JOY,38,FCz_Alpha,bandpower,FCz,Alpha,,frontal_bilateral,0.005474328641373718,0.001172830295604694,47
211-000536,0,JOY,39,FCz_Beta,bandpower,FCz,Beta,,frontal_bilateral,0.008254722122754727,-0.0007544091658644757,47
211-000536,0,JOY,40,Fz_Alpha,bandpower,Fz,Alpha,,frontal_bilateral,0.0,0.0,47
211-000536,0,JOY,41,Fz_Beta,bandpower,Fz,Beta,,frontal_bilateral,0.0,0.0,47
211-000536,0,JOY,42,F4_Alpha,bandpower,F4,Alpha,,frontal_bilateral,0.0,0.0,47
211-000536,0,JOY,43,F4_Beta,bandpower,F4,Beta,,frontal_bilateral,0.0,0.0,47
211-000536,0,JOY,44,F8_Alpha,bandpower,F8,Alpha,,other,0.0,0.0,47
211-000536,0,JOY,45,F8_Beta,bandpower,F8,Beta,,other,0.0,0.0,47
211-000536,0,JOY,46,T7_Alpha,bandpower,T7,Alpha,,temporal_left,0.03350106479264508,0.01922875525563499,47
211-000536,0,JOY,47,T7_Beta,bandpower,T7,Beta,,temporal_left,0.0,0.0,47
211-000536,0,JOY,48,FT7_Alpha,bandpower,FT7,Alpha,,temporal_left,0.0,0.0,47
211-000536,0,JOY,49,FT7_Beta,bandpower,FT7,Beta,,temporal_left,0.0005314433745884338,-6.35032885843871e-05,47
211-000536,0,JOY,50,FC3_Alpha,bandpower,FC3,Alpha,,frontal_bilateral,0.0,0.0,47
211-000536,0,JOY,51,FC3_Beta,bandpower,FC3,Beta,,frontal_bilateral,0.021642028027152104,-0.004716205632269748,47
211-000536,0,JOY,52,F3_Alpha,bandpower,F3,Alpha,,frontal_bilateral,0.0,0.0,47
211-000536,0,JOY,53,F3_Beta,bandpower,F3,Beta,,frontal_bilateral,0.0,0.0,47
211-000536,0,JOY,54,Fp2_Alpha,bandpower,Fp2,Alpha,,frontal_bilateral,0.0,0.0,47
211-000536,0,JOY,55,Fp2_Beta,bandpower,Fp2,Beta,,frontal_bilateral,0.0,0.0,47
211-000536,0,JOY,56,F7_Alpha,bandpower,F7,Alpha,,frontal_inferior_left,0.0,0.0,47
211-000536,0,JOY,57,F7_Beta,bandpower,F7,Beta,,frontal_inferior_left,0.0,0.0,47
211-000536,0,JOY,58,Fp1_Alpha,bandpower,Fp1,Alpha,,frontal_bilateral,0.0,0.0,47
211-000536,0,JOY,59,Fp1_Beta,bandpower,Fp1,Beta,,frontal_bilateral,0.0,0.0,47
211-000536,0,JOY,60,PO5_Alpha,bandpower,PO5,Alpha,,other,0.0,0.0,47
211-000536,0,JOY,61,PO5_Beta,bandpower,PO5,Beta,,other,0.0,0.0,47
211-000536,0,JOY,62,PO3_Alpha,bandpower,PO3,Alpha,,occipital,0.010763202176811638,0.005406752626806467,47
211-000536,0,JOY,63,PO3_Beta,bandpower,PO3,Beta,,occipital,0.0071950459091374205,0.003701380505243124,47
211-000536,0,JOY,64,P1_Alpha,bandpower,P1,Alpha,,other,0.0,0.0,47
211-000536,0,JOY,65,P1_Beta,bandpower,P1,Beta,,other,0.18441663863724794,0.09807052826224767,47
211-000536,0,JOY,66,POz_Alpha,bandpower,POz,Alpha,,occipital,0.0,0.0,47
211-000536,0,JOY,67,POz_Beta,bandpower,POz,Beta,,occipital,0.0,0.0,47
211-000536,0,JOY,68,P2_Alpha,bandpower,P2,Alpha,,other,0.0,0.0,47
211-000536,0,JOY,69,P2_Beta,bandpower,P2,Beta,,other,0.0,0.0,47
211-000536,0,JOY,70,PO4_Alpha,bandpower,PO4,Alpha,,occipital,0.0,0.0,47
211-000536,0,JOY,71,PO4_Beta,bandpower,PO4,Beta,,occipital,0.0,0.0,47
211-000536,0,JOY,72,CP2_Alpha,bandpower,CP2,Alpha,,other,0.05895239856783456,0.0418010269494307,47
211-000536,0,JOY,73,CP2_Beta,bandpower,CP2,Beta,,other,0.2207887093809982,0.2004845817835165,47
211-000536,0,JOY,74,P6_Alpha,bandpower,P6,Alpha,,temporal_right,0.0,0.0,47
211-000536,0,JOY,75,P6_Beta,bandpower,P6,Beta,,temporal_right,0.0,0.0,47
211-000536,0,JOY,76,PO6_Alpha,bandpower,PO6,Alpha,,other,0.0016304511145467221,-0.0006840879674130013,47
211-000536,0,JOY,77,PO6_Beta,bandpower,PO6,Beta,,other,0.0006823138845369985,0.00021778221164023447,47
211-000536,0,JOY,78,CP6_Alpha,bandpower,CP6,Alpha,,temporal_right,0.0,0.0,47
211-000536,0,JOY,79,CP6_Beta,bandpower,CP6,Beta,,temporal_right,0.0,0.0,47
211-000536,0,JOY,80,C6_Alpha,bandpower,C6,Alpha,,temporal_right,0.0,0.0,47
211-000536,0,JOY,81,C6_Beta,bandpower,C6,Beta,,temporal_right,0.0,0.0,47
211-000536,0,JOY,82,PO8_Alpha,bandpower,PO8,Alpha,,occipital,0.0,0.0,47
211-000536,0,JOY,83,PO8_Beta,bandpower,PO8,Beta,,occipital,0.02990405837800217,0.015540843917110069,47
211-000536,0,JOY,84,PO7_Alpha,bandpower,PO7,Alpha,,occipital,0.0,0.0,47
211-000536,0,JOY,85,PO7_Beta,bandpower,PO7,Beta,,occipital,0.0,0.0,47
211-000536,0,JOY,86,P5_Alpha,bandpower,P5,Alpha,,temporal_left,0.012729268973870429,0.001036199564658306,47
211-000536,0,JOY,87,P5_Beta,bandpower,P5,Beta,,temporal_left,0.05254770225609354,0.013618659003295149,47
211-000536,0,JOY,88,CP5_Alpha,bandpower,CP5,Alpha,,temporal_left,0.0,0.0,47
211-000536,0,JOY,89,CP5_Beta,bandpower,CP5,Beta,,temporal_left,0.0,0.0,47
211-000536,0,JOY,90,CP1_Alpha,bandpower,CP1,Alpha,,other,0.0,0.0,47
211-000536,0,JOY,91,CP1_Beta,bandpower,CP1,Beta,,other,0.0,0.0,47
211-000536,0,JOY,92,C1_Alpha,bandpower,C1,Alpha,,other,0.0,0.0,47
211-000536,0,JOY,93,C1_Beta,bandpower,C1,Beta,,other,0.0,0.0,47
211-000536,0,JOY,94,C2_Alpha,bandpower,C2,Alpha,,other,0.0,0.0,47
211-000536,0,JOY,95,C2_Beta,bandpower,C2,Beta,,other,0.0047927922178577975,-0.0016997876978906968,47
211-000536,0,JOY,96,FC2_Alpha,bandpower,FC2,Alpha,,other,0.0,0.0,47
211-000536,0,JOY,97,FC2_Beta,bandpower,FC2,Beta,,other,0.00967118816574858,0.0021845952568401786,47
211-000536,0,JOY,98,FC6_Alpha,bandpower,FC6,Alpha,,other,0.0,0.0,47
211-000536,0,JOY,99,FC6_Beta,bandpower,FC6,Beta,,other,0.009674340535837664,0.009674340535837664,47
211-000536,0,JOY,100,C5_Alpha,bandpower,C5,Alpha,,temporal_left,0.0,0.0,47
211-000536,0,JOY,101,C5_Beta,bandpower,C5,Beta,,temporal_left,0.0,0.0,47
211-000536,0,JOY,102,FC1_Alpha,bandpower,FC1,Alpha,,other,0.14083961320359611,0.1098283180388382,47
211-000536,0,JOY,103,FC1_Beta,bandpower,FC1,Beta,,other,0.43067696987731885,0.4185984438275404,47
211-000536,0,JOY,104,F2_Alpha,bandpower,F2,Alpha,,frontal_bilateral,0.0,0.0,47
211-000536,0,JOY,105,F2_Beta,bandpower,F2,Beta,,frontal_bilateral,0.0,0.0,47
211-000536,0,JOY,106,F6_Alpha,bandpower,F6,Alpha,,other,0.0,0.0,47
211-000536,0,JOY,107,F6_Beta,bandpower,F6,Beta,,other,0.0,0.0,47
211-000536,0,JOY,108,FC5_Alpha,bandpower,FC5,Alpha,,frontal_inferior_left,0.0,0.0,47
211-000536,0,JOY,109,FC5_Beta,bandpower,FC5,Beta,,frontal_inferior_left,0.01426694762169917,-0.004504523650489611,47
211-000536,0,JOY,110,F1_Alpha,bandpower,F1,Alpha,,frontal_bilateral,0.0,0.0,47
211-000536,0,JOY,111,F1_Beta,bandpower,F1,Beta,,frontal_bilateral,0.0,0.0,47
211-000536,0,JOY,112,AF4_Alpha,bandpower,AF4,Alpha,,frontal_bilateral,0.0,0.0,47
211-000536,0,JOY,113,AF4_Beta,bandpower,AF4,Beta,,frontal_bilateral,0.0,0.0,47
211-000536,0,JOY,114,AF8_Alpha,bandpower,AF8,Alpha,,frontal_bilateral,0.0,0.0,47
211-000536,0,JOY,115,AF8_Beta,bandpower,AF8,Beta,,frontal_bilateral,0.0,0.0,47
211-000536,0,JOY,116,F5_Alpha,bandpower,F5,Alpha,,frontal_inferior_left,0.0,0.0,47
211-000536,0,JOY,117,F5_Beta,bandpower,F5,Beta,,frontal_inferior_left,0.0,0.0,47
211-000536,0,JOY,118,AF7_Alpha,bandpower,AF7,Alpha,,frontal_bilateral,0.0,0.0,47
211-000536,0,JOY,119,AF7_Beta,bandpower,AF7,Beta,,frontal_bilateral,0.0,0.0,47
211-000536,0,JOY,120,AF3_Alpha,bandpower,AF3,Alpha,,frontal_bilateral,0.0,0.0,47
211-000536,0,JOY,121,AF3_Beta,bandpower,AF3,Beta,,frontal_bilateral,0.0,0.0,47
211-000536,0,JOY,122,Fpz_Alpha,bandpower,Fpz,Alpha,,frontal_bilateral,0.0,0.0,47
211-000536,0,JOY,123,Fpz_Beta,bandpower,Fpz,Beta,,frontal_bilateral,0.0,0.0,47
211-000536,0,JOY,124,AlphaAsym_Fp2-Fp1,AlphaAsym,,,Fp2-Fp1,,0.0,0.0,47
211-000536,0,JOY,125,AlphaAsym_AF8-AF7,AlphaAsym,,,AF8-AF7,,0.0,0.0,47
211-000536,0,JOY,126,AlphaAsym_AF4-AF3,AlphaAsym,,,AF4-AF3,,0.0,0.0,47
211-000536,0,JOY,127,AlphaAsym_F8-F7,AlphaAsym,,,F8-F7,,0.045109429169094974,0.011800064960918767,47
211-000536,0,JOY,128,AlphaAsym_F6-F5,AlphaAsym,,,F6-F5,,0.0,0.0,47
211-000536,0,JOY,129,AlphaAsym_F4-F3,AlphaAsym,,,F4-F3,,0.0,0.0,47
211-000536,0,JOY,130,AlphaAsym_F2-F1,AlphaAsym,,,F2-F1,,0.0,0.0,47
211-000536,0,JOY,131,AlphaAsym_FC6-FC5,AlphaAsym,,,FC6-FC5,,0.12334142845779429,0.07801659563126347,47
211-000536,0,JOY,132,AlphaAsym_FC4-FC3,AlphaAsym,,,FC4-FC3,,0.23077118823287668,0.1770930894634544,47
211-000536,0,JOY,133,AlphaAsym_FC2-FC1,AlphaAsym,,,FC2-FC1,,0.5291753307349136,0.4821933199302352,47
211-000536,0,JOY,134,AlphaAsym_T8-T7,AlphaAsym,,,T8-T7,,0.009017339275203335,0.0037887325001357175,47
211-000536,0,JOY,135,AlphaAsym_C6-C5,AlphaAsym,,,C6-C5,,0.0,0.0,47
211-000536,0,JOY,136,AlphaAsym_C4-C3,AlphaAsym,,,C4-C3,,0.0,0.0,47
211-000536,0,JOY,137,AlphaAsym_C2-C1,AlphaAsym,,,C2-C1,,0.0,0.0,47
211-000536,0,JOY,138,AlphaAsym_TP8-TP7,AlphaAsym,,,TP8-TP7,,0.08520158774229153,0.04336506091557688,47
211-000536,0,JOY,139,AlphaAsym_CP6-CP5,AlphaAsym,,,CP6-CP5,,0.0,0.0,47
211-000536,0,JOY,140,AlphaAsym_CP4-CP3,AlphaAsym,,,CP4-CP3,,0.011555387614127327,0.0008754932999541279,47
211-000536,0,JOY,141,AlphaAsym_CP2-CP1,AlphaAsym,,,CP2-CP1,,0.14437864148365223,0.08845041818819259,47
211-000536,0,JOY,142,AlphaAsym_P8-P7,AlphaAsym,,,P8-P7,,0.0003825328720175872,-0.00010544453450154479,47
211-000536,0,JOY,143,AlphaAsym_P6-P5,AlphaAsym,,,P6-P5,,0.07344030185372244,0.04341863183734001,47
211-000536,0,JOY,144,AlphaAsym_P4-P3,AlphaAsym,,,P4-P3,,0.0,0.0,47
211-000536,0,JOY,145,AlphaAsym_P2-P1,AlphaAsym,,,P2-P1,,0.0,0.0,47
211-000536,0,JOY,146,AlphaAsym_PO8-PO7,AlphaAsym,,,PO8-PO7,,0.0,0.0,47
211-000536,0,JOY,147,AlphaAsym_PO6-PO5,AlphaAsym,,,PO6-PO5,,0.0,0.0,47
211-000536,0,JOY,148,AlphaAsym_PO4-PO3,AlphaAsym,,,PO4-PO3,,0.0,0.0,47
211-000536,0,JOY,149,AlphaAsym_O2-O1,AlphaAsym,,,O2-O1,,0.0031773731602364468,0.0018696479525754062,47
211-000536,1,NEUTRO,0,O2_Alpha,bandpower,O2,Alpha,,occipital,0.0,0.0,46
211-000536,1,NEUTRO,1,O2_Beta,bandpower,O2,Beta,,occipital,0.0,0.0,46
211-000536,1,NEUTRO,2,O1_Alpha,bandpower,O1,Alpha,,occipital,0.013530111413527333,0.01003715602993155,46
211-000536,1,NEUTRO,3,O1_Beta,bandpower,O1,Beta,,occipital,0.05873625330365289,0.042483131140595494,46
211-000536,1,NEUTRO,4,Oz_Alpha,bandpower,Oz,Alpha,,occipital,0.0,0.0,46
211-000536,1,NEUTRO,5,Oz_Beta,bandpower,Oz,Beta,,occipital,0.0,0.0,46
211-000536,1,NEUTRO,6,Pz_Alpha,bandpower,Pz,Alpha,,parietal_midline,0.0,0.0,46
211-000536,1,NEUTRO,7,Pz_Beta,bandpower,Pz,Beta,,parietal_midline,0.0005134589433943633,1.4693931699957551e-05,46
211-000536,1,NEUTRO,8,P4_Alpha,bandpower,P4,Alpha,,other,0.0,0.0,46
211-000536,1,NEUTRO,9,P4_Beta,bandpower,P4,Beta,,other,0.0,0.0,46
211-000536,1,NEUTRO,10,CP4_Alpha,bandpower,CP4,Alpha,,temporal_right,0.0,0.0,46
211-000536,1,NEUTRO,11,CP4_Beta,bandpower,CP4,Beta,,temporal_right,0.08985963799829644,0.06824992892713856,46
211-000536,1,NEUTRO,12,P8_Alpha,bandpower,P8,Alpha,,temporal_right,0.0,0.0,46
211-000536,1,NEUTRO,13,P8_Beta,bandpower,P8,Beta,,temporal_right,0.0,0.0,46
211-000536,1,NEUTRO,14,C4_Alpha,bandpower,C4,Alpha,,other,0.0,0.0,46
211-000536,1,NEUTRO,15,C4_Beta,bandpower,C4,Beta,,other,0.0,0.0,46
211-000536,1,NEUTRO,16,TP8_Alpha,bandpower,TP8,Alpha,,temporal_right,0.0,0.0,46
211-000536,1,NEUTRO,17,TP8_Beta,bandpower,TP8,Beta,,temporal_right,0.0,0.0,46
211-000536,1,NEUTRO,18,T8_Alpha,bandpower,T8,Alpha,,temporal_right,0.0,0.0,46
211-000536,1,NEUTRO,19,T8_Beta,bandpower,T8,Beta,,temporal_right,0.0,0.0,46
211-000536,1,NEUTRO,20,P7_Alpha,bandpower,P7,Alpha,,temporal_left,0.08665499258446585,0.0649362882190423,46
211-000536,1,NEUTRO,21,P7_Beta,bandpower,P7,Beta,,temporal_left,0.01770860502541678,0.01343403282898925,46
211-000536,1,NEUTRO,22,P3_Alpha,bandpower,P3,Alpha,,centro_parietal_left,0.0,0.0,46
211-000536,1,NEUTRO,23,P3_Beta,bandpower,P3,Beta,,centro_parietal_left,0.0,0.0,46
211-000536,1,NEUTRO,24,CP3_Alpha,bandpower,CP3,Alpha,,temporal_left,0.0,0.0,46
211-000536,1,NEUTRO,25,CP3_Beta,bandpower,CP3,Beta,,temporal_left,0.0,0.0,46
211-000536,1,NEUTRO,26,CPz_Alpha,bandpower,CPz,Alpha,,parietal_midline,0.0,0.0,46
211-000536,1,NEUTRO,27,CPz_Beta,bandpower,CPz,Beta,,parietal_midline,0.04301414847577639,0.021455230700254464,46
211-000536,1,NEUTRO,28,Cz_Alpha,bandpower,Cz,Alpha,,parietal_midline,0.0,0.0,46
211-000536,1,NEUTRO,29,Cz_Beta,bandpower,Cz,Beta,,parietal_midline,0.0,0.0,46
211-000536,1,NEUTRO,30,FC4_Alpha,bandpower,FC4,Alpha,,frontal_bilateral,0.427986883660386,0.29728659600213503,46
211-000536,1,NEUTRO,31,FC4_Beta,bandpower,FC4,Beta,,frontal_bilateral,0.6258640826613542,0.5029904223830377,46
211-000536,1,NEUTRO,32,FT8_Alpha,bandpower,FT8,Alpha,,temporal_right,0.0,0.0,46
211-000536,1,NEUTRO,33,FT8_Beta,bandpower,FT8,Beta,,temporal_right,0.0,0.0,46
211-000536,1,NEUTRO,34,TP7_Alpha,bandpower,TP7,Alpha,,temporal_left,0.1381846510107341,0.10544395805320737,46
211-000536,1,NEUTRO,35,TP7_Beta,bandpower,TP7,Beta,,temporal_left,0.12110680210445947,0.07457406952138122,46
211-000536,1,NEUTRO,36,C3_Alpha,bandpower,C3,Alpha,,centro_parietal_left,0.0,0.0,46
211-000536,1,NEUTRO,37,C3_Beta,bandpower,C3,Beta,,centro_parietal_left,0.0,0.0,46
211-000536,1,NEUTRO,38,FCz_Alpha,bandpower,FCz,Alpha,,frontal_bilateral,0.31685718726573403,0.2283599992924871,46
211-000536,1,NEUTRO,39,FCz_Beta,bandpower,FCz,Beta,,frontal_bilateral,0.3330802046888154,0.23542367021054003,46
211-000536,1,NEUTRO,40,Fz_Alpha,bandpower,Fz,Alpha,,frontal_bilateral,0.0,0.0,46
211-000536,1,NEUTRO,41,Fz_Beta,bandpower,Fz,Beta,,frontal_bilateral,0.0,0.0,46
211-000536,1,NEUTRO,42,F4_Alpha,bandpower,F4,Alpha,,frontal_bilateral,0.0,0.0,46
211-000536,1,NEUTRO,43,F4_Beta,bandpower,F4,Beta,,frontal_bilateral,0.0,0.0,46
211-000536,1,NEUTRO,44,F8_Alpha,bandpower,F8,Alpha,,other,0.0,0.0,46
211-000536,1,NEUTRO,45,F8_Beta,bandpower,F8,Beta,,other,0.0,0.0,46
211-000536,1,NEUTRO,46,T7_Alpha,bandpower,T7,Alpha,,temporal_left,0.0,0.0,46
211-000536,1,NEUTRO,47,T7_Beta,bandpower,T7,Beta,,temporal_left,0.18023842839996657,-0.0864176583628066,46
211-000536,1,NEUTRO,48,FT7_Alpha,bandpower,FT7,Alpha,,temporal_left,0.0,0.0,46
211-000536,1,NEUTRO,49,FT7_Beta,bandpower,FT7,Beta,,temporal_left,0.004220014612459291,-0.0026027654197785027,46
211-000536,1,NEUTRO,50,FC3_Alpha,bandpower,FC3,Alpha,,frontal_bilateral,0.0,0.0,46
211-000536,1,NEUTRO,51,FC3_Beta,bandpower,FC3,Beta,,frontal_bilateral,0.0,0.0,46
211-000536,1,NEUTRO,52,F3_Alpha,bandpower,F3,Alpha,,frontal_bilateral,0.0,0.0,46
211-000536,1,NEUTRO,53,F3_Beta,bandpower,F3,Beta,,frontal_bilateral,0.0,0.0,46
211-000536,1,NEUTRO,54,Fp2_Alpha,bandpower,Fp2,Alpha,,frontal_bilateral,0.0,0.0,46
211-000536,1,NEUTRO,55,Fp2_Beta,bandpower,Fp2,Beta,,frontal_bilateral,0.0,0.0,46
211-000536,1,NEUTRO,56,F7_Alpha,bandpower,F7,Alpha,,frontal_inferior_left,0.0,0.0,46
211-000536,1,NEUTRO,57,F7_Beta,bandpower,F7,Beta,,frontal_inferior_left,0.0,0.0,46
211-000536,1,NEUTRO,58,Fp1_Alpha,bandpower,Fp1,Alpha,,frontal_bilateral,0.053543118987405755,0.047324159309580026,46
211-000536,1,NEUTRO,59,Fp1_Beta,bandpower,Fp1,Beta,,frontal_bilateral,0.0,0.0,46
211-000536,1,NEUTRO,60,PO5_Alpha,bandpower,PO5,Alpha,,other,0.0,0.0,46
211-000536,1,NEUTRO,61,PO5_Beta,bandpower,PO5,Beta,,other,0.0,0.0,46
211-000536,1,NEUTRO,62,PO3_Alpha,bandpower,PO3,Alpha,,occipital,0.0,0.0,46
211-000536,1,NEUTRO,63,PO3_Beta,bandpower,PO3,Beta,,occipital,0.0,0.0,46
211-000536,1,NEUTRO,64,P1_Alpha,bandpower,P1,Alpha,,other,0.029527604770283634,0.012180985480136863,46
211-000536,1,NEUTRO,65,P1_Beta,bandpower,P1,Beta,,other,0.31221231236595715,0.14755755371380957,46
211-000536,1,NEUTRO,66,POz_Alpha,bandpower,POz,Alpha,,occipital,0.0,0.0,46
211-000536,1,NEUTRO,67,POz_Beta,bandpower,POz,Beta,,occipital,0.0,0.0,46
211-000536,1,NEUTRO,68,P2_Alpha,bandpower,P2,Alpha,,other,0.0,0.0,46
211-000536,1,NEUTRO,69,P2_Beta,bandpower,P2,Beta,,other,0.0,0.0,46
211-000536,1,NEUTRO,70,PO4_Alpha,bandpower,PO4,Alpha,,occipital,0.0,0.0,46
211-000536,1,NEUTRO,71,PO4_Beta,bandpower,PO4,Beta,,occipital,0.0,0.0,46
211-000536,1,NEUTRO,72,CP2_Alpha,bandpower,CP2,Alpha,,other,0.0,0.0,46
211-000536,1,NEUTRO,73,CP2_Beta,bandpower,CP2,Beta,,other,0.0,0.0,46
211-000536,1,NEUTRO,74,P6_Alpha,bandpower,P6,Alpha,,temporal_right,0.0,0.0,46
211-000536,1,NEUTRO,75,P6_Beta,bandpower,P6,Beta,,temporal_right,0.0,0.0,46
211-000536,1,NEUTRO,76,PO6_Alpha,bandpower,PO6,Alpha,,other,0.014851149951134906,0.014551708641903496,46
211-000536,1,NEUTRO,77,PO6_Beta,bandpower,PO6,Beta,,other,0.24829251404135907,0.1575072733968738,46
211-000536,1,NEUTRO,78,CP6_Alpha,bandpower,CP6,Alpha,,temporal_right,0.0,0.0,46
211-000536,1,NEUTRO,79,CP6_Beta,bandpower,CP6,Beta,,temporal_right,0.0,0.0,46
211-000536,1,NEUTRO,80,C6_Alpha,bandpower,C6,Alpha,,temporal_right,0.0,0.0,46
211-000536,1,NEUTRO,81,C6_Beta,bandpower,C6,Beta,,temporal_right,0.0,0.0,46
211-000536,1,NEUTRO,82,PO8_Alpha,bandpower,PO8,Alpha,,occipital,0.0,0.0,46
211-000536,1,NEUTRO,83,PO8_Beta,bandpower,PO8,Beta,,occipital,0.01715955114861932,-0.002714517441737091,46
211-000536,1,NEUTRO,84,PO7_Alpha,bandpower,PO7,Alpha,,occipital,0.0,0.0,46
211-000536,1,NEUTRO,85,PO7_Beta,bandpower,PO7,Beta,,occipital,0.0,0.0,46
211-000536,1,NEUTRO,86,P5_Alpha,bandpower,P5,Alpha,,temporal_left,0.0,0.0,46
211-000536,1,NEUTRO,87,P5_Beta,bandpower,P5,Beta,,temporal_left,0.05002347190076491,-0.016421158296932317,46
211-000536,1,NEUTRO,88,CP5_Alpha,bandpower,CP5,Alpha,,temporal_left,0.0,0.0,46
211-000536,1,NEUTRO,89,CP5_Beta,bandpower,CP5,Beta,,temporal_left,0.0,0.0,46
211-000536,1,NEUTRO,90,CP1_Alpha,bandpower,CP1,Alpha,,other,0.0,0.0,46
211-000536,1,NEUTRO,91,CP1_Beta,bandpower,CP1,Beta,,other,0.0,0.0,46
211-000536,1,NEUTRO,92,C1_Alpha,bandpower,C1,Alpha,,other,0.07969931894599548,0.06020060234004672,46
211-000536,1,NEUTRO,93,C1_Beta,bandpower,C1,Beta,,other,0.067624520451407,0.03022300455780486,46
211-000536,1,NEUTRO,94,C2_Alpha,bandpower,C2,Alpha,,other,0.0,0.0,46
211-000536,1,NEUTRO,95,C2_Beta,bandpower,C2,Beta,,other,0.08455935562243855,0.01898367108920027,46
211-000536,1,NEUTRO,96,FC2_Alpha,bandpower,FC2,Alpha,,other,0.0,0.0,46
211-000536,1,NEUTRO,97,FC2_Beta,bandpower,FC2,Beta,,other,0.0,0.0,46
211-000536,1,NEUTRO,98,FC6_Alpha,bandpower,FC6,Alpha,,other,0.0,0.0,46
211-000536,1,NEUTRO,99,FC6_Beta,bandpower,FC6,Beta,,other,0.0,0.0,46
211-000536,1,NEUTRO,100,C5_Alpha,bandpower,C5,Alpha,,temporal_left,0.0,0.0,46
211-000536,1,NEUTRO,101,C5_Beta,bandpower,C5,Beta,,temporal_left,0.0,0.0,46
211-000536,1,NEUTRO,102,FC1_Alpha,bandpower,FC1,Alpha,,other,0.0,0.0,46
211-000536,1,NEUTRO,103,FC1_Beta,bandpower,FC1,Beta,,other,0.0,0.0,46
211-000536,1,NEUTRO,104,F2_Alpha,bandpower,F2,Alpha,,frontal_bilateral,0.02874276532157031,0.006978289691584094,46
211-000536,1,NEUTRO,105,F2_Beta,bandpower,F2,Beta,,frontal_bilateral,0.0,0.0,46
211-000536,1,NEUTRO,106,F6_Alpha,bandpower,F6,Alpha,,other,0.0,0.0,46
211-000536,1,NEUTRO,107,F6_Beta,bandpower,F6,Beta,,other,0.0,0.0,46
211-000536,1,NEUTRO,108,FC5_Alpha,bandpower,FC5,Alpha,,frontal_inferior_left,0.0,0.0,46
211-000536,1,NEUTRO,109,FC5_Beta,bandpower,FC5,Beta,,frontal_inferior_left,0.15624435881947946,-0.012493208619665784,46
211-000536,1,NEUTRO,110,F1_Alpha,bandpower,F1,Alpha,,frontal_bilateral,0.0,0.0,46
211-000536,1,NEUTRO,111,F1_Beta,bandpower,F1,Beta,,frontal_bilateral,0.0,0.0,46
211-000536,1,NEUTRO,112,AF4_Alpha,bandpower,AF4,Alpha,,frontal_bilateral,0.0,0.0,46
211-000536,1,NEUTRO,113,AF4_Beta,bandpower,AF4,Beta,,frontal_bilateral,0.0,0.0,46
211-000536,1,NEUTRO,114,AF8_Alpha,bandpower,AF8,Alpha,,frontal_bilateral,0.0,0.0,46
211-000536,1,NEUTRO,115,AF8_Beta,bandpower,AF8,Beta,,frontal_bilateral,0.0,0.0,46
211-000536,1,NEUTRO,116,F5_Alpha,bandpower,F5,Alpha,,frontal_inferior_left,0.0,0.0,46
211-000536,1,NEUTRO,117,F5_Beta,bandpower,F5,Beta,,frontal_inferior_left,0.0,0.0,46
211-000536,1,NEUTRO,118,AF7_Alpha,bandpower,AF7,Alpha,,frontal_bilateral,0.0,0.0,46
211-000536,1,NEUTRO,119,AF7_Beta,bandpower,AF7,Beta,,frontal_bilateral,0.0,0.0,46
211-000536,1,NEUTRO,120,AF3_Alpha,bandpower,AF3,Alpha,,frontal_bilateral,0.0,0.0,46
211-000536,1,NEUTRO,121,AF3_Beta,bandpower,AF3,Beta,,frontal_bilateral,0.0,0.0,46
211-000536,1,NEUTRO,122,Fpz_Alpha,bandpower,Fpz,Alpha,,frontal_bilateral,0.0,0.0,46
211-000536,1,NEUTRO,123,Fpz_Beta,bandpower,Fpz,Beta,,frontal_bilateral,0.0,0.0,46
211-000536,1,NEUTRO,124,AlphaAsym_Fp2-Fp1,AlphaAsym,,,Fp2-Fp1,,0.0,0.0,46
211-000536,1,NEUTRO,125,AlphaAsym_AF8-AF7,AlphaAsym,,,AF8-AF7,,0.0,0.0,46
211-000536,1,NEUTRO,126,AlphaAsym_AF4-AF3,AlphaAsym,,,AF4-AF3,,0.0,0.0,46
211-000536,1,NEUTRO,127,AlphaAsym_F8-F7,AlphaAsym,,,F8-F7,,0.0,0.0,46
211-000536,1,NEUTRO,128,AlphaAsym_F6-F5,AlphaAsym,,,F6-F5,,0.0,0.0,46
211-000536,1,NEUTRO,129,AlphaAsym_F4-F3,AlphaAsym,,,F4-F3,,0.0,0.0,46
211-000536,1,NEUTRO,130,AlphaAsym_F2-F1,AlphaAsym,,,F2-F1,,0.003484642150204211,-0.000790280011652173,46
211-000536,1,NEUTRO,131,AlphaAsym_FC6-FC5,AlphaAsym,,,FC6-FC5,,0.0,0.0,46
211-000536,1,NEUTRO,132,AlphaAsym_FC4-FC3,AlphaAsym,,,FC4-FC3,,0.2846555013847654,0.23427878254713952,46
211-000536,1,NEUTRO,133,AlphaAsym_FC2-FC1,AlphaAsym,,,FC2-FC1,,0.0,0.0,46
211-000536,1,NEUTRO,134,AlphaAsym_T8-T7,AlphaAsym,,,T8-T7,,0.011335551913611751,0.006633276488674277,46
211-000536,1,NEUTRO,135,AlphaAsym_C6-C5,AlphaAsym,,,C6-C5,,0.0,0.0,46
211-000536,1,NEUTRO,136,AlphaAsym_C4-C3,AlphaAsym,,,C4-C3,,0.010981792572544337,0.00119269009625529,46
211-000536,1,NEUTRO,137,AlphaAsym_C2-C1,AlphaAsym,,,C2-C1,,0.16602403977134664,0.13293233240821167,46
211-000536,1,NEUTRO,138,AlphaAsym_TP8-TP7,AlphaAsym,,,TP8-TP7,,0.06445303600878294,0.043794977390380005,46
211-000536,1,NEUTRO,139,AlphaAsym_CP6-CP5,AlphaAsym,,,CP6-CP5,,0.09075698828630797,0.06243458894433398,46
211-000536,1,NEUTRO,140,AlphaAsym_CP4-CP3,AlphaAsym,,,CP4-CP3,,0.034660945238576095,0.014153590370657698,46
211-000536,1,NEUTRO,141,AlphaAsym_CP2-CP1,AlphaAsym,,,CP2-CP1,,0.0,0.0,46
211-000536,1,NEUTRO,142,AlphaAsym_P8-P7,AlphaAsym,,,P8-P7,,0.12328309866190215,0.09386419414109445,46
211-000536,1,NEUTRO,143,AlphaAsym_P6-P5,AlphaAsym,,,P6-P5,,0.0,0.0,46
211-000536,1,NEUTRO,144,AlphaAsym_P4-P3,AlphaAsym,,,P4-P3,,0.0,0.0,46
211-000536,1,NEUTRO,145,AlphaAsym_P2-P1,AlphaAsym,,,P2-P1,,0.07390574086707868,0.021195836362516846,46
211-000536,1,NEUTRO,146,AlphaAsym_PO8-PO7,AlphaAsym,,,PO8-PO7,,0.0,0.0,46
211-000536,1,NEUTRO,147,AlphaAsym_PO6-PO5,AlphaAsym,,,PO6-PO5,,0.0921502295785334,0.0546268223857694,46
211-000536,1,NEUTRO,148,AlphaAsym_PO4-PO3,AlphaAsym,,,PO4-PO3,,0.0,0.0,46
211-000536,1,NEUTRO,149,AlphaAsym_O2-O1,AlphaAsym,,,O2-O1,,0.059838794349959416,0.03611861143923891,46
211-000536,2,SAD,0,O2_Alpha,bandpower,O2,Alpha,,occipital,0.0,0.0,31
211-000536,2,SAD,1,O2_Beta,bandpower,O2,Beta,,occipital,0.0,0.0,31
211-000536,2,SAD,2,O1_Alpha,bandpower,O1,Alpha,,occipital,0.01107747840151566,0.003331897728607874,31
211-000536,2,SAD,3,O1_Beta,bandpower,O1,Beta,,occipital,0.0,0.0,31
211-000536,2,SAD,4,Oz_Alpha,bandpower,Oz,Alpha,,occipital,0.0,0.0,31
211-000536,2,SAD,5,Oz_Beta,bandpower,Oz,Beta,,occipital,0.0,0.0,31
211-000536,2,SAD,6,Pz_Alpha,bandpower,Pz,Alpha,,parietal_midline,0.0,0.0,31
211-000536,2,SAD,7,Pz_Beta,bandpower,Pz,Beta,,parietal_midline,0.0,0.0,31
211-000536,2,SAD,8,P4_Alpha,bandpower,P4,Alpha,,other,0.0,0.0,31
211-000536,2,SAD,9,P4_Beta,bandpower,P4,Beta,,other,0.0,0.0,31
211-000536,2,SAD,10,CP4_Alpha,bandpower,CP4,Alpha,,temporal_right,0.05668704048284052,0.05558258566282356,31
211-000536,2,SAD,11,CP4_Beta,bandpower,CP4,Beta,,temporal_right,0.18598209033324015,0.18598209033324015,31
211-000536,2,SAD,12,P8_Alpha,bandpower,P8,Alpha,,temporal_right,0.0,0.0,31
211-000536,2,SAD,13,P8_Beta,bandpower,P8,Beta,,temporal_right,0.0,0.0,31
211-000536,2,SAD,14,C4_Alpha,bandpower,C4,Alpha,,other,0.0,0.0,31
211-000536,2,SAD,15,C4_Beta,bandpower,C4,Beta,,other,0.014534431024854085,0.00561681953404874,31
211-000536,2,SAD,16,TP8_Alpha,bandpower,TP8,Alpha,,temporal_right,0.0,0.0,31
211-000536,2,SAD,17,TP8_Beta,bandpower,TP8,Beta,,temporal_right,0.04416234090656451,0.027454177526882652,31
211-000536,2,SAD,18,T8_Alpha,bandpower,T8,Alpha,,temporal_right,0.0,0.0,31
211-000536,2,SAD,19,T8_Beta,bandpower,T8,Beta,,temporal_right,0.0,0.0,31
211-000536,2,SAD,20,P7_Alpha,bandpower,P7,Alpha,,temporal_left,0.0,0.0,31
211-000536,2,SAD,21,P7_Beta,bandpower,P7,Beta,,temporal_left,0.008310125408089638,0.004185204094737275,31
211-000536,2,SAD,22,P3_Alpha,bandpower,P3,Alpha,,centro_parietal_left,0.0,0.0,31
211-000536,2,SAD,23,P3_Beta,bandpower,P3,Beta,,centro_parietal_left,0.0,0.0,31
211-000536,2,SAD,24,CP3_Alpha,bandpower,CP3,Alpha,,temporal_left,0.0,0.0,31
211-000536,2,SAD,25,CP3_Beta,bandpower,CP3,Beta,,temporal_left,0.0,0.0,31
211-000536,2,SAD,26,CPz_Alpha,bandpower,CPz,Alpha,,parietal_midline,0.006635994838115449,0.005748099902500341,31
211-000536,2,SAD,27,CPz_Beta,bandpower,CPz,Beta,,parietal_midline,0.0,0.0,31
211-000536,2,SAD,28,Cz_Alpha,bandpower,Cz,Alpha,,parietal_midline,0.0,0.0,31
211-000536,2,SAD,29,Cz_Beta,bandpower,Cz,Beta,,parietal_midline,0.0,0.0,31
211-000536,2,SAD,30,FC4_Alpha,bandpower,FC4,Alpha,,frontal_bilateral,0.0,0.0,31
211-000536,2,SAD,31,FC4_Beta,bandpower,FC4,Beta,,frontal_bilateral,0.0,0.0,31
211-000536,2,SAD,32,FT8_Alpha,bandpower,FT8,Alpha,,temporal_right,0.0,0.0,31
211-000536,2,SAD,33,FT8_Beta,bandpower,FT8,Beta,,temporal_right,0.06556714301869017,0.038711337234333947,31
211-000536,2,SAD,34,TP7_Alpha,bandpower,TP7,Alpha,,temporal_left,0.0,0.0,31
211-000536,2,SAD,35,TP7_Beta,bandpower,TP7,Beta,,temporal_left,0.0,0.0,31
211-000536,2,SAD,36,C3_Alpha,bandpower,C3,Alpha,,centro_parietal_left,0.0,0.0,31
211-000536,2,SAD,37,C3_Beta,bandpower,C3,Beta,,centro_parietal_left,0.0,0.0,31
211-000536,2,SAD,38,FCz_Alpha,bandpower,FCz,Alpha,,frontal_bilateral,0.0,0.0,31
211-000536,2,SAD,39,FCz_Beta,bandpower,FCz,Beta,,frontal_bilateral,0.000355270786179156,-0.000355270786179156,31
211-000536,2,SAD,40,Fz_Alpha,bandpower,Fz,Alpha,,frontal_bilateral,0.0,0.0,31
211-000536,2,SAD,41,Fz_Beta,bandpower,Fz,Beta,,frontal_bilateral,0.0,0.0,31
211-000536,2,SAD,42,F4_Alpha,bandpower,F4,Alpha,,frontal_bilateral,0.0,0.0,31
211-000536,2,SAD,43,F4_Beta,bandpower,F4,Beta,,frontal_bilateral,0.0,0.0,31
211-000536,2,SAD,44,F8_Alpha,bandpower,F8,Alpha,,other,0.0,0.0,31
211-000536,2,SAD,45,F8_Beta,bandpower,F8,Beta,,other,0.0,0.0,31
211-000536,2,SAD,46,T7_Alpha,bandpower,T7,Alpha,,temporal_left,0.0,0.0,31
211-000536,2,SAD,47,T7_Beta,bandpower,T7,Beta,,temporal_left,0.0,0.0,31
211-000536,2,SAD,48,FT7_Alpha,bandpower,FT7,Alpha,,temporal_left,0.0,0.0,31
211-000536,2,SAD,49,FT7_Beta,bandpower,FT7,Beta,,temporal_left,0.0,0.0,31
211-000536,2,SAD,50,FC3_Alpha,bandpower,FC3,Alpha,,frontal_bilateral,0.0,0.0,31
211-000536,2,SAD,51,FC3_Beta,bandpower,FC3,Beta,,frontal_bilateral,0.0,0.0,31
211-000536,2,SAD,52,F3_Alpha,bandpower,F3,Alpha,,frontal_bilateral,0.0,0.0,31
211-000536,2,SAD,53,F3_Beta,bandpower,F3,Beta,,frontal_bilateral,0.0,0.0,31
211-000536,2,SAD,54,Fp2_Alpha,bandpower,Fp2,Alpha,,frontal_bilateral,0.0,0.0,31
211-000536,2,SAD,55,Fp2_Beta,bandpower,Fp2,Beta,,frontal_bilateral,0.0,0.0,31
211-000536,2,SAD,56,F7_Alpha,bandpower,F7,Alpha,,frontal_inferior_left,0.0,0.0,31
211-000536,2,SAD,57,F7_Beta,bandpower,F7,Beta,,frontal_inferior_left,0.0,0.0,31
211-000536,2,SAD,58,Fp1_Alpha,bandpower,Fp1,Alpha,,frontal_bilateral,0.7917056621436089,0.7726400382089664,31
211-000536,2,SAD,59,Fp1_Beta,bandpower,Fp1,Beta,,frontal_bilateral,0.34711506404404535,0.29599213543258973,31
211-000536,2,SAD,60,PO5_Alpha,bandpower,PO5,Alpha,,other,0.0,0.0,31
211-000536,2,SAD,61,PO5_Beta,bandpower,PO5,Beta,,other,0.006746895077262041,0.00511050388382427,31
211-000536,2,SAD,62,PO3_Alpha,bandpower,PO3,Alpha,,occipital,0.24241429743591286,0.22966566294731272,31
211-000536,2,SAD,63,PO3_Beta,bandpower,PO3,Beta,,occipital,0.2796746830086225,0.26873890912217613,31
211-000536,2,SAD,64,P1_Alpha,bandpower,P1,Alpha,,other,0.0,0.0,31
211-000536,2,SAD,65,P1_Beta,bandpower,P1,Beta,,other,0.0,0.0,31
211-000536,2,SAD,66,POz_Alpha,bandpower,POz,Alpha,,occipital,0.03132520337351427,0.020127717934503825,31
211-000536,2,SAD,67,POz_Beta,bandpower,POz,Beta,,occipital,0.20906114247847957,0.18328058605368247,31
211-000536,2,SAD,68,P2_Alpha,bandpower,P2,Alpha,,other,0.0,0.0,31
211-000536,2,SAD,69,P2_Beta,bandpower,P2,Beta,,other,0.0,0.0,31
211-000536,2,SAD,70,PO4_Alpha,bandpower,PO4,Alpha,,occipital,0.0,0.0,31
211-000536,2,SAD,71,PO4_Beta,bandpower,PO4,Beta,,occipital,0.0,0.0,31
211-000536,2,SAD,72,CP2_Alpha,bandpower,CP2,Alpha,,other,0.0810503215918776,0.06727971275448073,31
211-000536,2,SAD,73,CP2_Beta,bandpower,CP2,Beta,,other,0.37158662172696677,0.37158662172696677,31
211-000536,2,SAD,74,P6_Alpha,bandpower,P6,Alpha,,temporal_right,0.0,0.0,31
211-000536,2,SAD,75,P6_Beta,bandpower,P6,Beta,,temporal_right,0.0,0.0,31
211-000536,2,SAD,76,PO6_Alpha,bandpower,PO6,Alpha,,other,0.0,0.0,31
211-000536,2,SAD,77,PO6_Beta,bandpower,PO6,Beta,,other,0.0,0.0,31
211-000536,2,SAD,78,CP6_Alpha,bandpower,CP6,Alpha,,temporal_right,0.0,0.0,31
211-000536,2,SAD,79,CP6_Beta,bandpower,CP6,Beta,,temporal_right,0.0,0.0,31
211-000536,2,SAD,80,C6_Alpha,bandpower,C6,Alpha,,temporal_right,0.0,0.0,31
211-000536,2,SAD,81,C6_Beta,bandpower,C6,Beta,,temporal_right,0.0,0.0,31
211-000536,2,SAD,82,PO8_Alpha,bandpower,PO8,Alpha,,occipital,0.0,0.0,31
211-000536,2,SAD,83,PO8_Beta,bandpower,PO8,Beta,,occipital,0.0,0.0,31
211-000536,2,SAD,84,PO7_Alpha,bandpower,PO7,Alpha,,occipital,0.0,0.0,31
211-000536,2,SAD,85,PO7_Beta,bandpower,PO7,Beta,,occipital,0.0,0.0,31
211-000536,2,SAD,86,P5_Alpha,bandpower,P5,Alpha,,temporal_left,0.0,0.0,31
211-000536,2,SAD,87,P5_Beta,bandpower,P5,Beta,,temporal_left,0.0,0.0,31
211-000536,2,SAD,88,CP5_Alpha,bandpower,CP5,Alpha,,temporal_left,0.0,0.0,31
211-000536,2,SAD,89,CP5_Beta,bandpower,CP5,Beta,,temporal_left,0.012327410196366023,-0.003914463014077893,31
211-000536,2,SAD,90,CP1_Alpha,bandpower,CP1,Alpha,,other,0.0,0.0,31
211-000536,2,SAD,91,CP1_Beta,bandpower,CP1,Beta,,other,0.0,0.0,31
211-000536,2,SAD,92,C1_Alpha,bandpower,C1,Alpha,,other,0.0,0.0,31
211-000536,2,SAD,93,C1_Beta,bandpower,C1,Beta,,other,0.0,0.0,31
211-000536,2,SAD,94,C2_Alpha,bandpower,C2,Alpha,,other,0.0,0.0,31
211-000536,2,SAD,95,C2_Beta,bandpower,C2,Beta,,other,0.0,0.0,31
211-000536,2,SAD,96,FC2_Alpha,bandpower,FC2,Alpha,,other,0.0,0.0,31
211-000536,2,SAD,97,FC2_Beta,bandpower,FC2,Beta,,other,0.0,0.0,31
211-000536,2,SAD,98,FC6_Alpha,bandpower,FC6,Alpha,,other,0.0,0.0,31
211-000536,2,SAD,99,FC6_Beta,bandpower,FC6,Beta,,other,0.057815164499794944,0.039668080776056755,31
211-000536,2,SAD,100,C5_Alpha,bandpower,C5,Alpha,,temporal_left,0.0,0.0,31
211-000536,2,SAD,101,C5_Beta,bandpower,C5,Beta,,temporal_left,0.0,0.0,31
211-000536,2,SAD,102,FC1_Alpha,bandpower,FC1,Alpha,,other,0.035700084142691865,0.03191637068696823,31
211-000536,2,SAD,103,FC1_Beta,bandpower,FC1,Beta,,other,0.10014154322733723,0.09641676907404338,31
211-000536,2,SAD,104,F2_Alpha,bandpower,F2,Alpha,,frontal_bilateral,0.0,0.0,31
211-000536,2,SAD,105,F2_Beta,bandpower,F2,Beta,,frontal_bilateral,0.0,0.0,31
211-000536,2,SAD,106,F6_Alpha,bandpower,F6,Alpha,,other,0.0,0.0,31
211-000536,2,SAD,107,F6_Beta,bandpower,F6,Beta,,other,0.0,0.0,31
211-000536,2,SAD,108,FC5_Alpha,bandpower,FC5,Alpha,,frontal_inferior_left,0.0,0.0,31
211-000536,2,SAD,109,FC5_Beta,bandpower,FC5,Beta,,frontal_inferior_left,0.0,0.0,31
211-000536,2,SAD,110,F1_Alpha,bandpower,F1,Alpha,,frontal_bilateral,0.0,0.0,31
211-000536,2,SAD,111,F1_Beta,bandpower,F1,Beta,,frontal_bilateral,0.0,0.0,31
211-000536,2,SAD,112,AF4_Alpha,bandpower,AF4,Alpha,,frontal_bilateral,0.0,0.0,31
211-000536,2,SAD,113,AF4_Beta,bandpower,AF4,Beta,,frontal_bilateral,0.0,0.0,31
211-000536,2,SAD,114,AF8_Alpha,bandpower,AF8,Alpha,,frontal_bilateral,0.0,0.0,31
211-000536,2,SAD,115,AF8_Beta,bandpower,AF8,Beta,,frontal_bilateral,0.0,0.0,31
211-000536,2,SAD,116,F5_Alpha,bandpower,F5,Alpha,,frontal_inferior_left,0.0,0.0,31
211-000536,2,SAD,117,F5_Beta,bandpower,F5,Beta,,frontal_inferior_left,0.0,0.0,31
211-000536,2,SAD,118,AF7_Alpha,bandpower,AF7,Alpha,,frontal_bilateral,0.0,0.0,31
211-000536,2,SAD,119,AF7_Beta,bandpower,AF7,Beta,,frontal_bilateral,0.0,0.0,31
211-000536,2,SAD,120,AF3_Alpha,bandpower,AF3,Alpha,,frontal_bilateral,0.0,0.0,31
211-000536,2,SAD,121,AF3_Beta,bandpower,AF3,Beta,,frontal_bilateral,0.0,0.0,31
211-000536,2,SAD,122,Fpz_Alpha,bandpower,Fpz,Alpha,,frontal_bilateral,0.2439007886273864,0.2024152885306369,31
211-000536,2,SAD,123,Fpz_Beta,bandpower,Fpz,Beta,,frontal_bilateral,0.007264331087677063,0.004035014237053101,31
211-000536,2,SAD,124,AlphaAsym_Fp2-Fp1,AlphaAsym,,,Fp2-Fp1,,0.08931431599105585,0.07385636788437955,31
211-000536,2,SAD,125,AlphaAsym_AF8-AF7,AlphaAsym,,,AF8-AF7,,0.0,0.0,31
211-000536,2,SAD,126,AlphaAsym_AF4-AF3,AlphaAsym,,,AF4-AF3,,0.0,0.0,31
211-000536,2,SAD,127,AlphaAsym_F8-F7,AlphaAsym,,,F8-F7,,0.0,0.0,31
211-000536,2,SAD,128,AlphaAsym_F6-F5,AlphaAsym,,,F6-F5,,0.027957450156241855,0.026120336657501998,31
211-000536,2,SAD,129,AlphaAsym_F4-F3,AlphaAsym,,,F4-F3,,0.0,0.0,31
211-000536,2,SAD,130,AlphaAsym_F2-F1,AlphaAsym,,,F2-F1,,0.0,0.0,31
211-000536,2,SAD,131,AlphaAsym_FC6-FC5,AlphaAsym,,,FC6-FC5,,0.0,0.0,31
211-000536,2,SAD,132,AlphaAsym_FC4-FC3,AlphaAsym,,,FC4-FC3,,0.0,0.0,31
211-000536,2,SAD,133,AlphaAsym_FC2-FC1,AlphaAsym,,,FC2-FC1,,0.0924620989898868,0.07376513779468233,31
211-000536,2,SAD,134,AlphaAsym_T8-T7,AlphaAsym,,,T8-T7,,0.0,0.0,31
211-000536,2,SAD,135,AlphaAsym_C6-C5,AlphaAsym,,,C6-C5,,0.0,0.0,31
211-000536,2,SAD,136,AlphaAsym_C4-C3,AlphaAsym,,,C4-C3,,0.0,0.0,31
211-000536,2,SAD,137,AlphaAsym_C2-C1,AlphaAsym,,,C2-C1,,0.015370328277914824,0.003140232861277251,31
211-000536,2,SAD,138,AlphaAsym_TP8-TP7,AlphaAsym,,,TP8-TP7,,0.0,0.0,31
211-000536,2,SAD,139,AlphaAsym_CP6-CP5,AlphaAsym,,,CP6-CP5,,0.008464516882676862,0.006988043475303377,31
211-000536,2,SAD,140,AlphaAsym_CP4-CP3,AlphaAsym,,,CP4-CP3,,0.8182730631948028,0.7893402890011906,31
211-000536,2,SAD,141,AlphaAsym_CP2-CP1,AlphaAsym,,,CP2-CP1,,0.0,0.0,31
211-000536,2,SAD,142,AlphaAsym_P8-P7,AlphaAsym,,,P8-P7,,0.0,0.0,31
211-000536,2,SAD,143,AlphaAsym_P6-P5,AlphaAsym,,,P6-P5,,0.006104532630678109,0.0038999657207094618,31
211-000536,2,SAD,144,AlphaAsym_P4-P3,AlphaAsym,,,P4-P3,,0.0,0.0,31
211-000536,2,SAD,145,AlphaAsym_P2-P1,AlphaAsym,,,P2-P1,,0.04108796507777746,0.0069708479793035745,31
211-000536,2,SAD,146,AlphaAsym_PO8-PO7,AlphaAsym,,,PO8-PO7,,0.0,0.0,31
211-000536,2,SAD,147,AlphaAsym_PO6-PO5,AlphaAsym,,,PO6-PO5,,0.001321106429375631,0.0010393137439677258,31
211-000536,2,SAD,148,AlphaAsym_PO4-PO3,AlphaAsym,,,PO4-PO3,,0.0,0.0,31
211-000536,2,SAD,149,AlphaAsym_O2-O1,AlphaAsym,,,O2-O1,,0.0,0.0,31
211-000537,0,JOY,0,O2_Alpha,bandpower,O2,Alpha,,occipital,0.0,0.0,42
211-000537,0,JOY,1,O2_Beta,bandpower,O2,Beta,,occipital,0.0,0.0,42
211-000537,0,JOY,2,O1_Alpha,bandpower,O1,Alpha,,occipital,0.0,0.0,42
211-000537,0,JOY,3,O1_Beta,bandpower,O1,Beta,,occipital,0.02393948293482879,0.0185710378545282,42
211-000537,0,JOY,4,Oz_Alpha,bandpower,Oz,Alpha,,occipital,0.0,0.0,42
211-000537,0,JOY,5,Oz_Beta,bandpower,Oz,Beta,,occipital,0.14784882697977358,0.1429676368003574,42
211-000537,0,JOY,6,Pz_Alpha,bandpower,Pz,Alpha,,parietal_midline,0.09694673505438225,0.09580929118217021,42
211-000537,0,JOY,7,Pz_Beta,bandpower,Pz,Beta,,parietal_midline,0.5311652372019977,0.5311652372019977,42
211-000537,0,JOY,8,P4_Alpha,bandpower,P4,Alpha,,other,0.0,0.0,42
211-000537,0,JOY,9,P4_Beta,bandpower,P4,Beta,,other,0.0,0.0,42
211-000537,0,JOY,10,CP4_Alpha,bandpower,CP4,Alpha,,temporal_right,0.0,0.0,42
211-000537,0,JOY,11,CP4_Beta,bandpower,CP4,Beta,,temporal_right,0.44268459885190187,0.44268459885190187,42
211-000537,0,JOY,12,P8_Alpha,bandpower,P8,Alpha,,temporal_right,0.0,0.0,42
211-000537,0,JOY,13,P8_Beta,bandpower,P8,Beta,,temporal_right,0.0,0.0,42
211-000537,0,JOY,14,C4_Alpha,bandpower,C4,Alpha,,other,0.0,0.0,42
211-000537,0,JOY,15,C4_Beta,bandpower,C4,Beta,,other,0.0,0.0,42
211-000537,0,JOY,16,TP8_Alpha,bandpower,TP8,Alpha,,temporal_right,0.03369475161726167,0.026383106744378996,42
211-000537,0,JOY,17,TP8_Beta,bandpower,TP8,Beta,,temporal_right,0.0,0.0,42
211-000537,0,JOY,18,T8_Alpha,bandpower,T8,Alpha,,temporal_right,0.0,0.0,42
211-000537,0,JOY,19,T8_Beta,bandpower,T8,Beta,,temporal_right,0.11949233342800938,0.11949233342800938,42
211-000537,0,JOY,20,P7_Alpha,bandpower,P7,Alpha,,temporal_left,0.0,0.0,42
211-000537,0,JOY,21,P7_Beta,bandpower,P7,Beta,,temporal_left,0.0,0.0,42
211-000537,0,JOY,22,P3_Alpha,bandpower,P3,Alpha,,centro_parietal_left,0.0,0.0,42
211-000537,0,JOY,23,P3_Beta,bandpower,P3,Beta,,centro_parietal_left,0.0,0.0,42
211-000537,0,JOY,24,CP3_Alpha,bandpower,CP3,Alpha,,temporal_left,0.0,0.0,42
211-000537,0,JOY,25,CP3_Beta,bandpower,CP3,Beta,,temporal_left,0.0,0.0,42
211-000537,0,JOY,26,CPz_Alpha,bandpower,CPz,Alpha,,parietal_midline,0.0,0.0,42
211-000537,0,JOY,27,CPz_Beta,bandpower,CPz,Beta,,parietal_midline,0.0,0.0,42
211-000537,0,JOY,28,Cz_Alpha,bandpower,Cz,Alpha,,parietal_midline,0.0,0.0,42
211-000537,0,JOY,29,Cz_Beta,bandpower,Cz,Beta,,parietal_midline,0.12197620872061557,0.12197222122121801,42
211-000537,0,JOY,30,FC4_Alpha,bandpower,FC4,Alpha,,frontal_bilateral,0.0,0.0,42
211-000537,0,JOY,31,FC4_Beta,bandpower,FC4,Beta,,frontal_bilateral,0.0,0.0,42
211-000537,0,JOY,32,FT8_Alpha,bandpower,FT8,Alpha,,temporal_right,0.0,0.0,42
211-000537,0,JOY,33,FT8_Beta,bandpower,FT8,Beta,,temporal_right,0.0,0.0,42
211-000537,0,JOY,34,TP7_Alpha,bandpower,TP7,Alpha,,temporal_left,0.014727341348485476,0.012762675745562066,42
211-000537,0,JOY,35,TP7_Beta,bandpower,TP7,Beta,,temporal_left,0.0,0.0,42
211-000537,0,JOY,36,C3_Alpha,bandpower,C3,Alpha,,centro_parietal_left,0.0,0.0,42
211-000537,0,JOY,37,C3_Beta,bandpower,C3,Beta,,centro_parietal_left,0.0,0.0,42
211-000537,0,JOY,38,FCz_Alpha,bandpower,FCz,Alpha,,frontal_bilateral,0.0,0.0,42
211-000537,0,JOY,39,FCz_Beta,bandpower,FCz,Beta,,frontal_bilateral,0.0,0.0,42
211-000537,0,JOY,40,Fz_Alpha,bandpower,Fz,Alpha,,frontal_bilateral,0.0,0.0,42
211-000537,0,JOY,41,Fz_Beta,bandpower,Fz,Beta,,frontal_bilateral,0.0,0.0,42
211-000537,0,JOY,42,F4_Alpha,bandpower,F4,Alpha,,frontal_bilateral,0.0,0.0,42
211-000537,0,JOY,43,F4_Beta,bandpower,F4,Beta,,frontal_bilateral,0.0,0.0,42
211-000537,0,JOY,44,F8_Alpha,bandpower,F8,Alpha,,other,0.0,0.0,42
211-000537,0,JOY,45,F8_Beta,bandpower,F8,Beta,,other,0.0,0.0,42
211-000537,0,JOY,46,T7_Alpha,bandpower,T7,Alpha,,temporal_left,0.0,0.0,42
211-000537,0,JOY,47,T7_Beta,bandpower,T7,Beta,,temporal_left,0.0027109682392029246,0.001993098433664241,42
211-000537,0,JOY,48,FT7_Alpha,bandpower,FT7,Alpha,,temporal_left,0.0,0.0,42
211-000537,0,JOY,49,FT7_Beta,bandpower,FT7,Beta,,temporal_left,0.0,0.0,42
211-000537,0,JOY,50,FC3_Alpha,bandpower,FC3,Alpha,,frontal_bilateral,0.0,0.0,42
211-000537,0,JOY,51,FC3_Beta,bandpower,FC3,Beta,,frontal_bilateral,0.0,0.0,42
211-000537,0,JOY,52,F3_Alpha,bandpower,F3,Alpha,,frontal_bilateral,0.0,0.0,42
211-000537,0,JOY,53,F3_Beta,bandpower,F3,Beta,,frontal_bilateral,0.0,0.0,42
211-000537,0,JOY,54,Fp2_Alpha,bandpower,Fp2,Alpha,,frontal_bilateral,0.0,0.0,42
211-000537,0,JOY,55,Fp2_Beta,bandpower,Fp2,Beta,,frontal_bilateral,0.0,0.0,42
211-000537,0,JOY,56,F7_Alpha,bandpower,F7,Alpha,,frontal_inferior_left,0.0,0.0,42
211-000537,0,JOY,57,F7_Beta,bandpower,F7,Beta,,frontal_inferior_left,0.0,0.0,42
211-000537,0,JOY,58,Fp1_Alpha,bandpower,Fp1,Alpha,,frontal_bilateral,0.0,0.0,42
211-000537,0,JOY,59,Fp1_Beta,bandpower,Fp1,Beta,,frontal_bilateral,0.0,0.0,42
211-000537,0,JOY,60,PO5_Alpha,bandpower,PO5,Alpha,,other,0.0,0.0,42
211-000537,0,JOY,61,PO5_Beta,bandpower,PO5,Beta,,other,0.0,0.0,42
211-000537,0,JOY,62,PO3_Alpha,bandpower,PO3,Alpha,,occipital,0.0,0.0,42
211-000537,0,JOY,63,PO3_Beta,bandpower,PO3,Beta,,occipital,0.0,0.0,42
211-000537,0,JOY,64,P1_Alpha,bandpower,P1,Alpha,,other,0.0,0.0,42
211-000537,0,JOY,65,P1_Beta,bandpower,P1,Beta,,other,0.0,0.0,42
211-000537,0,JOY,66,POz_Alpha,bandpower,POz,Alpha,,occipital,0.0,0.0,42
211-000537,0,JOY,67,POz_Beta,bandpower,POz,Beta,,occipital,0.007669986798112107,0.007556985017968557,42
211-000537,0,JOY,68,P2_Alpha,bandpower,P2,Alpha,,other,0.0,0.0,42
211-000537,0,JOY,69,P2_Beta,bandpower,P2,Beta,,other,0.0,0.0,42
211-000537,0,JOY,70,PO4_Alpha,bandpower,PO4,Alpha,,occipital,0.0,0.0,42
211-000537,0,JOY,71,PO4_Beta,bandpower,PO4,Beta,,occipital,0.0,0.0,42
211-000537,0,JOY,72,CP2_Alpha,bandpower,CP2,Alpha,,other,0.1987087884942407,0.19841240231697393,42
211-000537,0,JOY,73,CP2_Beta,bandpower,CP2,Beta,,other,0.5060006747454331,0.5060006747454331,42
211-000537,0,JOY,74,P6_Alpha,bandpower,P6,Alpha,,temporal_right,0.0,0.0,42
211-000537,0,JOY,75,P6_Beta,bandpower,P6,Beta,,temporal_right,0.003016049913312137,0.003016049913312137,42
211-000537,0,JOY,76,PO6_Alpha,bandpower,PO6,Alpha,,other,0.0,0.0,42
211-000537,0,JOY,77,PO6_Beta,bandpower,PO6,Beta,,other,0.0,0.0,42
211-000537,0,JOY,78,CP6_Alpha,bandpower,CP6,Alpha,,temporal_right,0.0,0.0,42
211-000537,0,JOY,79,CP6_Beta,bandpower,CP6,Beta,,temporal_right,0.0,0.0,42
211-000537,0,JOY,80,C6_Alpha,bandpower,C6,Alpha,,temporal_right,0.025027929201788694,0.024853571236952792,42
211-000537,0,JOY,81,C6_Beta,bandpower,C6,Beta,,temporal_right,0.1159079121623437,0.11166603266166633,42
211-000537,0,JOY,82,PO8_Alpha,bandpower,PO8,Alpha,,occipital,0.0,0.0,42
211-000537,0,JOY,83,PO8_Beta,bandpower,PO8,Beta,,occipital,0.22038288357457209,0.22038288357457209,42
211-000537,0,JOY,84,PO7_Alpha,bandpower,PO7,Alpha,,occipital,0.0,0.0,42
211-000537,0,JOY,85,PO7_Beta,bandpower,PO7,Beta,,occipital,0.0,0.0,42
211-000537,0,JOY,86,P5_Alpha,bandpower,P5,Alpha,,temporal_left,0.0,0.0,42
211-000537,0,JOY,87,P5_Beta,bandpower,P5,Beta,,temporal_left,0.0,0.0,42
211-000537,0,JOY,88,CP5_Alpha,bandpower,CP5,Alpha,,temporal_left,0.0,0.0,42
211-000537,0,JOY,89,CP5_Beta,bandpower,CP5,Beta,,temporal_left,0.0,0.0,42
211-000537,0,JOY,90,CP1_Alpha,bandpower,CP1,Alpha,,other,0.0,0.0,42
211-000537,0,JOY,91,CP1_Beta,bandpower,CP1,Beta,,other,0.0,0.0,42
211-000537,0,JOY,92,C1_Alpha,bandpower,C1,Alpha,,other,0.0,0.0,42
211-000537,0,JOY,93,C1_Beta,bandpower,C1,Beta,,other,0.02918757458007339,0.02918757458007339,42
211-000537,0,JOY,94,C2_Alpha,bandpower,C2,Alpha,,other,0.0,0.0,42
211-000537,0,JOY,95,C2_Beta,bandpower,C2,Beta,,other,0.020680968210149735,0.020680968210149735,42
211-000537,0,JOY,96,FC2_Alpha,bandpower,FC2,Alpha,,other,0.001401461610141779,0.0009351016698210099,42
211-000537,0,JOY,97,FC2_Beta,bandpower,FC2,Beta,,other,0.0,0.0,42
211-000537,0,JOY,98,FC6_Alpha,bandpower,FC6,Alpha,,other,0.0,0.0,42
211-000537,0,JOY,99,FC6_Beta,bandpower,FC6,Beta,,other,0.0,0.0,42
211-000537,0,JOY,100,C5_Alpha,bandpower,C5,Alpha,,temporal_left,0.0,0.0,42
211-000537,0,JOY,101,C5_Beta,bandpower,C5,Beta,,temporal_left,0.0,0.0,42
211-000537,0,JOY,102,FC1_Alpha,bandpower,FC1,Alpha,,other,0.0,0.0,42
211-000537,0,JOY,103,FC1_Beta,bandpower,FC1,Beta,,other,0.0,0.0,42
211-000537,0,JOY,104,F2_Alpha,bandpower,F2,Alpha,,frontal_bilateral,0.0,0.0,42
211-000537,0,JOY,105,F2_Beta,bandpower,F2,Beta,,frontal_bilateral,0.0,0.0,42
211-000537,0,JOY,106,F6_Alpha,bandpower,F6,Alpha,,other,0.0,0.0,42
211-000537,0,JOY,107,F6_Beta,bandpower,F6,Beta,,other,0.0,0.0,42
211-000537,0,JOY,108,FC5_Alpha,bandpower,FC5,Alpha,,frontal_inferior_left,0.0,0.0,42
211-000537,0,JOY,109,FC5_Beta,bandpower,FC5,Beta,,frontal_inferior_left,0.0,0.0,42
211-000537,0,JOY,110,F1_Alpha,bandpower,F1,Alpha,,frontal_bilateral,0.0,0.0,42
211-000537,0,JOY,111,F1_Beta,bandpower,F1,Beta,,frontal_bilateral,0.0,0.0,42
211-000537,0,JOY,112,AF4_Alpha,bandpower,AF4,Alpha,,frontal_bilateral,0.0,0.0,42
211-000537,0,JOY,113,AF4_Beta,bandpower,AF4,Beta,,frontal_bilateral,0.09288691392074108,0.07570408526941441,42
211-000537,0,JOY,114,AF8_Alpha,bandpower,AF8,Alpha,,frontal_bilateral,0.0,0.0,42
211-000537,0,JOY,115,AF8_Beta,bandpower,AF8,Beta,,frontal_bilateral,0.09133620725106772,0.0260897191915466,42
211-000537,0,JOY,116,F5_Alpha,bandpower,F5,Alpha,,frontal_inferior_left,0.0,0.0,42
211-000537,0,JOY,117,F5_Beta,bandpower,F5,Beta,,frontal_inferior_left,0.0,0.0,42
211-000537,0,JOY,118,AF7_Alpha,bandpower,AF7,Alpha,,frontal_bilateral,0.0,0.0,42
211-000537,0,JOY,119,AF7_Beta,bandpower,AF7,Beta,,frontal_bilateral,0.0,0.0,42
211-000537,0,JOY,120,AF3_Alpha,bandpower,AF3,Alpha,,frontal_bilateral,0.0,0.0,42
211-000537,0,JOY,121,AF3_Beta,bandpower,AF3,Beta,,frontal_bilateral,0.0528171134159627,0.041198626505254896,42
211-000537,0,JOY,122,Fpz_Alpha,bandpower,Fpz,Alpha,,frontal_bilateral,0.0,0.0,42
211-000537,0,JOY,123,Fpz_Beta,bandpower,Fpz,Beta,,frontal_bilateral,0.0,0.0,42
211-000537,0,JOY,124,AlphaAsym_Fp2-Fp1,AlphaAsym,,,Fp2-Fp1,,0.0,0.0,42
211-000537,0,JOY,125,AlphaAsym_AF8-AF7,AlphaAsym,,,AF8-AF7,,0.0,0.0,42
211-000537,0,JOY,126,AlphaAsym_AF4-AF3,AlphaAsym,,,AF4-AF3,,0.0,0.0,42
211-000537,0,JOY,127,AlphaAsym_F8-F7,AlphaAsym,,,F8-F7,,0.0,0.0,42
211-000537,0,JOY,128,AlphaAsym_F6-F5,AlphaAsym,,,F6-F5,,0.0,0.0,42
211-000537,0,JOY,129,AlphaAsym_F4-F3,AlphaAsym,,,F4-F3,,0.0,0.0,42
211-000537,0,JOY,130,AlphaAsym_F2-F1,AlphaAsym,,,F2-F1,,0.0,0.0,42
211-000537,0,JOY,131,AlphaAsym_FC6-FC5,AlphaAsym,,,FC6-FC5,,0.0,0.0,42
211-000537,0,JOY,132,AlphaAsym_FC4-FC3,AlphaAsym,,,FC4-FC3,,0.0,0.0,42
211-000537,0,JOY,133,AlphaAsym_FC2-FC1,AlphaAsym,,,FC2-FC1,,0.0,0.0,42
211-000537,0,JOY,134,AlphaAsym_T8-T7,AlphaAsym,,,T8-T7,,0.0,0.0,42
211-000537,0,JOY,135,AlphaAsym_C6-C5,AlphaAsym,,,C6-C5,,0.0,0.0,42
211-000537,0,JOY,136,AlphaAsym_C4-C3,AlphaAsym,,,C4-C3,,0.0,0.0,42
211-000537,0,JOY,137,AlphaAsym_C2-C1,AlphaAsym,,,C2-C1,,0.0,0.0,42
211-000537,0,JOY,138,AlphaAsym_TP8-TP7,AlphaAsym,,,TP8-TP7,,0.0,0.0,42
211-000537,0,JOY,139,AlphaAsym_CP6-CP5,AlphaAsym,,,CP6-CP5,,0.0,0.0,42
211-000537,0,JOY,140,AlphaAsym_CP4-CP3,AlphaAsym,,,CP4-CP3,,0.6150961237840452,0.6131649743131009,42
211-000537,0,JOY,141,AlphaAsym_CP2-CP1,AlphaAsym,,,CP2-CP1,,0.18288933012441413,0.18288933012441413,42
211-000537,0,JOY,142,AlphaAsym_P8-P7,AlphaAsym,,,P8-P7,,0.0,0.0,42
211-000537,0,JOY,143,AlphaAsym_P6-P5,AlphaAsym,,,P6-P5,,0.0,0.0,42
211-000537,0,JOY,144,AlphaAsym_P4-P3,AlphaAsym,,,P4-P3,,0.0,0.0,42
211-000537,0,JOY,145,AlphaAsym_P2-P1,AlphaAsym,,,P2-P1,,0.0,0.0,42
211-000537,0,JOY,146,AlphaAsym_PO8-PO7,AlphaAsym,,,PO8-PO7,,0.0,0.0,42
211-000537,0,JOY,147,AlphaAsym_PO6-PO5,AlphaAsym,,,PO6-PO5,,0.0,0.0,42
211-000537,0,JOY,148,AlphaAsym_PO4-PO3,AlphaAsym,,,PO4-PO3,,0.0,0.0,42
211-000537,0,JOY,149,AlphaAsym_O2-O1,AlphaAsym,,,O2-O1,,0.0,0.0,42
211-000537,1,NEUTRO,0,O2_Alpha,bandpower,O2,Alpha,,occipital,0.0,0.0,42
211-000537,1,NEUTRO,1,O2_Beta,bandpower,O2,Beta,,occipital,0.0,0.0,42
211-000537,1,NEUTRO,2,O1_Alpha,bandpower,O1,Alpha,,occipital,0.0,0.0,42
211-000537,1,NEUTRO,3,O1_Beta,bandpower,O1,Beta,,occipital,0.0,0.0,42
211-000537,1,NEUTRO,4,Oz_Alpha,bandpower,Oz,Alpha,,occipital,0.0,0.0,42
211-000537,1,NEUTRO,5,Oz_Beta,bandpower,Oz,Beta,,occipital,0.0,0.0,42
211-000537,1,NEUTRO,6,Pz_Alpha,bandpower,Pz,Alpha,,parietal_midline,0.0,0.0,42
211-000537,1,NEUTRO,7,Pz_Beta,bandpower,Pz,Beta,,parietal_midline,0.0,0.0,42
211-000537,1,NEUTRO,8,P4_Alpha,bandpower,P4,Alpha,,other,0.0,0.0,42
211-000537,1,NEUTRO,9,P4_Beta,bandpower,P4,Beta,,other,0.0,0.0,42
211-000537,1,NEUTRO,10,CP4_Alpha,bandpower,CP4,Alpha,,temporal_right,0.0,0.0,42
211-000537,1,NEUTRO,11,CP4_Beta,bandpower,CP4,Beta,,temporal_right,0.0,0.0,42
211-000537,1,NEUTRO,12,P8_Alpha,bandpower,P8,Alpha,,temporal_right,0.016748324621992574,0.001751382840977914,42
211-000537,1,NEUTRO,13,P8_Beta,bandpower,P8,Beta,,temporal_right,0.0,0.0,42
211-000537,1,NEUTRO,14,C4_Alpha,bandpower,C4,Alpha,,other,0.0,0.0,42
211-000537,1,NEUTRO,15,C4_Beta,bandpower,C4,Beta,,other,0.0,0.0,42
211-000537,1,NEUTRO,16,TP8_Alpha,bandpower,TP8,Alpha,,temporal_right,0.0,0.0,42
211-000537,1,NEUTRO,17,TP8_Beta,bandpower,TP8,Beta,,temporal_right,0.0,0.0,42
211-000537,1,NEUTRO,18,T8_Alpha,bandpower,T8,Alpha,,temporal_right,0.0,0.0,42
211-000537,1,NEUTRO,19,T8_Beta,bandpower,T8,Beta,,temporal_right,0.0,0.0,42
211-000537,1,NEUTRO,20,P7_Alpha,bandpower,P7,Alpha,,temporal_left,0.0,0.0,42
211-000537,1,NEUTRO,21,P7_Beta,bandpower,P7,Beta,,temporal_left,0.0,0.0,42
211-000537,1,NEUTRO,22,P3_Alpha,bandpower,P3,Alpha,,centro_parietal_left,0.0,0.0,42
211-000537,1,NEUTRO,23,P3_Beta,bandpower,P3,Beta,,centro_parietal_left,0.005361123597679586,0.0008413754997664451,42
211-000537,1,NEUTRO,24,CP3_Alpha,bandpower,CP3,Alpha,,temporal_left,0.0,0.0,42
211-000537,1,NEUTRO,25,CP3_Beta,bandpower,CP3,Beta,,temporal_left,0.0,0.0,42
211-000537,1,NEUTRO,26,CPz_Alpha,bandpower,CPz,Alpha,,parietal_midline,0.0,0.0,42
211-000537,1,NEUTRO,27,CPz_Beta,bandpower,CPz,Beta,,parietal_midline,0.0,0.0,42
211-000537,1,NEUTRO,28,Cz_Alpha,bandpower,Cz,Alpha,,parietal_midline,0.0,0.0,42
211-000537,1,NEUTRO,29,Cz_Beta,bandpower,Cz,Beta,,parietal_midline,0.0,0.0,42
211-000537,1,NEUTRO,30,FC4_Alpha,bandpower,FC4,Alpha,,frontal_bilateral,0.06302798140334757,0.025404392725507794,42
211-000537,1,NEUTRO,31,FC4_Beta,bandpower,FC4,Beta,,frontal_bilateral,0.09806648182968501,0.004379877475462323,42
211-000537,1,NEUTRO,32,FT8_Alpha,bandpower,FT8,Alpha,,temporal_right,0.20321679182048494,0.09937674245497975,42
211-000537,1,NEUTRO,33,FT8_Beta,bandpower,FT8,Beta,,temporal_right,0.14894062651920553,0.027505767587414208,42
211-000537,1,NEUTRO,34,TP7_Alpha,bandpower,TP7,Alpha,,temporal_left,0.0,0.0,42
211-000537,1,NEUTRO,35,TP7_Beta,bandpower,TP7,Beta,,temporal_left,0.25544184467944303,0.14791039704606118,42
211-000537,1,NEUTRO,36,C3_Alpha,bandpower,C3,Alpha,,centro_parietal_left,0.0,0.0,42
211-000537,1,NEUTRO,37,C3_Beta,bandpower,C3,Beta,,centro_parietal_left,0.0,0.0,42
211-000537,1,NEUTRO,38,FCz_Alpha,bandpower,FCz,Alpha,,frontal_bilateral,0.0,0.0,42
211-000537,1,NEUTRO,39,FCz_Beta,bandpower,FCz,Beta,,frontal_bilateral,0.19622295222006836,-0.013522444250748254,42
211-000537,1,NEUTRO,40,Fz_Alpha,bandpower,Fz,Alpha,,frontal_bilateral,0.0,0.0,42
211-000537,1,NEUTRO,41,Fz_Beta,bandpower,Fz,Beta,,frontal_bilateral,0.0,0.0,42
211-000537,1,NEUTRO,42,F4_Alpha,bandpower,F4,Alpha,,frontal_bilateral,0.0,0.0,42
211-000537,1,NEUTRO,43,F4_Beta,bandpower,F4,Beta,,frontal_bilateral,0.14986631507315518,0.065731721565336,42
211-000537,1,NEUTRO,44,F8_Alpha,bandpower,F8,Alpha,,other,0.0,0.0,42
211-000537,1,NEUTRO,45,F8_Beta,bandpower,F8,Beta,,other,0.10095528896806809,0.0614262550155917,42
211-000537,1,NEUTRO,46,T7_Alpha,bandpower,T7,Alpha,,temporal_left,0.0,0.0,42
211-000537,1,NEUTRO,47,T7_Beta,bandpower,T7,Beta,,temporal_left,0.0,0.0,42
211-000537,1,NEUTRO,48,FT7_Alpha,bandpower,FT7,Alpha,,temporal_left,0.09835144625811146,0.060813033820829906,42
211-000537,1,NEUTRO,49,FT7_Beta,bandpower,FT7,Beta,,temporal_left,0.0003702325775565787,4.876550589651339e-05,42
211-000537,1,NEUTRO,50,FC3_Alpha,bandpower,FC3,Alpha,,frontal_bilateral,0.3856381252342871,0.242301516615604,42
211-000537,1,NEUTRO,51,FC3_Beta,bandpower,FC3,Beta,,frontal_bilateral,0.12063235982337166,0.06232246834116828,42
211-000537,1,NEUTRO,52,F3_Alpha,bandpower,F3,Alpha,,frontal_bilateral,0.0,0.0,42
211-000537,1,NEUTRO,53,F3_Beta,bandpower,F3,Beta,,frontal_bilateral,0.0,0.0,42
211-000537,1,NEUTRO,54,Fp2_Alpha,bandpower,Fp2,Alpha,,frontal_bilateral,0.0,0.0,42
211-000537,1,NEUTRO,55,Fp2_Beta,bandpower,Fp2,Beta,,frontal_bilateral,0.0,0.0,42
211-000537,1,NEUTRO,56,F7_Alpha,bandpower,F7,Alpha,,frontal_inferior_left,0.0,0.0,42
211-000537,1,NEUTRO,57,F7_Beta,bandpower,F7,Beta,,frontal_inferior_left,0.0,0.0,42
211-000537,1,NEUTRO,58,Fp1_Alpha,bandpower,Fp1,Alpha,,frontal_bilateral,0.0,0.0,42
211-000537,1,NEUTRO,59,Fp1_Beta,bandpower,Fp1,Beta,,frontal_bilateral,0.07071003671951595,0.03712291405751006,42
211-000537,1,NEUTRO,60,PO5_Alpha,bandpower,PO5,Alpha,,other,0.0,0.0,42
211-000537,1,NEUTRO,61,PO5_Beta,bandpower,PO5,Beta,,other,0.0,0.0,42
211-000537,1,NEUTRO,62,PO3_Alpha,bandpower,PO3,Alpha,,occipital,0.0,0.0,42
211-000537,1,NEUTRO,63,PO3_Beta,bandpower,PO3,Beta,,occipital,0.0,0.0,42
211-000537,1,NEUTRO,64,P1_Alpha,bandpower,P1,Alpha,,other,0.0,0.0,42
211-000537,1,NEUTRO,65,P1_Beta,bandpower,P1,Beta,,other,0.3185561417875006,0.18532665513863936,42
211-000537,1,NEUTRO,66,POz_Alpha,bandpower,POz,Alpha,,occipital,0.0,0.0,42
211-000537,1,NEUTRO,67,POz_Beta,bandpower,POz,Beta,,occipital,0.0,0.0,42
211-000537,1,NEUTRO,68,P2_Alpha,bandpower,P2,Alpha,,other,0.0,0.0,42
211-000537,1,NEUTRO,69,P2_Beta,bandpower,P2,Beta,,other,0.0,0.0,42
211-000537,1,NEUTRO,70,PO4_Alpha,bandpower,PO4,Alpha,,occipital,0.0,0.0,42
211-000537,1,NEUTRO,71,PO4_Beta,bandpower,PO4,Beta,,occipital,0.0,0.0,42
211-000537,1,NEUTRO,72,CP2_Alpha,bandpower,CP2,Alpha,,other,0.4006689135984028,0.343140079457902,42
211-000537,1,NEUTRO,73,CP2_Beta,bandpower,CP2,Beta,,other,0.7841505171878437,0.7507747979629092,42
211-000537,1,NEUTRO,74,P6_Alpha,bandpower,P6,Alpha,,temporal_right,0.0,0.0,42
211-000537,1,NEUTRO,75,P6_Beta,bandpower,P6,Beta,,temporal_right,0.0,0.0,42
211-000537,1,NEUTRO,76,PO6_Alpha,bandpower,PO6,Alpha,,other,0.0,0.0,42
211-000537,1,NEUTRO,77,PO6_Beta,bandpower,PO6,Beta,,other,0.11226114418273199,0.03804110374400869,42
211-000537,1,NEUTRO,78,CP6_Alpha,bandpower,CP6,Alpha,,temporal_right,0.0,0.0,42
211-000537,1,NEUTRO,79,CP6_Beta,bandpower,CP6,Beta,,temporal_right,0.11113498383639159,0.04531721815907096,42
211-000537,1,NEUTRO,80,C6_Alpha,bandpower,C6,Alpha,,temporal_right,0.0,0.0,42
211-000537,1,NEUTRO,81,C6_Beta,bandpower,C6,Beta,,temporal_right,0.052030575072656196,0.028055178995646194,42
211-000537,1,NEUTRO,82,PO8_Alpha,bandpower,PO8,Alpha,,occipital,0.0,0.0,42
211-000537,1,NEUTRO,83,PO8_Beta,bandpower,PO8,Beta,,occipital,0.0,0.0,42
211-000537,1,NEUTRO,84,PO7_Alpha,bandpower,PO7,Alpha,,occipital,0.0,0.0,42
211-000537,1,NEUTRO,85,PO7_Beta,bandpower,PO7,Beta,,occipital,0.0,0.0,42
211-000537,1,NEUTRO,86,P5_Alpha,bandpower,P5,Alpha,,temporal_left,0.0,0.0,42
211-000537,1,NEUTRO,87,P5_Beta,bandpower,P5,Beta,,temporal_left,0.0,0.0,42
211-000537,1,NEUTRO,88,CP5_Alpha,bandpower,CP5,Alpha,,temporal_left,0.01728072816062829,0.006959598424197381,42
211-000537,1,NEUTRO,89,CP5_Beta,bandpower,CP5,Beta,,temporal_left,0.1836620116241251,0.07082804505295609,42
211-000537,1,NEUTRO,90,CP1_Alpha,bandpower,CP1,Alpha,,other,0.0,0.0,42
211-000537,1,NEUTRO,91,CP1_Beta,bandpower,CP1,Beta,,other,0.0,0.0,42
211-000537,1,NEUTRO,92,C1_Alpha,bandpower,C1,Alpha,,other,0.0,0.0,42
211-000537,1,NEUTRO,93,C1_Beta,bandpower,C1,Beta,,other,0.0,0.0,42
211-000537,1,NEUTRO,94,C2_Alpha,bandpower,C2,Alpha,,other,0.0,0.0,42
211-000537,1,NEUTRO,95,C2_Beta,bandpower,C2,Beta,,other,0.27267819741531435,0.1558965617118073,42
211-000537,1,NEUTRO,96,FC2_Alpha,bandpower,FC2,Alpha,,other,0.0,0.0,42
211-000537,1,NEUTRO,97,FC2_Beta,bandpower,FC2,Beta,,other,0.0,0.0,42
211-000537,1,NEUTRO,98,FC6_Alpha,bandpower,FC6,Alpha,,other,0.0,0.0,42
211-000537,1,NEUTRO,99,FC6_Beta,bandpower,FC6,Beta,,other,0.0,0.0,42
211-000537,1,NEUTRO,100,C5_Alpha,bandpower,C5,Alpha,,temporal_left,0.0,0.0,42
211-000537,1,NEUTRO,101,C5_Beta,bandpower,C5,Beta,,temporal_left,0.0,0.0,42
211-000537,1,NEUTRO,102,FC1_Alpha,bandpower,FC1,Alpha,,other,0.007063104611956646,0.0052046349787301304,42
211-000537,1,NEUTRO,103,FC1_Beta,bandpower,FC1,Beta,,other,0.0,0.0,42
211-000537,1,NEUTRO,104,F2_Alpha,bandpower,F2,Alpha,,frontal_bilateral,0.0,0.0,42
211-000537,1,NEUTRO,105,F2_Beta,bandpower,F2,Beta,,frontal_bilateral,0.012244278987129067,-0.002365881888815897,42
211-000537,1,NEUTRO,106,F6_Alpha,bandpower,F6,Alpha,,other,0.01046638157274404,0.0010288728033725637,42
211-000537,1,NEUTRO,107,F6_Beta,bandpower,F6,Beta,,other,0.016841914073592316,0.007058012835086936,42
211-000537,1,NEUTRO,108,FC5_Alpha,bandpower,FC5,Alpha,,frontal_inferior_left,0.07319797317016516,0.02041549068048764,42
211-000537,1,NEUTRO,109,FC5_Beta,bandpower,FC5,Beta,,frontal_inferior_left,0.0,0.0,42
211-000537,1,NEUTRO,110,F1_Alpha,bandpower,F1,Alpha,,frontal_bilateral,0.0,0.0,42
211-000537,1,NEUTRO,111,F1_Beta,bandpower,F1,Beta,,frontal_bilateral,0.0,0.0,42
211-000537,1,NEUTRO,112,AF4_Alpha,bandpower,AF4,Alpha,,frontal_bilateral,0.0,0.0,42
211-000537,1,NEUTRO,113,AF4_Beta,bandpower,AF4,Beta,,frontal_bilateral,0.0,0.0,42
211-000537,1,NEUTRO,114,AF8_Alpha,bandpower,AF8,Alpha,,frontal_bilateral,0.0,0.0,42
211-000537,1,NEUTRO,115,AF8_Beta,bandpower,AF8,Beta,,frontal_bilateral,0.0,0.0,42
211-000537,1,NEUTRO,116,F5_Alpha,bandpower,F5,Alpha,,frontal_inferior_left,0.004185076957784413,0.0037705501268168224,42
211-000537,1,NEUTRO,117,F5_Beta,bandpower,F5,Beta,,frontal_inferior_left,0.0,0.0,42
211-000537,1,NEUTRO,118,AF7_Alpha,bandpower,AF7,Alpha,,frontal_bilateral,0.0,0.0,42
211-000537,1,NEUTRO,119,AF7_Beta,bandpower,AF7,Beta,,frontal_bilateral,0.14527210566748264,0.05627568106151932,42
211-000537,1,NEUTRO,120,AF3_Alpha,bandpower,AF3,Alpha,,frontal_bilateral,0.0,0.0,42
211-000537,1,NEUTRO,121,AF3_Beta,bandpower,AF3,Beta,,frontal_bilateral,0.04154263235487005,0.020696923751557666,42
211-000537,1,NEUTRO,122,Fpz_Alpha,bandpower,Fpz,Alpha,,frontal_bilateral,0.0,0.0,42
211-000537,1,NEUTRO,123,Fpz_Beta,bandpower,Fpz,Beta,,frontal_bilateral,0.0,0.0,42
211-000537,1,NEUTRO,124,AlphaAsym_Fp2-Fp1,AlphaAsym,,,Fp2-Fp1,,0.0,0.0,42
211-000537,1,NEUTRO,125,AlphaAsym_AF8-AF7,AlphaAsym,,,AF8-AF7,,0.0,0.0,42
211-000537,1,NEUTRO,126,AlphaAsym_AF4-AF3,AlphaAsym,,,AF4-AF3,,0.0,0.0,42
211-000537,1,NEUTRO,127,AlphaAsym_F8-F7,AlphaAsym,,,F8-F7,,0.026526356548643167,0.012613502593385229,42
211-000537,1,NEUTRO,128,AlphaAsym_F6-F5,AlphaAsym,,,F6-F5,,0.0,0.0,42
211-000537,1,NEUTRO,129,AlphaAsym_F4-F3,AlphaAsym,,,F4-F3,,0.0,0.0,42
211-000537,1,NEUTRO,130,AlphaAsym_F2-F1,AlphaAsym,,,F2-F1,,0.0,0.0,42
211-000537,1,NEUTRO,131,AlphaAsym_FC6-FC5,AlphaAsym,,,FC6-FC5,,0.0,0.0,42
211-000537,1,NEUTRO,132,AlphaAsym_FC4-FC3,AlphaAsym,,,FC4-FC3,,0.0,0.0,42
211-000537,1,NEUTRO,133,AlphaAsym_FC2-FC1,AlphaAsym,,,FC2-FC1,,0.013564601400369731,-0.00164407824848419,42
211-000537,1,NEUTRO,134,AlphaAsym_T8-T7,AlphaAsym,,,T8-T7,,0.0,0.0,42
211-000537,1,NEUTRO,135,AlphaAsym_C6-C5,AlphaAsym,,,C6-C5,,0.0,0.0,42
211-000537,1,NEUTRO,136,AlphaAsym_C4-C3,AlphaAsym,,,C4-C3,,0.0,0.0,42
211-000537,1,NEUTRO,137,AlphaAsym_C2-C1,AlphaAsym,,,C2-C1,,0.0,0.0,42
211-000537,1,NEUTRO,138,AlphaAsym_TP8-TP7,AlphaAsym,,,TP8-TP7,,0.005892793695529724,-7.909167582871381e-05,42
211-000537,1,NEUTRO,139,AlphaAsym_CP6-CP5,AlphaAsym,,,CP6-CP5,,0.0,0.0,42
211-000537,1,NEUTRO,140,AlphaAsym_CP4-CP3,AlphaAsym,,,CP4-CP3,,0.0,0.0,42
211-000537,1,NEUTRO,141,AlphaAsym_CP2-CP1,AlphaAsym,,,CP2-CP1,,0.19324572987044533,0.14588696190899308,42
211-000537,1,NEUTRO,142,AlphaAsym_P8-P7,AlphaAsym,,,P8-P7,,0.008760782498943206,0.005607021196161445,42
211-000537,1,NEUTRO,143,AlphaAsym_P6-P5,AlphaAsym,,,P6-P5,,0.0,0.0,42
211-000537,1,NEUTRO,144,AlphaAsym_P4-P3,AlphaAsym,,,P4-P3,,0.0,0.0,42
211-000537,1,NEUTRO,145,AlphaAsym_P2-P1,AlphaAsym,,,P2-P1,,0.0,0.0,42
211-000537,1,NEUTRO,146,AlphaAsym_PO8-PO7,AlphaAsym,,,PO8-PO7,,0.0,0.0,42
211-000537,1,NEUTRO,147,AlphaAsym_PO6-PO5,AlphaAsym,,,PO6-PO5,,0.0,0.0,42
211-000537,1,NEUTRO,148,AlphaAsym_PO4-PO3,AlphaAsym,,,PO4-PO3,,0.0,0.0,42
211-000537,1,NEUTRO,149,AlphaAsym_O2-O1,AlphaAsym,,,O2-O1,,0.0,0.0,42
211-000537,2,SAD,0,O2_Alpha,bandpower,O2,Alpha,,occipital,0.0,0.0,47
211-000537,2,SAD,1,O2_Beta,bandpower,O2,Beta,,occipital,0.0,0.0,47
211-000537,2,SAD,2,O1_Alpha,bandpower,O1,Alpha,,occipital,0.0024424592985516297,0.0011743805686996098,47
211-000537,2,SAD,3,O1_Beta,bandpower,O1,Beta,,occipital,0.0,0.0,47
211-000537,2,SAD,4,Oz_Alpha,bandpower,Oz,Alpha,,occipital,0.0,0.0,47
211-000537,2,SAD,5,Oz_Beta,bandpower,Oz,Beta,,occipital,0.0,0.0,47
211-000537,2,SAD,6,Pz_Alpha,bandpower,Pz,Alpha,,parietal_midline,0.0,0.0,47
211-000537,2,SAD,7,Pz_Beta,bandpower,Pz,Beta,,parietal_midline,0.0,0.0,47
211-000537,2,SAD,8,P4_Alpha,bandpower,P4,Alpha,,other,0.0,0.0,47
211-000537,2,SAD,9,P4_Beta,bandpower,P4,Beta,,other,0.0,0.0,47
211-000537,2,SAD,10,CP4_Alpha,bandpower,CP4,Alpha,,temporal_right,0.0,0.0,47
211-000537,2,SAD,11,CP4_Beta,bandpower,CP4,Beta,,temporal_right,0.0,0.0,47
211-000537,2,SAD,12,P8_Alpha,bandpower,P8,Alpha,,temporal_right,0.0,0.0,47
211-000537,2,SAD,13,P8_Beta,bandpower,P8,Beta,,temporal_right,0.02632489353584223,-0.002825409695011977,47
211-000537,2,SAD,14,C4_Alpha,bandpower,C4,Alpha,,other,0.0,0.0,47
211-000537,2,SAD,15,C4_Beta,bandpower,C4,Beta,,other,0.0,0.0,47
211-000537,2,SAD,16,TP8_Alpha,bandpower,TP8,Alpha,,temporal_right,0.0,0.0,47
211-000537,2,SAD,17,TP8_Beta,bandpower,TP8,Beta,,temporal_right,0.0,0.0,47
211-000537,2,SAD,18,T8_Alpha,bandpower,T8,Alpha,,temporal_right,0.03477302543834171,0.0016277867411546316,47
211-000537,2,SAD,19,T8_Beta,bandpower,T8,Beta,,temporal_right,0.20687331681409343,0.19827672327620058,47
211-000537,2,SAD,20,P7_Alpha,bandpower,P7,Alpha,,temporal_left,0.0,0.0,47
211-000537,2,SAD,21,P7_Beta,bandpower,P7,Beta,,temporal_left,0.0,0.0,47
211-000537,2,SAD,22,P3_Alpha,bandpower,P3,Alpha,,centro_parietal_left,0.0,0.0,47
211-000537,2,SAD,23,P3_Beta,bandpower,P3,Beta,,centro_parietal_left,0.0,0.0,47
211-000537,2,SAD,24,CP3_Alpha,bandpower,CP3,Alpha,,temporal_left,0.0,0.0,47
211-000537,2,SAD,25,CP3_Beta,bandpower,CP3,Beta,,temporal_left,0.0,0.0,47
211-000537,2,SAD,26,CPz_Alpha,bandpower,CPz,Alpha,,parietal_midline,0.0,0.0,47
211-000537,2,SAD,27,CPz_Beta,bandpower,CPz,Beta,,parietal_midline,0.0,0.0,47
211-000537,2,SAD,28,Cz_Alpha,bandpower,Cz,Alpha,,parietal_midline,0.0,0.0,47
211-000537,2,SAD,29,Cz_Beta,bandpower,Cz,Beta,,parietal_midline,0.06697578615553028,0.05725377646037854,47
211-000537,2,SAD,30,FC4_Alpha,bandpower,FC4,Alpha,,frontal_bilateral,0.0,0.0,47
211-000537,2,SAD,31,FC4_Beta,bandpower,FC4,Beta,,frontal_bilateral,0.14505905889831125,0.0843929573496277,47
211-000537,2,SAD,32,FT8_Alpha,bandpower,FT8,Alpha,,temporal_right,0.025844693954776756,0.002856632144260516,47
211-000537,2,SAD,33,FT8_Beta,bandpower,FT8,Beta,,temporal_right,0.3346618101737199,0.2707508888313144,47
211-000537,2,SAD,34,TP7_Alpha,bandpower,TP7,Alpha,,temporal_left,0.12674408330594908,0.08508056988213519,47
211-000537,2,SAD,35,TP7_Beta,bandpower,TP7,Beta,,temporal_left,0.16096875928999888,0.06005388369065164,47
211-000537,2,SAD,36,C3_Alpha,bandpower,C3,Alpha,,centro_parietal_left,0.0,0.0,47
211-000537,2,SAD,37,C3_Beta,bandpower,C3,Beta,,centro_parietal_left,0.0,0.0,47
211-000537,2,SAD,38,FCz_Alpha,bandpower,FCz,Alpha,,frontal_bilateral,0.004873718114791883,0.0025648600215215506,47
211-000537,2,SAD,39,FCz_Beta,bandpower,FCz,Beta,,frontal_bilateral,0.15059662772299104,0.09774079965479429,47
211-000537,2,SAD,40,Fz_Alpha,bandpower,Fz,Alpha,,frontal_bilateral,0.0,0.0,47
211-000537,2,SAD,41,Fz_Beta,bandpower,Fz,Beta,,frontal_bilateral,0.0,0.0,47
211-000537,2,SAD,42,F4_Alpha,bandpower,F4,Alpha,,frontal_bilateral,0.0,0.0,47
211-000537,2,SAD,43,F4_Beta,bandpower,F4,Beta,,frontal_bilateral,0.0,0.0,47
211-000537,2,SAD,44,F8_Alpha,bandpower,F8,Alpha,,other,0.0,0.0,47
211-000537,2,SAD,45,F8_Beta,bandpower,F8,Beta,,other,0.0,0.0,47
211-000537,2,SAD,46,T7_Alpha,bandpower,T7,Alpha,,temporal_left,0.0,0.0,47
211-000537,2,SAD,47,T7_Beta,bandpower,T7,Beta,,temporal_left,0.0,0.0,47
211-000537,2,SAD,48,FT7_Alpha,bandpower,FT7,Alpha,,temporal_left,0.0,0.0,47
211-000537,2,SAD,49,FT7_Beta,bandpower,FT7,Beta,,temporal_left,0.0016661927685906954,9.41875833778605e-05,47
211-000537,2,SAD,50,FC3_Alpha,bandpower,FC3,Alpha,,frontal_bilateral,0.027318207376895887,-0.007387362730450307,47
211-000537,2,SAD,51,FC3_Beta,bandpower,FC3,Beta,,frontal_bilateral,0.3588654588322583,0.19814051189077814,47
211-000537,2,SAD,52,F3_Alpha,bandpower,F3,Alpha,,frontal_bilateral,0.0,0.0,47
211-000537,2,SAD,53,F3_Beta,bandpower,F3,Beta,,frontal_bilateral,0.0,0.0,47
211-000537,2,SAD,54,Fp2_Alpha,bandpower,Fp2,Alpha,,frontal_bilateral,0.0,0.0,47
211-000537,2,SAD,55,Fp2_Beta,bandpower,Fp2,Beta,,frontal_bilateral,0.09832449245989452,0.0683208259181294,47
211-000537,2,SAD,56,F7_Alpha,bandpower,F7,Alpha,,frontal_inferior_left,0.015581950676215033,0.0017220840291833823,47
211-000537,2,SAD,57,F7_Beta,bandpower,F7,Beta,,frontal_inferior_left,0.0,0.0,47
211-000537,2,SAD,58,Fp1_Alpha,bandpower,Fp1,Alpha,,frontal_bilateral,0.0,0.0,47
211-000537,2,SAD,59,Fp1_Beta,bandpower,Fp1,Beta,,frontal_bilateral,0.0,0.0,47
211-000537,2,SAD,60,PO5_Alpha,bandpower,PO5,Alpha,,other,0.0,0.0,47
211-000537,2,SAD,61,PO5_Beta,bandpower,PO5,Beta,,other,0.09357033649190344,0.07862595945025978,47
211-000537,2,SAD,62,PO3_Alpha,bandpower,PO3,Alpha,,occipital,0.0013621206308913622,0.0007075838234577991,47
211-000537,2,SAD,63,PO3_Beta,bandpower,PO3,Beta,,occipital,0.001355460344891763,-0.00040601110892139096,47
211-000537,2,SAD,64,P1_Alpha,bandpower,P1,Alpha,,other,0.0,0.0,47
211-000537,2,SAD,65,P1_Beta,bandpower,P1,Beta,,other,0.17705041866823115,0.10645141286092084,47
211-000537,2,SAD,66,POz_Alpha,bandpower,POz,Alpha,,occipital,0.0,0.0,47
211-000537,2,SAD,67,POz_Beta,bandpower,POz,Beta,,occipital,0.0,0.0,47
211-000537,2,SAD,68,P2_Alpha,bandpower,P2,Alpha,,other,0.0,0.0,47
211-000537,2,SAD,69,P2_Beta,bandpower,P2,Beta,,other,0.0,0.0,47
211-000537,2,SAD,70,PO4_Alpha,bandpower,PO4,Alpha,,occipital,0.0,0.0,47
211-000537,2,SAD,71,PO4_Beta,bandpower,PO4,Beta,,occipital,0.0,0.0,47
211-000537,2,SAD,72,CP2_Alpha,bandpower,CP2,Alpha,,other,0.0,0.0,47
211-000537,2,SAD,73,CP2_Beta,bandpower,CP2,Beta,,other,0.0,0.0,47
211-000537,2,SAD,74,P6_Alpha,bandpower,P6,Alpha,,temporal_right,0.0,0.0,47
211-000537,2,SAD,75,P6_Beta,bandpower,P6,Beta,,temporal_right,0.0,0.0,47
211-000537,2,SAD,76,PO6_Alpha,bandpower,PO6,Alpha,,other,0.003923481471274795,0.0019207946511024254,47
211-000537,2,SAD,77,PO6_Beta,bandpower,PO6,Beta,,other,0.2028453633974561,0.1696515416740533,47
211-000537,2,SAD,78,CP6_Alpha,bandpower,CP6,Alpha,,temporal_right,0.0,0.0,47
211-000537,2,SAD,79,CP6_Beta,bandpower,CP6,Beta,,temporal_right,0.11312964426520469,0.034408615765541876,47
211-000537,2,SAD,80,C6_Alpha,bandpower,C6,Alpha,,temporal_right,0.1927607745283159,0.14537591569657987,47
211-000537,2,SAD,81,C6_Beta,bandpower,C6,Beta,,temporal_right,0.9670973534491593,0.9398612324471601,47
211-000537,2,SAD,82,PO8_Alpha,bandpower,PO8,Alpha,,occipital,0.0,0.0,47
211-000537,2,SAD,83,PO8_Beta,bandpower,PO8,Beta,,occipital,0.0,0.0,47
211-000537,2,SAD,84,PO7_Alpha,bandpower,PO7,Alpha,,occipital,0.0,0.0,47
211-000537,2,SAD,85,PO7_Beta,bandpower,PO7,Beta,,occipital,0.0,0.0,47
211-000537,2,SAD,86,P5_Alpha,bandpower,P5,Alpha,,temporal_left,0.0,0.0,47
211-000537,2,SAD,87,P5_Beta,bandpower,P5,Beta,,temporal_left,0.0,0.0,47
211-000537,2,SAD,88,CP5_Alpha,bandpower,CP5,Alpha,,temporal_left,0.0,0.0,47
211-000537,2,SAD,89,CP5_Beta,bandpower,CP5,Beta,,temporal_left,0.03636474726726687,-0.011977602797197538,47
211-000537,2,SAD,90,CP1_Alpha,bandpower,CP1,Alpha,,other,0.0,0.0,47
211-000537,2,SAD,91,CP1_Beta,bandpower,CP1,Beta,,other,0.0,0.0,47
211-000537,2,SAD,92,C1_Alpha,bandpower,C1,Alpha,,other,0.0,0.0,47
211-000537,2,SAD,93,C1_Beta,bandpower,C1,Beta,,other,0.0,0.0,47
211-000537,2,SAD,94,C2_Alpha,bandpower,C2,Alpha,,other,0.0,0.0,47
211-000537,2,SAD,95,C2_Beta,bandpower,C2,Beta,,other,0.0,0.0,47
211-000537,2,SAD,96,FC2_Alpha,bandpower,FC2,Alpha,,other,0.002931141937869711,0.0016809322858558782,47
211-000537,2,SAD,97,FC2_Beta,bandpower,FC2,Beta,,other,0.06970614610363299,0.043653614138026396,47
211-000537,2,SAD,98,FC6_Alpha,bandpower,FC6,Alpha,,other,0.0,0.0,47
211-000537,2,SAD,99,FC6_Beta,bandpower,FC6,Beta,,other,0.0,0.0,47
211-000537,2,SAD,100,C5_Alpha,bandpower,C5,Alpha,,temporal_left,0.0,0.0,47
211-000537,2,SAD,101,C5_Beta,bandpower,C5,Beta,,temporal_left,0.013097831661654692,0.002231400925431198,47
211-000537,2,SAD,102,FC1_Alpha,bandpower,FC1,Alpha,,other,0.0,0.0,47
211-000537,2,SAD,103,FC1_Beta,bandpower,FC1,Beta,,other,0.0,0.0,47
211-000537,2,SAD,104,F2_Alpha,bandpower,F2,Alpha,,frontal_bilateral,0.0,0.0,47
211-000537,2,SAD,105,F2_Beta,bandpower,F2,Beta,,frontal_bilateral,0.0,0.0,47
211-000537,2,SAD,106,F6_Alpha,bandpower,F6,Alpha,,other,0.0,0.0,47
211-000537,2,SAD,107,F6_Beta,bandpower,F6,Beta,,other,0.0,0.0,47
211-000537,2,SAD,108,FC5_Alpha,bandpower,FC5,Alpha,,frontal_inferior_left,0.0,0.0,47
211-000537,2,SAD,109,FC5_Beta,bandpower,FC5,Beta,,frontal_inferior_left,0.0,0.0,47
211-000537,2,SAD,110,F1_Alpha,bandpower,F1,Alpha,,frontal_bilateral,0.0,0.0,47
211-000537,2,SAD,111,F1_Beta,bandpower,F1,Beta,,frontal_bilateral,0.0,0.0,47
211-000537,2,SAD,112,AF4_Alpha,bandpower,AF4,Alpha,,frontal_bilateral,0.0,0.0,47
211-000537,2,SAD,113,AF4_Beta,bandpower,AF4,Beta,,frontal_bilateral,0.0,0.0,47
211-000537,2,SAD,114,AF8_Alpha,bandpower,AF8,Alpha,,frontal_bilateral,0.0,0.0,47
211-000537,2,SAD,115,AF8_Beta,bandpower,AF8,Beta,,frontal_bilateral,0.0,0.0,47
211-000537,2,SAD,116,F5_Alpha,bandpower,F5,Alpha,,frontal_inferior_left,0.0,0.0,47
211-000537,2,SAD,117,F5_Beta,bandpower,F5,Beta,,frontal_inferior_left,0.0,0.0,47
211-000537,2,SAD,118,AF7_Alpha,bandpower,AF7,Alpha,,frontal_bilateral,0.0,0.0,47
211-000537,2,SAD,119,AF7_Beta,bandpower,AF7,Beta,,frontal_bilateral,0.10906327480229024,-0.02842051114811127,47
211-000537,2,SAD,120,AF3_Alpha,bandpower,AF3,Alpha,,frontal_bilateral,0.0,0.0,47
211-000537,2,SAD,121,AF3_Beta,bandpower,AF3,Beta,,frontal_bilateral,0.0,0.0,47
211-000537,2,SAD,122,Fpz_Alpha,bandpower,Fpz,Alpha,,frontal_bilateral,0.0,0.0,47
211-000537,2,SAD,123,Fpz_Beta,bandpower,Fpz,Beta,,frontal_bilateral,0.0,0.0,47
211-000537,2,SAD,124,AlphaAsym_Fp2-Fp1,AlphaAsym,,,Fp2-Fp1,,0.0,0.0,47
211-000537,2,SAD,125,AlphaAsym_AF8-AF7,AlphaAsym,,,AF8-AF7,,0.0,0.0,47
211-000537,2,SAD,126,AlphaAsym_AF4-AF3,AlphaAsym,,,AF4-AF3,,0.0,0.0,47
211-000537,2,SAD,127,AlphaAsym_F8-F7,AlphaAsym,,,F8-F7,,0.081171702708078,0.03223807739468066,47
211-000537,2,SAD,128,AlphaAsym_F6-F5,AlphaAsym,,,F6-F5,,0.0,0.0,47
211-000537,2,SAD,129,AlphaAsym_F4-F3,AlphaAsym,,,F4-F3,,0.0,0.0,47
211-000537,2,SAD,130,AlphaAsym_F2-F1,AlphaAsym,,,F2-F1,,0.0,0.0,47
211-000537,2,SAD,131,AlphaAsym_FC6-FC5,AlphaAsym,,,FC6-FC5,,0.051093862686652454,0.024897365332167787,47
211-000537,2,SAD,132,AlphaAsym_FC4-FC3,AlphaAsym,,,FC4-FC3,,0.0,0.0,47
211-000537,2,SAD,133,AlphaAsym_FC2-FC1,AlphaAsym,,,FC2-FC1,,0.021346849318721047,0.008801249837361092,47
211-000537,2,SAD,134,AlphaAsym_T8-T7,AlphaAsym,,,T8-T7,,0.0,0.0,47
211-000537,2,SAD,135,AlphaAsym_C6-C5,AlphaAsym,,,C6-C5,,0.21659260698404378,0.1756759323141916,47
211-000537,2,SAD,136,AlphaAsym_C4-C3,AlphaAsym,,,C4-C3,,0.0,0.0,47
211-000537,2,SAD,137,AlphaAsym_C2-C1,AlphaAsym,,,C2-C1,,0.0036284191858427226,-0.002793772671163997,47
211-000537,2,SAD,138,AlphaAsym_TP8-TP7,AlphaAsym,,,TP8-TP7,,0.0,0.0,47
211-000537,2,SAD,139,AlphaAsym_CP6-CP5,AlphaAsym,,,CP6-CP5,,0.08131315588444035,0.041104801163920617,47
211-000537,2,SAD,140,AlphaAsym_CP4-CP3,AlphaAsym,,,CP4-CP3,,0.1299081508973465,0.0939716591006033,47
211-000537,2,SAD,141,AlphaAsym_CP2-CP1,AlphaAsym,,,CP2-CP1,,0.0,0.0,47
211-000537,2,SAD,142,AlphaAsym_P8-P7,AlphaAsym,,,P8-P7,,0.0,0.0,47
211-000537,2,SAD,143,AlphaAsym_P6-P5,AlphaAsym,,,P6-P5,,0.0,0.0,47
211-000537,2,SAD,144,AlphaAsym_P4-P3,AlphaAsym,,,P4-P3,,0.0,0.0,47
211-000537,2,SAD,145,AlphaAsym_P2-P1,AlphaAsym,,,P2-P1,,0.0,0.0,47
211-000537,2,SAD,146,AlphaAsym_PO8-PO7,AlphaAsym,,,PO8-PO7,,0.0,0.0,47
211-000537,2,SAD,147,AlphaAsym_PO6-PO5,AlphaAsym,,,PO6-PO5,,0.0,0.0,47
211-000537,2,SAD,148,AlphaAsym_PO4-PO3,AlphaAsym,,,PO4-PO3,,0.0,0.0,47
211-000537,2,SAD,149,AlphaAsym_O2-O1,AlphaAsym,,,O2-O1,,0.0008743377028238123,3.110486456964832e-05,47
211-000539,0,JOY,0,O2_Alpha,bandpower,O2,Alpha,,occipital,0.0,0.0,49
211-000539,0,JOY,1,O2_Beta,bandpower,O2,Beta,,occipital,0.0,0.0,49
211-000539,0,JOY,2,O1_Alpha,bandpower,O1,Alpha,,occipital,0.0,0.0,49
211-000539,0,JOY,3,O1_Beta,bandpower,O1,Beta,,occipital,0.0,0.0,49
211-000539,0,JOY,4,Oz_Alpha,bandpower,Oz,Alpha,,occipital,0.0,0.0,49
211-000539,0,JOY,5,Oz_Beta,bandpower,Oz,Beta,,occipital,0.0,0.0,49
211-000539,0,JOY,6,Pz_Alpha,bandpower,Pz,Alpha,,parietal_midline,0.0,0.0,49
211-000539,0,JOY,7,Pz_Beta,bandpower,Pz,Beta,,parietal_midline,0.0,0.0,49
211-000539,0,JOY,8,P4_Alpha,bandpower,P4,Alpha,,other,0.0,0.0,49
211-000539,0,JOY,9,P4_Beta,bandpower,P4,Beta,,other,0.0,0.0,49
211-000539,0,JOY,10,CP4_Alpha,bandpower,CP4,Alpha,,temporal_right,0.0,0.0,49
211-000539,0,JOY,11,CP4_Beta,bandpower,CP4,Beta,,temporal_right,0.0,0.0,49
211-000539,0,JOY,12,P8_Alpha,bandpower,P8,Alpha,,temporal_right,0.0,0.0,49
211-000539,0,JOY,13,P8_Beta,bandpower,P8,Beta,,temporal_right,0.0,0.0,49
211-000539,0,JOY,14,C4_Alpha,bandpower,C4,Alpha,,other,0.0,0.0,49
211-000539,0,JOY,15,C4_Beta,bandpower,C4,Beta,,other,0.0,0.0,49
211-000539,0,JOY,16,TP8_Alpha,bandpower,TP8,Alpha,,temporal_right,0.0,0.0,49
211-000539,0,JOY,17,TP8_Beta,bandpower,TP8,Beta,,temporal_right,0.0,0.0,49
211-000539,0,JOY,18,T8_Alpha,bandpower,T8,Alpha,,temporal_right,0.0,0.0,49
211-000539,0,JOY,19,T8_Beta,bandpower,T8,Beta,,temporal_right,0.0,0.0,49
211-000539,0,JOY,20,P7_Alpha,bandpower,P7,Alpha,,temporal_left,0.0,0.0,49
211-000539,0,JOY,21,P7_Beta,bandpower,P7,Beta,,temporal_left,0.0,0.0,49
211-000539,0,JOY,22,P3_Alpha,bandpower,P3,Alpha,,centro_parietal_left,0.0,0.0,49
211-000539,0,JOY,23,P3_Beta,bandpower,P3,Beta,,centro_parietal_left,0.0,0.0,49
211-000539,0,JOY,24,CP3_Alpha,bandpower,CP3,Alpha,,temporal_left,0.0,0.0,49
211-000539,0,JOY,25,CP3_Beta,bandpower,CP3,Beta,,temporal_left,0.0,0.0,49
211-000539,0,JOY,26,CPz_Alpha,bandpower,CPz,Alpha,,parietal_midline,0.0,0.0,49
211-000539,0,JOY,27,CPz_Beta,bandpower,CPz,Beta,,parietal_midline,0.0,0.0,49
211-000539,0,JOY,28,Cz_Alpha,bandpower,Cz,Alpha,,parietal_midline,0.0,0.0,49
211-000539,0,JOY,29,Cz_Beta,bandpower,Cz,Beta,,parietal_midline,0.0,0.0,49
211-000539,0,JOY,30,FC4_Alpha,bandpower,FC4,Alpha,,frontal_bilateral,8.572431178995079e-05,5.882598764768166e-05,49
211-000539,0,JOY,31,FC4_Beta,bandpower,FC4,Beta,,frontal_bilateral,0.0,0.0,49
211-000539,0,JOY,32,FT8_Alpha,bandpower,FT8,Alpha,,temporal_right,0.0,0.0,49
211-000539,0,JOY,33,FT8_Beta,bandpower,FT8,Beta,,temporal_right,0.0,0.0,49
211-000539,0,JOY,34,TP7_Alpha,bandpower,TP7,Alpha,,temporal_left,0.0,0.0,49
211-000539,0,JOY,35,TP7_Beta,bandpower,TP7,Beta,,temporal_left,0.018383435931022957,0.010087008034302842,49
211-000539,0,JOY,36,C3_Alpha,bandpower,C3,Alpha,,centro_parietal_left,0.0,0.0,49
211-000539,0,JOY,37,C3_Beta,bandpower,C3,Beta,,centro_parietal_left,0.0,0.0,49
211-000539,0,JOY,38,FCz_Alpha,bandpower,FCz,Alpha,,frontal_bilateral,0.0,0.0,49
211-000539,0,JOY,39,FCz_Beta,bandpower,FCz,Beta,,frontal_bilateral,0.0,0.0,49
211-000539,0,JOY,40,Fz_Alpha,bandpower,Fz,Alpha,,frontal_bilateral,0.0,0.0,49
211-000539,0,JOY,41,Fz_Beta,bandpower,Fz,Beta,,frontal_bilateral,0.0,0.0,49
211-000539,0,JOY,42,F4_Alpha,bandpower,F4,Alpha,,frontal_bilateral,0.0,0.0,49
211-000539,0,JOY,43,F4_Beta,bandpower,F4,Beta,,frontal_bilateral,0.15487834657492316,0.11215818257278816,49
211-000539,0,JOY,44,F8_Alpha,bandpower,F8,Alpha,,other,0.0,0.0,49
211-000539,0,JOY,45,F8_Beta,bandpower,F8,Beta,,other,0.0,0.0,49
211-000539,0,JOY,46,T7_Alpha,bandpower,T7,Alpha,,temporal_left,0.0,0.0,49
211-000539,0,JOY,47,T7_Beta,bandpower,T7,Beta,,temporal_left,0.15796095384518033,0.11739018991559942,49
211-000539,0,JOY,48,FT7_Alpha,bandpower,FT7,Alpha,,temporal_left,0.0,0.0,49
211-000539,0,JOY,49,FT7_Beta,bandpower,FT7,Beta,,temporal_left,0.12866244252836911,0.11219448868750367,49
211-000539,0,JOY,50,FC3_Alpha,bandpower,FC3,Alpha,,frontal_bilateral,0.0,0.0,49
211-000539,0,JOY,51,FC3_Beta,bandpower,FC3,Beta,,frontal_bilateral,0.0,0.0,49
211-000539,0,JOY,52,F3_Alpha,bandpower,F3,Alpha,,frontal_bilateral,0.0,0.0,49
211-000539,0,JOY,53,F3_Beta,bandpower,F3,Beta,,frontal_bilateral,0.0,0.0,49
211-000539,0,JOY,54,Fp2_Alpha,bandpower,Fp2,Alpha,,frontal_bilateral,0.19112396084801578,0.18421957072742204,49
211-000539,0,JOY,55,Fp2_Beta,bandpower,Fp2,Beta,,frontal_bilateral,0.9203271892763963,0.9179898550359199,49
211-000539,0,JOY,56,F7_Alpha,bandpower,F7,Alpha,,frontal_inferior_left,0.0,0.0,49
211-000539,0,JOY,57,F7_Beta,bandpower,F7,Beta,,frontal_inferior_left,0.011394684370088498,0.009978630011801388,49
211-000539,0,JOY,58,Fp1_Alpha,bandpower,Fp1,Alpha,,frontal_bilateral,0.0,0.0,49
211-000539,0,JOY,59,Fp1_Beta,bandpower,Fp1,Beta,,frontal_bilateral,0.0,0.0,49
211-000539,0,JOY,60,PO5_Alpha,bandpower,PO5,Alpha,,other,0.0,0.0,49
211-000539,0,JOY,61,PO5_Beta,bandpower,PO5,Beta,,other,0.0,0.0,49
211-000539,0,JOY,62,PO3_Alpha,bandpower,PO3,Alpha,,occipital,0.0,0.0,49
211-000539,0,JOY,63,PO3_Beta,bandpower,PO3,Beta,,occipital,0.005722371503052347,0.005588438319738569,49
211-000539,0,JOY,64,P1_Alpha,bandpower,P1,Alpha,,other,0.0,0.0,49
211-000539,0,JOY,65,P1_Beta,bandpower,P1,Beta,,other,0.0,0.0,49
211-000539,0,JOY,66,POz_Alpha,bandpower,POz,Alpha,,occipital,0.0,0.0,49
211-000539,0,JOY,67,POz_Beta,bandpower,POz,Beta,,occipital,0.0,0.0,49
211-000539,0,JOY,68,P2_Alpha,bandpower,P2,Alpha,,other,0.0,0.0,49
211-000539,0,JOY,69,P2_Beta,bandpower,P2,Beta,,other,0.0,0.0,49
211-000539,0,JOY,70,PO4_Alpha,bandpower,PO4,Alpha,,occipital,0.0,0.0,49
211-000539,0,JOY,71,PO4_Beta,bandpower,PO4,Beta,,occipital,0.0,0.0,49
211-000539,0,JOY,72,CP2_Alpha,bandpower,CP2,Alpha,,other,0.0,0.0,49
211-000539,0,JOY,73,CP2_Beta,bandpower,CP2,Beta,,other,0.0,0.0,49
211-000539,0,JOY,74,P6_Alpha,bandpower,P6,Alpha,,temporal_right,0.0,0.0,49
211-000539,0,JOY,75,P6_Beta,bandpower,P6,Beta,,temporal_right,0.0,0.0,49
211-000539,0,JOY,76,PO6_Alpha,bandpower,PO6,Alpha,,other,0.03717157836032144,0.027830066817535512,49
211-000539,0,JOY,77,PO6_Beta,bandpower,PO6,Beta,,other,0.2091663815310503,0.18588426768748761,49
211-000539,0,JOY,78,CP6_Alpha,bandpower,CP6,Alpha,,temporal_right,0.0,0.0,49
211-000539,0,JOY,79,CP6_Beta,bandpower,CP6,Beta,,temporal_right,0.0,0.0,49
211-000539,0,JOY,80,C6_Alpha,bandpower,C6,Alpha,,temporal_right,0.0,0.0,49
211-000539,0,JOY,81,C6_Beta,bandpower,C6,Beta,,temporal_right,0.0,0.0,49
211-000539,0,JOY,82,PO8_Alpha,bandpower,PO8,Alpha,,occipital,0.0,0.0,49
211-000539,0,JOY,83,PO8_Beta,bandpower,PO8,Beta,,occipital,0.0,0.0,49
211-000539,0,JOY,84,PO7_Alpha,bandpower,PO7,Alpha,,occipital,0.0,0.0,49
211-000539,0,JOY,85,PO7_Beta,bandpower,PO7,Beta,,occipital,0.0,0.0,49
211-000539,0,JOY,86,P5_Alpha,bandpower,P5,Alpha,,temporal_left,0.0,0.0,49
211-000539,0,JOY,87,P5_Beta,bandpower,P5,Beta,,temporal_left,0.0,0.0,49
211-000539,0,JOY,88,CP5_Alpha,bandpower,CP5,Alpha,,temporal_left,0.0,0.0,49
211-000539,0,JOY,89,CP5_Beta,bandpower,CP5,Beta,,temporal_left,0.0,0.0,49
211-000539,0,JOY,90,CP1_Alpha,bandpower,CP1,Alpha,,other,0.0,0.0,49
211-000539,0,JOY,91,CP1_Beta,bandpower,CP1,Beta,,other,0.0,0.0,49
211-000539,0,JOY,92,C1_Alpha,bandpower,C1,Alpha,,other,0.0,0.0,49
211-000539,0,JOY,93,C1_Beta,bandpower,C1,Beta,,other,0.0,0.0,49
211-000539,0,JOY,94,C2_Alpha,bandpower,C2,Alpha,,other,0.0,0.0,49
211-000539,0,JOY,95,C2_Beta,bandpower,C2,Beta,,other,0.04159541779947474,0.010648638416216839,49
211-000539,0,JOY,96,FC2_Alpha,bandpower,FC2,Alpha,,other,0.0,0.0,49
211-000539,0,JOY,97,FC2_Beta,bandpower,FC2,Beta,,other,0.0,0.0,49
211-000539,0,JOY,98,FC6_Alpha,bandpower,FC6,Alpha,,other,0.0,0.0,49
211-000539,0,JOY,99,FC6_Beta,bandpower,FC6,Beta,,other,0.0,0.0,49
211-000539,0,JOY,100,C5_Alpha,bandpower,C5,Alpha,,temporal_left,0.0,0.0,49
211-000539,0,JOY,101,C5_Beta,bandpower,C5,Beta,,temporal_left,0.0,0.0,49
211-000539,0,JOY,102,FC1_Alpha,bandpower,FC1,Alpha,,other,0.0,0.0,49
211-000539,0,JOY,103,FC1_Beta,bandpower,FC1,Beta,,other,0.01166766818816433,-0.004958557855804495,49
211-000539,0,JOY,104,F2_Alpha,bandpower,F2,Alpha,,frontal_bilateral,0.0,0.0,49
211-000539,0,JOY,105,F2_Beta,bandpower,F2,Beta,,frontal_bilateral,0.0,0.0,49
211-000539,0,JOY,106,F6_Alpha,bandpower,F6,Alpha,,other,0.0,0.0,49
211-000539,0,JOY,107,F6_Beta,bandpower,F6,Beta,,other,0.0,0.0,49
211-000539,0,JOY,108,FC5_Alpha,bandpower,FC5,Alpha,,frontal_inferior_left,0.0,0.0,49
211-000539,0,JOY,109,FC5_Beta,bandpower,FC5,Beta,,frontal_inferior_left,0.02641489962203405,0.015857625192574318,49
211-000539,0,JOY,110,F1_Alpha,bandpower,F1,Alpha,,frontal_bilateral,0.0,0.0,49
211-000539,0,JOY,111,F1_Beta,bandpower,F1,Beta,,frontal_bilateral,0.0,0.0,49
211-000539,0,JOY,112,AF4_Alpha,bandpower,AF4,Alpha,,frontal_bilateral,0.0,0.0,49
211-000539,0,JOY,113,AF4_Beta,bandpower,AF4,Beta,,frontal_bilateral,0.0,0.0,49
211-000539,0,JOY,114,AF8_Alpha,bandpower,AF8,Alpha,,frontal_bilateral,0.11374218802385282,0.08890759396890881,49
211-000539,0,JOY,115,AF8_Beta,bandpower,AF8,Beta,,frontal_bilateral,0.1640527072767689,0.14374980918166794,49
211-000539,0,JOY,116,F5_Alpha,bandpower,F5,Alpha,,frontal_inferior_left,0.0,0.0,49
211-000539,0,JOY,117,F5_Beta,bandpower,F5,Beta,,frontal_inferior_left,0.21286080476364297,0.20093450896759685,49
211-000539,0,JOY,118,AF7_Alpha,bandpower,AF7,Alpha,,frontal_bilateral,0.36476097149186487,0.3315383116446303,49
211-000539,0,JOY,119,AF7_Beta,bandpower,AF7,Beta,,frontal_bilateral,0.9108082597021302,0.8865368053402392,49
211-000539,0,JOY,120,AF3_Alpha,bandpower,AF3,Alpha,,frontal_bilateral,0.04131456092209422,0.0069009898738664815,49
211-000539,0,JOY,121,AF3_Beta,bandpower,AF3,Beta,,frontal_bilateral,0.10060464500684994,0.052000685650969776,49
211-000539,0,JOY,122,Fpz_Alpha,bandpower,Fpz,Alpha,,frontal_bilateral,0.0,0.0,49
211-000539,0,JOY,123,Fpz_Beta,bandpower,Fpz,Beta,,frontal_bilateral,0.0,0.0,49
211-000539,0,JOY,124,AlphaAsym_Fp2-Fp1,AlphaAsym,,,Fp2-Fp1,,0.0,0.0,49
211-000539,0,JOY,125,AlphaAsym_AF8-AF7,AlphaAsym,,,AF8-AF7,,0.0,0.0,49
211-000539,0,JOY,126,AlphaAsym_AF4-AF3,AlphaAsym,,,AF4-AF3,,0.0,0.0,49
211-000539,0,JOY,127,AlphaAsym_F8-F7,AlphaAsym,,,F8-F7,,0.0,0.0,49
211-000539,0,JOY,128,AlphaAsym_F6-F5,AlphaAsym,,,F6-F5,,0.0,0.0,49
211-000539,0,JOY,129,AlphaAsym_F4-F3,AlphaAsym,,,F4-F3,,0.0,0.0,49
211-000539,0,JOY,130,AlphaAsym_F2-F1,AlphaAsym,,,F2-F1,,0.0,0.0,49
211-000539,0,JOY,131,AlphaAsym_FC6-FC5,AlphaAsym,,,FC6-FC5,,0.0,0.0,49
211-000539,0,JOY,132,AlphaAsym_FC4-FC3,AlphaAsym,,,FC4-FC3,,0.0,0.0,49
211-000539,0,JOY,133,AlphaAsym_FC2-FC1,AlphaAsym,,,FC2-FC1,,0.0,0.0,49
211-000539,0,JOY,134,AlphaAsym_T8-T7,AlphaAsym,,,T8-T7,,0.0,0.0,49
211-000539,0,JOY,135,AlphaAsym_C6-C5,AlphaAsym,,,C6-C5,,0.0,0.0,49
211-000539,0,JOY,136,AlphaAsym_C4-C3,AlphaAsym,,,C4-C3,,0.0,0.0,49
211-000539,0,JOY,137,AlphaAsym_C2-C1,AlphaAsym,,,C2-C1,,0.0,0.0,49
211-000539,0,JOY,138,AlphaAsym_TP8-TP7,AlphaAsym,,,TP8-TP7,,0.0,0.0,49
211-000539,0,JOY,139,AlphaAsym_CP6-CP5,AlphaAsym,,,CP6-CP5,,0.0,0.0,49
211-000539,0,JOY,140,AlphaAsym_CP4-CP3,AlphaAsym,,,CP4-CP3,,0.0,0.0,49
211-000539,0,JOY,141,AlphaAsym_CP2-CP1,AlphaAsym,,,CP2-CP1,,0.0,0.0,49
211-000539,0,JOY,142,AlphaAsym_P8-P7,AlphaAsym,,,P8-P7,,0.0,0.0,49
211-000539,0,JOY,143,AlphaAsym_P6-P5,AlphaAsym,,,P6-P5,,0.0,0.0,49
211-000539,0,JOY,144,AlphaAsym_P4-P3,AlphaAsym,,,P4-P3,,0.0,0.0,49
211-000539,0,JOY,145,AlphaAsym_P2-P1,AlphaAsym,,,P2-P1,,0.0,0.0,49
211-000539,0,JOY,146,AlphaAsym_PO8-PO7,AlphaAsym,,,PO8-PO7,,0.0,0.0,49
211-000539,0,JOY,147,AlphaAsym_PO6-PO5,AlphaAsym,,,PO6-PO5,,0.04510111418295561,0.037219474392039174,49
211-000539,0,JOY,148,AlphaAsym_PO4-PO3,AlphaAsym,,,PO4-PO3,,0.0,0.0,49
211-000539,0,JOY,149,AlphaAsym_O2-O1,AlphaAsym,,,O2-O1,,0.0,0.0,49
211-000539,1,NEUTRO,0,O2_Alpha,bandpower,O2,Alpha,,occipital,0.0,0.0,44
211-000539,1,NEUTRO,1,O2_Beta,bandpower,O2,Beta,,occipital,0.007313846058790585,0.001523313278822018,44
211-000539,1,NEUTRO,2,O1_Alpha,bandpower,O1,Alpha,,occipital,0.15559988353284987,0.09418075928096456,44
211-000539,1,NEUTRO,3,O1_Beta,bandpower,O1,Beta,,occipital,0.07618187667815329,0.042633965242136425,44
211-000539,1,NEUTRO,4,Oz_Alpha,bandpower,Oz,Alpha,,occipital,0.013892273478493911,-0.0017843152437488857,44
211-000539,1,NEUTRO,5,Oz_Beta,bandpower,Oz,Beta,,occipital,0.0,0.0,44
211-000539,1,NEUTRO,6,Pz_Alpha,bandpower,Pz,Alpha,,parietal_midline,0.014298069821286695,-0.0054106146677086265,44
211-000539,1,NEUTRO,7,Pz_Beta,bandpower,Pz,Beta,,parietal_midline,0.02754319665794258,0.001642910341950743,44
211-000539,1,NEUTRO,8,P4_Alpha,bandpower,P4,Alpha,,other,0.0013148269083859204,-0.00034452469740949736,44
211-000539,1,NEUTRO,9,P4_Beta,bandpower,P4,Beta,,other,0.0,0.0,44
211-000539,1,NEUTRO,10,CP4_Alpha,bandpower,CP4,Alpha,,temporal_right,0.0,0.0,44
211-000539,1,NEUTRO,11,CP4_Beta,bandpower,CP4,Beta,,temporal_right,0.0,0.0,44
211-000539,1,NEUTRO,12,P8_Alpha,bandpower,P8,Alpha,,temporal_right,0.0,0.0,44
211-000539,1,NEUTRO,13,P8_Beta,bandpower,P8,Beta,,temporal_right,0.0,0.0,44
211-000539,1,NEUTRO,14,C4_Alpha,bandpower,C4,Alpha,,other,0.0,0.0,44
211-000539,1,NEUTRO,15,C4_Beta,bandpower,C4,Beta,,other,0.03590982301150614,0.012573074288152047,44
211-000539,1,NEUTRO,16,TP8_Alpha,bandpower,TP8,Alpha,,temporal_right,0.002872335480055783,-0.0017895947870016525,44
211-000539,1,NEUTRO,17,TP8_Beta,bandpower,TP8,Beta,,temporal_right,0.007949035549447703,-0.004762322770942926,44
211-000539,1,NEUTRO,18,T8_Alpha,bandpower,T8,Alpha,,temporal_right,0.0,0.0,44
211-000539,1,NEUTRO,19,T8_Beta,bandpower,T8,Beta,,temporal_right,0.0,0.0,44
211-000539,1,NEUTRO,20,P7_Alpha,bandpower,P7,Alpha,,temporal_left,0.006259821393617678,0.005650118634695722,44
211-000539,1,NEUTRO,21,P7_Beta,bandpower,P7,Beta,,temporal_left,0.0,0.0,44
211-000539,1,NEUTRO,22,P3_Alpha,bandpower,P3,Alpha,,centro_parietal_left,0.04040151975465078,0.02007657500968874,44
211-000539,1,NEUTRO,23,P3_Beta,bandpower,P3,Beta,,centro_parietal_left,0.04001872874133083,0.0033459427155084057,44
211-000539,1,NEUTRO,24,CP3_Alpha,bandpower,CP3,Alpha,,temporal_left,0.0,0.0,44
211-000539,1,NEUTRO,25,CP3_Beta,bandpower,CP3,Beta,,temporal_left,0.0,0.0,44
211-000539,1,NEUTRO,26,CPz_Alpha,bandpower,CPz,Alpha,,parietal_midline,0.026999057500973363,-0.023559274466120213,44
211-000539,1,NEUTRO,27,CPz_Beta,bandpower,CPz,Beta,,parietal_midline,0.009828905412011608,-0.0029035356040974254,44
211-000539,1,NEUTRO,28,Cz_Alpha,bandpower,Cz,Alpha,,parietal_midline,0.01656940421452383,-0.008418796764070919,44
211-000539,1,NEUTRO,29,Cz_Beta,bandpower,Cz,Beta,,parietal_midline,0.0,0.0,44
211-000539,1,NEUTRO,30,FC4_Alpha,bandpower,FC4,Alpha,,frontal_bilateral,0.0,0.0,44
211-000539,1,NEUTRO,31,FC4_Beta,bandpower,FC4,Beta,,frontal_bilateral,0.0,0.0,44
211-000539,1,NEUTRO,32,FT8_Alpha,bandpower,FT8,Alpha,,temporal_right,0.0,0.0,44
211-000539,1,NEUTRO,33,FT8_Beta,bandpower,FT8,Beta,,temporal_right,0.0,0.0,44
211-000539,1,NEUTRO,34,TP7_Alpha,bandpower,TP7,Alpha,,temporal_left,0.0,0.0,44
211-000539,1,NEUTRO,35,TP7_Beta,bandpower,TP7,Beta,,temporal_left,0.09386564090305628,0.04984173699589154,44
211-000539,1,NEUTRO,36,C3_Alpha,bandpower,C3,Alpha,,centro_parietal_left,0.0,0.0,44
211-000539,1,NEUTRO,37,C3_Beta,bandpower,C3,Beta,,centro_parietal_left,0.0,0.0,44
211-000539,1,NEUTRO,38,FCz_Alpha,bandpower,FCz,Alpha,,frontal_bilateral,0.0,0.0,44
211-000539,1,NEUTRO,39,FCz_Beta,bandpower,FCz,Beta,,frontal_bilateral,0.14107642565863643,0.05019068935981094,44
211-000539,1,NEUTRO,40,Fz_Alpha,bandpower,Fz,Alpha,,frontal_bilateral,0.09544554552860768,0.028969230680273402,44
211-000539,1,NEUTRO,41,Fz_Beta,bandpower,Fz,Beta,,frontal_bilateral,0.0,0.0,44
211-000539,1,NEUTRO,42,F4_Alpha,bandpower,F4,Alpha,,frontal_bilateral,0.017943181830065207,-0.016282900788626934,44
211-000539,1,NEUTRO,43,F4_Beta,bandpower,F4,Beta,,frontal_bilateral,0.0,0.0,44
211-000539,1,NEUTRO,44,F8_Alpha,bandpower,F8,Alpha,,other,0.0,0.0,44
211-000539,1,NEUTRO,45,F8_Beta,bandpower,F8,Beta,,other,0.0,0.0,44
211-000539,1,NEUTRO,46,T7_Alpha,bandpower,T7,Alpha,,temporal_left,0.010472911587431062,0.007234461546175615,44
211-000539,1,NEUTRO,47,T7_Beta,bandpower,T7,Beta,,temporal_left,0.14396258653945349,0.1186785325048024,44
211-000539,1,NEUTRO,48,FT7_Alpha,bandpower,FT7,Alpha,,temporal_left,0.020421136658867668,0.0093195012306818,44
211-000539,1,NEUTRO,49,FT7_Beta,bandpower,FT7,Beta,,temporal_left,0.44157403537215795,0.4093421487433259,44
211-000539,1,NEUTRO,50,FC3_Alpha,bandpower,FC3,Alpha,,frontal_bilateral,0.007769731928683343,0.00034592599213211455,44
211-000539,1,NEUTRO,51,FC3_Beta,bandpower,FC3,Beta,,frontal_bilateral,0.2127172277131911,0.1717029638072779,44
211-000539,1,NEUTRO,52,F3_Alpha,bandpower,F3,Alpha,,frontal_bilateral,0.0,0.0,44
211-000539,1,NEUTRO,53,F3_Beta,bandpower,F3,Beta,,frontal_bilateral,0.010948210641657165,0.0030725570646055094,44
211-000539,1,NEUTRO,54,Fp2_Alpha,bandpower,Fp2,Alpha,,frontal_bilateral,0.033484589726616526,0.028198056172587627,44
211-000539,1,NEUTRO,55,Fp2_Beta,bandpower,Fp2,Beta,,frontal_bilateral,0.13013875731723681,0.13013875731723681,44
211-000539,1,NEUTRO,56,F7_Alpha,bandpower,F7,Alpha,,frontal_inferior_left,0.0,0.0,44
211-000539,1,NEUTRO,57,F7_Beta,bandpower,F7,Beta,,frontal_inferior_left,0.01215866064147303,0.012153329158450193,44
211-000539,1,NEUTRO,58,Fp1_Alpha,bandpower,Fp1,Alpha,,frontal_bilateral,0.11650554122086083,0.06399540725967508,44
211-000539,1,NEUTRO,59,Fp1_Beta,bandpower,Fp1,Beta,,frontal_bilateral,0.0,0.0,44
211-000539,1,NEUTRO,60,PO5_Alpha,bandpower,PO5,Alpha,,other,0.017799313965360806,0.016634920142987706,44
211-000539,1,NEUTRO,61,PO5_Beta,bandpower,PO5,Beta,,other,0.0,0.0,44
211-000539,1,NEUTRO,62,PO3_Alpha,bandpower,PO3,Alpha,,occipital,0.0,0.0,44
211-000539,1,NEUTRO,63,PO3_Beta,bandpower,PO3,Beta,,occipital,0.0,0.0,44
211-000539,1,NEUTRO,64,P1_Alpha,bandpower,P1,Alpha,,other,0.0,0.0,44
211-000539,1,NEUTRO,65,P1_Beta,bandpower,P1,Beta,,other,0.024580556168879955,0.007650209936511598,44
211-000539,1,NEUTRO,66,POz_Alpha,bandpower,POz,Alpha,,occipital,0.040276554005398715,0.007218906348125084,44
211-000539,1,NEUTRO,67,POz_Beta,bandpower,POz,Beta,,occipital,0.01667580311485968,-0.00364184031047734,44
211-000539,1,NEUTRO,68,P2_Alpha,bandpower,P2,Alpha,,other,0.0016365350360480304,-0.0004536883226569858,44
211-000539,1,NEUTRO,69,P2_Beta,bandpower,P2,Beta,,other,0.0,0.0,44
211-000539,1,NEUTRO,70,PO4_Alpha,bandpower,PO4,Alpha,,occipital,0.10654394139562656,0.025619934058194817,44
211-000539,1,NEUTRO,71,PO4_Beta,bandpower,PO4,Beta,,occipital,0.0,0.0,44
211-000539,1,NEUTRO,72,CP2_Alpha,bandpower,CP2,Alpha,,other,0.0,0.0,44
211-000539,1,NEUTRO,73,CP2_Beta,bandpower,CP2,Beta,,other,0.0,0.0,44
211-000539,1,NEUTRO,74,P6_Alpha,bandpower,P6,Alpha,,temporal_right,0.0,0.0,44
211-000539,1,NEUTRO,75,P6_Beta,bandpower,P6,Beta,,temporal_right,0.0,0.0,44
211-000539,1,NEUTRO,76,PO6_Alpha,bandpower,PO6,Alpha,,other,0.0,0.0,44
211-000539,1,NEUTRO,77,PO6_Beta,bandpower,PO6,Beta,,other,0.0626341674443006,0.037631136815771696,44
211-000539,1,NEUTRO,78,CP6_Alpha,bandpower,CP6,Alpha,,temporal_right,0.0,0.0,44
211-000539,1,NEUTRO,79,CP6_Beta,bandpower,CP6,Beta,,temporal_right,0.0,0.0,44
211-000539,1,NEUTRO,80,C6_Alpha,bandpower,C6,Alpha,,temporal_right,0.0,0.0,44
211-000539,1,NEUTRO,81,C6_Beta,bandpower,C6,Beta,,temporal_right,0.07454325770474524,0.05408465153053957,44
211-000539,1,NEUTRO,82,PO8_Alpha,bandpower,PO8,Alpha,,occipital,0.0,0.0,44
211-000539,1,NEUTRO,83,PO8_Beta,bandpower,PO8,Beta,,occipital,0.0,0.0,44
211-000539,1,NEUTRO,84,PO7_Alpha,bandpower,PO7,Alpha,,occipital,0.1351165392036625,0.1268730907287973,44
211-000539,1,NEUTRO,85,PO7_Beta,bandpower,PO7,Beta,,occipital,0.0,0.0,44
211-000539,1,NEUTRO,86,P5_Alpha,bandpower,P5,Alpha,,temporal_left,0.013778450372131228,0.0013174283184644814,44
211-000539,1,NEUTRO,87,P5_Beta,bandpower,P5,Beta,,temporal_left,0.0,0.0,44
211-000539,1,NEUTRO,88,CP5_Alpha,bandpower,CP5,Alpha,,temporal_left,0.0,0.0,44
211-000539,1,NEUTRO,89,CP5_Beta,bandpower,CP5,Beta,,temporal_left,0.0,0.0,44
211-000539,1,NEUTRO,90,CP1_Alpha,bandpower,CP1,Alpha,,other,0.0,0.0,44
211-000539,1,NEUTRO,91,CP1_Beta,bandpower,CP1,Beta,,other,0.017642664711744815,0.004943439747075562,44
211-000539,1,NEUTRO,92,C1_Alpha,bandpower,C1,Alpha,,other,0.0,0.0,44
211-000539,1,NEUTRO,93,C1_Beta,bandpower,C1,Beta,,other,0.0,0.0,44
211-000539,1,NEUTRO,94,C2_Alpha,bandpower,C2,Alpha,,other,0.0,0.0,44
211-000539,1,NEUTRO,95,C2_Beta,bandpower,C2,Beta,,other,0.0,0.0,44
211-000539,1,NEUTRO,96,FC2_Alpha,bandpower,FC2,Alpha,,other,0.0,0.0,44
211-000539,1,NEUTRO,97,FC2_Beta,bandpower,FC2,Beta,,other,0.0,0.0,44
211-000539,1,NEUTRO,98,FC6_Alpha,bandpower,FC6,Alpha,,other,0.0,0.0,44
211-000539,1,NEUTRO,99,FC6_Beta,bandpower,FC6,Beta,,other,0.004570193341041393,0.0006123225693245266,44
211-000539,1,NEUTRO,100,C5_Alpha,bandpower,C5,Alpha,,temporal_left,0.06976479204922613,-0.023100435568213677,44
211-000539,1,NEUTRO,101,C5_Beta,bandpower,C5,Beta,,temporal_left,0.45432589232266546,0.21474736038421732,44
211-000539,1,NEUTRO,102,FC1_Alpha,bandpower,FC1,Alpha,,other,0.0,0.0,44
211-000539,1,NEUTRO,103,FC1_Beta,bandpower,FC1,Beta,,other,0.0,0.0,44
211-000539,1,NEUTRO,104,F2_Alpha,bandpower,F2,Alpha,,frontal_bilateral,0.04760430646802752,0.004205656748299882,44
211-000539,1,NEUTRO,105,F2_Beta,bandpower,F2,Beta,,frontal_bilateral,0.0,0.0,44
211-000539,1,NEUTRO,106,F6_Alpha,bandpower,F6,Alpha,,other,0.005003181329125795,0.0006446013062204502,44
211-000539,1,NEUTRO,107,F6_Beta,bandpower,F6,Beta,,other,0.0,0.0,44
211-000539,1,NEUTRO,108,FC5_Alpha,bandpower,FC5,Alpha,,frontal_inferior_left,0.0,0.0,44
211-000539,1,NEUTRO,109,FC5_Beta,bandpower,FC5,Beta,,frontal_inferior_left,0.0031931822654797104,-0.00014803847947197912,44
211-000539,1,NEUTRO,110,F1_Alpha,bandpower,F1,Alpha,,frontal_bilateral,0.0,0.0,44
211-000539,1,NEUTRO,111,F1_Beta,bandpower,F1,Beta,,frontal_bilateral,0.0,0.0,44
211-000539,1,NEUTRO,112,AF4_Alpha,bandpower,AF4,Alpha,,frontal_bilateral,0.0,0.0,44
211-000539,1,NEUTRO,113,AF4_Beta,bandpower,AF4,Beta,,frontal_bilateral,0.03483340155125303,0.012479674641673011,44
211-000539,1,NEUTRO,114,AF8_Alpha,bandpower,AF8,Alpha,,frontal_bilateral,0.0,0.0,44
211-000539,1,NEUTRO,115,AF8_Beta,bandpower,AF8,Beta,,frontal_bilateral,0.0,0.0,44
211-000539,1,NEUTRO,116,F5_Alpha,bandpower,F5,Alpha,,frontal_inferior_left,0.0,0.0,44
211-000539,1,NEUTRO,117,F5_Beta,bandpower,F5,Beta,,frontal_inferior_left,0.061647185945533485,0.01570237698998275,44
211-000539,1,NEUTRO,118,AF7_Alpha,bandpower,AF7,Alpha,,frontal_bilateral,0.0895984527613552,0.08628699341373053,44
211-000539,1,NEUTRO,119,AF7_Beta,bandpower,AF7,Beta,,frontal_bilateral,0.0011996365062412106,0.0011996365062412106,44
211-000539,1,NEUTRO,120,AF3_Alpha,bandpower,AF3,Alpha,,frontal_bilateral,0.13522498112733813,0.09857721000300264,44
211-000539,1,NEUTRO,121,AF3_Beta,bandpower,AF3,Beta,,frontal_bilateral,0.0,0.0,44
211-000539,1,NEUTRO,122,Fpz_Alpha,bandpower,Fpz,Alpha,,frontal_bilateral,0.0,0.0,44
211-000539,1,NEUTRO,123,Fpz_Beta,bandpower,Fpz,Beta,,frontal_bilateral,0.07313686748808293,0.02120299486298983,44
211-000539,1,NEUTRO,124,AlphaAsym_Fp2-Fp1,AlphaAsym,,,Fp2-Fp1,,0.0,0.0,44
211-000539,1,NEUTRO,125,AlphaAsym_AF8-AF7,AlphaAsym,,,AF8-AF7,,0.12139174982201828,0.04879918179271225,44
211-000539,1,NEUTRO,126,AlphaAsym_AF4-AF3,AlphaAsym,,,AF4-AF3,,0.0006930163701308365,0.00014057515895233308,44
211-000539,1,NEUTRO,127,AlphaAsym_F8-F7,AlphaAsym,,,F8-F7,,0.0,0.0,44
211-000539,1,NEUTRO,128,AlphaAsym_F6-F5,AlphaAsym,,,F6-F5,,0.0,0.0,44
211-000539,1,NEUTRO,129,AlphaAsym_F4-F3,AlphaAsym,,,F4-F3,,0.0,0.0,44
211-000539,1,NEUTRO,130,AlphaAsym_F2-F1,AlphaAsym,,,F2-F1,,0.00015245990680745993,8.476820690912769e-05,44
211-000539,1,NEUTRO,131,AlphaAsym_FC6-FC5,AlphaAsym,,,FC6-FC5,,0.0,0.0,44
211-000539,1,NEUTRO,132,AlphaAsym_FC4-FC3,AlphaAsym,,,FC4-FC3,,0.0,0.0,44
211-000539,1,NEUTRO,133,AlphaAsym_FC2-FC1,AlphaAsym,,,FC2-FC1,,0.0,0.0,44
211-000539,1,NEUTRO,134,AlphaAsym_T8-T7,AlphaAsym,,,T8-T7,,0.0,0.0,44
211-000539,1,NEUTRO,135,AlphaAsym_C6-C5,AlphaAsym,,,C6-C5,,0.21987074068198442,0.038453777022097485,44
211-000539,1,NEUTRO,136,AlphaAsym_C4-C3,AlphaAsym,,,C4-C3,,0.0,0.0,44
211-000539,1,NEUTRO,137,AlphaAsym_C2-C1,AlphaAsym,,,C2-C1,,0.016246532103062605,0.005662225765794482,44
211-000539,1,NEUTRO,138,AlphaAsym_TP8-TP7,AlphaAsym,,,TP8-TP7,,0.11905084797983069,0.039530100533470815,44
211-000539,1,NEUTRO,139,AlphaAsym_CP6-CP5,AlphaAsym,,,CP6-CP5,,0.08134089011048723,0.045059251183145986,44
211-000539,1,NEUTRO,140,AlphaAsym_CP4-CP3,AlphaAsym,,,CP4-CP3,,0.05103497886672806,0.027597670789464603,44
211-000539,1,NEUTRO,141,AlphaAsym_CP2-CP1,AlphaAsym,,,CP2-CP1,,0.0,0.0,44
211-000539,1,NEUTRO,142,AlphaAsym_P8-P7,AlphaAsym,,,P8-P7,,0.0,0.0,44
211-000539,1,NEUTRO,143,AlphaAsym_P6-P5,AlphaAsym,,,P6-P5,,0.0,0.0,44
211-000539,1,NEUTRO,144,AlphaAsym_P4-P3,AlphaAsym,,,P4-P3,,0.0,0.0,44
211-000539,1,NEUTRO,145,AlphaAsym_P2-P1,AlphaAsym,,,P2-P1,,0.01751244895519093,0.013200035069612572,44
211-000539,1,NEUTRO,146,AlphaAsym_PO8-PO7,AlphaAsym,,,PO8-PO7,,0.03086943288838819,0.015459419172572335,44
211-000539,1,NEUTRO,147,AlphaAsym_PO6-PO5,AlphaAsym,,,PO6-PO5,,0.22854906519535936,0.17864475460562979,44
211-000539,1,NEUTRO,148,AlphaAsym_PO4-PO3,AlphaAsym,,,PO4-PO3,,0.15873331897989196,0.09624092310444426,44
211-000539,1,NEUTRO,149,AlphaAsym_O2-O1,AlphaAsym,,,O2-O1,,0.0,0.0,44
211-000539,2,SAD,0,O2_Alpha,bandpower,O2,Alpha,,occipital,0.0,0.0,39
211-000539,2,SAD,1,O2_Beta,bandpower,O2,Beta,,occipital,0.0,0.0,39
211-000539,2,SAD,2,O1_Alpha,bandpower,O1,Alpha,,occipital,0.09929588432390218,0.08367756760902811,39
211-000539,2,SAD,3,O1_Beta,bandpower,O1,Beta,,occipital,0.0,0.0,39
211-000539,2,SAD,4,Oz_Alpha,bandpower,Oz,Alpha,,occipital,0.0,0.0,39
211-000539,2,SAD,5,Oz_Beta,bandpower,Oz,Beta,,occipital,0.0,0.0,39
211-000539,2,SAD,6,Pz_Alpha,bandpower,Pz,Alpha,,parietal_midline,0.016681296116331682,-0.013049387154127961,39
211-000539,2,SAD,7,Pz_Beta,bandpower,Pz,Beta,,parietal_midline,0.02009895427437014,-0.019426906239242873,39
211-000539,2,SAD,8,P4_Alpha,bandpower,P4,Alpha,,other,0.28207412023360195,0.24600465248851294,39
211-000539,2,SAD,9,P4_Beta,bandpower,P4,Beta,,other,0.009592077597722567,0.008280582987412757,39
211-000539,2,SAD,10,CP4_Alpha,bandpower,CP4,Alpha,,temporal_right,0.0,0.0,39
211-000539,2,SAD,11,CP4_Beta,bandpower,CP4,Beta,,temporal_right,0.004281459020938435,-0.0029243496250242773,39
211-000539,2,SAD,12,P8_Alpha,bandpower,P8,Alpha,,temporal_right,0.0,0.0,39
211-000539,2,SAD,13,P8_Beta,bandpower,P8,Beta,,temporal_right,0.0,0.0,39
211-000539,2,SAD,14,C4_Alpha,bandpower,C4,Alpha,,other,0.0021719467075083376,0.0015340652156989642,39
211-000539,2,SAD,15,C4_Beta,bandpower,C4,Beta,,other,0.25060366918800664,0.23820697217503414,39
211-000539,2,SAD,16,TP8_Alpha,bandpower,TP8,Alpha,,temporal_right,0.0,0.0,39
211-000539,2,SAD,17,TP8_Beta,bandpower,TP8,Beta,,temporal_right,0.0,0.0,39
211-000539,2,SAD,18,T8_Alpha,bandpower,T8,Alpha,,temporal_right,0.0,0.0,39
211-000539,2,SAD,19,T8_Beta,bandpower,T8,Beta,,temporal_right,0.0,0.0,39
211-000539,2,SAD,20,P7_Alpha,bandpower,P7,Alpha,,temporal_left,0.0,0.0,39
211-000539,2,SAD,21,P7_Beta,bandpower,P7,Beta,,temporal_left,0.0,0.0,39
211-000539,2,SAD,22,P3_Alpha,bandpower,P3,Alpha,,centro_parietal_left,0.05315357264878844,0.03627475794302532,39
211-000539,2,SAD,23,P3_Beta,bandpower,P3,Beta,,centro_parietal_left,0.0,0.0,39
211-000539,2,SAD,24,CP3_Alpha,bandpower,CP3,Alpha,,temporal_left,0.0,0.0,39
211-000539,2,SAD,25,CP3_Beta,bandpower,CP3,Beta,,temporal_left,0.0,0.0,39
211-000539,2,SAD,26,CPz_Alpha,bandpower,CPz,Alpha,,parietal_midline,0.0,0.0,39
211-000539,2,SAD,27,CPz_Beta,bandpower,CPz,Beta,,parietal_midline,0.03904393746571493,-0.038837649778161114,39
211-000539,2,SAD,28,Cz_Alpha,bandpower,Cz,Alpha,,parietal_midline,0.09289592356273986,-0.02689781084138228,39
211-000539,2,SAD,29,Cz_Beta,bandpower,Cz,Beta,,parietal_midline,0.09079706054931307,-0.049961079434971904,39
211-000539,2,SAD,30,FC4_Alpha,bandpower,FC4,Alpha,,frontal_bilateral,0.14758929584835528,0.09574295757084687,39
211-000539,2,SAD,31,FC4_Beta,bandpower,FC4,Beta,,frontal_bilateral,0.005781857390264975,0.0016238230019021537,39
211-000539,2,SAD,32,FT8_Alpha,bandpower,FT8,Alpha,,temporal_right,0.0,0.0,39
211-000539,2,SAD,33,FT8_Beta,bandpower,FT8,Beta,,temporal_right,0.0,0.0,39
211-000539,2,SAD,34,TP7_Alpha,bandpower,TP7,Alpha,,temporal_left,0.0,0.0,39
211-000539,2,SAD,35,TP7_Beta,bandpower,TP7,Beta,,temporal_left,0.0,0.0,39
211-000539,2,SAD,36,C3_Alpha,bandpower,C3,Alpha,,centro_parietal_left,0.0,0.0,39
211-000539,2,SAD,37,C3_Beta,bandpower,C3,Beta,,centro_parietal_left,0.0,0.0,39
211-000539,2,SAD,38,FCz_Alpha,bandpower,FCz,Alpha,,frontal_bilateral,0.0,0.0,39
211-000539,2,SAD,39,FCz_Beta,bandpower,FCz,Beta,,frontal_bilateral,0.018740872352987513,-0.0068228327891133485,39
211-000539,2,SAD,40,Fz_Alpha,bandpower,Fz,Alpha,,frontal_bilateral,0.08563706846836044,0.06075411718082221,39
211-000539,2,SAD,41,Fz_Beta,bandpower,Fz,Beta,,frontal_bilateral,0.0,0.0,39
211-000539,2,SAD,42,F4_Alpha,bandpower,F4,Alpha,,frontal_bilateral,0.03351995409086345,-0.010893217168895925,39
211-000539,2,SAD,43,F4_Beta,bandpower,F4,Beta,,frontal_bilateral,0.01131428029557561,0.008472924309483112,39
211-000539,2,SAD,44,F8_Alpha,bandpower,F8,Alpha,,other,0.0,0.0,39
211-000539,2,SAD,45,F8_Beta,bandpower,F8,Beta,,other,0.0,0.0,39
211-000539,2,SAD,46,T7_Alpha,bandpower,T7,Alpha,,temporal_left,0.010348392874712757,0.007726767751226611,39
211-000539,2,SAD,47,T7_Beta,bandpower,T7,Beta,,temporal_left,0.0,0.0,39
211-000539,2,SAD,48,FT7_Alpha,bandpower,FT7,Alpha,,temporal_left,0.008028552509431335,0.007338764523592133,39
211-000539,2,SAD,49,FT7_Beta,bandpower,FT7,Beta,,temporal_left,0.0,0.0,39
211-000539,2,SAD,50,FC3_Alpha,bandpower,FC3,Alpha,,frontal_bilateral,0.04840655200372885,0.027902786701513724,39
211-000539,2,SAD,51,FC3_Beta,bandpower,FC3,Beta,,frontal_bilateral,0.04369204219507339,0.013780743558090062,39
211-000539,2,SAD,52,F3_Alpha,bandpower,F3,Alpha,,frontal_bilateral,0.0,0.0,39
211-000539,2,SAD,53,F3_Beta,bandpower,F3,Beta,,frontal_bilateral,0.0,0.0,39
211-000539,2,SAD,54,Fp2_Alpha,bandpower,Fp2,Alpha,,frontal_bilateral,0.0,0.0,39
211-000539,2,SAD,55,Fp2_Beta,bandpower,Fp2,Beta,,frontal_bilateral,0.0,0.0,39
211-000539,2,SAD,56,F7_Alpha,bandpower,F7,Alpha,,frontal_inferior_left,0.0,0.0,39
211-000539,2,SAD,57,F7_Beta,bandpower,F7,Beta,,frontal_inferior_left,0.0,0.0,39
211-000539,2,SAD,58,Fp1_Alpha,bandpower,Fp1,Alpha,,frontal_bilateral,0.0,0.0,39
211-000539,2,SAD,59,Fp1_Beta,bandpower,Fp1,Beta,,frontal_bilateral,0.0,0.0,39
211-000539,2,SAD,60,PO5_Alpha,bandpower,PO5,Alpha,,other,0.0068641619817876795,0.004862508682816954,39
211-000539,2,SAD,61,PO5_Beta,bandpower,PO5,Beta,,other,0.0,0.0,39
211-000539,2,SAD,62,PO3_Alpha,bandpower,PO3,Alpha,,occipital,0.0,0.0,39
211-000539,2,SAD,63,PO3_Beta,bandpower,PO3,Beta,,occipital,0.3598313126210103,0.3402503116285934,39
211-000539,2,SAD,64,P1_Alpha,bandpower,P1,Alpha,,other,0.0,0.0,39
211-000539,2,SAD,65,P1_Beta,bandpower,P1,Beta,,other,0.0,0.0,39
211-000539,2,SAD,66,POz_Alpha,bandpower,POz,Alpha,,occipital,0.0,0.0,39
211-000539,2,SAD,67,POz_Beta,bandpower,POz,Beta,,occipital,0.0,0.0,39
211-000539,2,SAD,68,P2_Alpha,bandpower,P2,Alpha,,other,0.0,0.0,39
211-000539,2,SAD,69,P2_Beta,bandpower,P2,Beta,,other,0.0,0.0,39
211-000539,2,SAD,70,PO4_Alpha,bandpower,PO4,Alpha,,occipital,0.1397530052257221,0.11504111029617405,39
211-000539,2,SAD,71,PO4_Beta,bandpower,PO4,Beta,,occipital,0.0,0.0,39
211-000539,2,SAD,72,CP2_Alpha,bandpower,CP2,Alpha,,other,0.0,0.0,39
211-000539,2,SAD,73,CP2_Beta,bandpower,CP2,Beta,,other,0.0,0.0,39
211-000539,2,SAD,74,P6_Alpha,bandpower,P6,Alpha,,temporal_right,0.03757740579019849,0.034544280543301886,39
211-000539,2,SAD,75,P6_Beta,bandpower,P6,Beta,,temporal_right,0.0,0.0,39
211-000539,2,SAD,76,PO6_Alpha,bandpower,PO6,Alpha,,other,0.0,0.0,39
211-000539,2,SAD,77,PO6_Beta,bandpower,PO6,Beta,,other,0.0,0.0,39
211-000539,2,SAD,78,CP6_Alpha,bandpower,CP6,Alpha,,temporal_right,0.0,0.0,39
211-000539,2,SAD,79,CP6_Beta,bandpower,CP6,Beta,,temporal_right,0.0018726651241658399,-0.0007182056162666761,39
211-000539,2,SAD,80,C6_Alpha,bandpower,C6,Alpha,,temporal_right,0.02872574356951754,0.024939439556747472,39
211-000539,2,SAD,81,C6_Beta,bandpower,C6,Beta,,temporal_right,0.5916156703666904,0.568390293533396,39
211-000539,2,SAD,82,PO8_Alpha,bandpower,PO8,Alpha,,occipital,0.0,0.0,39
211-000539,2,SAD,83,PO8_Beta,bandpower,PO8,Beta,,occipital,0.0,0.0,39
211-000539,2,SAD,84,PO7_Alpha,bandpower,PO7,Alpha,,occipital,0.03790984253068346,0.026660274782887215,39
211-000539,2,SAD,85,PO7_Beta,bandpower,PO7,Beta,,occipital,0.0,0.0,39
211-000539,2,SAD,86,P5_Alpha,bandpower,P5,Alpha,,temporal_left,0.01942697562514822,0.01825819381754074,39
211-000539,2,SAD,87,P5_Beta,bandpower,P5,Beta,,temporal_left,0.0,0.0,39
211-000539,2,SAD,88,CP5_Alpha,bandpower,CP5,Alpha,,temporal_left,0.0008233537399539132,-0.00040425234857553467,39
211-000539,2,SAD,89,CP5_Beta,bandpower,CP5,Beta,,temporal_left,0.0,0.0,39
211-000539,2,SAD,90,CP1_Alpha,bandpower,CP1,Alpha,,other,0.0,0.0,39
211-000539,2,SAD,91,CP1_Beta,bandpower,CP1,Beta,,other,0.0,0.0,39
211-000539,2,SAD,92,C1_Alpha,bandpower,C1,Alpha,,other,0.007329781269023272,0.002169278887112651,39
211-000539,2,SAD,93,C1_Beta,bandpower,C1,Beta,,other,0.0,0.0,39
211-000539,2,SAD,94,C2_Alpha,bandpower,C2,Alpha,,other,0.0,0.0,39
211-000539,2,SAD,95,C2_Beta,bandpower,C2,Beta,,other,0.0,0.0,39
211-000539,2,SAD,96,FC2_Alpha,bandpower,FC2,Alpha,,other,0.0,0.0,39
211-000539,2,SAD,97,FC2_Beta,bandpower,FC2,Beta,,other,0.0,0.0,39
211-000539,2,SAD,98,FC6_Alpha,bandpower,FC6,Alpha,,other,0.0,0.0,39
211-000539,2,SAD,99,FC6_Beta,bandpower,FC6,Beta,,other,0.0,0.0,39
211-000539,2,SAD,100,C5_Alpha,bandpower,C5,Alpha,,temporal_left,0.0,0.0,39
211-000539,2,SAD,101,C5_Beta,bandpower,C5,Beta,,temporal_left,0.5253601641593115,0.4939687286135179,39
211-000539,2,SAD,102,FC1_Alpha,bandpower,FC1,Alpha,,other,0.0,0.0,39
211-000539,2,SAD,103,FC1_Beta,bandpower,FC1,Beta,,other,0.07117720078632073,-0.0386235785303513,39
211-000539,2,SAD,104,F2_Alpha,bandpower,F2,Alpha,,frontal_bilateral,0.0,0.0,39
211-000539,2,SAD,105,F2_Beta,bandpower,F2,Beta,,frontal_bilateral,0.0,0.0,39
211-000539,2,SAD,106,F6_Alpha,bandpower,F6,Alpha,,other,0.0,0.0,39
211-000539,2,SAD,107,F6_Beta,bandpower,F6,Beta,,other,0.0,0.0,39
211-000539,2,SAD,108,FC5_Alpha,bandpower,FC5,Alpha,,frontal_inferior_left,0.0,0.0,39
211-000539,2,SAD,109,FC5_Beta,bandpower,FC5,Beta,,frontal_inferior_left,0.0,0.0,39
211-000539,2,SAD,110,F1_Alpha,bandpower,F1,Alpha,,frontal_bilateral,0.0,0.0,39
211-000539,2,SAD,111,F1_Beta,bandpower,F1,Beta,,frontal_bilateral,0.0,0.0,39
211-000539,2,SAD,112,AF4_Alpha,bandpower,AF4,Alpha,,frontal_bilateral,0.0,0.0,39
211-000539,2,SAD,113,AF4_Beta,bandpower,AF4,Beta,,frontal_bilateral,0.0,0.0,39
211-000539,2,SAD,114,AF8_Alpha,bandpower,AF8,Alpha,,frontal_bilateral,0.11282349156376334,0.10708357479302832,39
211-000539,2,SAD,115,AF8_Beta,bandpower,AF8,Beta,,frontal_bilateral,0.538194415789367,0.5319479304764675,39
211-000539,2,SAD,116,F5_Alpha,bandpower,F5,Alpha,,frontal_inferior_left,0.0,0.0,39
211-000539,2,SAD,117,F5_Beta,bandpower,F5,Beta,,frontal_inferior_left,0.0,0.0,39
211-000539,2,SAD,118,AF7_Alpha,bandpower,AF7,Alpha,,frontal_bilateral,0.0,0.0,39
211-000539,2,SAD,119,AF7_Beta,bandpower,AF7,Beta,,frontal_bilateral,0.11225330404953891,0.11225330404953891,39
211-000539,2,SAD,120,AF3_Alpha,bandpower,AF3,Alpha,,frontal_bilateral,0.0,0.0,39
211-000539,2,SAD,121,AF3_Beta,bandpower,AF3,Beta,,frontal_bilateral,0.0006683510109235362,0.00042619474175400286,39
211-000539,2,SAD,122,Fpz_Alpha,bandpower,Fpz,Alpha,,frontal_bilateral,0.0,0.0,39
211-000539,2,SAD,123,Fpz_Beta,bandpower,Fpz,Beta,,frontal_bilateral,0.1950601848349373,0.010153348026804383,39
211-000539,2,SAD,124,AlphaAsym_Fp2-Fp1,AlphaAsym,,,Fp2-Fp1,,0.0145531288192534,0.0019061177717335082,39
211-000539,2,SAD,125,AlphaAsym_AF8-AF7,AlphaAsym,,,AF8-AF7,,0.03703458841382979,0.03384247876476325,39
211-000539,2,SAD,126,AlphaAsym_AF4-AF3,AlphaAsym,,,AF4-AF3,,0.0,0.0,39
211-000539,2,SAD,127,AlphaAsym_F8-F7,AlphaAsym,,,F8-F7,,0.03980207951685182,-0.015650746189600436,39
211-000539,2,SAD,128,AlphaAsym_F6-F5,AlphaAsym,,,F6-F5,,0.0,0.0,39
211-000539,2,SAD,129,AlphaAsym_F4-F3,AlphaAsym,,,F4-F3,,0.09465464494771143,0.0056829150976092264,39
211-000539,2,SAD,130,AlphaAsym_F2-F1,AlphaAsym,,,F2-F1,,0.0,0.0,39
211-000539,2,SAD,131,AlphaAsym_FC6-FC5,AlphaAsym,,,FC6-FC5,,0.0,0.0,39
211-000539,2,SAD,132,AlphaAsym_FC4-FC3,AlphaAsym,,,FC4-FC3,,0.0,0.0,39
211-000539,2,SAD,133,AlphaAsym_FC2-FC1,AlphaAsym,,,FC2-FC1,,0.0,0.0,39
211-000539,2,SAD,134,AlphaAsym_T8-T7,AlphaAsym,,,T8-T7,,0.002993083084516111,0.000933877994880325,39
211-000539,2,SAD,135,AlphaAsym_C6-C5,AlphaAsym,,,C6-C5,,0.36030761401410344,0.22359239674575365,39
211-000539,2,SAD,136,AlphaAsym_C4-C3,AlphaAsym,,,C4-C3,,0.024918127987382452,0.01678232528618253,39
211-000539,2,SAD,137,AlphaAsym_C2-C1,AlphaAsym,,,C2-C1,,0.0,0.0,39
211-000539,2,SAD,138,AlphaAsym_TP8-TP7,AlphaAsym,,,TP8-TP7,,0.07226798864076246,-0.03212475884093565,39
211-000539,2,SAD,139,AlphaAsym_CP6-CP5,AlphaAsym,,,CP6-CP5,,0.0021941722060220856,0.0011628217644156608,39
211-000539,2,SAD,140,AlphaAsym_CP4-CP3,AlphaAsym,,,CP4-CP3,,0.0995097160387327,0.011407639770475434,39
211-000539,2,SAD,141,AlphaAsym_CP2-CP1,AlphaAsym,,,CP2-CP1,,0.0,0.0,39
211-000539,2,SAD,142,AlphaAsym_P8-P7,AlphaAsym,,,P8-P7,,0.0,0.0,39
211-000539,2,SAD,143,AlphaAsym_P6-P5,AlphaAsym,,,P6-P5,,0.0,0.0,39
211-000539,2,SAD,144,AlphaAsym_P4-P3,AlphaAsym,,,P4-P3,,0.0,0.0,39
211-000539,2,SAD,145,AlphaAsym_P2-P1,AlphaAsym,,,P2-P1,,0.006979308648327272,-0.005296931307020068,39
211-000539,2,SAD,146,AlphaAsym_PO8-PO7,AlphaAsym,,,PO8-PO7,,0.0,0.0,39
211-000539,2,SAD,147,AlphaAsym_PO6-PO5,AlphaAsym,,,PO6-PO5,,0.0,0.0,39
211-000539,2,SAD,148,AlphaAsym_PO4-PO3,AlphaAsym,,,PO4-PO3,,0.0,0.0,39
211-000539,2,SAD,149,AlphaAsym_O2-O1,AlphaAsym,,,O2-O1,,0.0,0.0,39
211-000540,0,JOY,0,O2_Alpha,bandpower,O2,Alpha,,occipital,0.0,0.0,49
211-000540,0,JOY,1,O2_Beta,bandpower,O2,Beta,,occipital,0.0,0.0,49
211-000540,0,JOY,2,O1_Alpha,bandpower,O1,Alpha,,occipital,0.0005660350348286971,0.00028858850777458263,49
211-000540,0,JOY,3,O1_Beta,bandpower,O1,Beta,,occipital,0.0,0.0,49
211-000540,0,JOY,4,Oz_Alpha,bandpower,Oz,Alpha,,occipital,0.0,0.0,49
211-000540,0,JOY,5,Oz_Beta,bandpower,Oz,Beta,,occipital,0.0,0.0,49
211-000540,0,JOY,6,Pz_Alpha,bandpower,Pz,Alpha,,parietal_midline,0.0,0.0,49
211-000540,0,JOY,7,Pz_Beta,bandpower,Pz,Beta,,parietal_midline,0.001772724707666388,0.0015109133681202897,49
211-000540,0,JOY,8,P4_Alpha,bandpower,P4,Alpha,,other,0.010063433756283718,0.0066881489053282495,49
211-000540,0,JOY,9,P4_Beta,bandpower,P4,Beta,,other,0.0,0.0,49
211-000540,0,JOY,10,CP4_Alpha,bandpower,CP4,Alpha,,temporal_right,0.0,0.0,49
211-000540,0,JOY,11,CP4_Beta,bandpower,CP4,Beta,,temporal_right,0.0,0.0,49
211-000540,0,JOY,12,P8_Alpha,bandpower,P8,Alpha,,temporal_right,0.0,0.0,49
211-000540,0,JOY,13,P8_Beta,bandpower,P8,Beta,,temporal_right,0.09860986650374881,0.09645469539307877,49
211-000540,0,JOY,14,C4_Alpha,bandpower,C4,Alpha,,other,0.0,0.0,49
211-000540,0,JOY,15,C4_Beta,bandpower,C4,Beta,,other,0.0,0.0,49
211-000540,0,JOY,16,TP8_Alpha,bandpower,TP8,Alpha,,temporal_right,0.0,0.0,49
211-000540,0,JOY,17,TP8_Beta,bandpower,TP8,Beta,,temporal_right,0.0,0.0,49
211-000540,0,JOY,18,T8_Alpha,bandpower,T8,Alpha,,temporal_right,0.05252495657817977,0.041678925939812726,49
211-000540,0,JOY,19,T8_Beta,bandpower,T8,Beta,,temporal_right,0.16194888110538488,0.16194888110538488,49
211-000540,0,JOY,20,P7_Alpha,bandpower,P7,Alpha,,temporal_left,0.0,0.0,49
211-000540,0,JOY,21,P7_Beta,bandpower,P7,Beta,,temporal_left,0.0,0.0,49
211-000540,0,JOY,22,P3_Alpha,bandpower,P3,Alpha,,centro_parietal_left,0.0,0.0,49
211-000540,0,JOY,23,P3_Beta,bandpower,P3,Beta,,centro_parietal_left,0.00875047476760464,-0.0020269080837735797,49
211-000540,0,JOY,24,CP3_Alpha,bandpower,CP3,Alpha,,temporal_left,0.043933554281188454,0.038281487181085254,49
211-000540,0,JOY,25,CP3_Beta,bandpower,CP3,Beta,,temporal_left,0.20878065149847508,0.20459085107529243,49
211-000540,0,JOY,26,CPz_Alpha,bandpower,CPz,Alpha,,parietal_midline,0.0,0.0,49
211-000540,0,JOY,27,CPz_Beta,bandpower,CPz,Beta,,parietal_midline,0.01918694451085983,0.0014121664397684034,49
211-000540,0,JOY,28,Cz_Alpha,bandpower,Cz,Alpha,,parietal_midline,0.0,0.0,49
211-000540,0,JOY,29,Cz_Beta,bandpower,Cz,Beta,,parietal_midline,0.0,0.0,49
211-000540,0,JOY,30,FC4_Alpha,bandpower,FC4,Alpha,,frontal_bilateral,0.0,0.0,49
211-000540,0,JOY,31,FC4_Beta,bandpower,FC4,Beta,,frontal_bilateral,0.0,0.0,49
211-000540,0,JOY,32,FT8_Alpha,bandpower,FT8,Alpha,,temporal_right,0.0,0.0,49
211-000540,0,JOY,33,FT8_Beta,bandpower,FT8,Beta,,temporal_right,0.0,0.0,49
211-000540,0,JOY,34,TP7_Alpha,bandpower,TP7,Alpha,,temporal_left,0.0,0.0,49
211-000540,0,JOY,35,TP7_Beta,bandpower,TP7,Beta,,temporal_left,0.0,0.0,49
211-000540,0,JOY,36,C3_Alpha,bandpower,C3,Alpha,,centro_parietal_left,0.0,0.0,49
211-000540,0,JOY,37,C3_Beta,bandpower,C3,Beta,,centro_parietal_left,0.0,0.0,49
211-000540,0,JOY,38,FCz_Alpha,bandpower,FCz,Alpha,,frontal_bilateral,0.0,0.0,49
211-000540,0,JOY,39,FCz_Beta,bandpower,FCz,Beta,,frontal_bilateral,0.018174110181253172,0.008349842941813977,49
211-000540,0,JOY,40,Fz_Alpha,bandpower,Fz,Alpha,,frontal_bilateral,0.0,0.0,49
211-000540,0,JOY,41,Fz_Beta,bandpower,Fz,Beta,,frontal_bilateral,0.0,0.0,49
211-000540,0,JOY,42,F4_Alpha,bandpower,F4,Alpha,,frontal_bilateral,0.0,0.0,49
211-000540,0,JOY,43,F4_Beta,bandpower,F4,Beta,,frontal_bilateral,0.0,0.0,49
211-000540,0,JOY,44,F8_Alpha,bandpower,F8,Alpha,,other,0.0,0.0,49
211-000540,0,JOY,45,F8_Beta,bandpower,F8,Beta,,other,0.0,0.0,49
211-000540,0,JOY,46,T7_Alpha,bandpower,T7,Alpha,,temporal_left,0.035472091952499424,0.03465487202958693,49
211-000540,0,JOY,47,T7_Beta,bandpower,T7,Beta,,temporal_left,0.2448799728878292,0.2448799728878292,49
211-000540,0,JOY,48,FT7_Alpha,bandpower,FT7,Alpha,,temporal_left,0.030007018795121486,0.030007018795121486,49
211-000540,0,JOY,49,FT7_Beta,bandpower,FT7,Beta,,temporal_left,0.14610767722611587,0.14610767722611587,49
211-000540,0,JOY,50,FC3_Alpha,bandpower,FC3,Alpha,,frontal_bilateral,0.0,0.0,49
211-000540,0,JOY,51,FC3_Beta,bandpower,FC3,Beta,,frontal_bilateral,0.0,0.0,49
211-000540,0,JOY,52,F3_Alpha,bandpower,F3,Alpha,,frontal_bilateral,0.09134194444011973,0.07914961997266041,49
211-000540,0,JOY,53,F3_Beta,bandpower,F3,Beta,,frontal_bilateral,0.06281670003912218,0.061717371520570254,49
211-000540,0,JOY,54,Fp2_Alpha,bandpower,Fp2,Alpha,,frontal_bilateral,0.0,0.0,49
211-000540,0,JOY,55,Fp2_Beta,bandpower,Fp2,Beta,,frontal_bilateral,0.0,0.0,49
211-000540,0,JOY,56,F7_Alpha,bandpower,F7,Alpha,,frontal_inferior_left,0.0,0.0,49
211-000540,0,JOY,57,F7_Beta,bandpower,F7,Beta,,frontal_inferior_left,0.0,0.0,49
211-000540,0,JOY,58,Fp1_Alpha,bandpower,Fp1,Alpha,,frontal_bilateral,0.0061210670074487595,0.005523462962818718,49
211-000540,0,JOY,59,Fp1_Beta,bandpower,Fp1,Beta,,frontal_bilateral,0.0,0.0,49
211-000540,0,JOY,60,PO5_Alpha,bandpower,PO5,Alpha,,other,0.0,0.0,49
211-000540,0,JOY,61,PO5_Beta,bandpower,PO5,Beta,,other,0.0,0.0,49
211-000540,0,JOY,62,PO3_Alpha,bandpower,PO3,Alpha,,occipital,0.0,0.0,49
211-000540,0,JOY,63,PO3_Beta,bandpower,PO3,Beta,,occipital,0.0,0.0,49
211-000540,0,JOY,64,P1_Alpha,bandpower,P1,Alpha,,other,0.0,0.0,49
211-000540,0,JOY,65,P1_Beta,bandpower,P1,Beta,,other,0.009597074767973206,0.002404285795381193,49
211-000540,0,JOY,66,POz_Alpha,bandpower,POz,Alpha,,occipital,0.0,0.0,49
211-000540,0,JOY,67,POz_Beta,bandpower,POz,Beta,,occipital,0.0,0.0,49
211-000540,0,JOY,68,P2_Alpha,bandpower,P2,Alpha,,other,0.046422740108846346,0.036031421324945044,49
211-000540,0,JOY,69,P2_Beta,bandpower,P2,Beta,,other,0.0,0.0,49
211-000540,0,JOY,70,PO4_Alpha,bandpower,PO4,Alpha,,occipital,0.0,0.0,49
211-000540,0,JOY,71,PO4_Beta,bandpower,PO4,Beta,,occipital,0.0,0.0,49
211-000540,0,JOY,72,CP2_Alpha,bandpower,CP2,Alpha,,other,0.0,0.0,49
211-000540,0,JOY,73,CP2_Beta,bandpower,CP2,Beta,,other,0.0,0.0,49
211-000540,0,JOY,74,P6_Alpha,bandpower,P6,Alpha,,temporal_right,0.0,0.0,49
211-000540,0,JOY,75,P6_Beta,bandpower,P6,Beta,,temporal_right,0.0,0.0,49
211-000540,0,JOY,76,PO6_Alpha,bandpower,PO6,Alpha,,other,0.0,0.0,49
211-000540,0,JOY,77,PO6_Beta,bandpower,PO6,Beta,,other,0.0,0.0,49
211-000540,0,JOY,78,CP6_Alpha,bandpower,CP6,Alpha,,temporal_right,0.0,0.0,49
211-000540,0,JOY,79,CP6_Beta,bandpower,CP6,Beta,,temporal_right,0.17546385059228495,0.17546385059228495,49
211-000540,0,JOY,80,C6_Alpha,bandpower,C6,Alpha,,temporal_right,0.0,0.0,49
211-000540,0,JOY,81,C6_Beta,bandpower,C6,Beta,,temporal_right,0.0,0.0,49
211-000540,0,JOY,82,PO8_Alpha,bandpower,PO8,Alpha,,occipital,0.0,0.0,49
211-000540,0,JOY,83,PO8_Beta,bandpower,PO8,Beta,,occipital,0.0,0.0,49
211-000540,0,JOY,84,PO7_Alpha,bandpower,PO7,Alpha,,occipital,0.0,0.0,49
211-000540,0,JOY,85,PO7_Beta,bandpower,PO7,Beta,,occipital,0.0,0.0,49
211-000540,0,JOY,86,P5_Alpha,bandpower,P5,Alpha,,temporal_left,0.0,0.0,49
211-000540,0,JOY,87,P5_Beta,bandpower,P5,Beta,,temporal_left,0.0,0.0,49
211-000540,0,JOY,88,CP5_Alpha,bandpower,CP5,Alpha,,temporal_left,0.0,0.0,49
211-000540,0,JOY,89,CP5_Beta,bandpower,CP5,Beta,,temporal_left,0.0,0.0,49
211-000540,0,JOY,90,CP1_Alpha,bandpower,CP1,Alpha,,other,0.0,0.0,49
211-000540,0,JOY,91,CP1_Beta,bandpower,CP1,Beta,,other,0.014461701757617369,-0.001104545079979035,49
211-000540,0,JOY,92,C1_Alpha,bandpower,C1,Alpha,,other,0.0,0.0,49
211-000540,0,JOY,93,C1_Beta,bandpower,C1,Beta,,other,0.0,0.0,49
211-000540,0,JOY,94,C2_Alpha,bandpower,C2,Alpha,,other,0.0,0.0,49
211-000540,0,JOY,95,C2_Beta,bandpower,C2,Beta,,other,0.01613771490619564,0.015052704289536305,49
211-000540,0,JOY,96,FC2_Alpha,bandpower,FC2,Alpha,,other,0.0,0.0,49
211-000540,0,JOY,97,FC2_Beta,bandpower,FC2,Beta,,other,0.0,0.0,49
211-000540,0,JOY,98,FC6_Alpha,bandpower,FC6,Alpha,,other,0.0,0.0,49
211-000540,0,JOY,99,FC6_Beta,bandpower,FC6,Beta,,other,0.039233473559858394,0.03204101836620791,49
211-000540,0,JOY,100,C5_Alpha,bandpower,C5,Alpha,,temporal_left,0.0,0.0,49
211-000540,0,JOY,101,C5_Beta,bandpower,C5,Beta,,temporal_left,0.0,0.0,49
211-000540,0,JOY,102,FC1_Alpha,bandpower,FC1,Alpha,,other,0.0,0.0,49
211-000540,0,JOY,103,FC1_Beta,bandpower,FC1,Beta,,other,0.0,0.0,49
211-000540,0,JOY,104,F2_Alpha,bandpower,F2,Alpha,,frontal_bilateral,0.0,0.0,49
211-000540,0,JOY,105,F2_Beta,bandpower,F2,Beta,,frontal_bilateral,0.0,0.0,49
211-000540,0,JOY,106,F6_Alpha,bandpower,F6,Alpha,,other,0.0,0.0,49
211-000540,0,JOY,107,F6_Beta,bandpower,F6,Beta,,other,0.0,0.0,49
211-000540,0,JOY,108,FC5_Alpha,bandpower,FC5,Alpha,,frontal_inferior_left,0.02313221930851688,0.022997246519928256,49
211-000540,0,JOY,109,FC5_Beta,bandpower,FC5,Beta,,frontal_inferior_left,0.016312552116953507,0.016312552116953507,49
211-000540,0,JOY,110,F1_Alpha,bandpower,F1,Alpha,,frontal_bilateral,0.0,0.0,49
211-000540,0,JOY,111,F1_Beta,bandpower,F1,Beta,,frontal_bilateral,0.02030112160420264,0.0032513262162740825,49
211-000540,0,JOY,112,AF4_Alpha,bandpower,AF4,Alpha,,frontal_bilateral,0.0,0.0,49
211-000540,0,JOY,113,AF4_Beta,bandpower,AF4,Beta,,frontal_bilateral,0.09019675087868761,0.03268970900351199,49
211-000540,0,JOY,114,AF8_Alpha,bandpower,AF8,Alpha,,frontal_bilateral,0.008735411514515495,-0.00014826699826518997,49
211-000540,0,JOY,115,AF8_Beta,bandpower,AF8,Beta,,frontal_bilateral,0.023593090775385305,0.0029778537595685564,49
211-000540,0,JOY,116,F5_Alpha,bandpower,F5,Alpha,,frontal_inferior_left,0.01407192071627435,0.012799343858295923,49
211-000540,0,JOY,117,F5_Beta,bandpower,F5,Beta,,frontal_inferior_left,0.17503320690927943,0.1594816315542533,49
211-000540,0,JOY,118,AF7_Alpha,bandpower,AF7,Alpha,,frontal_bilateral,0.20692675851826717,0.20164866737938014,49
211-000540,0,JOY,119,AF7_Beta,bandpower,AF7,Beta,,frontal_bilateral,0.5464904602848214,0.528974119427472,49
211-000540,0,JOY,120,AF3_Alpha,bandpower,AF3,Alpha,,frontal_bilateral,0.0,0.0,49
211-000540,0,JOY,121,AF3_Beta,bandpower,AF3,Beta,,frontal_bilateral,0.0,0.0,49
211-000540,0,JOY,122,Fpz_Alpha,bandpower,Fpz,Alpha,,frontal_bilateral,0.0,0.0,49
211-000540,0,JOY,123,Fpz_Beta,bandpower,Fpz,Beta,,frontal_bilateral,0.0,0.0,49
211-000540,0,JOY,124,AlphaAsym_Fp2-Fp1,AlphaAsym,,,Fp2-Fp1,,0.0,0.0,49
211-000540,0,JOY,125,AlphaAsym_AF8-AF7,AlphaAsym,,,AF8-AF7,,0.0,0.0,49
211-000540,0,JOY,126,AlphaAsym_AF4-AF3,AlphaAsym,,,AF4-AF3,,0.0,0.0,49
211-000540,0,JOY,127,AlphaAsym_F8-F7,AlphaAsym,,,F8-F7,,0.0,0.0,49
211-000540,0,JOY,128,AlphaAsym_F6-F5,AlphaAsym,,,F6-F5,,0.0,0.0,49
211-000540,0,JOY,129,AlphaAsym_F4-F3,AlphaAsym,,,F4-F3,,0.005265470939207527,0.0012619306019774283,49
211-000540,0,JOY,130,AlphaAsym_F2-F1,AlphaAsym,,,F2-F1,,0.0,0.0,49
211-000540,0,JOY,131,AlphaAsym_FC6-FC5,AlphaAsym,,,FC6-FC5,,0.0,0.0,49
211-000540,0,JOY,132,AlphaAsym_FC4-FC3,AlphaAsym,,,FC4-FC3,,0.0,0.0,49
211-000540,0,JOY,133,AlphaAsym_FC2-FC1,AlphaAsym,,,FC2-FC1,,0.0,0.0,49
211-000540,0,JOY,134,AlphaAsym_T8-T7,AlphaAsym,,,T8-T7,,0.0,0.0,49
211-000540,0,JOY,135,AlphaAsym_C6-C5,AlphaAsym,,,C6-C5,,0.0,0.0,49
211-000540,0,JOY,136,AlphaAsym_C4-C3,AlphaAsym,,,C4-C3,,0.0,0.0,49
211-000540,0,JOY,137,AlphaAsym_C2-C1,AlphaAsym,,,C2-C1,,0.0,0.0,49
211-000540,0,JOY,138,AlphaAsym_TP8-TP7,AlphaAsym,,,TP8-TP7,,0.0,0.0,49
211-000540,0,JOY,139,AlphaAsym_CP6-CP5,AlphaAsym,,,CP6-CP5,,0.0,0.0,49
211-000540,0,JOY,140,AlphaAsym_CP4-CP3,AlphaAsym,,,CP4-CP3,,0.0,0.0,49
211-000540,0,JOY,141,AlphaAsym_CP2-CP1,AlphaAsym,,,CP2-CP1,,0.01647356890228196,0.010111884599995626,49
211-000540,0,JOY,142,AlphaAsym_P8-P7,AlphaAsym,,,P8-P7,,0.0,0.0,49
211-000540,0,JOY,143,AlphaAsym_P6-P5,AlphaAsym,,,P6-P5,,0.0,0.0,49
211-000540,0,JOY,144,AlphaAsym_P4-P3,AlphaAsym,,,P4-P3,,0.0,0.0,49
211-000540,0,JOY,145,AlphaAsym_P2-P1,AlphaAsym,,,P2-P1,,0.0,0.0,49
211-000540,0,JOY,146,AlphaAsym_PO8-PO7,AlphaAsym,,,PO8-PO7,,0.0,0.0,49
211-000540,0,JOY,147,AlphaAsym_PO6-PO5,AlphaAsym,,,PO6-PO5,,0.0,0.0,49
211-000540,0,JOY,148,AlphaAsym_PO4-PO3,AlphaAsym,,,PO4-PO3,,0.0,0.0,49
211-000540,0,JOY,149,AlphaAsym_O2-O1,AlphaAsym,,,O2-O1,,0.0,0.0,49
211-000540,1,NEUTRO,0,O2_Alpha,bandpower,O2,Alpha,,occipital,0.0,0.0,33
211-000540,1,NEUTRO,1,O2_Beta,bandpower,O2,Beta,,occipital,0.1846814856169009,0.17499994104022276,33
211-000540,1,NEUTRO,2,O1_Alpha,bandpower,O1,Alpha,,occipital,0.0,0.0,33
211-000540,1,NEUTRO,3,O1_Beta,bandpower,O1,Beta,,occipital,0.0,0.0,33
211-000540,1,NEUTRO,4,Oz_Alpha,bandpower,Oz,Alpha,,occipital,0.0,0.0,33
211-000540,1,NEUTRO,5,Oz_Beta,bandpower,Oz,Beta,,occipital,0.0,0.0,33
211-000540,1,NEUTRO,6,Pz_Alpha,bandpower,Pz,Alpha,,parietal_midline,0.0,0.0,33
211-000540,1,NEUTRO,7,Pz_Beta,bandpower,Pz,Beta,,parietal_midline,0.0,0.0,33
211-000540,1,NEUTRO,8,P4_Alpha,bandpower,P4,Alpha,,other,0.0,0.0,33
211-000540,1,NEUTRO,9,P4_Beta,bandpower,P4,Beta,,other,0.0,0.0,33
211-000540,1,NEUTRO,10,CP4_Alpha,bandpower,CP4,Alpha,,temporal_right,0.0,0.0,33
211-000540,1,NEUTRO,11,CP4_Beta,bandpower,CP4,Beta,,temporal_right,0.02625405465960591,0.015819263091632695,33
211-000540,1,NEUTRO,12,P8_Alpha,bandpower,P8,Alpha,,temporal_right,0.0,0.0,33
211-000540,1,NEUTRO,13,P8_Beta,bandpower,P8,Beta,,temporal_right,0.008334700432464565,0.008334700432464565,33
211-000540,1,NEUTRO,14,C4_Alpha,bandpower,C4,Alpha,,other,0.0,0.0,33
211-000540,1,NEUTRO,15,C4_Beta,bandpower,C4,Beta,,other,0.11852019064221303,0.10147730982735688,33
211-000540,1,NEUTRO,16,TP8_Alpha,bandpower,TP8,Alpha,,temporal_right,0.0,0.0,33
211-000540,1,NEUTRO,17,TP8_Beta,bandpower,TP8,Beta,,temporal_right,0.016042686103886823,0.0025891227102495806,33
211-000540,1,NEUTRO,18,T8_Alpha,bandpower,T8,Alpha,,temporal_right,0.0,0.0,33
211-000540,1,NEUTRO,19,T8_Beta,bandpower,T8,Beta,,temporal_right,0.09505387038816797,0.09505387038816797,33
211-000540,1,NEUTRO,20,P7_Alpha,bandpower,P7,Alpha,,temporal_left,0.0,0.0,33
211-000540,1,NEUTRO,21,P7_Beta,bandpower,P7,Beta,,temporal_left,0.0,0.0,33
211-000540,1,NEUTRO,22,P3_Alpha,bandpower,P3,Alpha,,centro_parietal_left,0.0,0.0,33
211-000540,1,NEUTRO,23,P3_Beta,bandpower,P3,Beta,,centro_parietal_left,0.0,0.0,33
211-000540,1,NEUTRO,24,CP3_Alpha,bandpower,CP3,Alpha,,temporal_left,0.0,0.0,33
211-000540,1,NEUTRO,25,CP3_Beta,bandpower,CP3,Beta,,temporal_left,0.0,0.0,33
211-000540,1,NEUTRO,26,CPz_Alpha,bandpower,CPz,Alpha,,parietal_midline,0.0,0.0,33
211-000540,1,NEUTRO,27,CPz_Beta,bandpower,CPz,Beta,,parietal_midline,0.0,0.0,33
211-000540,1,NEUTRO,28,Cz_Alpha,bandpower,Cz,Alpha,,parietal_midline,0.0,0.0,33
211-000540,1,NEUTRO,29,Cz_Beta,bandpower,Cz,Beta,,parietal_midline,0.0,0.0,33
211-000540,1,NEUTRO,30,FC4_Alpha,bandpower,FC4,Alpha,,frontal_bilateral,0.0,0.0,33
211-000540,1,NEUTRO,31,FC4_Beta,bandpower,FC4,Beta,,frontal_bilateral,0.030114001918029515,0.029874901058722852,33
211-000540,1,NEUTRO,32,FT8_Alpha,bandpower,FT8,Alpha,,temporal_right,0.0,0.0,33
211-000540,1,NEUTRO,33,FT8_Beta,bandpower,FT8,Beta,,temporal_right,0.028462807847045395,0.013423866264010403,33
211-000540,1,NEUTRO,34,TP7_Alpha,bandpower,TP7,Alpha,,temporal_left,0.0,0.0,33
211-000540,1,NEUTRO,35,TP7_Beta,bandpower,TP7,Beta,,temporal_left,0.33469771621928635,0.33469771621928635,33
211-000540,1,NEUTRO,36,C3_Alpha,bandpower,C3,Alpha,,centro_parietal_left,0.0,0.0,33
211-000540,1,NEUTRO,37,C3_Beta,bandpower,C3,Beta,,centro_parietal_left,0.0034727170989117726,0.0010227670273175633,33
211-000540,1,NEUTRO,38,FCz_Alpha,bandpower,FCz,Alpha,,frontal_bilateral,0.0,0.0,33
211-000540,1,NEUTRO,39,FCz_Beta,bandpower,FCz,Beta,,frontal_bilateral,0.0,0.0,33
211-000540,1,NEUTRO,40,Fz_Alpha,bandpower,Fz,Alpha,,frontal_bilateral,0.0,0.0,33
211-000540,1,NEUTRO,41,Fz_Beta,bandpower,Fz,Beta,,frontal_bilateral,0.0,0.0,33
211-000540,1,NEUTRO,42,F4_Alpha,bandpower,F4,Alpha,,frontal_bilateral,0.0,0.0,33
211-000540,1,NEUTRO,43,F4_Beta,bandpower,F4,Beta,,frontal_bilateral,0.0017216195157319899,0.00018997983979961543,33
211-000540,1,NEUTRO,44,F8_Alpha,bandpower,F8,Alpha,,other,0.0,0.0,33
211-000540,1,NEUTRO,45,F8_Beta,bandpower,F8,Beta,,other,0.0,0.0,33
211-000540,1,NEUTRO,46,T7_Alpha,bandpower,T7,Alpha,,temporal_left,0.0,0.0,33
211-000540,1,NEUTRO,47,T7_Beta,bandpower,T7,Beta,,temporal_left,0.2840352999407091,0.2840352999407091,33
211-000540,1,NEUTRO,48,FT7_Alpha,bandpower,FT7,Alpha,,temporal_left,0.14074074007557674,0.14074074007557674,33
211-000540,1,NEUTRO,49,FT7_Beta,bandpower,FT7,Beta,,temporal_left,0.6887639792853181,0.6887639792853181,33
211-000540,1,NEUTRO,50,FC3_Alpha,bandpower,FC3,Alpha,,frontal_bilateral,0.0,0.0,33
211-000540,1,NEUTRO,51,FC3_Beta,bandpower,FC3,Beta,,frontal_bilateral,0.0,0.0,33
211-000540,1,NEUTRO,52,F3_Alpha,bandpower,F3,Alpha,,frontal_bilateral,0.0,0.0,33
211-000540,1,NEUTRO,53,F3_Beta,bandpower,F3,Beta,,frontal_bilateral,0.10797618853380943,0.09979290265459657,33
211-000540,1,NEUTRO,54,Fp2_Alpha,bandpower,Fp2,Alpha,,frontal_bilateral,0.0,0.0,33
211-000540,1,NEUTRO,55,Fp2_Beta,bandpower,Fp2,Beta,,frontal_bilateral,0.3861689761385852,0.38143070948590146,33
211-000540,1,NEUTRO,56,F7_Alpha,bandpower,F7,Alpha,,frontal_inferior_left,0.0,0.0,33
211-000540,1,NEUTRO,57,F7_Beta,bandpower,F7,Beta,,frontal_inferior_left,0.0,0.0,33
211-000540,1,NEUTRO,58,Fp1_Alpha,bandpower,Fp1,Alpha,,frontal_bilateral,0.0,0.0,33
211-000540,1,NEUTRO,59,Fp1_Beta,bandpower,Fp1,Beta,,frontal_bilateral,0.0,0.0,33
211-000540,1,NEUTRO,60,PO5_Alpha,bandpower,PO5,Alpha,,other,0.0,0.0,33
211-000540,1,NEUTRO,61,PO5_Beta,bandpower,PO5,Beta,,other,0.0,0.0,33
211-000540,1,NEUTRO,62,PO3_Alpha,bandpower,PO3,Alpha,,occipital,0.0,0.0,33
211-000540,1,NEUTRO,63,PO3_Beta,bandpower,PO3,Beta,,occipital,0.0,0.0,33
211-000540,1,NEUTRO,64,P1_Alpha,bandpower,P1,Alpha,,other,0.0,0.0,33
211-000540,1,NEUTRO,65,P1_Beta,bandpower,P1,Beta,,other,0.0,0.0,33
211-000540,1,NEUTRO,66,POz_Alpha,bandpower,POz,Alpha,,occipital,0.0,0.0,33
211-000540,1,NEUTRO,67,POz_Beta,bandpower,POz,Beta,,occipital,0.0,0.0,33
211-000540,1,NEUTRO,68,P2_Alpha,bandpower,P2,Alpha,,other,0.0,0.0,33
211-000540,1,NEUTRO,69,P2_Beta,bandpower,P2,Beta,,other,0.0,0.0,33
211-000540,1,NEUTRO,70,PO4_Alpha,bandpower,PO4,Alpha,,occipital,0.0,0.0,33
211-000540,1,NEUTRO,71,PO4_Beta,bandpower,PO4,Beta,,occipital,0.22388260018138065,0.16649251420593228,33
211-000540,1,NEUTRO,72,CP2_Alpha,bandpower,CP2,Alpha,,other,0.0,0.0,33
211-000540,1,NEUTRO,73,CP2_Beta,bandpower,CP2,Beta,,other,0.0,0.0,33
211-000540,1,NEUTRO,74,P6_Alpha,bandpower,P6,Alpha,,temporal_right,0.0,0.0,33
211-000540,1,NEUTRO,75,P6_Beta,bandpower,P6,Beta,,temporal_right,0.0,0.0,33
211-000540,1,NEUTRO,76,PO6_Alpha,bandpower,PO6,Alpha,,other,0.0,0.0,33
211-000540,1,NEUTRO,77,PO6_Beta,bandpower,PO6,Beta,,other,0.008976351390524249,0.001965227395245918,33
211-000540,1,NEUTRO,78,CP6_Alpha,bandpower,CP6,Alpha,,temporal_right,0.0,0.0,33
211-000540,1,NEUTRO,79,CP6_Beta,bandpower,CP6,Beta,,temporal_right,0.04242673034340873,0.04182530654990266,33
211-000540,1,NEUTRO,80,C6_Alpha,bandpower,C6,Alpha,,temporal_right,0.0,0.0,33
211-000540,1,NEUTRO,81,C6_Beta,bandpower,C6,Beta,,temporal_right,0.0,0.0,33
211-000540,1,NEUTRO,82,PO8_Alpha,bandpower,PO8,Alpha,,occipital,0.0,0.0,33
211-000540,1,NEUTRO,83,PO8_Beta,bandpower,PO8,Beta,,occipital,0.0,0.0,33
211-000540,1,NEUTRO,84,PO7_Alpha,bandpower,PO7,Alpha,,occipital,0.0,0.0,33
211-000540,1,NEUTRO,85,PO7_Beta,bandpower,PO7,Beta,,occipital,0.0,0.0,33
211-000540,1,NEUTRO,86,P5_Alpha,bandpower,P5,Alpha,,temporal_left,0.0,0.0,33
211-000540,1,NEUTRO,87,P5_Beta,bandpower,P5,Beta,,temporal_left,0.0,0.0,33
211-000540,1,NEUTRO,88,CP5_Alpha,bandpower,CP5,Alpha,,temporal_left,0.0,0.0,33
211-000540,1,NEUTRO,89,CP5_Beta,bandpower,CP5,Beta,,temporal_left,0.0,0.0,33
211-000540,1,NEUTRO,90,CP1_Alpha,bandpower,CP1,Alpha,,other,0.0,0.0,33
211-000540,1,NEUTRO,91,CP1_Beta,bandpower,CP1,Beta,,other,0.0,0.0,33
211-000540,1,NEUTRO,92,C1_Alpha,bandpower,C1,Alpha,,other,0.0,0.0,33
211-000540,1,NEUTRO,93,C1_Beta,bandpower,C1,Beta,,other,0.0,0.0,33
211-000540,1,NEUTRO,94,C2_Alpha,bandpower,C2,Alpha,,other,0.0,0.0,33
211-000540,1,NEUTRO,95,C2_Beta,bandpower,C2,Beta,,other,0.0037456166319374323,0.0030367374092615034,33
211-000540,1,NEUTRO,96,FC2_Alpha,bandpower,FC2,Alpha,,other,0.0,0.0,33
211-000540,1,NEUTRO,97,FC2_Beta,bandpower,FC2,Beta,,other,0.0,0.0,33
211-000540,1,NEUTRO,98,FC6_Alpha,bandpower,FC6,Alpha,,other,0.0,0.0,33
211-000540,1,NEUTRO,99,FC6_Beta,bandpower,FC6,Beta,,other,0.0,0.0,33
211-000540,1,NEUTRO,100,C5_Alpha,bandpower,C5,Alpha,,temporal_left,0.0,0.0,33
211-000540,1,NEUTRO,101,C5_Beta,bandpower,C5,Beta,,temporal_left,0.0,0.0,33
211-000540,1,NEUTRO,102,FC1_Alpha,bandpower,FC1,Alpha,,other,0.0,0.0,33
211-000540,1,NEUTRO,103,FC1_Beta,bandpower,FC1,Beta,,other,0.06760837787993937,0.057619663324674004,33
211-000540,1,NEUTRO,104,F2_Alpha,bandpower,F2,Alpha,,frontal_bilateral,0.0,0.0,33
211-000540,1,NEUTRO,105,F2_Beta,bandpower,F2,Beta,,frontal_bilateral,0.0,0.0,33
211-000540,1,NEUTRO,106,F6_Alpha,bandpower,F6,Alpha,,other,0.0,0.0,33
211-000540,1,NEUTRO,107,F6_Beta,bandpower,F6,Beta,,other,0.0,0.0,33
211-000540,1,NEUTRO,108,FC5_Alpha,bandpower,FC5,Alpha,,frontal_inferior_left,0.0,0.0,33
211-000540,1,NEUTRO,109,FC5_Beta,bandpower,FC5,Beta,,frontal_inferior_left,0.5049963071207294,0.5049963071207294,33
211-000540,1,NEUTRO,110,F1_Alpha,bandpower,F1,Alpha,,frontal_bilateral,0.0,0.0,33
211-000540,1,NEUTRO,111,F1_Beta,bandpower,F1,Beta,,frontal_bilateral,0.08983464130549758,0.061771949352696295,33
211-000540,1,NEUTRO,112,AF4_Alpha,bandpower,AF4,Alpha,,frontal_bilateral,0.0,0.0,33
211-000540,1,NEUTRO,113,AF4_Beta,bandpower,AF4,Beta,,frontal_bilateral,0.0,0.0,33
211-000540,1,NEUTRO,114,AF8_Alpha,bandpower,AF8,Alpha,,frontal_bilateral,0.0,0.0,33
211-000540,1,NEUTRO,115,AF8_Beta,bandpower,AF8,Beta,,frontal_bilateral,0.0,0.0,33
211-000540,1,NEUTRO,116,F5_Alpha,bandpower,F5,Alpha,,frontal_inferior_left,0.0,0.0,33
211-000540,1,NEUTRO,117,F5_Beta,bandpower,F5,Beta,,frontal_inferior_left,0.0,0.0,33
211-000540,1,NEUTRO,118,AF7_Alpha,bandpower,AF7,Alpha,,frontal_bilateral,0.0,0.0,33
211-000540,1,NEUTRO,119,AF7_Beta,bandpower,AF7,Beta,,frontal_bilateral,0.0,0.0,33
211-000540,1,NEUTRO,120,AF3_Alpha,bandpower,AF3,Alpha,,frontal_bilateral,0.0,0.0,33
211-000540,1,NEUTRO,121,AF3_Beta,bandpower,AF3,Beta,,frontal_bilateral,0.0,0.0,33
211-000540,1,NEUTRO,122,Fpz_Alpha,bandpower,Fpz,Alpha,,frontal_bilateral,0.0,0.0,33
211-000540,1,NEUTRO,123,Fpz_Beta,bandpower,Fpz,Beta,,frontal_bilateral,0.0,0.0,33
211-000540,1,NEUTRO,124,AlphaAsym_Fp2-Fp1,AlphaAsym,,,Fp2-Fp1,,0.0,0.0,33
211-000540,1,NEUTRO,125,AlphaAsym_AF8-AF7,AlphaAsym,,,AF8-AF7,,0.045999026660129075,0.018028349835736764,33
211-000540,1,NEUTRO,126,AlphaAsym_AF4-AF3,AlphaAsym,,,AF4-AF3,,0.0,0.0,33
211-000540,1,NEUTRO,127,AlphaAsym_F8-F7,AlphaAsym,,,F8-F7,,0.0,0.0,33
211-000540,1,NEUTRO,128,AlphaAsym_F6-F5,AlphaAsym,,,F6-F5,,0.0,0.0,33
211-000540,1,NEUTRO,129,AlphaAsym_F4-F3,AlphaAsym,,,F4-F3,,0.0,0.0,33
211-000540,1,NEUTRO,130,AlphaAsym_F2-F1,AlphaAsym,,,F2-F1,,0.0,0.0,33
211-000540,1,NEUTRO,131,AlphaAsym_FC6-FC5,AlphaAsym,,,FC6-FC5,,0.05383952857958819,0.044441371835007314,33
211-000540,1,NEUTRO,132,AlphaAsym_FC4-FC3,AlphaAsym,,,FC4-FC3,,0.0,0.0,33
211-000540,1,NEUTRO,133,AlphaAsym_FC2-FC1,AlphaAsym,,,FC2-FC1,,0.0,0.0,33
211-000540,1,NEUTRO,134,AlphaAsym_T8-T7,AlphaAsym,,,T8-T7,,0.0,0.0,33
211-000540,1,NEUTRO,135,AlphaAsym_C6-C5,AlphaAsym,,,C6-C5,,0.0,0.0,33
211-000540,1,NEUTRO,136,AlphaAsym_C4-C3,AlphaAsym,,,C4-C3,,0.0,0.0,33
211-000540,1,NEUTRO,137,AlphaAsym_C2-C1,AlphaAsym,,,C2-C1,,0.0,0.0,33
211-000540,1,NEUTRO,138,AlphaAsym_TP8-TP7,AlphaAsym,,,TP8-TP7,,0.4210299108527338,0.37002503587217517,33
211-000540,1,NEUTRO,139,AlphaAsym_CP6-CP5,AlphaAsym,,,CP6-CP5,,0.0,0.0,33
211-000540,1,NEUTRO,140,AlphaAsym_CP4-CP3,AlphaAsym,,,CP4-CP3,,0.0,0.0,33
211-000540,1,NEUTRO,141,AlphaAsym_CP2-CP1,AlphaAsym,,,CP2-CP1,,0.0,0.0,33
211-000540,1,NEUTRO,142,AlphaAsym_P8-P7,AlphaAsym,,,P8-P7,,0.0,0.0,33
211-000540,1,NEUTRO,143,AlphaAsym_P6-P5,AlphaAsym,,,P6-P5,,0.0,0.0,33
211-000540,1,NEUTRO,144,AlphaAsym_P4-P3,AlphaAsym,,,P4-P3,,0.0,0.0,33
211-000540,1,NEUTRO,145,AlphaAsym_P2-P1,AlphaAsym,,,P2-P1,,0.0,0.0,33
211-000540,1,NEUTRO,146,AlphaAsym_PO8-PO7,AlphaAsym,,,PO8-PO7,,0.0,0.0,33
211-000540,1,NEUTRO,147,AlphaAsym_PO6-PO5,AlphaAsym,,,PO6-PO5,,0.0,0.0,33
211-000540,1,NEUTRO,148,AlphaAsym_PO4-PO3,AlphaAsym,,,PO4-PO3,,0.0,0.0,33
211-000540,1,NEUTRO,149,AlphaAsym_O2-O1,AlphaAsym,,,O2-O1,,0.0,0.0,33
211-000540,2,SAD,0,O2_Alpha,bandpower,O2,Alpha,,occipital,0.032781938465686965,0.03259847834455844,20
211-000540,2,SAD,1,O2_Beta,bandpower,O2,Beta,,occipital,0.8962437980245463,0.8962437980245463,20
211-000540,2,SAD,2,O1_Alpha,bandpower,O1,Alpha,,occipital,0.0,0.0,20
211-000540,2,SAD,3,O1_Beta,bandpower,O1,Beta,,occipital,0.0,0.0,20
211-000540,2,SAD,4,Oz_Alpha,bandpower,Oz,Alpha,,occipital,0.0,0.0,20
211-000540,2,SAD,5,Oz_Beta,bandpower,Oz,Beta,,occipital,0.0,0.0,20
211-000540,2,SAD,6,Pz_Alpha,bandpower,Pz,Alpha,,parietal_midline,0.0,0.0,20
211-000540,2,SAD,7,Pz_Beta,bandpower,Pz,Beta,,parietal_midline,0.0,0.0,20
211-000540,2,SAD,8,P4_Alpha,bandpower,P4,Alpha,,other,0.008969721656760665,0.0069651683638476845,20
211-000540,2,SAD,9,P4_Beta,bandpower,P4,Beta,,other,0.0,0.0,20
211-000540,2,SAD,10,CP4_Alpha,bandpower,CP4,Alpha,,temporal_right,0.014150251157527216,0.0016163069065547875,20
211-000540,2,SAD,11,CP4_Beta,bandpower,CP4,Beta,,temporal_right,0.0,0.0,20
211-000540,2,SAD,12,P8_Alpha,bandpower,P8,Alpha,,temporal_right,0.0,0.0,20
211-000540,2,SAD,13,P8_Beta,bandpower,P8,Beta,,temporal_right,0.0,0.0,20
211-000540,2,SAD,14,C4_Alpha,bandpower,C4,Alpha,,other,0.0,0.0,20
211-000540,2,SAD,15,C4_Beta,bandpower,C4,Beta,,other,0.003464105092090864,-0.0024719298352453116,20
211-000540,2,SAD,16,TP8_Alpha,bandpower,TP8,Alpha,,temporal_right,0.0,0.0,20
211-000540,2,SAD,17,TP8_Beta,bandpower,TP8,Beta,,temporal_right,0.1363797203570414,0.13306473681667158,20
211-000540,2,SAD,18,T8_Alpha,bandpower,T8,Alpha,,temporal_right,0.0,0.0,20
211-000540,2,SAD,19,T8_Beta,bandpower,T8,Beta,,temporal_right,0.0,0.0,20
211-000540,2,SAD,20,P7_Alpha,bandpower,P7,Alpha,,temporal_left,0.0,0.0,20
211-000540,2,SAD,21,P7_Beta,bandpower,P7,Beta,,temporal_left,0.001992268228083109,-0.0013005952836864052,20
211-000540,2,SAD,22,P3_Alpha,bandpower,P3,Alpha,,centro_parietal_left,0.13638624086834658,0.1324860772186458,20
211-000540,2,SAD,23,P3_Beta,bandpower,P3,Beta,,centro_parietal_left,0.029757503659569355,0.027270434332129927,20
211-000540,2,SAD,24,CP3_Alpha,bandpower,CP3,Alpha,,temporal_left,0.03350791057366439,0.029760150611592505,20
211-000540,2,SAD,25,CP3_Beta,bandpower,CP3,Beta,,temporal_left,0.0,0.0,20
211-000540,2,SAD,26,CPz_Alpha,bandpower,CPz,Alpha,,parietal_midline,0.0,0.0,20
211-000540,2,SAD,27,CPz_Beta,bandpower,CPz,Beta,,parietal_midline,0.0,0.0,20
211-000540,2,SAD,28,Cz_Alpha,bandpower,Cz,Alpha,,parietal_midline,0.0,0.0,20
211-000540,2,SAD,29,Cz_Beta,bandpower,Cz,Beta,,parietal_midline,0.0,0.0,20
211-000540,2,SAD,30,FC4_Alpha,bandpower,FC4,Alpha,,frontal_bilateral,0.0,0.0,20
211-000540,2,SAD,31,FC4_Beta,bandpower,FC4,Beta,,frontal_bilateral,0.0,0.0,20
211-000540,2,SAD,32,FT8_Alpha,bandpower,FT8,Alpha,,temporal_right,0.04312460655084588,0.03666909615558861,20
211-000540,2,SAD,33,FT8_Beta,bandpower,FT8,Beta,,temporal_right,0.5039774939152676,0.4895372339152762,20
211-000540,2,SAD,34,TP7_Alpha,bandpower,TP7,Alpha,,temporal_left,0.0,0.0,20
211-000540,2,SAD,35,TP7_Beta,bandpower,TP7,Beta,,temporal_left,0.0,0.0,20
211-000540,2,SAD,36,C3_Alpha,bandpower,C3,Alpha,,centro_parietal_left,0.0,0.0,20
211-000540,2,SAD,37,C3_Beta,bandpower,C3,Beta,,centro_parietal_left,0.0,0.0,20
211-000540,2,SAD,38,FCz_Alpha,bandpower,FCz,Alpha,,frontal_bilateral,0.0,0.0,20
211-000540,2,SAD,39,FCz_Beta,bandpower,FCz,Beta,,frontal_bilateral,0.0431932947643342,0.04022665966304336,20
211-000540,2,SAD,40,Fz_Alpha,bandpower,Fz,Alpha,,frontal_bilateral,0.0009696991975223709,0.0006335912470943963,20
211-000540,2,SAD,41,Fz_Beta,bandpower,Fz,Beta,,frontal_bilateral,0.0,0.0,20
211-000540,2,SAD,42,F4_Alpha,bandpower,F4,Alpha,,frontal_bilateral,0.0012216589666140475,1.4477062067863589e-05,20
211-000540,2,SAD,43,F4_Beta,bandpower,F4,Beta,,frontal_bilateral,0.0,0.0,20
211-000540,2,SAD,44,F8_Alpha,bandpower,F8,Alpha,,other,0.0,0.0,20
211-000540,2,SAD,45,F8_Beta,bandpower,F8,Beta,,other,0.0,0.0,20
211-000540,2,SAD,46,T7_Alpha,bandpower,T7,Alpha,,temporal_left,0.0,0.0,20
211-000540,2,SAD,47,T7_Beta,bandpower,T7,Beta,,temporal_left,0.0,0.0,20
211-000540,2,SAD,48,FT7_Alpha,bandpower,FT7,Alpha,,temporal_left,0.0,0.0,20
211-000540,2,SAD,49,FT7_Beta,bandpower,FT7,Beta,,temporal_left,0.0,0.0,20
211-000540,2,SAD,50,FC3_Alpha,bandpower,FC3,Alpha,,frontal_bilateral,0.0,0.0,20
211-000540,2,SAD,51,FC3_Beta,bandpower,FC3,Beta,,frontal_bilateral,0.0,0.0,20
211-000540,2,SAD,52,F3_Alpha,bandpower,F3,Alpha,,frontal_bilateral,0.1705217770682685,0.15966075993511736,20
211-000540,2,SAD,53,F3_Beta,bandpower,F3,Beta,,frontal_bilateral,0.0,0.0,20
211-000540,2,SAD,54,Fp2_Alpha,bandpower,Fp2,Alpha,,frontal_bilateral,0.0,0.0,20
211-000540,2,SAD,55,Fp2_Beta,bandpower,Fp2,Beta,,frontal_bilateral,0.10408091769485384,0.023737846283579722,20
211-000540,2,SAD,56,F7_Alpha,bandpower,F7,Alpha,,frontal_inferior_left,0.0,0.0,20
211-000540,2,SAD,57,F7_Beta,bandpower,F7,Beta,,frontal_inferior_left,0.0,0.0,20
211-000540,2,SAD,58,Fp1_Alpha,bandpower,Fp1,Alpha,,frontal_bilateral,0.0,0.0,20
211-000540,2,SAD,59,Fp1_Beta,bandpower,Fp1,Beta,,frontal_bilateral,0.0,0.0,20
211-000540,2,SAD,60,PO5_Alpha,bandpower,PO5,Alpha,,other,0.0,0.0,20
211-000540,2,SAD,61,PO5_Beta,bandpower,PO5,Beta,,other,0.0590710853832066,0.004411574801026497,20
211-000540,2,SAD,62,PO3_Alpha,bandpower,PO3,Alpha,,occipital,0.0,0.0,20
211-000540,2,SAD,63,PO3_Beta,bandpower,PO3,Beta,,occipital,0.0,0.0,20
211-000540,2,SAD,64,P1_Alpha,bandpower,P1,Alpha,,other,0.018284939418978484,0.009680132886289439,20
211-000540,2,SAD,65,P1_Beta,bandpower,P1,Beta,,other,0.0,0.0,20
211-000540,2,SAD,66,POz_Alpha,bandpower,POz,Alpha,,occipital,0.0,0.0,20
211-000540,2,SAD,67,POz_Beta,bandpower,POz,Beta,,occipital,0.0,0.0,20
211-000540,2,SAD,68,P2_Alpha,bandpower,P2,Alpha,,other,0.21471943157298473,0.20645593446229887,20
211-000540,2,SAD,69,P2_Beta,bandpower,P2,Beta,,other,0.0,0.0,20
211-000540,2,SAD,70,PO4_Alpha,bandpower,PO4,Alpha,,occipital,0.03361898419101502,0.03193411474996442,20
211-000540,2,SAD,71,PO4_Beta,bandpower,PO4,Beta,,occipital,0.0,0.0,20
211-000540,2,SAD,72,CP2_Alpha,bandpower,CP2,Alpha,,other,0.0,0.0,20
211-000540,2,SAD,73,CP2_Beta,bandpower,CP2,Beta,,other,0.0,0.0,20
211-000540,2,SAD,74,P6_Alpha,bandpower,P6,Alpha,,temporal_right,0.0,0.0,20
211-000540,2,SAD,75,P6_Beta,bandpower,P6,Beta,,temporal_right,0.0,0.0,20
211-000540,2,SAD,76,PO6_Alpha,bandpower,PO6,Alpha,,other,0.0,0.0,20
211-000540,2,SAD,77,PO6_Beta,bandpower,PO6,Beta,,other,0.014461762588622126,0.014435335511283459,20
211-000540,2,SAD,78,CP6_Alpha,bandpower,CP6,Alpha,,temporal_right,0.0,0.0,20
211-000540,2,SAD,79,CP6_Beta,bandpower,CP6,Beta,,temporal_right,0.0,0.0,20
211-000540,2,SAD,80,C6_Alpha,bandpower,C6,Alpha,,temporal_right,0.10538708290859453,0.0670815747604003,20
211-000540,2,SAD,81,C6_Beta,bandpower,C6,Beta,,temporal_right,0.12806674381537153,-0.04260306728484613,20
211-000540,2,SAD,82,PO8_Alpha,bandpower,PO8,Alpha,,occipital,0.0,0.0,20
211-000540,2,SAD,83,PO8_Beta,bandpower,PO8,Beta,,occipital,0.026098657830302276,0.01648364372375597,20
211-000540,2,SAD,84,PO7_Alpha,bandpower,PO7,Alpha,,occipital,0.0,0.0,20
211-000540,2,SAD,85,PO7_Beta,bandpower,PO7,Beta,,occipital,0.0,0.0,20
211-000540,2,SAD,86,P5_Alpha,bandpower,P5,Alpha,,temporal_left,0.0,0.0,20
211-000540,2,SAD,87,P5_Beta,bandpower,P5,Beta,,temporal_left,0.006182349943933063,-0.00164302830642834,20
211-000540,2,SAD,88,CP5_Alpha,bandpower,CP5,Alpha,,temporal_left,0.0,0.0,20
211-000540,2,SAD,89,CP5_Beta,bandpower,CP5,Beta,,temporal_left,0.08500303550659338,-0.07837280868566628,20
211-000540,2,SAD,90,CP1_Alpha,bandpower,CP1,Alpha,,other,0.0,0.0,20
211-000540,2,SAD,91,CP1_Beta,bandpower,CP1,Beta,,other,0.0,0.0,20
211-000540,2,SAD,92,C1_Alpha,bandpower,C1,Alpha,,other,0.0,0.0,20
211-000540,2,SAD,93,C1_Beta,bandpower,C1,Beta,,other,0.0,0.0,20
211-000540,2,SAD,94,C2_Alpha,bandpower,C2,Alpha,,other,0.0,0.0,20
211-000540,2,SAD,95,C2_Beta,bandpower,C2,Beta,,other,0.0,0.0,20
211-000540,2,SAD,96,FC2_Alpha,bandpower,FC2,Alpha,,other,0.004442626242414908,0.004086397957240974,20
211-000540,2,SAD,97,FC2_Beta,bandpower,FC2,Beta,,other,0.0,0.0,20
211-000540,2,SAD,98,FC6_Alpha,bandpower,FC6,Alpha,,other,0.07220712745774707,0.061367385918260554,20
211-000540,2,SAD,99,FC6_Beta,bandpower,FC6,Beta,,other,0.0,0.0,20
211-000540,2,SAD,100,C5_Alpha,bandpower,C5,Alpha,,temporal_left,0.0,0.0,20
211-000540,2,SAD,101,C5_Beta,bandpower,C5,Beta,,temporal_left,0.0,0.0,20
211-000540,2,SAD,102,FC1_Alpha,bandpower,FC1,Alpha,,other,0.0,0.0,20
211-000540,2,SAD,103,FC1_Beta,bandpower,FC1,Beta,,other,0.0,0.0,20
211-000540,2,SAD,104,F2_Alpha,bandpower,F2,Alpha,,frontal_bilateral,0.00435768908248947,0.0018399392012389392,20
211-000540,2,SAD,105,F2_Beta,bandpower,F2,Beta,,frontal_bilateral,0.0,0.0,20
211-000540,2,SAD,106,F6_Alpha,bandpower,F6,Alpha,,other,0.008773696001123276,0.006170834554940008,20
211-000540,2,SAD,107,F6_Beta,bandpower,F6,Beta,,other,0.0,0.0,20
211-000540,2,SAD,108,FC5_Alpha,bandpower,FC5,Alpha,,frontal_inferior_left,0.0,0.0,20
211-000540,2,SAD,109,FC5_Beta,bandpower,FC5,Beta,,frontal_inferior_left,0.0,0.0,20
211-000540,2,SAD,110,F1_Alpha,bandpower,F1,Alpha,,frontal_bilateral,0.10915137576852574,0.09975692973450581,20
211-000540,2,SAD,111,F1_Beta,bandpower,F1,Beta,,frontal_bilateral,0.0,0.0,20
211-000540,2,SAD,112,AF4_Alpha,bandpower,AF4,Alpha,,frontal_bilateral,0.0,0.0,20
211-000540,2,SAD,113,AF4_Beta,bandpower,AF4,Beta,,frontal_bilateral,0.3301794739142122,0.17471547925150294,20
211-000540,2,SAD,114,AF8_Alpha,bandpower,AF8,Alpha,,frontal_bilateral,0.0006047123665383306,0.0006047123665383306,20
211-000540,2,SAD,115,AF8_Beta,bandpower,AF8,Beta,,frontal_bilateral,0.0756525489166741,0.0756525489166741,20
211-000540,2,SAD,116,F5_Alpha,bandpower,F5,Alpha,,frontal_inferior_left,0.27307984633282345,0.2633498971239069,20
211-000540,2,SAD,117,F5_Beta,bandpower,F5,Beta,,frontal_inferior_left,0.4215521469869012,0.41962189915030573,20
211-000540,2,SAD,118,AF7_Alpha,bandpower,AF7,Alpha,,frontal_bilateral,0.0,0.0,20
211-000540,2,SAD,119,AF7_Beta,bandpower,AF7,Beta,,frontal_bilateral,0.0037680464826155115,0.0037680464826155115,20
211-000540,2,SAD,120,AF3_Alpha,bandpower,AF3,Alpha,,frontal_bilateral,0.0,0.0,20
211-000540,2,SAD,121,AF3_Beta,bandpower,AF3,Beta,,frontal_bilateral,0.0013449171383216718,-0.0013449171383216718,20
211-000540,2,SAD,122,Fpz_Alpha,bandpower,Fpz,Alpha,,frontal_bilateral,0.0,0.0,20
211-000540,2,SAD,123,Fpz_Beta,bandpower,Fpz,Beta,,frontal_bilateral,0.0,0.0,20
211-000540,2,SAD,124,AlphaAsym_Fp2-Fp1,AlphaAsym,,,Fp2-Fp1,,0.0,0.0,20
211-000540,2,SAD,125,AlphaAsym_AF8-AF7,AlphaAsym,,,AF8-AF7,,0.0,0.0,20
211-000540,2,SAD,126,AlphaAsym_AF4-AF3,AlphaAsym,,,AF4-AF3,,0.0,0.0,20
211-000540,2,SAD,127,AlphaAsym_F8-F7,AlphaAsym,,,F8-F7,,0.0,0.0,20
211-000540,2,SAD,128,AlphaAsym_F6-F5,AlphaAsym,,,F6-F5,,0.0,0.0,20
211-000540,2,SAD,129,AlphaAsym_F4-F3,AlphaAsym,,,F4-F3,,0.0,0.0,20
211-000540,2,SAD,130,AlphaAsym_F2-F1,AlphaAsym,,,F2-F1,,0.0,0.0,20
211-000540,2,SAD,131,AlphaAsym_FC6-FC5,AlphaAsym,,,FC6-FC5,,0.021618909281731758,0.014528709300411547,20
211-000540,2,SAD,132,AlphaAsym_FC4-FC3,AlphaAsym,,,FC4-FC3,,0.0,0.0,20
211-000540,2,SAD,133,AlphaAsym_FC2-FC1,AlphaAsym,,,FC2-FC1,,0.0,0.0,20
211-000540,2,SAD,134,AlphaAsym_T8-T7,AlphaAsym,,,T8-T7,,0.0,0.0,20
211-000540,2,SAD,135,AlphaAsym_C6-C5,AlphaAsym,,,C6-C5,,0.11503951510633836,0.03942133087858166,20
211-000540,2,SAD,136,AlphaAsym_C4-C3,AlphaAsym,,,C4-C3,,0.0,0.0,20
211-000540,2,SAD,137,AlphaAsym_C2-C1,AlphaAsym,,,C2-C1,,0.04138509643018651,0.012665721868611257,20
211-000540,2,SAD,138,AlphaAsym_TP8-TP7,AlphaAsym,,,TP8-TP7,,0.0,0.0,20
211-000540,2,SAD,139,AlphaAsym_CP6-CP5,AlphaAsym,,,CP6-CP5,,0.4060112243609947,0.3258303398130519,20
211-000540,2,SAD,140,AlphaAsym_CP4-CP3,AlphaAsym,,,CP4-CP3,,0.0,0.0,20
211-000540,2,SAD,141,AlphaAsym_CP2-CP1,AlphaAsym,,,CP2-CP1,,0.0,0.0,20
211-000540,2,SAD,142,AlphaAsym_P8-P7,AlphaAsym,,,P8-P7,,0.003644814335990401,0.0005888961850949254,20
211-000540,2,SAD,143,AlphaAsym_P6-P5,AlphaAsym,,,P6-P5,,0.0,0.0,20
211-000540,2,SAD,144,AlphaAsym_P4-P3,AlphaAsym,,,P4-P3,,0.0,0.0,20
211-000540,2,SAD,145,AlphaAsym_P2-P1,AlphaAsym,,,P2-P1,,0.0,0.0,20
211-000540,2,SAD,146,AlphaAsym_PO8-PO7,AlphaAsym,,,PO8-PO7,,0.0,0.0,20
211-000540,2,SAD,147,AlphaAsym_PO6-PO5,AlphaAsym,,,PO6-PO5,,0.0,0.0,20
211-000540,2,SAD,148,AlphaAsym_PO4-PO3,AlphaAsym,,,PO4-PO3,,0.0,0.0,20
211-000540,2,SAD,149,AlphaAsym_O2-O1,AlphaAsym,,,O2-O1,,0.0,0.0,20
211-000541,0,JOY,0,O2_Alpha,bandpower,O2,Alpha,,occipital,0.0,0.0,41
211-000541,0,JOY,1,O2_Beta,bandpower,O2,Beta,,occipital,0.0,0.0,41
211-000541,0,JOY,2,O1_Alpha,bandpower,O1,Alpha,,occipital,0.0,0.0,41
211-000541,0,JOY,3,O1_Beta,bandpower,O1,Beta,,occipital,0.0,0.0,41
211-000541,0,JOY,4,Oz_Alpha,bandpower,Oz,Alpha,,occipital,0.0,0.0,41
211-000541,0,JOY,5,Oz_Beta,bandpower,Oz,Beta,,occipital,0.0,0.0,41
211-000541,0,JOY,6,Pz_Alpha,bandpower,Pz,Alpha,,parietal_midline,0.0,0.0,41
211-000541,0,JOY,7,Pz_Beta,bandpower,Pz,Beta,,parietal_midline,0.0,0.0,41
211-000541,0,JOY,8,P4_Alpha,bandpower,P4,Alpha,,other,0.0,0.0,41
211-000541,0,JOY,9,P4_Beta,bandpower,P4,Beta,,other,0.0,0.0,41
211-000541,0,JOY,10,CP4_Alpha,bandpower,CP4,Alpha,,temporal_right,0.0,0.0,41
211-000541,0,JOY,11,CP4_Beta,bandpower,CP4,Beta,,temporal_right,0.0,0.0,41
211-000541,0,JOY,12,P8_Alpha,bandpower,P8,Alpha,,temporal_right,0.0,0.0,41
211-000541,0,JOY,13,P8_Beta,bandpower,P8,Beta,,temporal_right,0.0,0.0,41
211-000541,0,JOY,14,C4_Alpha,bandpower,C4,Alpha,,other,0.011480192541479516,-0.004561107046538882,41
211-000541,0,JOY,15,C4_Beta,bandpower,C4,Beta,,other,0.0,0.0,41
211-000541,0,JOY,16,TP8_Alpha,bandpower,TP8,Alpha,,temporal_right,0.0,0.0,41
211-000541,0,JOY,17,TP8_Beta,bandpower,TP8,Beta,,temporal_right,0.0,0.0,41
211-000541,0,JOY,18,T8_Alpha,bandpower,T8,Alpha,,temporal_right,0.0,0.0,41
211-000541,0,JOY,19,T8_Beta,bandpower,T8,Beta,,temporal_right,0.0,0.0,41
211-000541,0,JOY,20,P7_Alpha,bandpower,P7,Alpha,,temporal_left,0.0,0.0,41
211-000541,0,JOY,21,P7_Beta,bandpower,P7,Beta,,temporal_left,0.0,0.0,41
211-000541,0,JOY,22,P3_Alpha,bandpower,P3,Alpha,,centro_parietal_left,0.0,0.0,41
211-000541,0,JOY,23,P3_Beta,bandpower,P3,Beta,,centro_parietal_left,0.0,0.0,41
211-000541,0,JOY,24,CP3_Alpha,bandpower,CP3,Alpha,,temporal_left,0.0,0.0,41
211-000541,0,JOY,25,CP3_Beta,bandpower,CP3,Beta,,temporal_left,0.0,0.0,41
211-000541,0,JOY,26,CPz_Alpha,bandpower,CPz,Alpha,,parietal_midline,0.0,0.0,41
211-000541,0,JOY,27,CPz_Beta,bandpower,CPz,Beta,,parietal_midline,0.0,0.0,41
211-000541,0,JOY,28,Cz_Alpha,bandpower,Cz,Alpha,,parietal_midline,0.0,0.0,41
211-000541,0,JOY,29,Cz_Beta,bandpower,Cz,Beta,,parietal_midline,0.0,0.0,41
211-000541,0,JOY,30,FC4_Alpha,bandpower,FC4,Alpha,,frontal_bilateral,0.0,0.0,41
211-000541,0,JOY,31,FC4_Beta,bandpower,FC4,Beta,,frontal_bilateral,0.0,0.0,41
211-000541,0,JOY,32,FT8_Alpha,bandpower,FT8,Alpha,,temporal_right,0.0,0.0,41
211-000541,0,JOY,33,FT8_Beta,bandpower,FT8,Beta,,temporal_right,0.0,0.0,41
211-000541,0,JOY,34,TP7_Alpha,bandpower,TP7,Alpha,,temporal_left,0.0,0.0,41
211-000541,0,JOY,35,TP7_Beta,bandpower,TP7,Beta,,temporal_left,0.0,0.0,41
211-000541,0,JOY,36,C3_Alpha,bandpower,C3,Alpha,,centro_parietal_left,0.0,0.0,41
211-000541,0,JOY,37,C3_Beta,bandpower,C3,Beta,,centro_parietal_left,0.004571519970870079,-0.004259136179337018,41
211-000541,0,JOY,38,FCz_Alpha,bandpower,FCz,Alpha,,frontal_bilateral,0.0,0.0,41
211-000541,0,JOY,39,FCz_Beta,bandpower,FCz,Beta,,frontal_bilateral,0.0,0.0,41
211-000541,0,JOY,40,Fz_Alpha,bandpower,Fz,Alpha,,frontal_bilateral,0.0,0.0,41
211-000541,0,JOY,41,Fz_Beta,bandpower,Fz,Beta,,frontal_bilateral,0.0,0.0,41
211-000541,0,JOY,42,F4_Alpha,bandpower,F4,Alpha,,frontal_bilateral,0.0,0.0,41
211-000541,0,JOY,43,F4_Beta,bandpower,F4,Beta,,frontal_bilateral,0.0,0.0,41
211-000541,0,JOY,44,F8_Alpha,bandpower,F8,Alpha,,other,0.0,0.0,41
211-000541,0,JOY,45,F8_Beta,bandpower,F8,Beta,,other,0.0,0.0,41
211-000541,0,JOY,46,T7_Alpha,bandpower,T7,Alpha,,temporal_left,0.0,0.0,41
211-000541,0,JOY,47,T7_Beta,bandpower,T7,Beta,,temporal_left,0.009516115756382889,-0.009516115756382889,41
211-000541,0,JOY,48,FT7_Alpha,bandpower,FT7,Alpha,,temporal_left,0.0,0.0,41
211-000541,0,JOY,49,FT7_Beta,bandpower,FT7,Beta,,temporal_left,0.0,0.0,41
211-000541,0,JOY,50,FC3_Alpha,bandpower,FC3,Alpha,,frontal_bilateral,0.0,0.0,41
211-000541,0,JOY,51,FC3_Beta,bandpower,FC3,Beta,,frontal_bilateral,0.0,0.0,41
211-000541,0,JOY,52,F3_Alpha,bandpower,F3,Alpha,,frontal_bilateral,0.0,0.0,41
211-000541,0,JOY,53,F3_Beta,bandpower,F3,Beta,,frontal_bilateral,0.0,0.0,41
211-000541,0,JOY,54,Fp2_Alpha,bandpower,Fp2,Alpha,,frontal_bilateral,0.0,0.0,41
211-000541,0,JOY,55,Fp2_Beta,bandpower,Fp2,Beta,,frontal_bilateral,0.0,0.0,41
211-000541,0,JOY,56,F7_Alpha,bandpower,F7,Alpha,,frontal_inferior_left,0.0,0.0,41
211-000541,0,JOY,57,F7_Beta,bandpower,F7,Beta,,frontal_inferior_left,0.0,0.0,41
211-000541,0,JOY,58,Fp1_Alpha,bandpower,Fp1,Alpha,,frontal_bilateral,0.0,0.0,41
211-000541,0,JOY,59,Fp1_Beta,bandpower,Fp1,Beta,,frontal_bilateral,1.4997514377099863,1.4997514377099863,41
211-000541,0,JOY,60,PO5_Alpha,bandpower,PO5,Alpha,,other,0.0,0.0,41
211-000541,0,JOY,61,PO5_Beta,bandpower,PO5,Beta,,other,0.0,0.0,41
211-000541,0,JOY,62,PO3_Alpha,bandpower,PO3,Alpha,,occipital,0.0,0.0,41
211-000541,0,JOY,63,PO3_Beta,bandpower,PO3,Beta,,occipital,0.0,0.0,41
211-000541,0,JOY,64,P1_Alpha,bandpower,P1,Alpha,,other,0.0,0.0,41
211-000541,0,JOY,65,P1_Beta,bandpower,P1,Beta,,other,0.0,0.0,41
211-000541,0,JOY,66,POz_Alpha,bandpower,POz,Alpha,,occipital,0.0,0.0,41
211-000541,0,JOY,67,POz_Beta,bandpower,POz,Beta,,occipital,0.0,0.0,41
211-000541,0,JOY,68,P2_Alpha,bandpower,P2,Alpha,,other,0.0,0.0,41
211-000541,0,JOY,69,P2_Beta,bandpower,P2,Beta,,other,0.0,0.0,41
211-000541,0,JOY,70,PO4_Alpha,bandpower,PO4,Alpha,,occipital,0.0,0.0,41
211-000541,0,JOY,71,PO4_Beta,bandpower,PO4,Beta,,occipital,0.0,0.0,41
211-000541,0,JOY,72,CP2_Alpha,bandpower,CP2,Alpha,,other,0.0,0.0,41
211-000541,0,JOY,73,CP2_Beta,bandpower,CP2,Beta,,other,0.0,0.0,41
211-000541,0,JOY,74,P6_Alpha,bandpower,P6,Alpha,,temporal_right,0.0,0.0,41
211-000541,0,JOY,75,P6_Beta,bandpower,P6,Beta,,temporal_right,0.0,0.0,41
211-000541,0,JOY,76,PO6_Alpha,bandpower,PO6,Alpha,,other,0.0,0.0,41
211-000541,0,JOY,77,PO6_Beta,bandpower,PO6,Beta,,other,0.0,0.0,41
211-000541,0,JOY,78,CP6_Alpha,bandpower,CP6,Alpha,,temporal_right,0.0,0.0,41
211-000541,0,JOY,79,CP6_Beta,bandpower,CP6,Beta,,temporal_right,0.0,0.0,41
211-000541,0,JOY,80,C6_Alpha,bandpower,C6,Alpha,,temporal_right,0.0,0.0,41
211-000541,0,JOY,81,C6_Beta,bandpower,C6,Beta,,temporal_right,0.0,0.0,41
211-000541,0,JOY,82,PO8_Alpha,bandpower,PO8,Alpha,,occipital,0.0,0.0,41
211-000541,0,JOY,83,PO8_Beta,bandpower,PO8,Beta,,occipital,0.0,0.0,41
211-000541,0,JOY,84,PO7_Alpha,bandpower,PO7,Alpha,,occipital,0.23590399431834363,0.10981929754743763,41
211-000541,0,JOY,85,PO7_Beta,bandpower,PO7,Beta,,occipital,1.7108700516980981,1.2668508149582571,41
211-000541,0,JOY,86,P5_Alpha,bandpower,P5,Alpha,,temporal_left,0.0,0.0,41
211-000541,0,JOY,87,P5_Beta,bandpower,P5,Beta,,temporal_left,0.0,0.0,41
211-000541,0,JOY,88,CP5_Alpha,bandpower,CP5,Alpha,,temporal_left,0.0,0.0,41
211-000541,0,JOY,89,CP5_Beta,bandpower,CP5,Beta,,temporal_left,0.0,0.0,41
211-000541,0,JOY,90,CP1_Alpha,bandpower,CP1,Alpha,,other,0.0,0.0,41
211-000541,0,JOY,91,CP1_Beta,bandpower,CP1,Beta,,other,0.0,0.0,41
211-000541,0,JOY,92,C1_Alpha,bandpower,C1,Alpha,,other,0.0,0.0,41
211-000541,0,JOY,93,C1_Beta,bandpower,C1,Beta,,other,0.0,0.0,41
211-000541,0,JOY,94,C2_Alpha,bandpower,C2,Alpha,,other,0.0,0.0,41
211-000541,0,JOY,95,C2_Beta,bandpower,C2,Beta,,other,0.0,0.0,41
211-000541,0,JOY,96,FC2_Alpha,bandpower,FC2,Alpha,,other,0.02110531544593154,0.0084023879438744,41
211-000541,0,JOY,97,FC2_Beta,bandpower,FC2,Beta,,other,0.0,0.0,41
211-000541,0,JOY,98,FC6_Alpha,bandpower,FC6,Alpha,,other,0.0,0.0,41
211-000541,0,JOY,99,FC6_Beta,bandpower,FC6,Beta,,other,0.0,0.0,41
211-000541,0,JOY,100,C5_Alpha,bandpower,C5,Alpha,,temporal_left,0.0,0.0,41
211-000541,0,JOY,101,C5_Beta,bandpower,C5,Beta,,temporal_left,0.0,0.0,41
211-000541,0,JOY,102,FC1_Alpha,bandpower,FC1,Alpha,,other,0.0,0.0,41
211-000541,0,JOY,103,FC1_Beta,bandpower,FC1,Beta,,other,0.0,0.0,41
211-000541,0,JOY,104,F2_Alpha,bandpower,F2,Alpha,,frontal_bilateral,0.0,0.0,41
211-000541,0,JOY,105,F2_Beta,bandpower,F2,Beta,,frontal_bilateral,0.0,0.0,41
211-000541,0,JOY,106,F6_Alpha,bandpower,F6,Alpha,,other,0.0011652671071151754,-0.0008739651293699452,41
211-000541,0,JOY,107,F6_Beta,bandpower,F6,Beta,,other,0.0,0.0,41
211-000541,0,JOY,108,FC5_Alpha,bandpower,FC5,Alpha,,frontal_inferior_left,0.0,0.0,41
211-000541,0,JOY,109,FC5_Beta,bandpower,FC5,Beta,,frontal_inferior_left,0.0,0.0,41
211-000541,0,JOY,110,F1_Alpha,bandpower,F1,Alpha,,frontal_bilateral,0.0,0.0,41
211-000541,0,JOY,111,F1_Beta,bandpower,F1,Beta,,frontal_bilateral,0.0,0.0,41
211-000541,0,JOY,112,AF4_Alpha,bandpower,AF4,Alpha,,frontal_bilateral,0.0,0.0,41
211-000541,0,JOY,113,AF4_Beta,bandpower,AF4,Beta,,frontal_bilateral,0.0,0.0,41
211-000541,0,JOY,114,AF8_Alpha,bandpower,AF8,Alpha,,frontal_bilateral,0.04754016026047562,0.03656786854882196,41
211-000541,0,JOY,115,AF8_Beta,bandpower,AF8,Beta,,frontal_bilateral,0.10596967053555885,0.09125002344354427,41
211-000541,0,JOY,116,F5_Alpha,bandpower,F5,Alpha,,frontal_inferior_left,0.0,0.0,41
211-000541,0,JOY,117,F5_Beta,bandpower,F5,Beta,,frontal_inferior_left,0.0,0.0,41
211-000541,0,JOY,118,AF7_Alpha,bandpower,AF7,Alpha,,frontal_bilateral,0.0,0.0,41
211-000541,0,JOY,119,AF7_Beta,bandpower,AF7,Beta,,frontal_bilateral,0.0,0.0,41
211-000541,0,JOY,120,AF3_Alpha,bandpower,AF3,Alpha,,frontal_bilateral,0.0,0.0,41
211-000541,0,JOY,121,AF3_Beta,bandpower,AF3,Beta,,frontal_bilateral,0.0,0.0,41
211-000541,0,JOY,122,Fpz_Alpha,bandpower,Fpz,Alpha,,frontal_bilateral,0.0,0.0,41
211-000541,0,JOY,123,Fpz_Beta,bandpower,Fpz,Beta,,frontal_bilateral,0.0,0.0,41
211-000541,0,JOY,124,AlphaAsym_Fp2-Fp1,AlphaAsym,,,Fp2-Fp1,,0.0,0.0,41
211-000541,0,JOY,125,AlphaAsym_AF8-AF7,AlphaAsym,,,AF8-AF7,,0.017261262972979304,-0.00565009626407792,41
211-000541,0,JOY,126,AlphaAsym_AF4-AF3,AlphaAsym,,,AF4-AF3,,0.0,0.0,41
211-000541,0,JOY,127,AlphaAsym_F8-F7,AlphaAsym,,,F8-F7,,0.01406742615109084,0.007794236579968954,41
211-000541,0,JOY,128,AlphaAsym_F6-F5,AlphaAsym,,,F6-F5,,0.019219147456313843,0.015458442389607922,41
211-000541,0,JOY,129,AlphaAsym_F4-F3,AlphaAsym,,,F4-F3,,0.0,0.0,41
211-000541,0,JOY,130,AlphaAsym_F2-F1,AlphaAsym,,,F2-F1,,0.0,0.0,41
211-000541,0,JOY,131,AlphaAsym_FC6-FC5,AlphaAsym,,,FC6-FC5,,0.0,0.0,41
211-000541,0,JOY,132,AlphaAsym_FC4-FC3,AlphaAsym,,,FC4-FC3,,0.0,0.0,41
211-000541,0,JOY,133,AlphaAsym_FC2-FC1,AlphaAsym,,,FC2-FC1,,0.0,0.0,41
211-000541,0,JOY,134,AlphaAsym_T8-T7,AlphaAsym,,,T8-T7,,0.005964040364396154,0.0017791012062245678,41
211-000541,0,JOY,135,AlphaAsym_C6-C5,AlphaAsym,,,C6-C5,,0.0,0.0,41
211-000541,0,JOY,136,AlphaAsym_C4-C3,AlphaAsym,,,C4-C3,,0.13212871585204436,0.09274462125651294,41
211-000541,0,JOY,137,AlphaAsym_C2-C1,AlphaAsym,,,C2-C1,,0.05991629699405887,0.030528237726867184,41
211-000541,0,JOY,138,AlphaAsym_TP8-TP7,AlphaAsym,,,TP8-TP7,,0.0,0.0,41
211-000541,0,JOY,139,AlphaAsym_CP6-CP5,AlphaAsym,,,CP6-CP5,,0.0,0.0,41
211-000541,0,JOY,140,AlphaAsym_CP4-CP3,AlphaAsym,,,CP4-CP3,,0.19635632839848405,0.15244350400876622,41
211-000541,0,JOY,141,AlphaAsym_CP2-CP1,AlphaAsym,,,CP2-CP1,,0.0,0.0,41
211-000541,0,JOY,142,AlphaAsym_P8-P7,AlphaAsym,,,P8-P7,,0.0,0.0,41
211-000541,0,JOY,143,AlphaAsym_P6-P5,AlphaAsym,,,P6-P5,,0.0,0.0,41
211-000541,0,JOY,144,AlphaAsym_P4-P3,AlphaAsym,,,P4-P3,,0.0,0.0,41
211-000541,0,JOY,145,AlphaAsym_P2-P1,AlphaAsym,,,P2-P1,,0.0,0.0,41
211-000541,0,JOY,146,AlphaAsym_PO8-PO7,AlphaAsym,,,PO8-PO7,,0.31004197808277756,0.30990825799159943,41
211-000541,0,JOY,147,AlphaAsym_PO6-PO5,AlphaAsym,,,PO6-PO5,,0.0,0.0,41
211-000541,0,JOY,148,AlphaAsym_PO4-PO3,AlphaAsym,,,PO4-PO3,,0.0,0.0,41
211-000541,0,JOY,149,AlphaAsym_O2-O1,AlphaAsym,,,O2-O1,,0.0,0.0,41
211-000541,1,NEUTRO,0,O2_Alpha,bandpower,O2,Alpha,,occipital,0.0,0.0,40
211-000541,1,NEUTRO,1,O2_Beta,bandpower,O2,Beta,,occipital,0.0,0.0,40
211-000541,1,NEUTRO,2,O1_Alpha,bandpower,O1,Alpha,,occipital,0.0,0.0,40
211-000541,1,NEUTRO,3,O1_Beta,bandpower,O1,Beta,,occipital,0.0,0.0,40
211-000541,1,NEUTRO,4,Oz_Alpha,bandpower,Oz,Alpha,,occipital,0.0,0.0,40
211-000541,1,NEUTRO,5,Oz_Beta,bandpower,Oz,Beta,,occipital,0.0,0.0,40
211-000541,1,NEUTRO,6,Pz_Alpha,bandpower,Pz,Alpha,,parietal_midline,0.0,0.0,40
211-000541,1,NEUTRO,7,Pz_Beta,bandpower,Pz,Beta,,parietal_midline,0.0,0.0,40
211-000541,1,NEUTRO,8,P4_Alpha,bandpower,P4,Alpha,,other,0.0,0.0,40
211-000541,1,NEUTRO,9,P4_Beta,bandpower,P4,Beta,,other,0.0,0.0,40
211-000541,1,NEUTRO,10,CP4_Alpha,bandpower,CP4,Alpha,,temporal_right,0.022172301964962407,0.011163785875357045,40
211-000541,1,NEUTRO,11,CP4_Beta,bandpower,CP4,Beta,,temporal_right,0.03895268074762639,-0.01559990047675564,40
211-000541,1,NEUTRO,12,P8_Alpha,bandpower,P8,Alpha,,temporal_right,0.0,0.0,40
211-000541,1,NEUTRO,13,P8_Beta,bandpower,P8,Beta,,temporal_right,0.0,0.0,40
211-000541,1,NEUTRO,14,C4_Alpha,bandpower,C4,Alpha,,other,0.0,0.0,40
211-000541,1,NEUTRO,15,C4_Beta,bandpower,C4,Beta,,other,0.0,0.0,40
211-000541,1,NEUTRO,16,TP8_Alpha,bandpower,TP8,Alpha,,temporal_right,0.0,0.0,40
211-000541,1,NEUTRO,17,TP8_Beta,bandpower,TP8,Beta,,temporal_right,0.0,0.0,40
211-000541,1,NEUTRO,18,T8_Alpha,bandpower,T8,Alpha,,temporal_right,0.0,0.0,40
211-000541,1,NEUTRO,19,T8_Beta,bandpower,T8,Beta,,temporal_right,0.0,0.0,40
211-000541,1,NEUTRO,20,P7_Alpha,bandpower,P7,Alpha,,temporal_left,0.0,0.0,40
211-000541,1,NEUTRO,21,P7_Beta,bandpower,P7,Beta,,temporal_left,0.0,0.0,40
211-000541,1,NEUTRO,22,P3_Alpha,bandpower,P3,Alpha,,centro_parietal_left,0.0,0.0,40
211-000541,1,NEUTRO,23,P3_Beta,bandpower,P3,Beta,,centro_parietal_left,0.0,0.0,40
211-000541,1,NEUTRO,24,CP3_Alpha,bandpower,CP3,Alpha,,temporal_left,0.0,0.0,40
211-000541,1,NEUTRO,25,CP3_Beta,bandpower,CP3,Beta,,temporal_left,0.0,0.0,40
211-000541,1,NEUTRO,26,CPz_Alpha,bandpower,CPz,Alpha,,parietal_midline,0.0,0.0,40
211-000541,1,NEUTRO,27,CPz_Beta,bandpower,CPz,Beta,,parietal_midline,0.0,0.0,40
211-000541,1,NEUTRO,28,Cz_Alpha,bandpower,Cz,Alpha,,parietal_midline,0.0,0.0,40
211-000541,1,NEUTRO,29,Cz_Beta,bandpower,Cz,Beta,,parietal_midline,0.0,0.0,40
211-000541,1,NEUTRO,30,FC4_Alpha,bandpower,FC4,Alpha,,frontal_bilateral,0.0,0.0,40
211-000541,1,NEUTRO,31,FC4_Beta,bandpower,FC4,Beta,,frontal_bilateral,0.0028016604116692287,-0.0006358673322462746,40
211-000541,1,NEUTRO,32,FT8_Alpha,bandpower,FT8,Alpha,,temporal_right,0.0,0.0,40
211-000541,1,NEUTRO,33,FT8_Beta,bandpower,FT8,Beta,,temporal_right,0.15512672039172776,0.13822281170389736,40
211-000541,1,NEUTRO,34,TP7_Alpha,bandpower,TP7,Alpha,,temporal_left,0.0,0.0,40
211-000541,1,NEUTRO,35,TP7_Beta,bandpower,TP7,Beta,,temporal_left,0.0,0.0,40
211-000541,1,NEUTRO,36,C3_Alpha,bandpower,C3,Alpha,,centro_parietal_left,0.0,0.0,40
211-000541,1,NEUTRO,37,C3_Beta,bandpower,C3,Beta,,centro_parietal_left,0.0,0.0,40
211-000541,1,NEUTRO,38,FCz_Alpha,bandpower,FCz,Alpha,,frontal_bilateral,0.0,0.0,40
211-000541,1,NEUTRO,39,FCz_Beta,bandpower,FCz,Beta,,frontal_bilateral,0.0,0.0,40
211-000541,1,NEUTRO,40,Fz_Alpha,bandpower,Fz,Alpha,,frontal_bilateral,0.0,0.0,40
211-000541,1,NEUTRO,41,Fz_Beta,bandpower,Fz,Beta,,frontal_bilateral,0.0,0.0,40
211-000541,1,NEUTRO,42,F4_Alpha,bandpower,F4,Alpha,,frontal_bilateral,0.0,0.0,40
211-000541,1,NEUTRO,43,F4_Beta,bandpower,F4,Beta,,frontal_bilateral,0.0,0.0,40
211-000541,1,NEUTRO,44,F8_Alpha,bandpower,F8,Alpha,,other,0.019630514990874284,0.0052036882003595256,40
211-000541,1,NEUTRO,45,F8_Beta,bandpower,F8,Beta,,other,0.0,0.0,40
211-000541,1,NEUTRO,46,T7_Alpha,bandpower,T7,Alpha,,temporal_left,0.0,0.0,40
211-000541,1,NEUTRO,47,T7_Beta,bandpower,T7,Beta,,temporal_left,0.0,0.0,40
211-000541,1,NEUTRO,48,FT7_Alpha,bandpower,FT7,Alpha,,temporal_left,0.0,0.0,40
211-000541,1,NEUTRO,49,FT7_Beta,bandpower,FT7,Beta,,temporal_left,0.0,0.0,40
211-000541,1,NEUTRO,50,FC3_Alpha,bandpower,FC3,Alpha,,frontal_bilateral,0.0,0.0,40
211-000541,1,NEUTRO,51,FC3_Beta,bandpower,FC3,Beta,,frontal_bilateral,0.002974958285480145,-0.002266799197082836,40
211-000541,1,NEUTRO,52,F3_Alpha,bandpower,F3,Alpha,,frontal_bilateral,0.0,0.0,40
211-000541,1,NEUTRO,53,F3_Beta,bandpower,F3,Beta,,frontal_bilateral,0.0,0.0,40
211-000541,1,NEUTRO,54,Fp2_Alpha,bandpower,Fp2,Alpha,,frontal_bilateral,0.000724902999741423,0.00045976937480864886,40
211-000541,1,NEUTRO,55,Fp2_Beta,bandpower,Fp2,Beta,,frontal_bilateral,0.7281783436496513,0.7281783436496513,40
211-000541,1,NEUTRO,56,F7_Alpha,bandpower,F7,Alpha,,frontal_inferior_left,0.008898625343651762,-0.004931529727645695,40
211-000541,1,NEUTRO,57,F7_Beta,bandpower,F7,Beta,,frontal_inferior_left,0.0,0.0,40
211-000541,1,NEUTRO,58,Fp1_Alpha,bandpower,Fp1,Alpha,,frontal_bilateral,0.0,0.0,40
211-000541,1,NEUTRO,59,Fp1_Beta,bandpower,Fp1,Beta,,frontal_bilateral,0.41930199374773985,0.41930199374773985,40
211-000541,1,NEUTRO,60,PO5_Alpha,bandpower,PO5,Alpha,,other,0.0,0.0,40
211-000541,1,NEUTRO,61,PO5_Beta,bandpower,PO5,Beta,,other,0.0,0.0,40
211-000541,1,NEUTRO,62,PO3_Alpha,bandpower,PO3,Alpha,,occipital,0.0,0.0,40
211-000541,1,NEUTRO,63,PO3_Beta,bandpower,PO3,Beta,,occipital,0.0,0.0,40
211-000541,1,NEUTRO,64,P1_Alpha,bandpower,P1,Alpha,,other,0.0,0.0,40
211-000541,1,NEUTRO,65,P1_Beta,bandpower,P1,Beta,,other,0.0,0.0,40
211-000541,1,NEUTRO,66,POz_Alpha,bandpower,POz,Alpha,,occipital,0.0,0.0,40
211-000541,1,NEUTRO,67,POz_Beta,bandpower,POz,Beta,,occipital,0.0,0.0,40
211-000541,1,NEUTRO,68,P2_Alpha,bandpower,P2,Alpha,,other,0.0,0.0,40
211-000541,1,NEUTRO,69,P2_Beta,bandpower,P2,Beta,,other,0.0,0.0,40
211-000541,1,NEUTRO,70,PO4_Alpha,bandpower,PO4,Alpha,,occipital,0.0,0.0,40
211-000541,1,NEUTRO,71,PO4_Beta,bandpower,PO4,Beta,,occipital,0.0,0.0,40
211-000541,1,NEUTRO,72,CP2_Alpha,bandpower,CP2,Alpha,,other,0.0,0.0,40
211-000541,1,NEUTRO,73,CP2_Beta,bandpower,CP2,Beta,,other,0.0,0.0,40
211-000541,1,NEUTRO,74,P6_Alpha,bandpower,P6,Alpha,,temporal_right,0.0,0.0,40
211-000541,1,NEUTRO,75,P6_Beta,bandpower,P6,Beta,,temporal_right,0.0,0.0,40
211-000541,1,NEUTRO,76,PO6_Alpha,bandpower,PO6,Alpha,,other,0.0,0.0,40
211-000541,1,NEUTRO,77,PO6_Beta,bandpower,PO6,Beta,,other,0.0,0.0,40
211-000541,1,NEUTRO,78,CP6_Alpha,bandpower,CP6,Alpha,,temporal_right,0.0,0.0,40
211-000541,1,NEUTRO,79,CP6_Beta,bandpower,CP6,Beta,,temporal_right,0.0,0.0,40
211-000541,1,NEUTRO,80,C6_Alpha,bandpower,C6,Alpha,,temporal_right,0.0,0.0,40
211-000541,1,NEUTRO,81,C6_Beta,bandpower,C6,Beta,,temporal_right,0.0,0.0,40
211-000541,1,NEUTRO,82,PO8_Alpha,bandpower,PO8,Alpha,,occipital,0.0,0.0,40
211-000541,1,NEUTRO,83,PO8_Beta,bandpower,PO8,Beta,,occipital,0.0,0.0,40
211-000541,1,NEUTRO,84,PO7_Alpha,bandpower,PO7,Alpha,,occipital,0.0,0.0,40
211-000541,1,NEUTRO,85,PO7_Beta,bandpower,PO7,Beta,,occipital,0.21538088346139733,0.21538088346139733,40
211-000541,1,NEUTRO,86,P5_Alpha,bandpower,P5,Alpha,,temporal_left,0.0,0.0,40
211-000541,1,NEUTRO,87,P5_Beta,bandpower,P5,Beta,,temporal_left,0.0,0.0,40
211-000541,1,NEUTRO,88,CP5_Alpha,bandpower,CP5,Alpha,,temporal_left,0.0,0.0,40
211-000541,1,NEUTRO,89,CP5_Beta,bandpower,CP5,Beta,,temporal_left,0.0,0.0,40
211-000541,1,NEUTRO,90,CP1_Alpha,bandpower,CP1,Alpha,,other,0.0,0.0,40
211-000541,1,NEUTRO,91,CP1_Beta,bandpower,CP1,Beta,,other,0.0,0.0,40
211-000541,1,NEUTRO,92,C1_Alpha,bandpower,C1,Alpha,,other,0.0,0.0,40
211-000541,1,NEUTRO,93,C1_Beta,bandpower,C1,Beta,,other,0.0,0.0,40
211-000541,1,NEUTRO,94,C2_Alpha,bandpower,C2,Alpha,,other,0.0,0.0,40
211-000541,1,NEUTRO,95,C2_Beta,bandpower,C2,Beta,,other,0.024026718158447764,-0.001841852974075256,40
211-000541,1,NEUTRO,96,FC2_Alpha,bandpower,FC2,Alpha,,other,0.0,0.0,40
211-000541,1,NEUTRO,97,FC2_Beta,bandpower,FC2,Beta,,other,0.0,0.0,40
211-000541,1,NEUTRO,98,FC6_Alpha,bandpower,FC6,Alpha,,other,0.0,0.0,40
211-000541,1,NEUTRO,99,FC6_Beta,bandpower,FC6,Beta,,other,0.0,0.0,40
211-000541,1,NEUTRO,100,C5_Alpha,bandpower,C5,Alpha,,temporal_left,0.0,0.0,40
211-000541,1,NEUTRO,101,C5_Beta,bandpower,C5,Beta,,temporal_left,0.0,0.0,40
211-000541,1,NEUTRO,102,FC1_Alpha,bandpower,FC1,Alpha,,other,0.0,0.0,40
211-000541,1,NEUTRO,103,FC1_Beta,bandpower,FC1,Beta,,other,0.0,0.0,40
211-000541,1,NEUTRO,104,F2_Alpha,bandpower,F2,Alpha,,frontal_bilateral,0.0,0.0,40
211-000541,1,NEUTRO,105,F2_Beta,bandpower,F2,Beta,,frontal_bilateral,0.0,0.0,40
211-000541,1,NEUTRO,106,F6_Alpha,bandpower,F6,Alpha,,other,0.0,0.0,40
211-000541,1,NEUTRO,107,F6_Beta,bandpower,F6,Beta,,other,0.27210130330250565,0.2679664627484265,40
211-000541,1,NEUTRO,108,FC5_Alpha,bandpower,FC5,Alpha,,frontal_inferior_left,0.0,0.0,40
211-000541,1,NEUTRO,109,FC5_Beta,bandpower,FC5,Beta,,frontal_inferior_left,0.0,0.0,40
211-000541,1,NEUTRO,110,F1_Alpha,bandpower,F1,Alpha,,frontal_bilateral,0.0,0.0,40
211-000541,1,NEUTRO,111,F1_Beta,bandpower,F1,Beta,,frontal_bilateral,0.0,0.0,40
211-000541,1,NEUTRO,112,AF4_Alpha,bandpower,AF4,Alpha,,frontal_bilateral,0.0,0.0,40
211-000541,1,NEUTRO,113,AF4_Beta,bandpower,AF4,Beta,,frontal_bilateral,0.5225475271475852,0.5148542589280628,40
211-000541,1,NEUTRO,114,AF8_Alpha,bandpower,AF8,Alpha,,frontal_bilateral,0.0,0.0,40
211-000541,1,NEUTRO,115,AF8_Beta,bandpower,AF8,Beta,,frontal_bilateral,0.0,0.0,40
211-000541,1,NEUTRO,116,F5_Alpha,bandpower,F5,Alpha,,frontal_inferior_left,0.0,0.0,40
211-000541,1,NEUTRO,117,F5_Beta,bandpower,F5,Beta,,frontal_inferior_left,0.0,0.0,40
211-000541,1,NEUTRO,118,AF7_Alpha,bandpower,AF7,Alpha,,frontal_bilateral,0.03914340052079383,-0.004807791218356847,40
211-000541,1,NEUTRO,119,AF7_Beta,bandpower,AF7,Beta,,frontal_bilateral,0.0,0.0,40
211-000541,1,NEUTRO,120,AF3_Alpha,bandpower,AF3,Alpha,,frontal_bilateral,0.0,0.0,40
211-000541,1,NEUTRO,121,AF3_Beta,bandpower,AF3,Beta,,frontal_bilateral,0.10226956279401252,0.09469269104183434,40
211-000541,1,NEUTRO,122,Fpz_Alpha,bandpower,Fpz,Alpha,,frontal_bilateral,0.027900551438796006,0.007414004781716298,40
211-000541,1,NEUTRO,123,Fpz_Beta,bandpower,Fpz,Beta,,frontal_bilateral,0.8991293522905401,0.8991293522905401,40
211-000541,1,NEUTRO,124,AlphaAsym_Fp2-Fp1,AlphaAsym,,,Fp2-Fp1,,0.0,0.0,40
211-000541,1,NEUTRO,125,AlphaAsym_AF8-AF7,AlphaAsym,,,AF8-AF7,,0.0064934508352229555,-0.003994380968240728,40
211-000541,1,NEUTRO,126,AlphaAsym_AF4-AF3,AlphaAsym,,,AF4-AF3,,0.0,0.0,40
211-000541,1,NEUTRO,127,AlphaAsym_F8-F7,AlphaAsym,,,F8-F7,,0.0,0.0,40
211-000541,1,NEUTRO,128,AlphaAsym_F6-F5,AlphaAsym,,,F6-F5,,0.0,0.0,40
211-000541,1,NEUTRO,129,AlphaAsym_F4-F3,AlphaAsym,,,F4-F3,,0.0,0.0,40
211-000541,1,NEUTRO,130,AlphaAsym_F2-F1,AlphaAsym,,,F2-F1,,0.0,0.0,40
211-000541,1,NEUTRO,131,AlphaAsym_FC6-FC5,AlphaAsym,,,FC6-FC5,,0.0,0.0,40
211-000541,1,NEUTRO,132,AlphaAsym_FC4-FC3,AlphaAsym,,,FC4-FC3,,0.0,0.0,40
211-000541,1,NEUTRO,133,AlphaAsym_FC2-FC1,AlphaAsym,,,FC2-FC1,,0.0,0.0,40
211-000541,1,NEUTRO,134,AlphaAsym_T8-T7,AlphaAsym,,,T8-T7,,0.0,0.0,40
211-000541,1,NEUTRO,135,AlphaAsym_C6-C5,AlphaAsym,,,C6-C5,,0.0,0.0,40
211-000541,1,NEUTRO,136,AlphaAsym_C4-C3,AlphaAsym,,,C4-C3,,0.0,0.0,40
211-000541,1,NEUTRO,137,AlphaAsym_C2-C1,AlphaAsym,,,C2-C1,,0.0,0.0,40
211-000541,1,NEUTRO,138,AlphaAsym_TP8-TP7,AlphaAsym,,,TP8-TP7,,0.0,0.0,40
211-000541,1,NEUTRO,139,AlphaAsym_CP6-CP5,AlphaAsym,,,CP6-CP5,,0.0,0.0,40
211-000541,1,NEUTRO,140,AlphaAsym_CP4-CP3,AlphaAsym,,,CP4-CP3,,0.0,0.0,40
211-000541,1,NEUTRO,141,AlphaAsym_CP2-CP1,AlphaAsym,,,CP2-CP1,,0.0,0.0,40
211-000541,1,NEUTRO,142,AlphaAsym_P8-P7,AlphaAsym,,,P8-P7,,0.0,0.0,40
211-000541,1,NEUTRO,143,AlphaAsym_P6-P5,AlphaAsym,,,P6-P5,,0.0,0.0,40
211-000541,1,NEUTRO,144,AlphaAsym_P4-P3,AlphaAsym,,,P4-P3,,0.0,0.0,40
211-000541,1,NEUTRO,145,AlphaAsym_P2-P1,AlphaAsym,,,P2-P1,,0.0,0.0,40
211-000541,1,NEUTRO,146,AlphaAsym_PO8-PO7,AlphaAsym,,,PO8-PO7,,0.021697222252585142,0.00850112004159916,40
211-000541,1,NEUTRO,147,AlphaAsym_PO6-PO5,AlphaAsym,,,PO6-PO5,,0.0,0.0,40
211-000541,1,NEUTRO,148,AlphaAsym_PO4-PO3,AlphaAsym,,,PO4-PO3,,0.0,0.0,40
211-000541,1,NEUTRO,149,AlphaAsym_O2-O1,AlphaAsym,,,O2-O1,,0.0,0.0,40
211-000541,2,SAD,0,O2_Alpha,bandpower,O2,Alpha,,occipital,0.0,0.0,46
211-000541,2,SAD,1,O2_Beta,bandpower,O2,Beta,,occipital,0.0,0.0,46
211-000541,2,SAD,2,O1_Alpha,bandpower,O1,Alpha,,occipital,0.0,0.0,46
211-000541,2,SAD,3,O1_Beta,bandpower,O1,Beta,,occipital,0.0,0.0,46
211-000541,2,SAD,4,Oz_Alpha,bandpower,Oz,Alpha,,occipital,0.0,0.0,46
211-000541,2,SAD,5,Oz_Beta,bandpower,Oz,Beta,,occipital,0.0,0.0,46
211-000541,2,SAD,6,Pz_Alpha,bandpower,Pz,Alpha,,parietal_midline,0.0,0.0,46
211-000541,2,SAD,7,Pz_Beta,bandpower,Pz,Beta,,parietal_midline,0.0,0.0,46
211-000541,2,SAD,8,P4_Alpha,bandpower,P4,Alpha,,other,0.0,0.0,46
211-000541,2,SAD,9,P4_Beta,bandpower,P4,Beta,,other,0.0,0.0,46
211-000541,2,SAD,10,CP4_Alpha,bandpower,CP4,Alpha,,temporal_right,0.0,0.0,46
211-000541,2,SAD,11,CP4_Beta,bandpower,CP4,Beta,,temporal_right,0.0014146089706297878,8.969957606757905e-05,46
211-000541,2,SAD,12,P8_Alpha,bandpower,P8,Alpha,,temporal_right,0.0,0.0,46
211-000541,2,SAD,13,P8_Beta,bandpower,P8,Beta,,temporal_right,0.0,0.0,46
211-000541,2,SAD,14,C4_Alpha,bandpower,C4,Alpha,,other,0.0,0.0,46
211-000541,2,SAD,15,C4_Beta,bandpower,C4,Beta,,other,0.0,0.0,46
211-000541,2,SAD,16,TP8_Alpha,bandpower,TP8,Alpha,,temporal_right,0.0,0.0,46
211-000541,2,SAD,17,TP8_Beta,bandpower,TP8,Beta,,temporal_right,0.0,0.0,46
211-000541,2,SAD,18,T8_Alpha,bandpower,T8,Alpha,,temporal_right,0.0,0.0,46
211-000541,2,SAD,19,T8_Beta,bandpower,T8,Beta,,temporal_right,0.0,0.0,46
211-000541,2,SAD,20,P7_Alpha,bandpower,P7,Alpha,,temporal_left,0.0,0.0,46
211-000541,2,SAD,21,P7_Beta,bandpower,P7,Beta,,temporal_left,0.0,0.0,46
211-000541,2,SAD,22,P3_Alpha,bandpower,P3,Alpha,,centro_parietal_left,0.0,0.0,46
211-000541,2,SAD,23,P3_Beta,bandpower,P3,Beta,,centro_parietal_left,0.0,0.0,46
211-000541,2,SAD,24,CP3_Alpha,bandpower,CP3,Alpha,,temporal_left,0.15889343755059765,0.1394237103339994,46
211-000541,2,SAD,25,CP3_Beta,bandpower,CP3,Beta,,temporal_left,0.20103159294581854,0.16915867347880315,46
211-000541,2,SAD,26,CPz_Alpha,bandpower,CPz,Alpha,,parietal_midline,0.04297804832201972,0.019364481870914784,46
211-000541,2,SAD,27,CPz_Beta,bandpower,CPz,Beta,,parietal_midline,0.0030489047131166728,0.0014653607832532149,46
211-000541,2,SAD,28,Cz_Alpha,bandpower,Cz,Alpha,,parietal_midline,0.00490059210109717,0.003226061566184236,46
211-000541,2,SAD,29,Cz_Beta,bandpower,Cz,Beta,,parietal_midline,0.005182257623816725,0.002560360378859896,46
211-000541,2,SAD,30,FC4_Alpha,bandpower,FC4,Alpha,,frontal_bilateral,0.0,0.0,46
211-000541,2,SAD,31,FC4_Beta,bandpower,FC4,Beta,,frontal_bilateral,0.07699705424122992,0.05835333262158778,46
211-000541,2,SAD,32,FT8_Alpha,bandpower,FT8,Alpha,,temporal_right,0.0,0.0,46
211-000541,2,SAD,33,FT8_Beta,bandpower,FT8,Beta,,temporal_right,0.0,0.0,46
211-000541,2,SAD,34,TP7_Alpha,bandpower,TP7,Alpha,,temporal_left,0.0,0.0,46
211-000541,2,SAD,35,TP7_Beta,bandpower,TP7,Beta,,temporal_left,0.0,0.0,46
211-000541,2,SAD,36,C3_Alpha,bandpower,C3,Alpha,,centro_parietal_left,0.0,0.0,46
211-000541,2,SAD,37,C3_Beta,bandpower,C3,Beta,,centro_parietal_left,0.05108025121677523,0.04426043642640721,46
211-000541,2,SAD,38,FCz_Alpha,bandpower,FCz,Alpha,,frontal_bilateral,0.0,0.0,46
211-000541,2,SAD,39,FCz_Beta,bandpower,FCz,Beta,,frontal_bilateral,0.0010586241906893347,0.0005623632087854701,46
211-000541,2,SAD,40,Fz_Alpha,bandpower,Fz,Alpha,,frontal_bilateral,0.0,0.0,46
211-000541,2,SAD,41,Fz_Beta,bandpower,Fz,Beta,,frontal_bilateral,0.0,0.0,46
211-000541,2,SAD,42,F4_Alpha,bandpower,F4,Alpha,,frontal_bilateral,0.0,0.0,46
211-000541,2,SAD,43,F4_Beta,bandpower,F4,Beta,,frontal_bilateral,0.0,0.0,46
211-000541,2,SAD,44,F8_Alpha,bandpower,F8,Alpha,,other,0.0,0.0,46
211-000541,2,SAD,45,F8_Beta,bandpower,F8,Beta,,other,0.0,0.0,46
211-000541,2,SAD,46,T7_Alpha,bandpower,T7,Alpha,,temporal_left,0.0176706117353225,0.0034253574922215083,46
211-000541,2,SAD,47,T7_Beta,bandpower,T7,Beta,,temporal_left,0.08437903439430239,0.0757881672383182,46
211-000541,2,SAD,48,FT7_Alpha,bandpower,FT7,Alpha,,temporal_left,0.07402441314933741,0.04800373356104725,46
211-000541,2,SAD,49,FT7_Beta,bandpower,FT7,Beta,,temporal_left,0.048653371942174055,0.04166851473759846,46
211-000541,2,SAD,50,FC3_Alpha,bandpower,FC3,Alpha,,frontal_bilateral,0.0,0.0,46
211-000541,2,SAD,51,FC3_Beta,bandpower,FC3,Beta,,frontal_bilateral,0.1134458882813524,0.10458073068953094,46
211-000541,2,SAD,52,F3_Alpha,bandpower,F3,Alpha,,frontal_bilateral,0.0,0.0,46
211-000541,2,SAD,53,F3_Beta,bandpower,F3,Beta,,frontal_bilateral,0.0,0.0,46
211-000541,2,SAD,54,Fp2_Alpha,bandpower,Fp2,Alpha,,frontal_bilateral,0.013508742334889379,0.003347294461683293,46
211-000541,2,SAD,55,Fp2_Beta,bandpower,Fp2,Beta,,frontal_bilateral,0.4514897472014023,0.4514897472014023,46
211-000541,2,SAD,56,F7_Alpha,bandpower,F7,Alpha,,frontal_inferior_left,0.10474260617100425,0.06907560465945242,46
211-000541,2,SAD,57,F7_Beta,bandpower,F7,Beta,,frontal_inferior_left,0.01326590267582642,-0.00027873257193058635,46
211-000541,2,SAD,58,Fp1_Alpha,bandpower,Fp1,Alpha,,frontal_bilateral,0.0,0.0,46
211-000541,2,SAD,59,Fp1_Beta,bandpower,Fp1,Beta,,frontal_bilateral,0.029494666485931537,0.026322205481997863,46
211-000541,2,SAD,60,PO5_Alpha,bandpower,PO5,Alpha,,other,0.0,0.0,46
211-000541,2,SAD,61,PO5_Beta,bandpower,PO5,Beta,,other,0.0,0.0,46
211-000541,2,SAD,62,PO3_Alpha,bandpower,PO3,Alpha,,occipital,0.0,0.0,46
211-000541,2,SAD,63,PO3_Beta,bandpower,PO3,Beta,,occipital,0.0,0.0,46
211-000541,2,SAD,64,P1_Alpha,bandpower,P1,Alpha,,other,0.0,0.0,46
211-000541,2,SAD,65,P1_Beta,bandpower,P1,Beta,,other,0.0,0.0,46
211-000541,2,SAD,66,POz_Alpha,bandpower,POz,Alpha,,occipital,0.0,0.0,46
211-000541,2,SAD,67,POz_Beta,bandpower,POz,Beta,,occipital,0.0,0.0,46
211-000541,2,SAD,68,P2_Alpha,bandpower,P2,Alpha,,other,0.0,0.0,46
211-000541,2,SAD,69,P2_Beta,bandpower,P2,Beta,,other,0.0,0.0,46
211-000541,2,SAD,70,PO4_Alpha,bandpower,PO4,Alpha,,occipital,0.0,0.0,46
211-000541,2,SAD,71,PO4_Beta,bandpower,PO4,Beta,,occipital,0.0,0.0,46
211-000541,2,SAD,72,CP2_Alpha,bandpower,CP2,Alpha,,other,0.04500898705181437,0.02735170967895405,46
211-000541,2,SAD,73,CP2_Beta,bandpower,CP2,Beta,,other,0.0,0.0,46
211-000541,2,SAD,74,P6_Alpha,bandpower,P6,Alpha,,temporal_right,0.0,0.0,46
211-000541,2,SAD,75,P6_Beta,bandpower,P6,Beta,,temporal_right,0.0,0.0,46
211-000541,2,SAD,76,PO6_Alpha,bandpower,PO6,Alpha,,other,0.0,0.0,46
211-000541,2,SAD,77,PO6_Beta,bandpower,PO6,Beta,,other,0.0,0.0,46
211-000541,2,SAD,78,CP6_Alpha,bandpower,CP6,Alpha,,temporal_right,0.0,0.0,46
211-000541,2,SAD,79,CP6_Beta,bandpower,CP6,Beta,,temporal_right,0.0,0.0,46
211-000541,2,SAD,80,C6_Alpha,bandpower,C6,Alpha,,temporal_right,0.0,0.0,46
211-000541,2,SAD,81,C6_Beta,bandpower,C6,Beta,,temporal_right,0.0,0.0,46
211-000541,2,SAD,82,PO8_Alpha,bandpower,PO8,Alpha,,occipital,0.0,0.0,46
211-000541,2,SAD,83,PO8_Beta,bandpower,PO8,Beta,,occipital,0.0,0.0,46
211-000541,2,SAD,84,PO7_Alpha,bandpower,PO7,Alpha,,occipital,0.0,0.0,46
211-000541,2,SAD,85,PO7_Beta,bandpower,PO7,Beta,,occipital,0.054088919417186465,0.05257100683863438,46
211-000541,2,SAD,86,P5_Alpha,bandpower,P5,Alpha,,temporal_left,0.0,0.0,46
211-000541,2,SAD,87,P5_Beta,bandpower,P5,Beta,,temporal_left,0.0,0.0,46
211-000541,2,SAD,88,CP5_Alpha,bandpower,CP5,Alpha,,temporal_left,0.0,0.0,46
211-000541,2,SAD,89,CP5_Beta,bandpower,CP5,Beta,,temporal_left,0.0,0.0,46
211-000541,2,SAD,90,CP1_Alpha,bandpower,CP1,Alpha,,other,0.0,0.0,46
211-000541,2,SAD,91,CP1_Beta,bandpower,CP1,Beta,,other,0.0,0.0,46
211-000541,2,SAD,92,C1_Alpha,bandpower,C1,Alpha,,other,0.0,0.0,46
211-000541,2,SAD,93,C1_Beta,bandpower,C1,Beta,,other,0.015073494706739923,0.014085164892010086,46
211-000541,2,SAD,94,C2_Alpha,bandpower,C2,Alpha,,other,0.0,0.0,46
211-000541,2,SAD,95,C2_Beta,bandpower,C2,Beta,,other,0.00806434519236883,0.0062693047558284,46
211-000541,2,SAD,96,FC2_Alpha,bandpower,FC2,Alpha,,other,0.0838609037302577,0.0825936700498616,46
211-000541,2,SAD,97,FC2_Beta,bandpower,FC2,Beta,,other,0.04893265692147958,0.04218826550619562,46
211-000541,2,SAD,98,FC6_Alpha,bandpower,FC6,Alpha,,other,0.0,0.0,46
211-000541,2,SAD,99,FC6_Beta,bandpower,FC6,Beta,,other,0.0,0.0,46
211-000541,2,SAD,100,C5_Alpha,bandpower,C5,Alpha,,temporal_left,0.0,0.0,46
211-000541,2,SAD,101,C5_Beta,bandpower,C5,Beta,,temporal_left,0.0,0.0,46
211-000541,2,SAD,102,FC1_Alpha,bandpower,FC1,Alpha,,other,0.0,0.0,46
211-000541,2,SAD,103,FC1_Beta,bandpower,FC1,Beta,,other,0.0,0.0,46
211-000541,2,SAD,104,F2_Alpha,bandpower,F2,Alpha,,frontal_bilateral,0.0429423576020604,0.007137197104110735,46
211-000541,2,SAD,105,F2_Beta,bandpower,F2,Beta,,frontal_bilateral,0.10233608966027728,0.09576866394101625,46
211-000541,2,SAD,106,F6_Alpha,bandpower,F6,Alpha,,other,0.0,0.0,46
211-000541,2,SAD,107,F6_Beta,bandpower,F6,Beta,,other,0.19181153355123798,0.1634330574724619,46
211-000541,2,SAD,108,FC5_Alpha,bandpower,FC5,Alpha,,frontal_inferior_left,0.009155770122606467,0.005865440555669378,46
211-000541,2,SAD,109,FC5_Beta,bandpower,FC5,Beta,,frontal_inferior_left,0.07500610009824588,0.0676230400248694,46
211-000541,2,SAD,110,F1_Alpha,bandpower,F1,Alpha,,frontal_bilateral,0.0,0.0,46
211-000541,2,SAD,111,F1_Beta,bandpower,F1,Beta,,frontal_bilateral,0.003211519200936143,0.0012507758023823563,46
211-000541,2,SAD,112,AF4_Alpha,bandpower,AF4,Alpha,,frontal_bilateral,0.0,0.0,46
211-000541,2,SAD,113,AF4_Beta,bandpower,AF4,Beta,,frontal_bilateral,0.026018387891910293,0.01677646717561532,46
211-000541,2,SAD,114,AF8_Alpha,bandpower,AF8,Alpha,,frontal_bilateral,0.10316014133920257,0.06657193078364147,46
211-000541,2,SAD,115,AF8_Beta,bandpower,AF8,Beta,,frontal_bilateral,0.17131201223152406,0.09922311813097309,46
211-000541,2,SAD,116,F5_Alpha,bandpower,F5,Alpha,,frontal_inferior_left,0.0008160664683129964,0.0003524890673052259,46
211-000541,2,SAD,117,F5_Beta,bandpower,F5,Beta,,frontal_inferior_left,0.021861991858087522,0.01627475908309844,46
211-000541,2,SAD,118,AF7_Alpha,bandpower,AF7,Alpha,,frontal_bilateral,0.06398317188687468,0.016962783323476144,46
211-000541,2,SAD,119,AF7_Beta,bandpower,AF7,Beta,,frontal_bilateral,0.07835518170548636,0.0008919415307141743,46
211-000541,2,SAD,120,AF3_Alpha,bandpower,AF3,Alpha,,frontal_bilateral,0.0,0.0,46
211-000541,2,SAD,121,AF3_Beta,bandpower,AF3,Beta,,frontal_bilateral,0.0,0.0,46
211-000541,2,SAD,122,Fpz_Alpha,bandpower,Fpz,Alpha,,frontal_bilateral,0.08826217108921104,0.04271749773289351,46
211-000541,2,SAD,123,Fpz_Beta,bandpower,Fpz,Beta,,frontal_bilateral,0.6363859646823709,0.6363859646823709,46
211-000541,2,SAD,124,AlphaAsym_Fp2-Fp1,AlphaAsym,,,Fp2-Fp1,,0.0,0.0,46
211-000541,2,SAD,125,AlphaAsym_AF8-AF7,AlphaAsym,,,AF8-AF7,,0.0,0.0,46
211-000541,2,SAD,126,AlphaAsym_AF4-AF3,AlphaAsym,,,AF4-AF3,,0.0,0.0,46
211-000541,2,SAD,127,AlphaAsym_F8-F7,AlphaAsym,,,F8-F7,,0.011135192019780861,0.004225979439679937,46
211-000541,2,SAD,128,AlphaAsym_F6-F5,AlphaAsym,,,F6-F5,,0.07525326983162983,0.044695326611252764,46
211-000541,2,SAD,129,AlphaAsym_F4-F3,AlphaAsym,,,F4-F3,,0.0,0.0,46
211-000541,2,SAD,130,AlphaAsym_F2-F1,AlphaAsym,,,F2-F1,,0.0,0.0,46
211-000541,2,SAD,131,AlphaAsym_FC6-FC5,AlphaAsym,,,FC6-FC5,,0.0,0.0,46
211-000541,2,SAD,132,AlphaAsym_FC4-FC3,AlphaAsym,,,FC4-FC3,,0.0,0.0,46
211-000541,2,SAD,133,AlphaAsym_FC2-FC1,AlphaAsym,,,FC2-FC1,,0.0,0.0,46
211-000541,2,SAD,134,AlphaAsym_T8-T7,AlphaAsym,,,T8-T7,,0.09727010562326319,0.028635317827202186,46
211-000541,2,SAD,135,AlphaAsym_C6-C5,AlphaAsym,,,C6-C5,,0.0,0.0,46
211-000541,2,SAD,136,AlphaAsym_C4-C3,AlphaAsym,,,C4-C3,,0.06728432088941559,0.04616707616484061,46
211-000541,2,SAD,137,AlphaAsym_C2-C1,AlphaAsym,,,C2-C1,,0.0,0.0,46
211-000541,2,SAD,138,AlphaAsym_TP8-TP7,AlphaAsym,,,TP8-TP7,,0.0,0.0,46
211-000541,2,SAD,139,AlphaAsym_CP6-CP5,AlphaAsym,,,CP6-CP5,,0.0,0.0,46
211-000541,2,SAD,140,AlphaAsym_CP4-CP3,AlphaAsym,,,CP4-CP3,,0.04265283453887815,0.003089645016683829,46
211-000541,2,SAD,141,AlphaAsym_CP2-CP1,AlphaAsym,,,CP2-CP1,,0.0017414071006282036,-0.00047705252041790517,46
211-000541,2,SAD,142,AlphaAsym_P8-P7,AlphaAsym,,,P8-P7,,0.0,0.0,46
211-000541,2,SAD,143,AlphaAsym_P6-P5,AlphaAsym,,,P6-P5,,0.0,0.0,46
211-000541,2,SAD,144,AlphaAsym_P4-P3,AlphaAsym,,,P4-P3,,0.0,0.0,46
211-000541,2,SAD,145,AlphaAsym_P2-P1,AlphaAsym,,,P2-P1,,0.0,0.0,46
211-000541,2,SAD,146,AlphaAsym_PO8-PO7,AlphaAsym,,,PO8-PO7,,0.0,0.0,46
211-000541,2,SAD,147,AlphaAsym_PO6-PO5,AlphaAsym,,,PO6-PO5,,0.0,0.0,46
211-000541,2,SAD,148,AlphaAsym_PO4-PO3,AlphaAsym,,,PO4-PO3,,0.0,0.0,46
211-000541,2,SAD,149,AlphaAsym_O2-O1,AlphaAsym,,,O2-O1,,0.0,0.0,46
211-000543,0,JOY,0,O2_Alpha,bandpower,O2,Alpha,,occipital,0.0,0.0,49
211-000543,0,JOY,1,O2_Beta,bandpower,O2,Beta,,occipital,0.0,0.0,49
211-000543,0,JOY,2,O1_Alpha,bandpower,O1,Alpha,,occipital,0.0,0.0,49
211-000543,0,JOY,3,O1_Beta,bandpower,O1,Beta,,occipital,0.0,0.0,49
211-000543,0,JOY,4,Oz_Alpha,bandpower,Oz,Alpha,,occipital,0.0,0.0,49
211-000543,0,JOY,5,Oz_Beta,bandpower,Oz,Beta,,occipital,0.0,0.0,49
211-000543,0,JOY,6,Pz_Alpha,bandpower,Pz,Alpha,,parietal_midline,0.032263273347539194,-0.003456863942639364,49
211-000543,0,JOY,7,Pz_Beta,bandpower,Pz,Beta,,parietal_midline,0.0,0.0,49
211-000543,0,JOY,8,P4_Alpha,bandpower,P4,Alpha,,other,0.0,0.0,49
211-000543,0,JOY,9,P4_Beta,bandpower,P4,Beta,,other,0.02942977239000981,0.011120063764570568,49
211-000543,0,JOY,10,CP4_Alpha,bandpower,CP4,Alpha,,temporal_right,0.0,0.0,49
211-000543,0,JOY,11,CP4_Beta,bandpower,CP4,Beta,,temporal_right,0.0,0.0,49
211-000543,0,JOY,12,P8_Alpha,bandpower,P8,Alpha,,temporal_right,0.03575813309589033,-0.00523293724717394,49
211-000543,0,JOY,13,P8_Beta,bandpower,P8,Beta,,temporal_right,0.6457048057088711,0.5804341366487678,49
211-000543,0,JOY,14,C4_Alpha,bandpower,C4,Alpha,,other,0.0,0.0,49
211-000543,0,JOY,15,C4_Beta,bandpower,C4,Beta,,other,0.0,0.0,49
211-000543,0,JOY,16,TP8_Alpha,bandpower,TP8,Alpha,,temporal_right,0.0,0.0,49
211-000543,0,JOY,17,TP8_Beta,bandpower,TP8,Beta,,temporal_right,0.0,0.0,49
211-000543,0,JOY,18,T8_Alpha,bandpower,T8,Alpha,,temporal_right,0.0,0.0,49
211-000543,0,JOY,19,T8_Beta,bandpower,T8,Beta,,temporal_right,0.0,0.0,49
211-000543,0,JOY,20,P7_Alpha,bandpower,P7,Alpha,,temporal_left,0.0,0.0,49
211-000543,0,JOY,21,P7_Beta,bandpower,P7,Beta,,temporal_left,0.1915088062246447,-0.00407693555620856,49
211-000543,0,JOY,22,P3_Alpha,bandpower,P3,Alpha,,centro_parietal_left,0.0,0.0,49
211-000543,0,JOY,23,P3_Beta,bandpower,P3,Beta,,centro_parietal_left,0.0,0.0,49
211-000543,0,JOY,24,CP3_Alpha,bandpower,CP3,Alpha,,temporal_left,0.0,0.0,49
211-000543,0,JOY,25,CP3_Beta,bandpower,CP3,Beta,,temporal_left,0.0,0.0,49
211-000543,0,JOY,26,CPz_Alpha,bandpower,CPz,Alpha,,parietal_midline,0.2982719866152546,0.1366353615286473,49
211-000543,0,JOY,27,CPz_Beta,bandpower,CPz,Beta,,parietal_midline,0.0013546394598910958,-0.0013546394598910958,49
211-000543,0,JOY,28,Cz_Alpha,bandpower,Cz,Alpha,,parietal_midline,0.0,0.0,49
211-000543,0,JOY,29,Cz_Beta,bandpower,Cz,Beta,,parietal_midline,0.0,0.0,49
211-000543,0,JOY,30,FC4_Alpha,bandpower,FC4,Alpha,,frontal_bilateral,0.0,0.0,49
211-000543,0,JOY,31,FC4_Beta,bandpower,FC4,Beta,,frontal_bilateral,0.0,0.0,49
211-000543,0,JOY,32,FT8_Alpha,bandpower,FT8,Alpha,,temporal_right,0.0,0.0,49
211-000543,0,JOY,33,FT8_Beta,bandpower,FT8,Beta,,temporal_right,0.0029793793112555256,7.822647106619627e-05,49
211-000543,0,JOY,34,TP7_Alpha,bandpower,TP7,Alpha,,temporal_left,0.0,0.0,49
211-000543,0,JOY,35,TP7_Beta,bandpower,TP7,Beta,,temporal_left,0.0,0.0,49
211-000543,0,JOY,36,C3_Alpha,bandpower,C3,Alpha,,centro_parietal_left,0.06941103432104594,-0.018275591674897427,49
211-000543,0,JOY,37,C3_Beta,bandpower,C3,Beta,,centro_parietal_left,0.10400055650470447,-0.05162729979083979,49
211-000543,0,JOY,38,FCz_Alpha,bandpower,FCz,Alpha,,frontal_bilateral,0.11444329158498637,0.0970440051756641,49
211-000543,0,JOY,39,FCz_Beta,bandpower,FCz,Beta,,frontal_bilateral,0.0,0.0,49
211-000543,0,JOY,40,Fz_Alpha,bandpower,Fz,Alpha,,frontal_bilateral,0.16921346925778502,0.13468710874263032,49
211-000543,0,JOY,41,Fz_Beta,bandpower,Fz,Beta,,frontal_bilateral,0.029653555301264307,0.026556058979199403,49
211-000543,0,JOY,42,F4_Alpha,bandpower,F4,Alpha,,frontal_bilateral,0.0,0.0,49
211-000543,0,JOY,43,F4_Beta,bandpower,F4,Beta,,frontal_bilateral,0.0,0.0,49
211-000543,0,JOY,44,F8_Alpha,bandpower,F8,Alpha,,other,0.0,0.0,49
211-000543,0,JOY,45,F8_Beta,bandpower,F8,Beta,,other,0.0,0.0,49
211-000543,0,JOY,46,T7_Alpha,bandpower,T7,Alpha,,temporal_left,0.0,0.0,49
211-000543,0,JOY,47,T7_Beta,bandpower,T7,Beta,,temporal_left,0.0,0.0,49
211-000543,0,JOY,48,FT7_Alpha,bandpower,FT7,Alpha,,temporal_left,0.002876263904222729,-0.002110547903773366,49
211-000543,0,JOY,49,FT7_Beta,bandpower,FT7,Beta,,temporal_left,0.0,0.0,49
211-000543,0,JOY,50,FC3_Alpha,bandpower,FC3,Alpha,,frontal_bilateral,0.0,0.0,49
211-000543,0,JOY,51,FC3_Beta,bandpower,FC3,Beta,,frontal_bilateral,0.025044719577383388,0.01975374723866316,49
211-000543,0,JOY,52,F3_Alpha,bandpower,F3,Alpha,,frontal_bilateral,0.0859621629410467,0.07843792330506297,49
211-000543,0,JOY,53,F3_Beta,bandpower,F3,Beta,,frontal_bilateral,0.0324819389766437,0.031265463611630684,49
211-000543,0,JOY,54,Fp2_Alpha,bandpower,Fp2,Alpha,,frontal_bilateral,0.0,0.0,49
211-000543,0,JOY,55,Fp2_Beta,bandpower,Fp2,Beta,,frontal_bilateral,0.0,0.0,49
211-000543,0,JOY,56,F7_Alpha,bandpower,F7,Alpha,,frontal_inferior_left,0.0,0.0,49
211-000543,0,JOY,57,F7_Beta,bandpower,F7,Beta,,frontal_inferior_left,0.0,0.0,49
211-000543,0,JOY,58,Fp1_Alpha,bandpower,Fp1,Alpha,,frontal_bilateral,0.0,0.0,49
211-000543,0,JOY,59,Fp1_Beta,bandpower,Fp1,Beta,,frontal_bilateral,0.0,0.0,49
211-000543,0,JOY,60,PO5_Alpha,bandpower,PO5,Alpha,,other,0.0,0.0,49
211-000543,0,JOY,61,PO5_Beta,bandpower,PO5,Beta,,other,0.0,0.0,49
211-000543,0,JOY,62,PO3_Alpha,bandpower,PO3,Alpha,,occipital,0.1158874364561385,0.07733402787521644,49
211-000543,0,JOY,63,PO3_Beta,bandpower,PO3,Beta,,occipital,0.10597474976311809,0.10142768912029786,49
211-000543,0,JOY,64,P1_Alpha,bandpower,P1,Alpha,,other,0.0,0.0,49
211-000543,0,JOY,65,P1_Beta,bandpower,P1,Beta,,other,0.0,0.0,49
211-000543,0,JOY,66,POz_Alpha,bandpower,POz,Alpha,,occipital,0.0,0.0,49
211-000543,0,JOY,67,POz_Beta,bandpower,POz,Beta,,occipital,0.11229447884045889,0.10972859714309018,49
211-000543,0,JOY,68,P2_Alpha,bandpower,P2,Alpha,,other,0.0,0.0,49
211-000543,0,JOY,69,P2_Beta,bandpower,P2,Beta,,other,0.07860484447545654,0.07094734118013127,49
211-000543,0,JOY,70,PO4_Alpha,bandpower,PO4,Alpha,,occipital,0.010279979642346431,0.010279979642346431,49
211-000543,0,JOY,71,PO4_Beta,bandpower,PO4,Beta,,occipital,0.27432017669576186,0.26212620936406456,49
211-000543,0,JOY,72,CP2_Alpha,bandpower,CP2,Alpha,,other,0.1707138781199165,0.02510014463903631,49
211-000543,0,JOY,73,CP2_Beta,bandpower,CP2,Beta,,other,0.0,0.0,49
211-000543,0,JOY,74,P6_Alpha,bandpower,P6,Alpha,,temporal_right,0.07401676457169931,0.06649932731230869,49
211-000543,0,JOY,75,P6_Beta,bandpower,P6,Beta,,temporal_right,0.35113352972103395,0.3272810716761468,49
211-000543,0,JOY,76,PO6_Alpha,bandpower,PO6,Alpha,,other,0.12602827683163614,0.12463864748132425,49
211-000543,0,JOY,77,PO6_Beta,bandpower,PO6,Beta,,other,0.30276328120816126,0.28525779366871573,49
211-000543,0,JOY,78,CP6_Alpha,bandpower,CP6,Alpha,,temporal_right,0.0,0.0,49
211-000543,0,JOY,79,CP6_Beta,bandpower,CP6,Beta,,temporal_right,0.0,0.0,49
211-000543,0,JOY,80,C6_Alpha,bandpower,C6,Alpha,,temporal_right,0.0,0.0,49
211-000543,0,JOY,81,C6_Beta,bandpower,C6,Beta,,temporal_right,0.0,0.0,49
211-000543,0,JOY,82,PO8_Alpha,bandpower,PO8,Alpha,,occipital,0.022947631974194995,0.02278918956991759,49
211-000543,0,JOY,83,PO8_Beta,bandpower,PO8,Beta,,occipital,0.10816263600058153,0.08654275163185386,49
211-000543,0,JOY,84,PO7_Alpha,bandpower,PO7,Alpha,,occipital,0.0,0.0,49
211-000543,0,JOY,85,PO7_Beta,bandpower,PO7,Beta,,occipital,0.0,0.0,49
211-000543,0,JOY,86,P5_Alpha,bandpower,P5,Alpha,,temporal_left,0.0,0.0,49
211-000543,0,JOY,87,P5_Beta,bandpower,P5,Beta,,temporal_left,0.0,0.0,49
211-000543,0,JOY,88,CP5_Alpha,bandpower,CP5,Alpha,,temporal_left,0.0,0.0,49
211-000543,0,JOY,89,CP5_Beta,bandpower,CP5,Beta,,temporal_left,0.0,0.0,49
211-000543,0,JOY,90,CP1_Alpha,bandpower,CP1,Alpha,,other,0.0,0.0,49
211-000543,0,JOY,91,CP1_Beta,bandpower,CP1,Beta,,other,0.0,0.0,49
211-000543,0,JOY,92,C1_Alpha,bandpower,C1,Alpha,,other,0.0,0.0,49
211-000543,0,JOY,93,C1_Beta,bandpower,C1,Beta,,other,0.025167638137260258,-0.018188169166907884,49
211-000543,0,JOY,94,C2_Alpha,bandpower,C2,Alpha,,other,0.01980816806648133,-0.009448999929075913,49
211-000543,0,JOY,95,C2_Beta,bandpower,C2,Beta,,other,0.0016681639206441007,-0.0013542757310951886,49
211-000543,0,JOY,96,FC2_Alpha,bandpower,FC2,Alpha,,other,0.0,0.0,49
211-000543,0,JOY,97,FC2_Beta,bandpower,FC2,Beta,,other,0.0,0.0,49
211-000543,0,JOY,98,FC6_Alpha,bandpower,FC6,Alpha,,other,0.0,0.0,49
211-000543,0,JOY,99,FC6_Beta,bandpower,FC6,Beta,,other,0.0,0.0,49
211-000543,0,JOY,100,C5_Alpha,bandpower,C5,Alpha,,temporal_left,0.0,0.0,49
211-000543,0,JOY,101,C5_Beta,bandpower,C5,Beta,,temporal_left,0.01970746923455423,0.0037271910987358146,49
211-000543,0,JOY,102,FC1_Alpha,bandpower,FC1,Alpha,,other,0.0,0.0,49
211-000543,0,JOY,103,FC1_Beta,bandpower,FC1,Beta,,other,0.0,0.0,49
211-000543,0,JOY,104,F2_Alpha,bandpower,F2,Alpha,,frontal_bilateral,0.010143392324019352,-0.003046309167999758,49
211-000543,0,JOY,105,F2_Beta,bandpower,F2,Beta,,frontal_bilateral,0.0,0.0,49
211-000543,0,JOY,106,F6_Alpha,bandpower,F6,Alpha,,other,0.0,0.0,49
211-000543,0,JOY,107,F6_Beta,bandpower,F6,Beta,,other,0.028371753738103304,-0.026627224721833206,49
211-000543,0,JOY,108,FC5_Alpha,bandpower,FC5,Alpha,,frontal_inferior_left,0.0,0.0,49
211-000543,0,JOY,109,FC5_Beta,bandpower,FC5,Beta,,frontal_inferior_left,0.0,0.0,49
211-000543,0,JOY,110,F1_Alpha,bandpower,F1,Alpha,,frontal_bilateral,0.02069381148184058,0.007980707376173343,49
211-000543,0,JOY,111,F1_Beta,bandpower,F1,Beta,,frontal_bilateral,0.0,0.0,49
211-000543,0,JOY,112,AF4_Alpha,bandpower,AF4,Alpha,,frontal_bilateral,0.0,0.0,49
211-000543,0,JOY,113,AF4_Beta,bandpower,AF4,Beta,,frontal_bilateral,0.0,0.0,49
211-000543,0,JOY,114,AF8_Alpha,bandpower,AF8,Alpha,,frontal_bilateral,0.0,0.0,49
211-000543,0,JOY,115,AF8_Beta,bandpower,AF8,Beta,,frontal_bilateral,0.0,0.0,49
211-000543,0,JOY,116,F5_Alpha,bandpower,F5,Alpha,,frontal_inferior_left,0.0,0.0,49
211-000543,0,JOY,117,F5_Beta,bandpower,F5,Beta,,frontal_inferior_left,0.0,0.0,49
211-000543,0,JOY,118,AF7_Alpha,bandpower,AF7,Alpha,,frontal_bilateral,0.0,0.0,49
211-000543,0,JOY,119,AF7_Beta,bandpower,AF7,Beta,,frontal_bilateral,0.0,0.0,49
211-000543,0,JOY,120,AF3_Alpha,bandpower,AF3,Alpha,,frontal_bilateral,0.0,0.0,49
211-000543,0,JOY,121,AF3_Beta,bandpower,AF3,Beta,,frontal_bilateral,0.0,0.0,49
211-000543,0,JOY,122,Fpz_Alpha,bandpower,Fpz,Alpha,,frontal_bilateral,0.0,0.0,49
211-000543,0,JOY,123,Fpz_Beta,bandpower,Fpz,Beta,,frontal_bilateral,0.006721398993690279,-0.006721398993690279,49
211-000543,0,JOY,124,AlphaAsym_Fp2-Fp1,AlphaAsym,,,Fp2-Fp1,,0.0,0.0,49
211-000543,0,JOY,125,AlphaAsym_AF8-AF7,AlphaAsym,,,AF8-AF7,,0.0,0.0,49
211-000543,0,JOY,126,AlphaAsym_AF4-AF3,AlphaAsym,,,AF4-AF3,,0.0,0.0,49
211-000543,0,JOY,127,AlphaAsym_F8-F7,AlphaAsym,,,F8-F7,,0.0,0.0,49
211-000543,0,JOY,128,AlphaAsym_F6-F5,AlphaAsym,,,F6-F5,,0.0,0.0,49
211-000543,0,JOY,129,AlphaAsym_F4-F3,AlphaAsym,,,F4-F3,,0.041764117819818126,0.023701993825308115,49
211-000543,0,JOY,130,AlphaAsym_F2-F1,AlphaAsym,,,F2-F1,,0.0,0.0,49
211-000543,0,JOY,131,AlphaAsym_FC6-FC5,AlphaAsym,,,FC6-FC5,,0.0,0.0,49
211-000543,0,JOY,132,AlphaAsym_FC4-FC3,AlphaAsym,,,FC4-FC3,,0.0,0.0,49
211-000543,0,JOY,133,AlphaAsym_FC2-FC1,AlphaAsym,,,FC2-FC1,,0.02004088771051253,-0.014188181131433188,49
211-000543,0,JOY,134,AlphaAsym_T8-T7,AlphaAsym,,,T8-T7,,0.0,0.0,49
211-000543,0,JOY,135,AlphaAsym_C6-C5,AlphaAsym,,,C6-C5,,0.0,0.0,49
211-000543,0,JOY,136,AlphaAsym_C4-C3,AlphaAsym,,,C4-C3,,0.0,0.0,49
211-000543,0,JOY,137,AlphaAsym_C2-C1,AlphaAsym,,,C2-C1,,0.0,0.0,49
211-000543,0,JOY,138,AlphaAsym_TP8-TP7,AlphaAsym,,,TP8-TP7,,0.0,0.0,49
211-000543,0,JOY,139,AlphaAsym_CP6-CP5,AlphaAsym,,,CP6-CP5,,0.0,0.0,49
211-000543,0,JOY,140,AlphaAsym_CP4-CP3,AlphaAsym,,,CP4-CP3,,0.0,0.0,49
211-000543,0,JOY,141,AlphaAsym_CP2-CP1,AlphaAsym,,,CP2-CP1,,0.0,0.0,49
211-000543,0,JOY,142,AlphaAsym_P8-P7,AlphaAsym,,,P8-P7,,0.4380565559892666,0.40397866183270403,49
211-000543,0,JOY,143,AlphaAsym_P6-P5,AlphaAsym,,,P6-P5,,0.31722339599085125,0.25673268668373456,49
211-000543,0,JOY,144,AlphaAsym_P4-P3,AlphaAsym,,,P4-P3,,0.0,0.0,49
211-000543,0,JOY,145,AlphaAsym_P2-P1,AlphaAsym,,,P2-P1,,0.0,0.0,49
211-000543,0,JOY,146,AlphaAsym_PO8-PO7,AlphaAsym,,,PO8-PO7,,0.0,0.0,49
211-000543,0,JOY,147,AlphaAsym_PO6-PO5,AlphaAsym,,,PO6-PO5,,0.0024413897223460306,0.0010439070380577325,49
211-000543,0,JOY,148,AlphaAsym_PO4-PO3,AlphaAsym,,,PO4-PO3,,0.0,0.0,49
211-000543,0,JOY,149,AlphaAsym_O2-O1,AlphaAsym,,,O2-O1,,0.0,0.0,49
211-000543,1,NEUTRO,0,O2_Alpha,bandpower,O2,Alpha,,occipital,0.0,0.0,45
211-000543,1,NEUTRO,1,O2_Beta,bandpower,O2,Beta,,occipital,0.0,0.0,45
211-000543,1,NEUTRO,2,O1_Alpha,bandpower,O1,Alpha,,occipital,0.0,0.0,45
211-000543,1,NEUTRO,3,O1_Beta,bandpower,O1,Beta,,occipital,0.020180338762350782,-0.009456264402721187,45
211-000543,1,NEUTRO,4,Oz_Alpha,bandpower,Oz,Alpha,,occipital,0.0519079545786025,-0.01127850316025869,45
211-000543,1,NEUTRO,5,Oz_Beta,bandpower,Oz,Beta,,occipital,0.026771840487823696,-0.004553149888922485,45
211-000543,1,NEUTRO,6,Pz_Alpha,bandpower,Pz,Alpha,,parietal_midline,0.0020448529480386673,0.0015295525582351538,45
211-000543,1,NEUTRO,7,Pz_Beta,bandpower,Pz,Beta,,parietal_midline,0.03296291659088338,0.013406364008303728,45
211-000543,1,NEUTRO,8,P4_Alpha,bandpower,P4,Alpha,,other,0.0,0.0,45
211-000543,1,NEUTRO,9,P4_Beta,bandpower,P4,Beta,,other,0.12334235304878204,0.04935516603569628,45
211-000543,1,NEUTRO,10,CP4_Alpha,bandpower,CP4,Alpha,,temporal_right,0.0,0.0,45
211-000543,1,NEUTRO,11,CP4_Beta,bandpower,CP4,Beta,,temporal_right,0.0,0.0,45
211-000543,1,NEUTRO,12,P8_Alpha,bandpower,P8,Alpha,,temporal_right,0.009766579707373215,-0.006526152644950886,45
211-000543,1,NEUTRO,13,P8_Beta,bandpower,P8,Beta,,temporal_right,0.5812582568808164,0.43394079895274523,45
211-000543,1,NEUTRO,14,C4_Alpha,bandpower,C4,Alpha,,other,0.0,0.0,45
211-000543,1,NEUTRO,15,C4_Beta,bandpower,C4,Beta,,other,0.03471592953061465,-0.0023338853497932633,45
211-000543,1,NEUTRO,16,TP8_Alpha,bandpower,TP8,Alpha,,temporal_right,0.03461875380520438,0.007675768251942267,45
211-000543,1,NEUTRO,17,TP8_Beta,bandpower,TP8,Beta,,temporal_right,0.0,0.0,45
211-000543,1,NEUTRO,18,T8_Alpha,bandpower,T8,Alpha,,temporal_right,0.11033764991743221,0.015035607502057183,45
211-000543,1,NEUTRO,19,T8_Beta,bandpower,T8,Beta,,temporal_right,0.08729738365395659,-0.03426542866426321,45
211-000543,1,NEUTRO,20,P7_Alpha,bandpower,P7,Alpha,,temporal_left,0.0,0.0,45
211-000543,1,NEUTRO,21,P7_Beta,bandpower,P7,Beta,,temporal_left,0.0,0.0,45
211-000543,1,NEUTRO,22,P3_Alpha,bandpower,P3,Alpha,,centro_parietal_left,0.23444887612823503,0.010904918406730685,45
211-000543,1,NEUTRO,23,P3_Beta,bandpower,P3,Beta,,centro_parietal_left,0.23376249077633074,-0.07692238464359635,45
211-000543,1,NEUTRO,24,CP3_Alpha,bandpower,CP3,Alpha,,temporal_left,0.010763492244717702,0.0076876235543373245,45
211-000543,1,NEUTRO,25,CP3_Beta,bandpower,CP3,Beta,,temporal_left,0.027104341106999087,-0.005858769547565274,45
211-000543,1,NEUTRO,26,CPz_Alpha,bandpower,CPz,Alpha,,parietal_midline,0.01031880107904223,0.00931000880055566,45
211-000543,1,NEUTRO,27,CPz_Beta,bandpower,CPz,Beta,,parietal_midline,0.0,0.0,45
211-000543,1,NEUTRO,28,Cz_Alpha,bandpower,Cz,Alpha,,parietal_midline,0.03163680711822267,-0.0006469963435598025,45
211-000543,1,NEUTRO,29,Cz_Beta,bandpower,Cz,Beta,,parietal_midline,0.028512443311437676,-0.013612646645776683,45
211-000543,1,NEUTRO,30,FC4_Alpha,bandpower,FC4,Alpha,,frontal_bilateral,0.017322599647133244,-0.01542630292894698,45
211-000543,1,NEUTRO,31,FC4_Beta,bandpower,FC4,Beta,,frontal_bilateral,0.1337992268174306,0.043234052752607284,45
211-000543,1,NEUTRO,32,FT8_Alpha,bandpower,FT8,Alpha,,temporal_right,0.1831594979107454,0.08228217184611059,45
211-000543,1,NEUTRO,33,FT8_Beta,bandpower,FT8,Beta,,temporal_right,0.0,0.0,45
211-000543,1,NEUTRO,34,TP7_Alpha,bandpower,TP7,Alpha,,temporal_left,0.11208415216721296,0.06788269311253636,45
211-000543,1,NEUTRO,35,TP7_Beta,bandpower,TP7,Beta,,temporal_left,0.2503503005977615,-0.02285341247184344,45
211-000543,1,NEUTRO,36,C3_Alpha,bandpower,C3,Alpha,,centro_parietal_left,0.0,0.0,45
211-000543,1,NEUTRO,37,C3_Beta,bandpower,C3,Beta,,centro_parietal_left,0.0,0.0,45
211-000543,1,NEUTRO,38,FCz_Alpha,bandpower,FCz,Alpha,,frontal_bilateral,0.0,0.0,45
211-000543,1,NEUTRO,39,FCz_Beta,bandpower,FCz,Beta,,frontal_bilateral,0.044152888265368576,0.011388806383359163,45
211-000543,1,NEUTRO,40,Fz_Alpha,bandpower,Fz,Alpha,,frontal_bilateral,0.044466212796004684,0.008849094468696854,45
211-000543,1,NEUTRO,41,Fz_Beta,bandpower,Fz,Beta,,frontal_bilateral,0.0,0.0,45
211-000543,1,NEUTRO,42,F4_Alpha,bandpower,F4,Alpha,,frontal_bilateral,0.0012972111628894363,-0.0009002840517027183,45
211-000543,1,NEUTRO,43,F4_Beta,bandpower,F4,Beta,,frontal_bilateral,0.05916162618503051,-0.03256151556353025,45
211-000543,1,NEUTRO,44,F8_Alpha,bandpower,F8,Alpha,,other,0.009202293512289126,0.005432542393535332,45
211-000543,1,NEUTRO,45,F8_Beta,bandpower,F8,Beta,,other,0.17712000589754393,0.010864581108839231,45
211-000543,1,NEUTRO,46,T7_Alpha,bandpower,T7,Alpha,,temporal_left,0.012120427063475983,0.0011110397479582239,45
211-000543,1,NEUTRO,47,T7_Beta,bandpower,T7,Beta,,temporal_left,0.46591963724802155,0.14067767817238777,45
211-000543,1,NEUTRO,48,FT7_Alpha,bandpower,FT7,Alpha,,temporal_left,0.0,0.0,45
211-000543,1,NEUTRO,49,FT7_Beta,bandpower,FT7,Beta,,temporal_left,0.005032817851493493,0.001042902300874643,45
211-000543,1,NEUTRO,50,FC3_Alpha,bandpower,FC3,Alpha,,frontal_bilateral,0.04638271749483238,-0.0005817618889878216,45
211-000543,1,NEUTRO,51,FC3_Beta,bandpower,FC3,Beta,,frontal_bilateral,0.003912677541253315,-0.0011947265833253942,45
211-000543,1,NEUTRO,52,F3_Alpha,bandpower,F3,Alpha,,frontal_bilateral,0.06449684397239158,0.010206820928364604,45
211-000543,1,NEUTRO,53,F3_Beta,bandpower,F3,Beta,,frontal_bilateral,0.003582485059841649,0.0022724655372116723,45
211-000543,1,NEUTRO,54,Fp2_Alpha,bandpower,Fp2,Alpha,,frontal_bilateral,0.0,0.0,45
211-000543,1,NEUTRO,55,Fp2_Beta,bandpower,Fp2,Beta,,frontal_bilateral,0.0,0.0,45
211-000543,1,NEUTRO,56,F7_Alpha,bandpower,F7,Alpha,,frontal_inferior_left,0.0,0.0,45
211-000543,1,NEUTRO,57,F7_Beta,bandpower,F7,Beta,,frontal_inferior_left,0.0,0.0,45
211-000543,1,NEUTRO,58,Fp1_Alpha,bandpower,Fp1,Alpha,,frontal_bilateral,0.0,0.0,45
211-000543,1,NEUTRO,59,Fp1_Beta,bandpower,Fp1,Beta,,frontal_bilateral,0.18654453156441417,0.04307117591087456,45
211-000543,1,NEUTRO,60,PO5_Alpha,bandpower,PO5,Alpha,,other,0.0,0.0,45
211-000543,1,NEUTRO,61,PO5_Beta,bandpower,PO5,Beta,,other,0.0,0.0,45
211-000543,1,NEUTRO,62,PO3_Alpha,bandpower,PO3,Alpha,,occipital,0.0,0.0,45
211-000543,1,NEUTRO,63,PO3_Beta,bandpower,PO3,Beta,,occipital,0.08985400188073293,-0.021047240958950827,45
211-000543,1,NEUTRO,64,P1_Alpha,bandpower,P1,Alpha,,other,0.0,0.0,45
211-000543,1,NEUTRO,65,P1_Beta,bandpower,P1,Beta,,other,0.10895949823508089,0.03114964458508926,45
211-000543,1,NEUTRO,66,POz_Alpha,bandpower,POz,Alpha,,occipital,0.0,0.0,45
211-000543,1,NEUTRO,67,POz_Beta,bandpower,POz,Beta,,occipital,0.0,0.0,45
211-000543,1,NEUTRO,68,P2_Alpha,bandpower,P2,Alpha,,other,0.0,0.0,45
211-000543,1,NEUTRO,69,P2_Beta,bandpower,P2,Beta,,other,0.0,0.0,45
211-000543,1,NEUTRO,70,PO4_Alpha,bandpower,PO4,Alpha,,occipital,0.0,0.0,45
211-000543,1,NEUTRO,71,PO4_Beta,bandpower,PO4,Beta,,occipital,0.570509378835339,0.39781879871007597,45
211-000543,1,NEUTRO,72,CP2_Alpha,bandpower,CP2,Alpha,,other,0.0,0.0,45
211-000543,1,NEUTRO,73,CP2_Beta,bandpower,CP2,Beta,,other,0.3006600454426235,0.04227323285586731,45
211-000543,1,NEUTRO,74,P6_Alpha,bandpower,P6,Alpha,,temporal_right,0.0,0.0,45
211-000543,1,NEUTRO,75,P6_Beta,bandpower,P6,Beta,,temporal_right,0.09836146570869689,0.05867745256420247,45
211-000543,1,NEUTRO,76,PO6_Alpha,bandpower,PO6,Alpha,,other,0.001828003049201216,-0.00020417665062194172,45
211-000543,1,NEUTRO,77,PO6_Beta,bandpower,PO6,Beta,,other,0.0890320570630761,0.061371756748970004,45
211-000543,1,NEUTRO,78,CP6_Alpha,bandpower,CP6,Alpha,,temporal_right,0.08586444340364925,0.0003940731687571105,45
211-000543,1,NEUTRO,79,CP6_Beta,bandpower,CP6,Beta,,temporal_right,0.0,0.0,45
211-000543,1,NEUTRO,80,C6_Alpha,bandpower,C6,Alpha,,temporal_right,0.0272755191303531,0.0047521972865810155,45
211-000543,1,NEUTRO,81,C6_Beta,bandpower,C6,Beta,,temporal_right,0.2722322217531539,0.03210315552514687,45
211-000543,1,NEUTRO,82,PO8_Alpha,bandpower,PO8,Alpha,,occipital,0.0,0.0,45
211-000543,1,NEUTRO,83,PO8_Beta,bandpower,PO8,Beta,,occipital,0.0,0.0,45
211-000543,1,NEUTRO,84,PO7_Alpha,bandpower,PO7,Alpha,,occipital,0.0,0.0,45
211-000543,1,NEUTRO,85,PO7_Beta,bandpower,PO7,Beta,,occipital,0.05650774391170247,-0.005033976629771462,45
211-000543,1,NEUTRO,86,P5_Alpha,bandpower,P5,Alpha,,temporal_left,0.02443087213668842,0.017497181034490116,45
211-000543,1,NEUTRO,87,P5_Beta,bandpower,P5,Beta,,temporal_left,0.011657652531468202,0.005053140794823578,45
211-000543,1,NEUTRO,88,CP5_Alpha,bandpower,CP5,Alpha,,temporal_left,0.015115748631241703,-0.00042291824045104974,45
211-000543,1,NEUTRO,89,CP5_Beta,bandpower,CP5,Beta,,temporal_left,0.2188172605781385,-0.03397927203490648,45
211-000543,1,NEUTRO,90,CP1_Alpha,bandpower,CP1,Alpha,,other,0.0,0.0,45
211-000543,1,NEUTRO,91,CP1_Beta,bandpower,CP1,Beta,,other,0.0030300255337098914,0.0005180387476877337,45
211-000543,1,NEUTRO,92,C1_Alpha,bandpower,C1,Alpha,,other,0.0,0.0,45
211-000543,1,NEUTRO,93,C1_Beta,bandpower,C1,Beta,,other,0.19587048286264036,-0.03141944473311194,45
211-000543,1,NEUTRO,94,C2_Alpha,bandpower,C2,Alpha,,other,0.016040362532107562,0.003949393146268084,45
211-000543,1,NEUTRO,95,C2_Beta,bandpower,C2,Beta,,other,0.029541098348677793,0.0007023359604985248,45
211-000543,1,NEUTRO,96,FC2_Alpha,bandpower,FC2,Alpha,,other,0.016219156647768223,-0.001878225645604825,45
211-000543,1,NEUTRO,97,FC2_Beta,bandpower,FC2,Beta,,other,0.14449005123998845,0.03909625663965847,45
211-000543,1,NEUTRO,98,FC6_Alpha,bandpower,FC6,Alpha,,other,0.003163972353809362,0.0011264688279228514,45
211-000543,1,NEUTRO,99,FC6_Beta,bandpower,FC6,Beta,,other,0.0,0.0,45
211-000543,1,NEUTRO,100,C5_Alpha,bandpower,C5,Alpha,,temporal_left,0.0,0.0,45
211-000543,1,NEUTRO,101,C5_Beta,bandpower,C5,Beta,,temporal_left,0.0633661908639634,-0.006299563320058012,45
211-000543,1,NEUTRO,102,FC1_Alpha,bandpower,FC1,Alpha,,other,0.0,0.0,45
211-000543,1,NEUTRO,103,FC1_Beta,bandpower,FC1,Beta,,other,0.0019200567853701203,-0.001063379844968478,45
211-000543,1,NEUTRO,104,F2_Alpha,bandpower,F2,Alpha,,frontal_bilateral,0.019025415955425132,0.0031167099447014174,45
211-000543,1,NEUTRO,105,F2_Beta,bandpower,F2,Beta,,frontal_bilateral,0.17316998163373323,0.06234758510282963,45
211-000543,1,NEUTRO,106,F6_Alpha,bandpower,F6,Alpha,,other,0.024233359113070677,-0.00676272497264625,45
211-000543,1,NEUTRO,107,F6_Beta,bandpower,F6,Beta,,other,0.014256246015788874,-0.0055631583598210925,45
211-000543,1,NEUTRO,108,FC5_Alpha,bandpower,FC5,Alpha,,frontal_inferior_left,0.0,0.0,45
211-000543,1,NEUTRO,109,FC5_Beta,bandpower,FC5,Beta,,frontal_inferior_left,0.004921307100225742,5.5702685541108516e-05,45
211-000543,1,NEUTRO,110,F1_Alpha,bandpower,F1,Alpha,,frontal_bilateral,0.0,0.0,45
211-000543,1,NEUTRO,111,F1_Beta,bandpower,F1,Beta,,frontal_bilateral,0.07784911696182692,0.03254781790131947,45
211-000543,1,NEUTRO,112,AF4_Alpha,bandpower,AF4,Alpha,,frontal_bilateral,0.20569575213757674,-0.010164816358691929,45
211-000543,1,NEUTRO,113,AF4_Beta,bandpower,AF4,Beta,,frontal_bilateral,0.08316569522229104,0.00928725021177522,45
211-000543,1,NEUTRO,114,AF8_Alpha,bandpower,AF8,Alpha,,frontal_bilateral,0.07313516410674345,-0.008935710983347864,45
211-000543,1,NEUTRO,115,AF8_Beta,bandpower,AF8,Beta,,frontal_bilateral,0.07001256791583645,-0.019652907212864015,45
211-000543,1,NEUTRO,116,F5_Alpha,bandpower,F5,Alpha,,frontal_inferior_left,0.09089314874458074,-0.035823266231040235,45
211-000543,1,NEUTRO,117,F5_Beta,bandpower,F5,Beta,,frontal_inferior_left,0.0,0.0,45
211-000543,1,NEUTRO,118,AF7_Alpha,bandpower,AF7,Alpha,,frontal_bilateral,0.0,0.0,45
211-000543,1,NEUTRO,119,AF7_Beta,bandpower,AF7,Beta,,frontal_bilateral,0.0,0.0,45
211-000543,1,NEUTRO,120,AF3_Alpha,bandpower,AF3,Alpha,,frontal_bilateral,0.0,0.0,45
211-000543,1,NEUTRO,121,AF3_Beta,bandpower,AF3,Beta,,frontal_bilateral,0.0534296124528632,0.015119296019773664,45
211-000543,1,NEUTRO,122,Fpz_Alpha,bandpower,Fpz,Alpha,,frontal_bilateral,0.0,0.0,45
211-000543,1,NEUTRO,123,Fpz_Beta,bandpower,Fpz,Beta,,frontal_bilateral,0.0,0.0,45
211-000543,1,NEUTRO,124,AlphaAsym_Fp2-Fp1,AlphaAsym,,,Fp2-Fp1,,0.005941272048474439,-0.004568916657344465,45
211-000543,1,NEUTRO,125,AlphaAsym_AF8-AF7,AlphaAsym,,,AF8-AF7,,0.0,0.0,45
211-000543,1,NEUTRO,126,AlphaAsym_AF4-AF3,AlphaAsym,,,AF4-AF3,,0.12635156280611676,-0.005584189688055763,45
211-000543,1,NEUTRO,127,AlphaAsym_F8-F7,AlphaAsym,,,F8-F7,,0.0,0.0,45
211-000543,1,NEUTRO,128,AlphaAsym_F6-F5,AlphaAsym,,,F6-F5,,0.01302960011649338,-0.005382889873286153,45
211-000543,1,NEUTRO,129,AlphaAsym_F4-F3,AlphaAsym,,,F4-F3,,0.0,0.0,45
211-000543,1,NEUTRO,130,AlphaAsym_F2-F1,AlphaAsym,,,F2-F1,,0.0,0.0,45
211-000543,1,NEUTRO,131,AlphaAsym_FC6-FC5,AlphaAsym,,,FC6-FC5,,0.008970748973298626,0.002753446207748441,45
211-000543,1,NEUTRO,132,AlphaAsym_FC4-FC3,AlphaAsym,,,FC4-FC3,,0.0,0.0,45
211-000543,1,NEUTRO,133,AlphaAsym_FC2-FC1,AlphaAsym,,,FC2-FC1,,0.07004931702726674,0.008563453242805162,45
211-000543,1,NEUTRO,134,AlphaAsym_T8-T7,AlphaAsym,,,T8-T7,,0.0,0.0,45
211-000543,1,NEUTRO,135,AlphaAsym_C6-C5,AlphaAsym,,,C6-C5,,0.01597044694888954,0.004746993305820446,45
211-000543,1,NEUTRO,136,AlphaAsym_C4-C3,AlphaAsym,,,C4-C3,,0.10550101710484677,-0.05877748297452137,45
211-000543,1,NEUTRO,137,AlphaAsym_C2-C1,AlphaAsym,,,C2-C1,,0.04363618189014246,-0.0018729725876945004,45
211-000543,1,NEUTRO,138,AlphaAsym_TP8-TP7,AlphaAsym,,,TP8-TP7,,0.0,0.0,45
211-000543,1,NEUTRO,139,AlphaAsym_CP6-CP5,AlphaAsym,,,CP6-CP5,,0.0024719834820090213,0.0005008254474532792,45
211-000543,1,NEUTRO,140,AlphaAsym_CP4-CP3,AlphaAsym,,,CP4-CP3,,0.0,0.0,45
211-000543,1,NEUTRO,141,AlphaAsym_CP2-CP1,AlphaAsym,,,CP2-CP1,,0.0,0.0,45
211-000543,1,NEUTRO,142,AlphaAsym_P8-P7,AlphaAsym,,,P8-P7,,0.04875686717449113,0.005809269230535384,45
211-000543,1,NEUTRO,143,AlphaAsym_P6-P5,AlphaAsym,,,P6-P5,,0.05548906878616423,0.022748121163201063,45
211-000543,1,NEUTRO,144,AlphaAsym_P4-P3,AlphaAsym,,,P4-P3,,0.0195421510931326,0.000640880858719665,45
211-000543,1,NEUTRO,145,AlphaAsym_P2-P1,AlphaAsym,,,P2-P1,,0.008138675013968566,-0.006395523254095773,45
211-000543,1,NEUTRO,146,AlphaAsym_PO8-PO7,AlphaAsym,,,PO8-PO7,,0.021660976255700723,-0.01914496860965921,45
211-000543,1,NEUTRO,147,AlphaAsym_PO6-PO5,AlphaAsym,,,PO6-PO5,,0.0,0.0,45
211-000543,1,NEUTRO,148,AlphaAsym_PO4-PO3,AlphaAsym,,,PO4-PO3,,0.016767532876884778,-0.015561216953396207,45
211-000543,1,NEUTRO,149,AlphaAsym_O2-O1,AlphaAsym,,,O2-O1,,0.0,0.0,45
211-000543,2,SAD,0,O2_Alpha,bandpower,O2,Alpha,,occipital,0.0,0.0,47
211-000543,2,SAD,1,O2_Beta,bandpower,O2,Beta,,occipital,0.0,0.0,47
211-000543,2,SAD,2,O1_Alpha,bandpower,O1,Alpha,,occipital,0.0,0.0,47
211-000543,2,SAD,3,O1_Beta,bandpower,O1,Beta,,occipital,0.2617707305000486,0.24420123562277224,47
211-000543,2,SAD,4,Oz_Alpha,bandpower,Oz,Alpha,,occipital,0.023982135291832112,0.013413364503523746,47
211-000543,2,SAD,5,Oz_Beta,bandpower,Oz,Beta,,occipital,0.23581073749261558,0.21659469089061603,47
211-000543,2,SAD,6,Pz_Alpha,bandpower,Pz,Alpha,,parietal_midline,0.0,0.0,47
211-000543,2,SAD,7,Pz_Beta,bandpower,Pz,Beta,,parietal_midline,0.00106516319258211,-0.0004756678245944659,47
211-000543,2,SAD,8,P4_Alpha,bandpower,P4,Alpha,,other,0.007897755225830284,0.006204665644046124,47
211-000543,2,SAD,9,P4_Beta,bandpower,P4,Beta,,other,0.0,0.0,47
211-000543,2,SAD,10,CP4_Alpha,bandpower,CP4,Alpha,,temporal_right,0.0,0.0,47
211-000543,2,SAD,11,CP4_Beta,bandpower,CP4,Beta,,temporal_right,0.0,0.0,47
211-000543,2,SAD,12,P8_Alpha,bandpower,P8,Alpha,,temporal_right,0.0,0.0,47
211-000543,2,SAD,13,P8_Beta,bandpower,P8,Beta,,temporal_right,0.0,0.0,47
211-000543,2,SAD,14,C4_Alpha,bandpower,C4,Alpha,,other,0.12205711830948165,-0.024098285708306355,47
211-000543,2,SAD,15,C4_Beta,bandpower,C4,Beta,,other,0.1493050029434433,-0.04536083193602344,47
211-000543,2,SAD,16,TP8_Alpha,bandpower,TP8,Alpha,,temporal_right,0.09143138664298411,0.019771690873376838,47
211-000543,2,SAD,17,TP8_Beta,bandpower,TP8,Beta,,temporal_right,0.025635987581081,0.01722573877825518,47
211-000543,2,SAD,18,T8_Alpha,bandpower,T8,Alpha,,temporal_right,0.025224459353025887,0.01117130584482613,47
211-000543,2,SAD,19,T8_Beta,bandpower,T8,Beta,,temporal_right,0.0721832656076901,0.028021121147922972,47
211-000543,2,SAD,20,P7_Alpha,bandpower,P7,Alpha,,temporal_left,0.0,0.0,47
211-000543,2,SAD,21,P7_Beta,bandpower,P7,Beta,,temporal_left,0.320927054896068,-0.08761485866514886,47
211-000543,2,SAD,22,P3_Alpha,bandpower,P3,Alpha,,centro_parietal_left,0.07651112398498341,0.03095247948685707,47
211-000543,2,SAD,23,P3_Beta,bandpower,P3,Beta,,centro_parietal_left,0.1280416501154954,0.11409702801545471,47
211-000543,2,SAD,24,CP3_Alpha,bandpower,CP3,Alpha,,temporal_left,0.0,0.0,47
211-000543,2,SAD,25,CP3_Beta,bandpower,CP3,Beta,,temporal_left,0.0,0.0,47
211-000543,2,SAD,26,CPz_Alpha,bandpower,CPz,Alpha,,parietal_midline,0.02216776422912974,-0.009115654415863601,47
211-000543,2,SAD,27,CPz_Beta,bandpower,CPz,Beta,,parietal_midline,0.0006097279679832544,0.0002551920348731164,47
211-000543,2,SAD,28,Cz_Alpha,bandpower,Cz,Alpha,,parietal_midline,0.0,0.0,47
211-000543,2,SAD,29,Cz_Beta,bandpower,Cz,Beta,,parietal_midline,0.0,0.0,47
211-000543,2,SAD,30,FC4_Alpha,bandpower,FC4,Alpha,,frontal_bilateral,0.03827906274085856,-0.015612545905326587,47
211-000543,2,SAD,31,FC4_Beta,bandpower,FC4,Beta,,frontal_bilateral,0.06945136883785562,-0.03365390035629872,47
211-000543,2,SAD,32,FT8_Alpha,bandpower,FT8,Alpha,,temporal_right,0.01009244710291358,0.007061209518028911,47
211-000543,2,SAD,33,FT8_Beta,bandpower,FT8,Beta,,temporal_right,0.25443109218118143,-0.031065146314854238,47
211-000543,2,SAD,34,TP7_Alpha,bandpower,TP7,Alpha,,temporal_left,0.027807322269641825,-0.010543229373404793,47
211-000543,2,SAD,35,TP7_Beta,bandpower,TP7,Beta,,temporal_left,0.6917395850607203,0.126017909634394,47
211-000543,2,SAD,36,C3_Alpha,bandpower,C3,Alpha,,centro_parietal_left,0.013917940605912643,0.00021508941686009181,47
211-000543,2,SAD,37,C3_Beta,bandpower,C3,Beta,,centro_parietal_left,0.13175188315306346,-0.01983120307818338,47
211-000543,2,SAD,38,FCz_Alpha,bandpower,FCz,Alpha,,frontal_bilateral,0.1102566341557461,0.07875889432799615,47
211-000543,2,SAD,39,FCz_Beta,bandpower,FCz,Beta,,frontal_bilateral,0.0,0.0,47
211-000543,2,SAD,40,Fz_Alpha,bandpower,Fz,Alpha,,frontal_bilateral,0.017122521125915766,0.014529058393529805,47
211-000543,2,SAD,41,Fz_Beta,bandpower,Fz,Beta,,frontal_bilateral,0.0,0.0,47
211-000543,2,SAD,42,F4_Alpha,bandpower,F4,Alpha,,frontal_bilateral,0.0,0.0,47
211-000543,2,SAD,43,F4_Beta,bandpower,F4,Beta,,frontal_bilateral,0.11379495785314574,0.05484257352215509,47
211-000543,2,SAD,44,F8_Alpha,bandpower,F8,Alpha,,other,0.0,0.0,47
211-000543,2,SAD,45,F8_Beta,bandpower,F8,Beta,,other,0.03952998007761235,-0.023487857954413105,47
211-000543,2,SAD,46,T7_Alpha,bandpower,T7,Alpha,,temporal_left,0.0,0.0,47
211-000543,2,SAD,47,T7_Beta,bandpower,T7,Beta,,temporal_left,0.9857812747543261,0.5242012747148358,47
211-000543,2,SAD,48,FT7_Alpha,bandpower,FT7,Alpha,,temporal_left,0.04313726664199784,-0.012402330969988858,47
211-000543,2,SAD,49,FT7_Beta,bandpower,FT7,Beta,,temporal_left,0.010761156625185333,0.00624322679324946,47
211-000543,2,SAD,50,FC3_Alpha,bandpower,FC3,Alpha,,frontal_bilateral,0.12585785583461737,-0.04434034202961391,47
211-000543,2,SAD,51,FC3_Beta,bandpower,FC3,Beta,,frontal_bilateral,0.018419016462373233,0.014226256339057646,47
211-000543,2,SAD,52,F3_Alpha,bandpower,F3,Alpha,,frontal_bilateral,0.0,0.0,47
211-000543,2,SAD,53,F3_Beta,bandpower,F3,Beta,,frontal_bilateral,0.034764874583963865,0.031753692237556704,47
211-000543,2,SAD,54,Fp2_Alpha,bandpower,Fp2,Alpha,,frontal_bilateral,0.0,0.0,47
211-000543,2,SAD,55,Fp2_Beta,bandpower,Fp2,Beta,,frontal_bilateral,0.0,0.0,47
211-000543,2,SAD,56,F7_Alpha,bandpower,F7,Alpha,,frontal_inferior_left,0.0,0.0,47
211-000543,2,SAD,57,F7_Beta,bandpower,F7,Beta,,frontal_inferior_left,0.011179731436837783,0.010016687961076739,47
211-000543,2,SAD,58,Fp1_Alpha,bandpower,Fp1,Alpha,,frontal_bilateral,0.0,0.0,47
211-000543,2,SAD,59,Fp1_Beta,bandpower,Fp1,Beta,,frontal_bilateral,0.020680768943982502,-0.01708439091471398,47
211-000543,2,SAD,60,PO5_Alpha,bandpower,PO5,Alpha,,other,0.0,0.0,47
211-000543,2,SAD,61,PO5_Beta,bandpower,PO5,Beta,,other,0.0,0.0,47
211-000543,2,SAD,62,PO3_Alpha,bandpower,PO3,Alpha,,occipital,0.10236592047051428,0.08250384029733838,47
211-000543,2,SAD,63,PO3_Beta,bandpower,PO3,Beta,,occipital,0.804150818796486,0.7661955889021348,47
211-000543,2,SAD,64,P1_Alpha,bandpower,P1,Alpha,,other,0.11570029110811991,-0.01669822868353725,47
211-000543,2,SAD,65,P1_Beta,bandpower,P1,Beta,,other,0.018935046890536277,-0.0012839937942561942,47
211-000543,2,SAD,66,POz_Alpha,bandpower,POz,Alpha,,occipital,0.009285341034645537,0.0025839102337899696,47
211-000543,2,SAD,67,POz_Beta,bandpower,POz,Beta,,occipital,0.39527238673499787,0.38793893339720725,47
211-000543,2,SAD,68,P2_Alpha,bandpower,P2,Alpha,,other,0.0,0.0,47
211-000543,2,SAD,69,P2_Beta,bandpower,P2,Beta,,other,0.024833360292717977,0.024220753178955078,47
211-000543,2,SAD,70,PO4_Alpha,bandpower,PO4,Alpha,,occipital,0.0015372058483031708,0.0015372058483031708,47
211-000543,2,SAD,71,PO4_Beta,bandpower,PO4,Beta,,occipital,0.027416394268471634,-0.02726196049311972,47
211-000543,2,SAD,72,CP2_Alpha,bandpower,CP2,Alpha,,other,0.005824593768809548,0.0007744713962675719,47
211-000543,2,SAD,73,CP2_Beta,bandpower,CP2,Beta,,other,0.12493902246544909,0.030061709760195815,47
211-000543,2,SAD,74,P6_Alpha,bandpower,P6,Alpha,,temporal_right,0.029958196138509093,0.025968822116583145,47
211-000543,2,SAD,75,P6_Beta,bandpower,P6,Beta,,temporal_right,0.0,0.0,47
211-000543,2,SAD,76,PO6_Alpha,bandpower,PO6,Alpha,,other,0.013189236507151664,0.011471735806592049,47
211-000543,2,SAD,77,PO6_Beta,bandpower,PO6,Beta,,other,0.0,0.0,47
211-000543,2,SAD,78,CP6_Alpha,bandpower,CP6,Alpha,,temporal_right,0.14272324227661373,0.06491607184347388,47
211-000543,2,SAD,79,CP6_Beta,bandpower,CP6,Beta,,temporal_right,0.01832277533042731,0.013385767191377516,47
211-000543,2,SAD,80,C6_Alpha,bandpower,C6,Alpha,,temporal_right,0.0,0.0,47
211-000543,2,SAD,81,C6_Beta,bandpower,C6,Beta,,temporal_right,0.008628084479233598,0.0018554405984449545,47
211-000543,2,SAD,82,PO8_Alpha,bandpower,PO8,Alpha,,occipital,0.289518065647039,0.26517209162250066,47
211-000543,2,SAD,83,PO8_Beta,bandpower,PO8,Beta,,occipital,0.06697108310616869,0.06697108310616869,47
211-000543,2,SAD,84,PO7_Alpha,bandpower,PO7,Alpha,,occipital,0.0,0.0,47
211-000543,2,SAD,85,PO7_Beta,bandpower,PO7,Beta,,occipital,0.11528099061194698,0.027236129951762725,47
211-000543,2,SAD,86,P5_Alpha,bandpower,P5,Alpha,,temporal_left,0.0,0.0,47
211-000543,2,SAD,87,P5_Beta,bandpower,P5,Beta,,temporal_left,0.0,0.0,47
211-000543,2,SAD,88,CP5_Alpha,bandpower,CP5,Alpha,,temporal_left,0.058151380031245495,0.028887911983309603,47
211-000543,2,SAD,89,CP5_Beta,bandpower,CP5,Beta,,temporal_left,0.09050542177297138,0.07284475905870208,47
211-000543,2,SAD,90,CP1_Alpha,bandpower,CP1,Alpha,,other,0.04612720348034235,0.012324405374105165,47
211-000543,2,SAD,91,CP1_Beta,bandpower,CP1,Beta,,other,0.00039585207983661977,-0.00011584052360997785,47
211-000543,2,SAD,92,C1_Alpha,bandpower,C1,Alpha,,other,0.03387734268157283,-0.024355556695879077,47
211-000543,2,SAD,93,C1_Beta,bandpower,C1,Beta,,other,0.0,0.0,47
211-000543,2,SAD,94,C2_Alpha,bandpower,C2,Alpha,,other,0.0,0.0,47
211-000543,2,SAD,95,C2_Beta,bandpower,C2,Beta,,other,0.038104969222785896,0.008000142696614572,47
211-000543,2,SAD,96,FC2_Alpha,bandpower,FC2,Alpha,,other,0.029535199366045563,0.018669897780481295,47
211-000543,2,SAD,97,FC2_Beta,bandpower,FC2,Beta,,other,0.0005209957486871957,-0.0004356946908291085,47
211-000543,2,SAD,98,FC6_Alpha,bandpower,FC6,Alpha,,other,0.0,0.0,47
211-000543,2,SAD,99,FC6_Beta,bandpower,FC6,Beta,,other,0.06894523935164137,-0.028107204643431263,47
211-000543,2,SAD,100,C5_Alpha,bandpower,C5,Alpha,,temporal_left,0.0,0.0,47
211-000543,2,SAD,101,C5_Beta,bandpower,C5,Beta,,temporal_left,0.007721970661171943,0.006550356690506655,47
211-000543,2,SAD,102,FC1_Alpha,bandpower,FC1,Alpha,,other,0.0,0.0,47
211-000543,2,SAD,103,FC1_Beta,bandpower,FC1,Beta,,other,0.0,0.0,47
211-000543,2,SAD,104,F2_Alpha,bandpower,F2,Alpha,,frontal_bilateral,0.00019944103835115674,0.0001796397682900011,47
211-000543,2,SAD,105,F2_Beta,bandpower,F2,Beta,,frontal_bilateral,0.03987627827316241,-0.032168269090610206,47
211-000543,2,SAD,106,F6_Alpha,bandpower,F6,Alpha,,other,0.0030027951771588617,7.5684060938371e-05,47
211-000543,2,SAD,107,F6_Beta,bandpower,F6,Beta,,other,0.0,0.0,47
211-000543,2,SAD,108,FC5_Alpha,bandpower,FC5,Alpha,,frontal_inferior_left,0.0,0.0,47
211-000543,2,SAD,109,FC5_Beta,bandpower,FC5,Beta,,frontal_inferior_left,0.004264575779625768,0.0031839075701758273,47
211-000543,2,SAD,110,F1_Alpha,bandpower,F1,Alpha,,frontal_bilateral,0.002263744248798099,0.0007987642746475011,47
211-000543,2,SAD,111,F1_Beta,bandpower,F1,Beta,,frontal_bilateral,0.0,0.0,47
211-000543,2,SAD,112,AF4_Alpha,bandpower,AF4,Alpha,,frontal_bilateral,0.07817742456059927,-0.06094316487755872,47
211-000543,2,SAD,113,AF4_Beta,bandpower,AF4,Beta,,frontal_bilateral,0.18979255731365746,-0.11950054741710289,47
211-000543,2,SAD,114,AF8_Alpha,bandpower,AF8,Alpha,,frontal_bilateral,0.15402055274408535,0.011376192217275233,47
211-000543,2,SAD,115,AF8_Beta,bandpower,AF8,Beta,,frontal_bilateral,0.12164108968151312,0.02410396364020761,47
211-000543,2,SAD,116,F5_Alpha,bandpower,F5,Alpha,,frontal_inferior_left,0.0,0.0,47
211-000543,2,SAD,117,F5_Beta,bandpower,F5,Beta,,frontal_inferior_left,0.0,0.0,47
211-000543,2,SAD,118,AF7_Alpha,bandpower,AF7,Alpha,,frontal_bilateral,0.0,0.0,47
211-000543,2,SAD,119,AF7_Beta,bandpower,AF7,Beta,,frontal_bilateral,0.0,0.0,47
211-000543,2,SAD,120,AF3_Alpha,bandpower,AF3,Alpha,,frontal_bilateral,0.0007575975700169405,0.0007438723517522306,47
211-000543,2,SAD,121,AF3_Beta,bandpower,AF3,Beta,,frontal_bilateral,0.04451582362535412,-0.041520527389715484,47
211-000543,2,SAD,122,Fpz_Alpha,bandpower,Fpz,Alpha,,frontal_bilateral,0.0,0.0,47
211-000543,2,SAD,123,Fpz_Beta,bandpower,Fpz,Beta,,frontal_bilateral,0.04285563352351252,-0.04040018861019193,47
211-000543,2,SAD,124,AlphaAsym_Fp2-Fp1,AlphaAsym,,,Fp2-Fp1,,0.0,0.0,47
211-000543,2,SAD,125,AlphaAsym_AF8-AF7,AlphaAsym,,,AF8-AF7,,0.02293182088111931,-0.017161812550212572,47
211-000543,2,SAD,126,AlphaAsym_AF4-AF3,AlphaAsym,,,AF4-AF3,,0.270818286627982,0.12390744780166801,47
211-000543,2,SAD,127,AlphaAsym_F8-F7,AlphaAsym,,,F8-F7,,0.0,0.0,47
211-000543,2,SAD,128,AlphaAsym_F6-F5,AlphaAsym,,,F6-F5,,0.04378753911923523,0.010986010782871923,47
211-000543,2,SAD,129,AlphaAsym_F4-F3,AlphaAsym,,,F4-F3,,0.005134120041884962,0.0008262538478504118,47
211-000543,2,SAD,130,AlphaAsym_F2-F1,AlphaAsym,,,F2-F1,,0.001010063922629685,-0.0003013653445790291,47
211-000543,2,SAD,131,AlphaAsym_FC6-FC5,AlphaAsym,,,FC6-FC5,,0.00934294305976377,-0.006363197819058657,47
211-000543,2,SAD,132,AlphaAsym_FC4-FC3,AlphaAsym,,,FC4-FC3,,0.0,0.0,47
211-000543,2,SAD,133,AlphaAsym_FC2-FC1,AlphaAsym,,,FC2-FC1,,0.017864415040700972,-0.000589417799726872,47
211-000543,2,SAD,134,AlphaAsym_T8-T7,AlphaAsym,,,T8-T7,,0.0,0.0,47
211-000543,2,SAD,135,AlphaAsym_C6-C5,AlphaAsym,,,C6-C5,,0.0012456665748825173,-0.0006362454110909099,47
211-000543,2,SAD,136,AlphaAsym_C4-C3,AlphaAsym,,,C4-C3,,0.02033518941690367,-0.003934126677127653,47
211-000543,2,SAD,137,AlphaAsym_C2-C1,AlphaAsym,,,C2-C1,,0.019230206950559714,0.002052662837141613,47
211-000543,2,SAD,138,AlphaAsym_TP8-TP7,AlphaAsym,,,TP8-TP7,,0.0,0.0,47
211-000543,2,SAD,139,AlphaAsym_CP6-CP5,AlphaAsym,,,CP6-CP5,,0.005201133515666622,0.002136130102933301,47
211-000543,2,SAD,140,AlphaAsym_CP4-CP3,AlphaAsym,,,CP4-CP3,,0.0,0.0,47
211-000543,2,SAD,141,AlphaAsym_CP2-CP1,AlphaAsym,,,CP2-CP1,,0.0,0.0,47
211-000543,2,SAD,142,AlphaAsym_P8-P7,AlphaAsym,,,P8-P7,,0.05625551828360317,0.024785115486935884,47
211-000543,2,SAD,143,AlphaAsym_P6-P5,AlphaAsym,,,P6-P5,,0.0,0.0,47
211-000543,2,SAD,144,AlphaAsym_P4-P3,AlphaAsym,,,P4-P3,,0.0,0.0,47
211-000543,2,SAD,145,AlphaAsym_P2-P1,AlphaAsym,,,P2-P1,,0.10529911442476969,0.08886557193922898,47
211-000543,2,SAD,146,AlphaAsym_PO8-PO7,AlphaAsym,,,PO8-PO7,,0.24296116792900974,-0.03924575424050082,47
211-000543,2,SAD,147,AlphaAsym_PO6-PO5,AlphaAsym,,,PO6-PO5,,0.0,0.0,47
211-000543,2,SAD,148,AlphaAsym_PO4-PO3,AlphaAsym,,,PO4-PO3,,0.00847200558916538,-9.060534013028101e-05,47
211-000543,2,SAD,149,AlphaAsym_O2-O1,AlphaAsym,,,O2-O1,,0.0,0.0,47
211-000544,0,JOY,0,O2_Alpha,bandpower,O2,Alpha,,occipital,0.0,0.0,27
211-000544,0,JOY,1,O2_Beta,bandpower,O2,Beta,,occipital,0.0,0.0,27
211-000544,0,JOY,2,O1_Alpha,bandpower,O1,Alpha,,occipital,0.0,0.0,27
211-000544,0,JOY,3,O1_Beta,bandpower,O1,Beta,,occipital,0.17220532848613035,0.12203010043944594,27
211-000544,0,JOY,4,Oz_Alpha,bandpower,Oz,Alpha,,occipital,0.027159481800270256,0.005559976708207712,27
211-000544,0,JOY,5,Oz_Beta,bandpower,Oz,Beta,,occipital,0.0,0.0,27
211-000544,0,JOY,6,Pz_Alpha,bandpower,Pz,Alpha,,parietal_midline,0.0,0.0,27
211-000544,0,JOY,7,Pz_Beta,bandpower,Pz,Beta,,parietal_midline,0.0,0.0,27
211-000544,0,JOY,8,P4_Alpha,bandpower,P4,Alpha,,other,0.0,0.0,27
211-000544,0,JOY,9,P4_Beta,bandpower,P4,Beta,,other,0.0,0.0,27
211-000544,0,JOY,10,CP4_Alpha,bandpower,CP4,Alpha,,temporal_right,0.010497637908866816,0.010497637908866816,27
211-000544,0,JOY,11,CP4_Beta,bandpower,CP4,Beta,,temporal_right,0.0,0.0,27
211-000544,0,JOY,12,P8_Alpha,bandpower,P8,Alpha,,temporal_right,0.0,0.0,27
211-000544,0,JOY,13,P8_Beta,bandpower,P8,Beta,,temporal_right,0.0,0.0,27
211-000544,0,JOY,14,C4_Alpha,bandpower,C4,Alpha,,other,0.0,0.0,27
211-000544,0,JOY,15,C4_Beta,bandpower,C4,Beta,,other,0.0,0.0,27
211-000544,0,JOY,16,TP8_Alpha,bandpower,TP8,Alpha,,temporal_right,0.4286915931220912,0.4229899917018758,27
211-000544,0,JOY,17,TP8_Beta,bandpower,TP8,Beta,,temporal_right,0.13100696817847687,0.12600965882989876,27
211-000544,0,JOY,18,T8_Alpha,bandpower,T8,Alpha,,temporal_right,0.022640312382726163,0.022209646561274627,27
211-000544,0,JOY,19,T8_Beta,bandpower,T8,Beta,,temporal_right,0.0,0.0,27
211-000544,0,JOY,20,P7_Alpha,bandpower,P7,Alpha,,temporal_left,0.0,0.0,27
211-000544,0,JOY,21,P7_Beta,bandpower,P7,Beta,,temporal_left,0.0,0.0,27
211-000544,0,JOY,22,P3_Alpha,bandpower,P3,Alpha,,centro_parietal_left,0.0,0.0,27
211-000544,0,JOY,23,P3_Beta,bandpower,P3,Beta,,centro_parietal_left,0.0,0.0,27
211-000544,0,JOY,24,CP3_Alpha,bandpower,CP3,Alpha,,temporal_left,0.0,0.0,27
211-000544,0,JOY,25,CP3_Beta,bandpower,CP3,Beta,,temporal_left,0.0,0.0,27
211-000544,0,JOY,26,CPz_Alpha,bandpower,CPz,Alpha,,parietal_midline,0.016118173707956467,0.016118173707956467,27
211-000544,0,JOY,27,CPz_Beta,bandpower,CPz,Beta,,parietal_midline,0.02520277112100939,0.02520277112100939,27
211-000544,0,JOY,28,Cz_Alpha,bandpower,Cz,Alpha,,parietal_midline,0.0,0.0,27
211-000544,0,JOY,29,Cz_Beta,bandpower,Cz,Beta,,parietal_midline,0.0,0.0,27
211-000544,0,JOY,30,FC4_Alpha,bandpower,FC4,Alpha,,frontal_bilateral,0.027709911083350944,-0.01990704422128635,27
211-000544,0,JOY,31,FC4_Beta,bandpower,FC4,Beta,,frontal_bilateral,0.009397783435035731,-0.008860148134734442,27
211-000544,0,JOY,32,FT8_Alpha,bandpower,FT8,Alpha,,temporal_right,0.0,0.0,27
211-000544,0,JOY,33,FT8_Beta,bandpower,FT8,Beta,,temporal_right,0.0,0.0,27
211-000544,0,JOY,34,TP7_Alpha,bandpower,TP7,Alpha,,temporal_left,0.0,0.0,27
211-000544,0,JOY,35,TP7_Beta,bandpower,TP7,Beta,,temporal_left,0.0,0.0,27
211-000544,0,JOY,36,C3_Alpha,bandpower,C3,Alpha,,centro_parietal_left,0.0,0.0,27
211-000544,0,JOY,37,C3_Beta,bandpower,C3,Beta,,centro_parietal_left,0.0015855706907255602,-8.830966464542757e-05,27
211-000544,0,JOY,38,FCz_Alpha,bandpower,FCz,Alpha,,frontal_bilateral,0.025221283310206406,0.01981790622824255,27
211-000544,0,JOY,39,FCz_Beta,bandpower,FCz,Beta,,frontal_bilateral,0.0,0.0,27
211-000544,0,JOY,40,Fz_Alpha,bandpower,Fz,Alpha,,frontal_bilateral,0.0,0.0,27
211-000544,0,JOY,41,Fz_Beta,bandpower,Fz,Beta,,frontal_bilateral,0.0,0.0,27
211-000544,0,JOY,42,F4_Alpha,bandpower,F4,Alpha,,frontal_bilateral,0.0,0.0,27
211-000544,0,JOY,43,F4_Beta,bandpower,F4,Beta,,frontal_bilateral,0.0,0.0,27
211-000544,0,JOY,44,F8_Alpha,bandpower,F8,Alpha,,other,0.0,0.0,27
211-000544,0,JOY,45,F8_Beta,bandpower,F8,Beta,,other,0.0029399696141600294,-0.0009264611911586824,27
211-000544,0,JOY,46,T7_Alpha,bandpower,T7,Alpha,,temporal_left,0.1949810472392617,0.1776208278707409,27
211-000544,0,JOY,47,T7_Beta,bandpower,T7,Beta,,temporal_left,0.010623028217820699,0.005060392401391089,27
211-000544,0,JOY,48,FT7_Alpha,bandpower,FT7,Alpha,,temporal_left,0.0008535743591890833,0.0006070344448510836,27
211-000544,0,JOY,49,FT7_Beta,bandpower,FT7,Beta,,temporal_left,0.0,0.0,27
211-000544,0,JOY,50,FC3_Alpha,bandpower,FC3,Alpha,,frontal_bilateral,0.0,0.0,27
211-000544,0,JOY,51,FC3_Beta,bandpower,FC3,Beta,,frontal_bilateral,0.0,0.0,27
211-000544,0,JOY,52,F3_Alpha,bandpower,F3,Alpha,,frontal_bilateral,0.0,0.0,27
211-000544,0,JOY,53,F3_Beta,bandpower,F3,Beta,,frontal_bilateral,0.23614288172601608,0.235801384285343,27
211-000544,0,JOY,54,Fp2_Alpha,bandpower,Fp2,Alpha,,frontal_bilateral,0.0,0.0,27
211-000544,0,JOY,55,Fp2_Beta,bandpower,Fp2,Beta,,frontal_bilateral,0.0,0.0,27
211-000544,0,JOY,56,F7_Alpha,bandpower,F7,Alpha,,frontal_inferior_left,0.0,0.0,27
211-000544,0,JOY,57,F7_Beta,bandpower,F7,Beta,,frontal_inferior_left,0.0,0.0,27
211-000544,0,JOY,58,Fp1_Alpha,bandpower,Fp1,Alpha,,frontal_bilateral,0.002021229995222609,0.00025205434191761074,27
211-000544,0,JOY,59,Fp1_Beta,bandpower,Fp1,Beta,,frontal_bilateral,0.07734933083477707,0.06999544212049046,27
211-000544,0,JOY,60,PO5_Alpha,bandpower,PO5,Alpha,,other,0.2332402623602079,0.22940207117088618,27
211-000544,0,JOY,61,PO5_Beta,bandpower,PO5,Beta,,other,0.017143370861660845,0.008390298198245006,27
211-000544,0,JOY,62,PO3_Alpha,bandpower,PO3,Alpha,,occipital,0.0,0.0,27
211-000544,0,JOY,63,PO3_Beta,bandpower,PO3,Beta,,occipital,0.0,0.0,27
211-000544,0,JOY,64,P1_Alpha,bandpower,P1,Alpha,,other,0.2988131073521731,0.2988131073521731,27
211-000544,0,JOY,65,P1_Beta,bandpower,P1,Beta,,other,0.2080430137991036,0.18382163262050671,27
211-000544,0,JOY,66,POz_Alpha,bandpower,POz,Alpha,,occipital,0.0,0.0,27
211-000544,0,JOY,67,POz_Beta,bandpower,POz,Beta,,occipital,0.47230741870882087,0.4012152285321387,27
211-000544,0,JOY,68,P2_Alpha,bandpower,P2,Alpha,,other,0.0,0.0,27
211-000544,0,JOY,69,P2_Beta,bandpower,P2,Beta,,other,0.0,0.0,27
211-000544,0,JOY,70,PO4_Alpha,bandpower,PO4,Alpha,,occipital,0.0,0.0,27
211-000544,0,JOY,71,PO4_Beta,bandpower,PO4,Beta,,occipital,0.0,0.0,27
211-000544,0,JOY,72,CP2_Alpha,bandpower,CP2,Alpha,,other,0.021370774492082776,0.01765648541443201,27
211-000544,0,JOY,73,CP2_Beta,bandpower,CP2,Beta,,other,0.03877608705866189,0.02190420303397258,27
211-000544,0,JOY,74,P6_Alpha,bandpower,P6,Alpha,,temporal_right,0.0,0.0,27
211-000544,0,JOY,75,P6_Beta,bandpower,P6,Beta,,temporal_right,0.0,0.0,27
211-000544,0,JOY,76,PO6_Alpha,bandpower,PO6,Alpha,,other,0.0,0.0,27
211-000544,0,JOY,77,PO6_Beta,bandpower,PO6,Beta,,other,0.0,0.0,27
211-000544,0,JOY,78,CP6_Alpha,bandpower,CP6,Alpha,,temporal_right,0.0,0.0,27
211-000544,0,JOY,79,CP6_Beta,bandpower,CP6,Beta,,temporal_right,0.0,0.0,27
211-000544,0,JOY,80,C6_Alpha,bandpower,C6,Alpha,,temporal_right,0.0,0.0,27
211-000544,0,JOY,81,C6_Beta,bandpower,C6,Beta,,temporal_right,0.0,0.0,27
211-000544,0,JOY,82,PO8_Alpha,bandpower,PO8,Alpha,,occipital,0.0,0.0,27
211-000544,0,JOY,83,PO8_Beta,bandpower,PO8,Beta,,occipital,0.0,0.0,27
211-000544,0,JOY,84,PO7_Alpha,bandpower,PO7,Alpha,,occipital,0.0088666563744522,0.0018437540456185397,27
211-000544,0,JOY,85,PO7_Beta,bandpower,PO7,Beta,,occipital,0.12122927624263442,0.0483677326796395,27
211-000544,0,JOY,86,P5_Alpha,bandpower,P5,Alpha,,temporal_left,0.0,0.0,27
211-000544,0,JOY,87,P5_Beta,bandpower,P5,Beta,,temporal_left,0.0,0.0,27
211-000544,0,JOY,88,CP5_Alpha,bandpower,CP5,Alpha,,temporal_left,0.0,0.0,27
211-000544,0,JOY,89,CP5_Beta,bandpower,CP5,Beta,,temporal_left,0.0,0.0,27
211-000544,0,JOY,90,CP1_Alpha,bandpower,CP1,Alpha,,other,0.0,0.0,27
211-000544,0,JOY,91,CP1_Beta,bandpower,CP1,Beta,,other,0.0,0.0,27
211-000544,0,JOY,92,C1_Alpha,bandpower,C1,Alpha,,other,0.0,0.0,27
211-000544,0,JOY,93,C1_Beta,bandpower,C1,Beta,,other,0.0,0.0,27
211-000544,0,JOY,94,C2_Alpha,bandpower,C2,Alpha,,other,0.0,0.0,27
211-000544,0,JOY,95,C2_Beta,bandpower,C2,Beta,,other,0.026727827964703795,0.015353071994559757,27
211-000544,0,JOY,96,FC2_Alpha,bandpower,FC2,Alpha,,other,0.0,0.0,27
211-000544,0,JOY,97,FC2_Beta,bandpower,FC2,Beta,,other,0.0,0.0,27
211-000544,0,JOY,98,FC6_Alpha,bandpower,FC6,Alpha,,other,0.006800904928254458,0.006800904928254458,27
211-000544,0,JOY,99,FC6_Beta,bandpower,FC6,Beta,,other,0.006132407707599958,0.0046123059717412184,27
211-000544,0,JOY,100,C5_Alpha,bandpower,C5,Alpha,,temporal_left,0.030210172791359808,0.025133660650595784,27
211-000544,0,JOY,101,C5_Beta,bandpower,C5,Beta,,temporal_left,0.0,0.0,27
211-000544,0,JOY,102,FC1_Alpha,bandpower,FC1,Alpha,,other,0.2079021038532991,0.20787701021148244,27
211-000544,0,JOY,103,FC1_Beta,bandpower,FC1,Beta,,other,0.29676629209275507,0.15758051533224646,27
211-000544,0,JOY,104,F2_Alpha,bandpower,F2,Alpha,,frontal_bilateral,0.0,0.0,27
211-000544,0,JOY,105,F2_Beta,bandpower,F2,Beta,,frontal_bilateral,0.0,0.0,27
211-000544,0,JOY,106,F6_Alpha,bandpower,F6,Alpha,,other,0.0,0.0,27
211-000544,0,JOY,107,F6_Beta,bandpower,F6,Beta,,other,0.0,0.0,27
211-000544,0,JOY,108,FC5_Alpha,bandpower,FC5,Alpha,,frontal_inferior_left,0.0,0.0,27
211-000544,0,JOY,109,FC5_Beta,bandpower,FC5,Beta,,frontal_inferior_left,0.22545487195088623,0.1957394053422823,27
211-000544,0,JOY,110,F1_Alpha,bandpower,F1,Alpha,,frontal_bilateral,0.0,0.0,27
211-000544,0,JOY,111,F1_Beta,bandpower,F1,Beta,,frontal_bilateral,0.021271501251813266,0.01985643714798027,27
211-000544,0,JOY,112,AF4_Alpha,bandpower,AF4,Alpha,,frontal_bilateral,0.0,0.0,27
211-000544,0,JOY,113,AF4_Beta,bandpower,AF4,Beta,,frontal_bilateral,0.0,0.0,27
211-000544,0,JOY,114,AF8_Alpha,bandpower,AF8,Alpha,,frontal_bilateral,0.0,0.0,27
211-000544,0,JOY,115,AF8_Beta,bandpower,AF8,Beta,,frontal_bilateral,0.33305735776905826,0.3084573752359247,27
211-000544,0,JOY,116,F5_Alpha,bandpower,F5,Alpha,,frontal_inferior_left,0.0,0.0,27
211-000544,0,JOY,117,F5_Beta,bandpower,F5,Beta,,frontal_inferior_left,0.0,0.0,27
211-000544,0,JOY,118,AF7_Alpha,bandpower,AF7,Alpha,,frontal_bilateral,0.0,0.0,27
211-000544,0,JOY,119,AF7_Beta,bandpower,AF7,Beta,,frontal_bilateral,0.18165811117595154,0.18165811117595154,27
211-000544,0,JOY,120,AF3_Alpha,bandpower,AF3,Alpha,,frontal_bilateral,0.0,0.0,27
211-000544,0,JOY,121,AF3_Beta,bandpower,AF3,Beta,,frontal_bilateral,0.009600292699013016,0.008813156621617723,27
211-000544,0,JOY,122,Fpz_Alpha,bandpower,Fpz,Alpha,,frontal_bilateral,0.0,0.0,27
211-000544,0,JOY,123,Fpz_Beta,bandpower,Fpz,Beta,,frontal_bilateral,0.0,0.0,27
211-000544,0,JOY,124,AlphaAsym_Fp2-Fp1,AlphaAsym,,,Fp2-Fp1,,0.11351758225801355,0.08663665494061658,27
211-000544,0,JOY,125,AlphaAsym_AF8-AF7,AlphaAsym,,,AF8-AF7,,0.0,0.0,27
211-000544,0,JOY,126,AlphaAsym_AF4-AF3,AlphaAsym,,,AF4-AF3,,0.0,0.0,27
211-000544,0,JOY,127,AlphaAsym_F8-F7,AlphaAsym,,,F8-F7,,0.0,0.0,27
211-000544,0,JOY,128,AlphaAsym_F6-F5,AlphaAsym,,,F6-F5,,0.0,0.0,27
211-000544,0,JOY,129,AlphaAsym_F4-F3,AlphaAsym,,,F4-F3,,0.0,0.0,27
211-000544,0,JOY,130,AlphaAsym_F2-F1,AlphaAsym,,,F2-F1,,0.0,0.0,27
211-000544,0,JOY,131,AlphaAsym_FC6-FC5,AlphaAsym,,,FC6-FC5,,0.18098000283877957,0.14300948467148583,27
211-000544,0,JOY,132,AlphaAsym_FC4-FC3,AlphaAsym,,,FC4-FC3,,0.07309316821099994,0.03896494501821364,27
211-000544,0,JOY,133,AlphaAsym_FC2-FC1,AlphaAsym,,,FC2-FC1,,0.0,0.0,27
211-000544,0,JOY,134,AlphaAsym_T8-T7,AlphaAsym,,,T8-T7,,0.0,0.0,27
211-000544,0,JOY,135,AlphaAsym_C6-C5,AlphaAsym,,,C6-C5,,0.0,0.0,27
211-000544,0,JOY,136,AlphaAsym_C4-C3,AlphaAsym,,,C4-C3,,0.03503295026484917,0.003366054295541659,27
211-000544,0,JOY,137,AlphaAsym_C2-C1,AlphaAsym,,,C2-C1,,0.0,0.0,27
211-000544,0,JOY,138,AlphaAsym_TP8-TP7,AlphaAsym,,,TP8-TP7,,0.010070936111000139,0.0006102457404421191,27
211-000544,0,JOY,139,AlphaAsym_CP6-CP5,AlphaAsym,,,CP6-CP5,,0.0,0.0,27
211-000544,0,JOY,140,AlphaAsym_CP4-CP3,AlphaAsym,,,CP4-CP3,,0.0,0.0,27
211-000544,0,JOY,141,AlphaAsym_CP2-CP1,AlphaAsym,,,CP2-CP1,,0.007313472883845306,-0.0028177229426144226,27
211-000544,0,JOY,142,AlphaAsym_P8-P7,AlphaAsym,,,P8-P7,,0.00998570964708833,-0.0017788895067735486,27
211-000544,0,JOY,143,AlphaAsym_P6-P5,AlphaAsym,,,P6-P5,,0.0,0.0,27
211-000544,0,JOY,144,AlphaAsym_P4-P3,AlphaAsym,,,P4-P3,,0.0,0.0,27
211-000544,0,JOY,145,AlphaAsym_P2-P1,AlphaAsym,,,P2-P1,,0.0,0.0,27
211-000544,0,JOY,146,AlphaAsym_PO8-PO7,AlphaAsym,,,PO8-PO7,,0.0,0.0,27
211-000544,0,JOY,147,AlphaAsym_PO6-PO5,AlphaAsym,,,PO6-PO5,,0.0722410222095299,0.059606864836612504,27
211-000544,0,JOY,148,AlphaAsym_PO4-PO3,AlphaAsym,,,PO4-PO3,,0.0,0.0,27
211-000544,0,JOY,149,AlphaAsym_O2-O1,AlphaAsym,,,O2-O1,,0.0,0.0,27
211-000544,1,NEUTRO,0,O2_Alpha,bandpower,O2,Alpha,,occipital,0.0,0.0,46
211-000544,1,NEUTRO,1,O2_Beta,bandpower,O2,Beta,,occipital,0.0,0.0,46
211-000544,1,NEUTRO,2,O1_Alpha,bandpower,O1,Alpha,,occipital,0.0,0.0,46
211-000544,1,NEUTRO,3,O1_Beta,bandpower,O1,Beta,,occipital,0.0,0.0,46
211-000544,1,NEUTRO,4,Oz_Alpha,bandpower,Oz,Alpha,,occipital,0.0,0.0,46
211-000544,1,NEUTRO,5,Oz_Beta,bandpower,Oz,Beta,,occipital,0.0,0.0,46
211-000544,1,NEUTRO,6,Pz_Alpha,bandpower,Pz,Alpha,,parietal_midline,0.0,0.0,46
211-000544,1,NEUTRO,7,Pz_Beta,bandpower,Pz,Beta,,parietal_midline,0.0,0.0,46
211-000544,1,NEUTRO,8,P4_Alpha,bandpower,P4,Alpha,,other,0.0,0.0,46
211-000544,1,NEUTRO,9,P4_Beta,bandpower,P4,Beta,,other,0.0,0.0,46
211-000544,1,NEUTRO,10,CP4_Alpha,bandpower,CP4,Alpha,,temporal_right,0.0,0.0,46
211-000544,1,NEUTRO,11,CP4_Beta,bandpower,CP4,Beta,,temporal_right,0.0,0.0,46
211-000544,1,NEUTRO,12,P8_Alpha,bandpower,P8,Alpha,,temporal_right,0.0,0.0,46
211-000544,1,NEUTRO,13,P8_Beta,bandpower,P8,Beta,,temporal_right,0.0,0.0,46
211-000544,1,NEUTRO,14,C4_Alpha,bandpower,C4,Alpha,,other,0.0,0.0,46
211-000544,1,NEUTRO,15,C4_Beta,bandpower,C4,Beta,,other,0.0,0.0,46
211-000544,1,NEUTRO,16,TP8_Alpha,bandpower,TP8,Alpha,,temporal_right,0.0,0.0,46
211-000544,1,NEUTRO,17,TP8_Beta,bandpower,TP8,Beta,,temporal_right,0.0,0.0,46
211-000544,1,NEUTRO,18,T8_Alpha,bandpower,T8,Alpha,,temporal_right,0.0,0.0,46
211-000544,1,NEUTRO,19,T8_Beta,bandpower,T8,Beta,,temporal_right,0.0,0.0,46
211-000544,1,NEUTRO,20,P7_Alpha,bandpower,P7,Alpha,,temporal_left,0.0,0.0,46
211-000544,1,NEUTRO,21,P7_Beta,bandpower,P7,Beta,,temporal_left,0.0,0.0,46
211-000544,1,NEUTRO,22,P3_Alpha,bandpower,P3,Alpha,,centro_parietal_left,0.0,0.0,46
211-000544,1,NEUTRO,23,P3_Beta,bandpower,P3,Beta,,centro_parietal_left,0.0,0.0,46
211-000544,1,NEUTRO,24,CP3_Alpha,bandpower,CP3,Alpha,,temporal_left,0.0,0.0,46
211-000544,1,NEUTRO,25,CP3_Beta,bandpower,CP3,Beta,,temporal_left,0.0,0.0,46
211-000544,1,NEUTRO,26,CPz_Alpha,bandpower,CPz,Alpha,,parietal_midline,0.0,0.0,46
211-000544,1,NEUTRO,27,CPz_Beta,bandpower,CPz,Beta,,parietal_midline,0.0,0.0,46
211-000544,1,NEUTRO,28,Cz_Alpha,bandpower,Cz,Alpha,,parietal_midline,0.0,0.0,46
211-000544,1,NEUTRO,29,Cz_Beta,bandpower,Cz,Beta,,parietal_midline,0.0,0.0,46
211-000544,1,NEUTRO,30,FC4_Alpha,bandpower,FC4,Alpha,,frontal_bilateral,0.0,0.0,46
211-000544,1,NEUTRO,31,FC4_Beta,bandpower,FC4,Beta,,frontal_bilateral,0.0,0.0,46
211-000544,1,NEUTRO,32,FT8_Alpha,bandpower,FT8,Alpha,,temporal_right,0.0,0.0,46
211-000544,1,NEUTRO,33,FT8_Beta,bandpower,FT8,Beta,,temporal_right,0.0,0.0,46
211-000544,1,NEUTRO,34,TP7_Alpha,bandpower,TP7,Alpha,,temporal_left,0.0,0.0,46
211-000544,1,NEUTRO,35,TP7_Beta,bandpower,TP7,Beta,,temporal_left,0.0,0.0,46
211-000544,1,NEUTRO,36,C3_Alpha,bandpower,C3,Alpha,,centro_parietal_left,0.0,0.0,46
211-000544,1,NEUTRO,37,C3_Beta,bandpower,C3,Beta,,centro_parietal_left,0.0,0.0,46
211-000544,1,NEUTRO,38,FCz_Alpha,bandpower,FCz,Alpha,,frontal_bilateral,0.0,0.0,46
211-000544,1,NEUTRO,39,FCz_Beta,bandpower,FCz,Beta,,frontal_bilateral,0.0,0.0,46
211-000544,1,NEUTRO,40,Fz_Alpha,bandpower,Fz,Alpha,,frontal_bilateral,0.0,0.0,46
211-000544,1,NEUTRO,41,Fz_Beta,bandpower,Fz,Beta,,frontal_bilateral,0.0,0.0,46
211-000544,1,NEUTRO,42,F4_Alpha,bandpower,F4,Alpha,,frontal_bilateral,0.0,0.0,46
211-000544,1,NEUTRO,43,F4_Beta,bandpower,F4,Beta,,frontal_bilateral,0.0,0.0,46
211-000544,1,NEUTRO,44,F8_Alpha,bandpower,F8,Alpha,,other,0.0,0.0,46
211-000544,1,NEUTRO,45,F8_Beta,bandpower,F8,Beta,,other,0.0,0.0,46
211-000544,1,NEUTRO,46,T7_Alpha,bandpower,T7,Alpha,,temporal_left,0.0,0.0,46
211-000544,1,NEUTRO,47,T7_Beta,bandpower,T7,Beta,,temporal_left,0.0,0.0,46
211-000544,1,NEUTRO,48,FT7_Alpha,bandpower,FT7,Alpha,,temporal_left,0.0,0.0,46
211-000544,1,NEUTRO,49,FT7_Beta,bandpower,FT7,Beta,,temporal_left,0.1316458321864614,0.12038025125806022,46
211-000544,1,NEUTRO,50,FC3_Alpha,bandpower,FC3,Alpha,,frontal_bilateral,0.0,0.0,46
211-000544,1,NEUTRO,51,FC3_Beta,bandpower,FC3,Beta,,frontal_bilateral,0.0,0.0,46
211-000544,1,NEUTRO,52,F3_Alpha,bandpower,F3,Alpha,,frontal_bilateral,0.0,0.0,46
211-000544,1,NEUTRO,53,F3_Beta,bandpower,F3,Beta,,frontal_bilateral,0.0,0.0,46
211-000544,1,NEUTRO,54,Fp2_Alpha,bandpower,Fp2,Alpha,,frontal_bilateral,0.0,0.0,46
211-000544,1,NEUTRO,55,Fp2_Beta,bandpower,Fp2,Beta,,frontal_bilateral,0.0,0.0,46
211-000544,1,NEUTRO,56,F7_Alpha,bandpower,F7,Alpha,,frontal_inferior_left,0.0,0.0,46
211-000544,1,NEUTRO,57,F7_Beta,bandpower,F7,Beta,,frontal_inferior_left,0.6364400352041335,0.6364400352041335,46
211-000544,1,NEUTRO,58,Fp1_Alpha,bandpower,Fp1,Alpha,,frontal_bilateral,0.0,0.0,46
211-000544,1,NEUTRO,59,Fp1_Beta,bandpower,Fp1,Beta,,frontal_bilateral,0.0017207212039347926,0.0012299256332542947,46
211-000544,1,NEUTRO,60,PO5_Alpha,bandpower,PO5,Alpha,,other,0.0,0.0,46
211-000544,1,NEUTRO,61,PO5_Beta,bandpower,PO5,Beta,,other,0.0,0.0,46
211-000544,1,NEUTRO,62,PO3_Alpha,bandpower,PO3,Alpha,,occipital,0.0,0.0,46
211-000544,1,NEUTRO,63,PO3_Beta,bandpower,PO3,Beta,,occipital,0.0,0.0,46
211-000544,1,NEUTRO,64,P1_Alpha,bandpower,P1,Alpha,,other,0.0,0.0,46
211-000544,1,NEUTRO,65,P1_Beta,bandpower,P1,Beta,,other,0.0,0.0,46
211-000544,1,NEUTRO,66,POz_Alpha,bandpower,POz,Alpha,,occipital,0.0,0.0,46
211-000544,1,NEUTRO,67,POz_Beta,bandpower,POz,Beta,,occipital,0.0,0.0,46
211-000544,1,NEUTRO,68,P2_Alpha,bandpower,P2,Alpha,,other,0.0,0.0,46
211-000544,1,NEUTRO,69,P2_Beta,bandpower,P2,Beta,,other,0.0,0.0,46
211-000544,1,NEUTRO,70,PO4_Alpha,bandpower,PO4,Alpha,,occipital,0.0,0.0,46
211-000544,1,NEUTRO,71,PO4_Beta,bandpower,PO4,Beta,,occipital,0.0,0.0,46
211-000544,1,NEUTRO,72,CP2_Alpha,bandpower,CP2,Alpha,,other,0.0,0.0,46
211-000544,1,NEUTRO,73,CP2_Beta,bandpower,CP2,Beta,,other,0.0,0.0,46
211-000544,1,NEUTRO,74,P6_Alpha,bandpower,P6,Alpha,,temporal_right,0.0,0.0,46
211-000544,1,NEUTRO,75,P6_Beta,bandpower,P6,Beta,,temporal_right,0.0,0.0,46
211-000544,1,NEUTRO,76,PO6_Alpha,bandpower,PO6,Alpha,,other,0.0,0.0,46
211-000544,1,NEUTRO,77,PO6_Beta,bandpower,PO6,Beta,,other,0.0,0.0,46
211-000544,1,NEUTRO,78,CP6_Alpha,bandpower,CP6,Alpha,,temporal_right,0.0,0.0,46
211-000544,1,NEUTRO,79,CP6_Beta,bandpower,CP6,Beta,,temporal_right,0.0,0.0,46
211-000544,1,NEUTRO,80,C6_Alpha,bandpower,C6,Alpha,,temporal_right,0.0,0.0,46
211-000544,1,NEUTRO,81,C6_Beta,bandpower,C6,Beta,,temporal_right,0.0,0.0,46
211-000544,1,NEUTRO,82,PO8_Alpha,bandpower,PO8,Alpha,,occipital,0.0,0.0,46
211-000544,1,NEUTRO,83,PO8_Beta,bandpower,PO8,Beta,,occipital,0.0,0.0,46
211-000544,1,NEUTRO,84,PO7_Alpha,bandpower,PO7,Alpha,,occipital,0.0,0.0,46
211-000544,1,NEUTRO,85,PO7_Beta,bandpower,PO7,Beta,,occipital,0.0,0.0,46
211-000544,1,NEUTRO,86,P5_Alpha,bandpower,P5,Alpha,,temporal_left,0.0,0.0,46
211-000544,1,NEUTRO,87,P5_Beta,bandpower,P5,Beta,,temporal_left,0.0,0.0,46
211-000544,1,NEUTRO,88,CP5_Alpha,bandpower,CP5,Alpha,,temporal_left,0.0,0.0,46
211-000544,1,NEUTRO,89,CP5_Beta,bandpower,CP5,Beta,,temporal_left,0.0,0.0,46
211-000544,1,NEUTRO,90,CP1_Alpha,bandpower,CP1,Alpha,,other,0.0,0.0,46
211-000544,1,NEUTRO,91,CP1_Beta,bandpower,CP1,Beta,,other,0.0,0.0,46
211-000544,1,NEUTRO,92,C1_Alpha,bandpower,C1,Alpha,,other,0.0,0.0,46
211-000544,1,NEUTRO,93,C1_Beta,bandpower,C1,Beta,,other,0.0,0.0,46
211-000544,1,NEUTRO,94,C2_Alpha,bandpower,C2,Alpha,,other,0.0,0.0,46
211-000544,1,NEUTRO,95,C2_Beta,bandpower,C2,Beta,,other,0.0,0.0,46
211-000544,1,NEUTRO,96,FC2_Alpha,bandpower,FC2,Alpha,,other,0.0,0.0,46
211-000544,1,NEUTRO,97,FC2_Beta,bandpower,FC2,Beta,,other,0.0,0.0,46
211-000544,1,NEUTRO,98,FC6_Alpha,bandpower,FC6,Alpha,,other,0.0,0.0,46
211-000544,1,NEUTRO,99,FC6_Beta,bandpower,FC6,Beta,,other,0.0,0.0,46
211-000544,1,NEUTRO,100,C5_Alpha,bandpower,C5,Alpha,,temporal_left,0.0,0.0,46
211-000544,1,NEUTRO,101,C5_Beta,bandpower,C5,Beta,,temporal_left,0.0,0.0,46
211-000544,1,NEUTRO,102,FC1_Alpha,bandpower,FC1,Alpha,,other,0.0,0.0,46
211-000544,1,NEUTRO,103,FC1_Beta,bandpower,FC1,Beta,,other,0.0,0.0,46
211-000544,1,NEUTRO,104,F2_Alpha,bandpower,F2,Alpha,,frontal_bilateral,0.0,0.0,46
211-000544,1,NEUTRO,105,F2_Beta,bandpower,F2,Beta,,frontal_bilateral,0.0,0.0,46
211-000544,1,NEUTRO,106,F6_Alpha,bandpower,F6,Alpha,,other,0.0,0.0,46
211-000544,1,NEUTRO,107,F6_Beta,bandpower,F6,Beta,,other,0.0,0.0,46
211-000544,1,NEUTRO,108,FC5_Alpha,bandpower,FC5,Alpha,,frontal_inferior_left,0.0,0.0,46
211-000544,1,NEUTRO,109,FC5_Beta,bandpower,FC5,Beta,,frontal_inferior_left,0.07197646537353226,0.052185917700871484,46
211-000544,1,NEUTRO,110,F1_Alpha,bandpower,F1,Alpha,,frontal_bilateral,0.0,0.0,46
211-000544,1,NEUTRO,111,F1_Beta,bandpower,F1,Beta,,frontal_bilateral,0.0,0.0,46
211-000544,1,NEUTRO,112,AF4_Alpha,bandpower,AF4,Alpha,,frontal_bilateral,0.0,0.0,46
211-000544,1,NEUTRO,113,AF4_Beta,bandpower,AF4,Beta,,frontal_bilateral,0.3141309565507143,0.3133663958455101,46
211-000544,1,NEUTRO,114,AF8_Alpha,bandpower,AF8,Alpha,,frontal_bilateral,0.0,0.0,46
211-000544,1,NEUTRO,115,AF8_Beta,bandpower,AF8,Beta,,frontal_bilateral,0.0,0.0,46
211-000544,1,NEUTRO,116,F5_Alpha,bandpower,F5,Alpha,,frontal_inferior_left,0.0,0.0,46
211-000544,1,NEUTRO,117,F5_Beta,bandpower,F5,Beta,,frontal_inferior_left,0.7200831122107536,0.7200831122107536,46
211-000544,1,NEUTRO,118,AF7_Alpha,bandpower,AF7,Alpha,,frontal_bilateral,0.04290877542905139,0.033330682853837605,46
211-000544,1,NEUTRO,119,AF7_Beta,bandpower,AF7,Beta,,frontal_bilateral,0.6037681751291095,0.6037681751291095,46
211-000544,1,NEUTRO,120,AF3_Alpha,bandpower,AF3,Alpha,,frontal_bilateral,0.0,0.0,46
211-000544,1,NEUTRO,121,AF3_Beta,bandpower,AF3,Beta,,frontal_bilateral,0.018332251829712248,0.015016264559628702,46
211-000544,1,NEUTRO,122,Fpz_Alpha,bandpower,Fpz,Alpha,,frontal_bilateral,0.4112798848155936,0.3390841344435693,46
211-000544,1,NEUTRO,123,Fpz_Beta,bandpower,Fpz,Beta,,frontal_bilateral,0.8729436399534173,0.8729436399534173,46
211-000544,1,NEUTRO,124,AlphaAsym_Fp2-Fp1,AlphaAsym,,,Fp2-Fp1,,0.0,0.0,46
211-000544,1,NEUTRO,125,AlphaAsym_AF8-AF7,AlphaAsym,,,AF8-AF7,,0.011720323241210638,0.0028701317557959334,46
211-000544,1,NEUTRO,126,AlphaAsym_AF4-AF3,AlphaAsym,,,AF4-AF3,,0.0,0.0,46
211-000544,1,NEUTRO,127,AlphaAsym_F8-F7,AlphaAsym,,,F8-F7,,0.07500071732235589,0.05399070937979329,46
211-000544,1,NEUTRO,128,AlphaAsym_F6-F5,AlphaAsym,,,F6-F5,,0.0014422151276128785,0.0002673991872922976,46
211-000544,1,NEUTRO,129,AlphaAsym_F4-F3,AlphaAsym,,,F4-F3,,0.0,0.0,46
211-000544,1,NEUTRO,130,AlphaAsym_F2-F1,AlphaAsym,,,F2-F1,,0.0,0.0,46
211-000544,1,NEUTRO,131,AlphaAsym_FC6-FC5,AlphaAsym,,,FC6-FC5,,0.13060236001282716,0.07237103320577645,46
211-000544,1,NEUTRO,132,AlphaAsym_FC4-FC3,AlphaAsym,,,FC4-FC3,,0.0,0.0,46
211-000544,1,NEUTRO,133,AlphaAsym_FC2-FC1,AlphaAsym,,,FC2-FC1,,0.0,0.0,46
211-000544,1,NEUTRO,134,AlphaAsym_T8-T7,AlphaAsym,,,T8-T7,,0.0,0.0,46
211-000544,1,NEUTRO,135,AlphaAsym_C6-C5,AlphaAsym,,,C6-C5,,0.0,0.0,46
211-000544,1,NEUTRO,136,AlphaAsym_C4-C3,AlphaAsym,,,C4-C3,,0.0,0.0,46
211-000544,1,NEUTRO,137,AlphaAsym_C2-C1,AlphaAsym,,,C2-C1,,0.0,0.0,46
211-000544,1,NEUTRO,138,AlphaAsym_TP8-TP7,AlphaAsym,,,TP8-TP7,,0.0,0.0,46
211-000544,1,NEUTRO,139,AlphaAsym_CP6-CP5,AlphaAsym,,,CP6-CP5,,0.0,0.0,46
211-000544,1,NEUTRO,140,AlphaAsym_CP4-CP3,AlphaAsym,,,CP4-CP3,,0.0,0.0,46
211-000544,1,NEUTRO,141,AlphaAsym_CP2-CP1,AlphaAsym,,,CP2-CP1,,0.0,0.0,46
211-000544,1,NEUTRO,142,AlphaAsym_P8-P7,AlphaAsym,,,P8-P7,,0.0,0.0,46
211-000544,1,NEUTRO,143,AlphaAsym_P6-P5,AlphaAsym,,,P6-P5,,0.0,0.0,46
211-000544,1,NEUTRO,144,AlphaAsym_P4-P3,AlphaAsym,,,P4-P3,,0.0,0.0,46
211-000544,1,NEUTRO,145,AlphaAsym_P2-P1,AlphaAsym,,,P2-P1,,0.0,0.0,46
211-000544,1,NEUTRO,146,AlphaAsym_PO8-PO7,AlphaAsym,,,PO8-PO7,,0.0,0.0,46
211-000544,1,NEUTRO,147,AlphaAsym_PO6-PO5,AlphaAsym,,,PO6-PO5,,0.0,0.0,46
211-000544,1,NEUTRO,148,AlphaAsym_PO4-PO3,AlphaAsym,,,PO4-PO3,,0.0,0.0,46
211-000544,1,NEUTRO,149,AlphaAsym_O2-O1,AlphaAsym,,,O2-O1,,0.0,0.0,46
211-000544,2,SAD,0,O2_Alpha,bandpower,O2,Alpha,,occipital,0.0,0.0,47
211-000544,2,SAD,1,O2_Beta,bandpower,O2,Beta,,occipital,0.0,0.0,47
211-000544,2,SAD,2,O1_Alpha,bandpower,O1,Alpha,,occipital,0.0,0.0,47
211-000544,2,SAD,3,O1_Beta,bandpower,O1,Beta,,occipital,0.06614886823306763,-0.0027284958511740566,47
211-000544,2,SAD,4,Oz_Alpha,bandpower,Oz,Alpha,,occipital,0.006609112923264604,-0.004797647283956152,47
211-000544,2,SAD,5,Oz_Beta,bandpower,Oz,Beta,,occipital,0.0,0.0,47
211-000544,2,SAD,6,Pz_Alpha,bandpower,Pz,Alpha,,parietal_midline,0.0,0.0,47
211-000544,2,SAD,7,Pz_Beta,bandpower,Pz,Beta,,parietal_midline,0.0,0.0,47
211-000544,2,SAD,8,P4_Alpha,bandpower,P4,Alpha,,other,0.0,0.0,47
211-000544,2,SAD,9,P4_Beta,bandpower,P4,Beta,,other,0.0,0.0,47
211-000544,2,SAD,10,CP4_Alpha,bandpower,CP4,Alpha,,temporal_right,0.003090369238318381,-0.002969307187114645,47
211-000544,2,SAD,11,CP4_Beta,bandpower,CP4,Beta,,temporal_right,0.0,0.0,47
211-000544,2,SAD,12,P8_Alpha,bandpower,P8,Alpha,,temporal_right,0.0,0.0,47
211-000544,2,SAD,13,P8_Beta,bandpower,P8,Beta,,temporal_right,0.0,0.0,47
211-000544,2,SAD,14,C4_Alpha,bandpower,C4,Alpha,,other,0.0,0.0,47
211-000544,2,SAD,15,C4_Beta,bandpower,C4,Beta,,other,0.0,0.0,47
211-000544,2,SAD,16,TP8_Alpha,bandpower,TP8,Alpha,,temporal_right,0.0006669961351442379,0.00015025246027606972,47
211-000544,2,SAD,17,TP8_Beta,bandpower,TP8,Beta,,temporal_right,0.0631064573540145,0.04542071086981952,47
211-000544,2,SAD,18,T8_Alpha,bandpower,T8,Alpha,,temporal_right,0.0,0.0,47
211-000544,2,SAD,19,T8_Beta,bandpower,T8,Beta,,temporal_right,0.0,0.0,47
211-000544,2,SAD,20,P7_Alpha,bandpower,P7,Alpha,,temporal_left,0.0,0.0,47
211-000544,2,SAD,21,P7_Beta,bandpower,P7,Beta,,temporal_left,0.0,0.0,47
211-000544,2,SAD,22,P3_Alpha,bandpower,P3,Alpha,,centro_parietal_left,0.0,0.0,47
211-000544,2,SAD,23,P3_Beta,bandpower,P3,Beta,,centro_parietal_left,0.0,0.0,47
211-000544,2,SAD,24,CP3_Alpha,bandpower,CP3,Alpha,,temporal_left,0.0,0.0,47
211-000544,2,SAD,25,CP3_Beta,bandpower,CP3,Beta,,temporal_left,0.0,0.0,47
211-000544,2,SAD,26,CPz_Alpha,bandpower,CPz,Alpha,,parietal_midline,0.0,0.0,47
211-000544,2,SAD,27,CPz_Beta,bandpower,CPz,Beta,,parietal_midline,0.043281445865557135,-0.04147593688231971,47
211-000544,2,SAD,28,Cz_Alpha,bandpower,Cz,Alpha,,parietal_midline,0.0,0.0,47
211-000544,2,SAD,29,Cz_Beta,bandpower,Cz,Beta,,parietal_midline,0.0,0.0,47
211-000544,2,SAD,30,FC4_Alpha,bandpower,FC4,Alpha,,frontal_bilateral,0.004263000287926886,0.003524270985874143,47
211-000544,2,SAD,31,FC4_Beta,bandpower,FC4,Beta,,frontal_bilateral,0.056742383579375034,0.02933282137767529,47
211-000544,2,SAD,32,FT8_Alpha,bandpower,FT8,Alpha,,temporal_right,0.0,0.0,47
211-000544,2,SAD,33,FT8_Beta,bandpower,FT8,Beta,,temporal_right,0.0,0.0,47
211-000544,2,SAD,34,TP7_Alpha,bandpower,TP7,Alpha,,temporal_left,0.0,0.0,47
211-000544,2,SAD,35,TP7_Beta,bandpower,TP7,Beta,,temporal_left,0.0,0.0,47
211-000544,2,SAD,36,C3_Alpha,bandpower,C3,Alpha,,centro_parietal_left,0.0,0.0,47
211-000544,2,SAD,37,C3_Beta,bandpower,C3,Beta,,centro_parietal_left,0.0033344731696208843,-0.0011744548387788145,47
211-000544,2,SAD,38,FCz_Alpha,bandpower,FCz,Alpha,,frontal_bilateral,0.0,0.0,47
211-000544,2,SAD,39,FCz_Beta,bandpower,FCz,Beta,,frontal_bilateral,0.0,0.0,47
211-000544,2,SAD,40,Fz_Alpha,bandpower,Fz,Alpha,,frontal_bilateral,0.0,0.0,47
211-000544,2,SAD,41,Fz_Beta,bandpower,Fz,Beta,,frontal_bilateral,0.0,0.0,47
211-000544,2,SAD,42,F4_Alpha,bandpower,F4,Alpha,,frontal_bilateral,0.0,0.0,47
211-000544,2,SAD,43,F4_Beta,bandpower,F4,Beta,,frontal_bilateral,0.0,0.0,47
211-000544,2,SAD,44,F8_Alpha,bandpower,F8,Alpha,,other,0.0,0.0,47
211-000544,2,SAD,45,F8_Beta,bandpower,F8,Beta,,other,0.0,0.0,47
211-000544,2,SAD,46,T7_Alpha,bandpower,T7,Alpha,,temporal_left,0.16458380343874005,0.12758095500327551,47
211-000544,2,SAD,47,T7_Beta,bandpower,T7,Beta,,temporal_left,0.17386874768532598,0.15406217144705078,47
211-000544,2,SAD,48,FT7_Alpha,bandpower,FT7,Alpha,,temporal_left,0.28646520491044797,0.2575845901575375,47
211-000544,2,SAD,49,FT7_Beta,bandpower,FT7,Beta,,temporal_left,0.09447483572797363,0.09025463024495463,47
211-000544,2,SAD,50,FC3_Alpha,bandpower,FC3,Alpha,,frontal_bilateral,0.0,0.0,47
211-000544,2,SAD,51,FC3_Beta,bandpower,FC3,Beta,,frontal_bilateral,0.0,0.0,47
211-000544,2,SAD,52,F3_Alpha,bandpower,F3,Alpha,,frontal_bilateral,0.0,0.0,47
211-000544,2,SAD,53,F3_Beta,bandpower,F3,Beta,,frontal_bilateral,0.0,0.0,47
211-000544,2,SAD,54,Fp2_Alpha,bandpower,Fp2,Alpha,,frontal_bilateral,0.0,0.0,47
211-000544,2,SAD,55,Fp2_Beta,bandpower,Fp2,Beta,,frontal_bilateral,0.0,0.0,47
211-000544,2,SAD,56,F7_Alpha,bandpower,F7,Alpha,,frontal_inferior_left,0.3615523914352739,0.34999431543368287,47
211-000544,2,SAD,57,F7_Beta,bandpower,F7,Beta,,frontal_inferior_left,0.4040996745520865,0.4040996745520865,47
211-000544,2,SAD,58,Fp1_Alpha,bandpower,Fp1,Alpha,,frontal_bilateral,0.005771168951715772,0.00012450127607431497,47
211-000544,2,SAD,59,Fp1_Beta,bandpower,Fp1,Beta,,frontal_bilateral,0.0,0.0,47
211-000544,2,SAD,60,PO5_Alpha,bandpower,PO5,Alpha,,other,0.03251011657296537,0.016873004654933653,47
211-000544,2,SAD,61,PO5_Beta,bandpower,PO5,Beta,,other,0.012703985723228062,-0.0024329965020126365,47
211-000544,2,SAD,62,PO3_Alpha,bandpower,PO3,Alpha,,occipital,0.0,0.0,47
211-000544,2,SAD,63,PO3_Beta,bandpower,PO3,Beta,,occipital,0.0,0.0,47
211-000544,2,SAD,64,P1_Alpha,bandpower,P1,Alpha,,other,0.125761422956958,0.10862017082596617,47
211-000544,2,SAD,65,P1_Beta,bandpower,P1,Beta,,other,0.1261682719116761,0.09711535944200815,47
211-000544,2,SAD,66,POz_Alpha,bandpower,POz,Alpha,,occipital,0.0,0.0,47
211-000544,2,SAD,67,POz_Beta,bandpower,POz,Beta,,occipital,0.26898901919514623,0.08897751866032241,47
211-000544,2,SAD,68,P2_Alpha,bandpower,P2,Alpha,,other,0.0,0.0,47
211-000544,2,SAD,69,P2_Beta,bandpower,P2,Beta,,other,0.0,0.0,47
211-000544,2,SAD,70,PO4_Alpha,bandpower,PO4,Alpha,,occipital,0.0,0.0,47
211-000544,2,SAD,71,PO4_Beta,bandpower,PO4,Beta,,occipital,0.0,0.0,47
211-000544,2,SAD,72,CP2_Alpha,bandpower,CP2,Alpha,,other,0.0,0.0,47
211-000544,2,SAD,73,CP2_Beta,bandpower,CP2,Beta,,other,0.0,0.0,47
211-000544,2,SAD,74,P6_Alpha,bandpower,P6,Alpha,,temporal_right,0.0,0.0,47
211-000544,2,SAD,75,P6_Beta,bandpower,P6,Beta,,temporal_right,0.0,0.0,47
211-000544,2,SAD,76,PO6_Alpha,bandpower,PO6,Alpha,,other,0.0,0.0,47
211-000544,2,SAD,77,PO6_Beta,bandpower,PO6,Beta,,other,0.0,0.0,47
211-000544,2,SAD,78,CP6_Alpha,bandpower,CP6,Alpha,,temporal_right,0.0,0.0,47
211-000544,2,SAD,79,CP6_Beta,bandpower,CP6,Beta,,temporal_right,0.0,0.0,47
211-000544,2,SAD,80,C6_Alpha,bandpower,C6,Alpha,,temporal_right,0.0,0.0,47
211-000544,2,SAD,81,C6_Beta,bandpower,C6,Beta,,temporal_right,0.0,0.0,47
211-000544,2,SAD,82,PO8_Alpha,bandpower,PO8,Alpha,,occipital,0.0,0.0,47
211-000544,2,SAD,83,PO8_Beta,bandpower,PO8,Beta,,occipital,0.0,0.0,47
211-000544,2,SAD,84,PO7_Alpha,bandpower,PO7,Alpha,,occipital,0.020305929196729855,0.011132311401724014,47
211-000544,2,SAD,85,PO7_Beta,bandpower,PO7,Beta,,occipital,0.03631797699463248,0.02494807446576846,47
211-000544,2,SAD,86,P5_Alpha,bandpower,P5,Alpha,,temporal_left,0.0,0.0,47
211-000544,2,SAD,87,P5_Beta,bandpower,P5,Beta,,temporal_left,0.0,0.0,47
211-000544,2,SAD,88,CP5_Alpha,bandpower,CP5,Alpha,,temporal_left,0.0,0.0,47
211-000544,2,SAD,89,CP5_Beta,bandpower,CP5,Beta,,temporal_left,0.0,0.0,47
211-000544,2,SAD,90,CP1_Alpha,bandpower,CP1,Alpha,,other,0.0,0.0,47
211-000544,2,SAD,91,CP1_Beta,bandpower,CP1,Beta,,other,0.0,0.0,47
211-000544,2,SAD,92,C1_Alpha,bandpower,C1,Alpha,,other,0.0,0.0,47
211-000544,2,SAD,93,C1_Beta,bandpower,C1,Beta,,other,0.0,0.0,47
211-000544,2,SAD,94,C2_Alpha,bandpower,C2,Alpha,,other,0.0,0.0,47
211-000544,2,SAD,95,C2_Beta,bandpower,C2,Beta,,other,0.0,0.0,47
211-000544,2,SAD,96,FC2_Alpha,bandpower,FC2,Alpha,,other,0.0,0.0,47
211-000544,2,SAD,97,FC2_Beta,bandpower,FC2,Beta,,other,0.0,0.0,47
211-000544,2,SAD,98,FC6_Alpha,bandpower,FC6,Alpha,,other,0.0,0.0,47
211-000544,2,SAD,99,FC6_Beta,bandpower,FC6,Beta,,other,0.0,0.0,47
211-000544,2,SAD,100,C5_Alpha,bandpower,C5,Alpha,,temporal_left,0.01731482154068965,0.006854630207434071,47
211-000544,2,SAD,101,C5_Beta,bandpower,C5,Beta,,temporal_left,0.0,0.0,47
211-000544,2,SAD,102,FC1_Alpha,bandpower,FC1,Alpha,,other,0.0,0.0,47
211-000544,2,SAD,103,FC1_Beta,bandpower,FC1,Beta,,other,0.0,0.0,47
211-000544,2,SAD,104,F2_Alpha,bandpower,F2,Alpha,,frontal_bilateral,0.0,0.0,47
211-000544,2,SAD,105,F2_Beta,bandpower,F2,Beta,,frontal_bilateral,0.0,0.0,47
211-000544,2,SAD,106,F6_Alpha,bandpower,F6,Alpha,,other,0.0,0.0,47
211-000544,2,SAD,107,F6_Beta,bandpower,F6,Beta,,other,0.0,0.0,47
211-000544,2,SAD,108,FC5_Alpha,bandpower,FC5,Alpha,,frontal_inferior_left,0.0,0.0,47
211-000544,2,SAD,109,FC5_Beta,bandpower,FC5,Beta,,frontal_inferior_left,0.0,0.0,47
211-000544,2,SAD,110,F1_Alpha,bandpower,F1,Alpha,,frontal_bilateral,0.0,0.0,47
211-000544,2,SAD,111,F1_Beta,bandpower,F1,Beta,,frontal_bilateral,0.009154873015471379,-0.004249808021444349,47
211-000544,2,SAD,112,AF4_Alpha,bandpower,AF4,Alpha,,frontal_bilateral,0.0,0.0,47
211-000544,2,SAD,113,AF4_Beta,bandpower,AF4,Beta,,frontal_bilateral,0.0,0.0,47
211-000544,2,SAD,114,AF8_Alpha,bandpower,AF8,Alpha,,frontal_bilateral,0.0,0.0,47
211-000544,2,SAD,115,AF8_Beta,bandpower,AF8,Beta,,frontal_bilateral,0.0,0.0,47
211-000544,2,SAD,116,F5_Alpha,bandpower,F5,Alpha,,frontal_inferior_left,0.10402409905544807,0.08798080875908433,47
211-000544,2,SAD,117,F5_Beta,bandpower,F5,Beta,,frontal_inferior_left,0.04522972320054308,0.04161004261088202,47
211-000544,2,SAD,118,AF7_Alpha,bandpower,AF7,Alpha,,frontal_bilateral,0.0,0.0,47
211-000544,2,SAD,119,AF7_Beta,bandpower,AF7,Beta,,frontal_bilateral,0.0,0.0,47
211-000544,2,SAD,120,AF3_Alpha,bandpower,AF3,Alpha,,frontal_bilateral,0.0,0.0,47
211-000544,2,SAD,121,AF3_Beta,bandpower,AF3,Beta,,frontal_bilateral,0.0,0.0,47
211-000544,2,SAD,122,Fpz_Alpha,bandpower,Fpz,Alpha,,frontal_bilateral,0.01983240763261533,0.01839810491711966,47
211-000544,2,SAD,123,Fpz_Beta,bandpower,Fpz,Beta,,frontal_bilateral,0.2167597712137473,0.20361166544408899,47
211-000544,2,SAD,124,AlphaAsym_Fp2-Fp1,AlphaAsym,,,Fp2-Fp1,,0.0,0.0,47
211-000544,2,SAD,125,AlphaAsym_AF8-AF7,AlphaAsym,,,AF8-AF7,,0.09799457620757004,0.058667824883536494,47
211-000544,2,SAD,126,AlphaAsym_AF4-AF3,AlphaAsym,,,AF4-AF3,,0.0,0.0,47
211-000544,2,SAD,127,AlphaAsym_F8-F7,AlphaAsym,,,F8-F7,,0.028641732809377277,0.009398858101051566,47
211-000544,2,SAD,128,AlphaAsym_F6-F5,AlphaAsym,,,F6-F5,,0.0,0.0,47
211-000544,2,SAD,129,AlphaAsym_F4-F3,AlphaAsym,,,F4-F3,,0.0,0.0,47
211-000544,2,SAD,130,AlphaAsym_F2-F1,AlphaAsym,,,F2-F1,,0.0,0.0,47
211-000544,2,SAD,131,AlphaAsym_FC6-FC5,AlphaAsym,,,FC6-FC5,,0.0,0.0,47
211-000544,2,SAD,132,AlphaAsym_FC4-FC3,AlphaAsym,,,FC4-FC3,,0.011052082128264541,-0.0006558077467146487,47
211-000544,2,SAD,133,AlphaAsym_FC2-FC1,AlphaAsym,,,FC2-FC1,,0.0,0.0,47
211-000544,2,SAD,134,AlphaAsym_T8-T7,AlphaAsym,,,T8-T7,,0.0038836563787672915,0.000867964716315525,47
211-000544,2,SAD,135,AlphaAsym_C6-C5,AlphaAsym,,,C6-C5,,0.0,0.0,47
211-000544,2,SAD,136,AlphaAsym_C4-C3,AlphaAsym,,,C4-C3,,0.0,0.0,47
211-000544,2,SAD,137,AlphaAsym_C2-C1,AlphaAsym,,,C2-C1,,0.0,0.0,47
211-000544,2,SAD,138,AlphaAsym_TP8-TP7,AlphaAsym,,,TP8-TP7,,0.0,0.0,47
211-000544,2,SAD,139,AlphaAsym_CP6-CP5,AlphaAsym,,,CP6-CP5,,0.0,0.0,47
211-000544,2,SAD,140,AlphaAsym_CP4-CP3,AlphaAsym,,,CP4-CP3,,0.0,0.0,47
211-000544,2,SAD,141,AlphaAsym_CP2-CP1,AlphaAsym,,,CP2-CP1,,0.0,0.0,47
211-000544,2,SAD,142,AlphaAsym_P8-P7,AlphaAsym,,,P8-P7,,0.0,0.0,47
211-000544,2,SAD,143,AlphaAsym_P6-P5,AlphaAsym,,,P6-P5,,0.0,0.0,47
211-000544,2,SAD,144,AlphaAsym_P4-P3,AlphaAsym,,,P4-P3,,0.0,0.0,47
211-000544,2,SAD,145,AlphaAsym_P2-P1,AlphaAsym,,,P2-P1,,0.002295763156619336,-0.0013051990861617413,47
211-000544,2,SAD,146,AlphaAsym_PO8-PO7,AlphaAsym,,,PO8-PO7,,0.0,0.0,47
211-000544,2,SAD,147,AlphaAsym_PO6-PO5,AlphaAsym,,,PO6-PO5,,0.0,0.0,47
211-000544,2,SAD,148,AlphaAsym_PO4-PO3,AlphaAsym,,,PO4-PO3,,0.0,0.0,47
211-000544,2,SAD,149,AlphaAsym_O2-O1,AlphaAsym,,,O2-O1,,0.0,0.0,47
211-000545,0,JOY,0,O2_Alpha,bandpower,O2,Alpha,,occipital,0.0,0.0,44
211-000545,0,JOY,1,O2_Beta,bandpower,O2,Beta,,occipital,0.002230517763149996,0.0013184417223699142,44
211-000545,0,JOY,2,O1_Alpha,bandpower,O1,Alpha,,occipital,0.0,0.0,44
211-000545,0,JOY,3,O1_Beta,bandpower,O1,Beta,,occipital,0.0,0.0,44
211-000545,0,JOY,4,Oz_Alpha,bandpower,Oz,Alpha,,occipital,0.0,0.0,44
211-000545,0,JOY,5,Oz_Beta,bandpower,Oz,Beta,,occipital,0.0,0.0,44
211-000545,0,JOY,6,Pz_Alpha,bandpower,Pz,Alpha,,parietal_midline,0.0,0.0,44
211-000545,0,JOY,7,Pz_Beta,bandpower,Pz,Beta,,parietal_midline,0.0,0.0,44
211-000545,0,JOY,8,P4_Alpha,bandpower,P4,Alpha,,other,0.0,0.0,44
211-000545,0,JOY,9,P4_Beta,bandpower,P4,Beta,,other,0.0,0.0,44
211-000545,0,JOY,10,CP4_Alpha,bandpower,CP4,Alpha,,temporal_right,0.0,0.0,44
211-000545,0,JOY,11,CP4_Beta,bandpower,CP4,Beta,,temporal_right,0.0,0.0,44
211-000545,0,JOY,12,P8_Alpha,bandpower,P8,Alpha,,temporal_right,0.0,0.0,44
211-000545,0,JOY,13,P8_Beta,bandpower,P8,Beta,,temporal_right,0.0,0.0,44
211-000545,0,JOY,14,C4_Alpha,bandpower,C4,Alpha,,other,0.0,0.0,44
211-000545,0,JOY,15,C4_Beta,bandpower,C4,Beta,,other,0.0,0.0,44
211-000545,0,JOY,16,TP8_Alpha,bandpower,TP8,Alpha,,temporal_right,0.0,0.0,44
211-000545,0,JOY,17,TP8_Beta,bandpower,TP8,Beta,,temporal_right,0.0,0.0,44
211-000545,0,JOY,18,T8_Alpha,bandpower,T8,Alpha,,temporal_right,0.0,0.0,44
211-000545,0,JOY,19,T8_Beta,bandpower,T8,Beta,,temporal_right,0.0,0.0,44
211-000545,0,JOY,20,P7_Alpha,bandpower,P7,Alpha,,temporal_left,0.0,0.0,44
211-000545,0,JOY,21,P7_Beta,bandpower,P7,Beta,,temporal_left,0.0,0.0,44
211-000545,0,JOY,22,P3_Alpha,bandpower,P3,Alpha,,centro_parietal_left,0.0,0.0,44
211-000545,0,JOY,23,P3_Beta,bandpower,P3,Beta,,centro_parietal_left,0.0,0.0,44
211-000545,0,JOY,24,CP3_Alpha,bandpower,CP3,Alpha,,temporal_left,0.0,0.0,44
211-000545,0,JOY,25,CP3_Beta,bandpower,CP3,Beta,,temporal_left,0.0,0.0,44
211-000545,0,JOY,26,CPz_Alpha,bandpower,CPz,Alpha,,parietal_midline,0.0032244274951105894,0.0022656666651316524,44
211-000545,0,JOY,27,CPz_Beta,bandpower,CPz,Beta,,parietal_midline,0.0,0.0,44
211-000545,0,JOY,28,Cz_Alpha,bandpower,Cz,Alpha,,parietal_midline,0.001273183531826802,0.001273183531826802,44
211-000545,0,JOY,29,Cz_Beta,bandpower,Cz,Beta,,parietal_midline,0.0,0.0,44
211-000545,0,JOY,30,FC4_Alpha,bandpower,FC4,Alpha,,frontal_bilateral,0.0,0.0,44
211-000545,0,JOY,31,FC4_Beta,bandpower,FC4,Beta,,frontal_bilateral,0.0,0.0,44
211-000545,0,JOY,32,FT8_Alpha,bandpower,FT8,Alpha,,temporal_right,0.0,0.0,44
211-000545,0,JOY,33,FT8_Beta,bandpower,FT8,Beta,,temporal_right,0.012035350763740661,0.005245275898499026,44
211-000545,0,JOY,34,TP7_Alpha,bandpower,TP7,Alpha,,temporal_left,0.0,0.0,44
211-000545,0,JOY,35,TP7_Beta,bandpower,TP7,Beta,,temporal_left,0.0,0.0,44
211-000545,0,JOY,36,C3_Alpha,bandpower,C3,Alpha,,centro_parietal_left,0.0,0.0,44
211-000545,0,JOY,37,C3_Beta,bandpower,C3,Beta,,centro_parietal_left,0.0,0.0,44
211-000545,0,JOY,38,FCz_Alpha,bandpower,FCz,Alpha,,frontal_bilateral,0.0,0.0,44
211-000545,0,JOY,39,FCz_Beta,bandpower,FCz,Beta,,frontal_bilateral,0.013092767517779285,0.0009948456580636874,44
211-000545,0,JOY,40,Fz_Alpha,bandpower,Fz,Alpha,,frontal_bilateral,0.0,0.0,44
211-000545,0,JOY,41,Fz_Beta,bandpower,Fz,Beta,,frontal_bilateral,0.0,0.0,44
211-000545,0,JOY,42,F4_Alpha,bandpower,F4,Alpha,,frontal_bilateral,0.0,0.0,44
211-000545,0,JOY,43,F4_Beta,bandpower,F4,Beta,,frontal_bilateral,0.17322592881055082,0.13952134093498428,44
211-000545,0,JOY,44,F8_Alpha,bandpower,F8,Alpha,,other,0.0,0.0,44
211-000545,0,JOY,45,F8_Beta,bandpower,F8,Beta,,other,0.004508554153381249,0.004508554153381249,44
211-000545,0,JOY,46,T7_Alpha,bandpower,T7,Alpha,,temporal_left,0.0,0.0,44
211-000545,0,JOY,47,T7_Beta,bandpower,T7,Beta,,temporal_left,0.0,0.0,44
211-000545,0,JOY,48,FT7_Alpha,bandpower,FT7,Alpha,,temporal_left,0.0,0.0,44
211-000545,0,JOY,49,FT7_Beta,bandpower,FT7,Beta,,temporal_left,0.00766114858776121,-0.0024691694423750288,44
211-000545,0,JOY,50,FC3_Alpha,bandpower,FC3,Alpha,,frontal_bilateral,0.0,0.0,44
211-000545,0,JOY,51,FC3_Beta,bandpower,FC3,Beta,,frontal_bilateral,0.0,0.0,44
211-000545,0,JOY,52,F3_Alpha,bandpower,F3,Alpha,,frontal_bilateral,0.0,0.0,44
211-000545,0,JOY,53,F3_Beta,bandpower,F3,Beta,,frontal_bilateral,0.0,0.0,44
211-000545,0,JOY,54,Fp2_Alpha,bandpower,Fp2,Alpha,,frontal_bilateral,0.0,0.0,44
211-000545,0,JOY,55,Fp2_Beta,bandpower,Fp2,Beta,,frontal_bilateral,0.4654979863714027,0.4191196777200583,44
211-000545,0,JOY,56,F7_Alpha,bandpower,F7,Alpha,,frontal_inferior_left,0.0,0.0,44
211-000545,0,JOY,57,F7_Beta,bandpower,F7,Beta,,frontal_inferior_left,0.0,0.0,44
211-000545,0,JOY,58,Fp1_Alpha,bandpower,Fp1,Alpha,,frontal_bilateral,0.0,0.0,44
211-000545,0,JOY,59,Fp1_Beta,bandpower,Fp1,Beta,,frontal_bilateral,0.0,0.0,44
211-000545,0,JOY,60,PO5_Alpha,bandpower,PO5,Alpha,,other,0.0,0.0,44
211-000545,0,JOY,61,PO5_Beta,bandpower,PO5,Beta,,other,0.0,0.0,44
211-000545,0,JOY,62,PO3_Alpha,bandpower,PO3,Alpha,,occipital,0.0,0.0,44
211-000545,0,JOY,63,PO3_Beta,bandpower,PO3,Beta,,occipital,0.0,0.0,44
211-000545,0,JOY,64,P1_Alpha,bandpower,P1,Alpha,,other,0.0,0.0,44
211-000545,0,JOY,65,P1_Beta,bandpower,P1,Beta,,other,0.0,0.0,44
211-000545,0,JOY,66,POz_Alpha,bandpower,POz,Alpha,,occipital,0.0,0.0,44
211-000545,0,JOY,67,POz_Beta,bandpower,POz,Beta,,occipital,0.0,0.0,44
211-000545,0,JOY,68,P2_Alpha,bandpower,P2,Alpha,,other,0.0,0.0,44
211-000545,0,JOY,69,P2_Beta,bandpower,P2,Beta,,other,0.0,0.0,44
211-000545,0,JOY,70,PO4_Alpha,bandpower,PO4,Alpha,,occipital,0.0,0.0,44
211-000545,0,JOY,71,PO4_Beta,bandpower,PO4,Beta,,occipital,0.0018863759554428802,0.001273615389208109,44
211-000545,0,JOY,72,CP2_Alpha,bandpower,CP2,Alpha,,other,0.0,0.0,44
211-000545,0,JOY,73,CP2_Beta,bandpower,CP2,Beta,,other,0.0,0.0,44
211-000545,0,JOY,74,P6_Alpha,bandpower,P6,Alpha,,temporal_right,0.0,0.0,44
211-000545,0,JOY,75,P6_Beta,bandpower,P6,Beta,,temporal_right,0.0,0.0,44
211-000545,0,JOY,76,PO6_Alpha,bandpower,PO6,Alpha,,other,0.0,0.0,44
211-000545,0,JOY,77,PO6_Beta,bandpower,PO6,Beta,,other,0.0,0.0,44
211-000545,0,JOY,78,CP6_Alpha,bandpower,CP6,Alpha,,temporal_right,0.0,0.0,44
211-000545,0,JOY,79,CP6_Beta,bandpower,CP6,Beta,,temporal_right,0.0,0.0,44
211-000545,0,JOY,80,C6_Alpha,bandpower,C6,Alpha,,temporal_right,0.0,0.0,44
211-000545,0,JOY,81,C6_Beta,bandpower,C6,Beta,,temporal_right,0.0,0.0,44
211-000545,0,JOY,82,PO8_Alpha,bandpower,PO8,Alpha,,occipital,0.0,0.0,44
211-000545,0,JOY,83,PO8_Beta,bandpower,PO8,Beta,,occipital,0.0,0.0,44
211-000545,0,JOY,84,PO7_Alpha,bandpower,PO7,Alpha,,occipital,0.11305174261459618,0.08536550080833594,44
211-000545,0,JOY,85,PO7_Beta,bandpower,PO7,Beta,,occipital,0.7402666635083797,0.7338248515520895,44
211-000545,0,JOY,86,P5_Alpha,bandpower,P5,Alpha,,temporal_left,0.0,0.0,44
211-000545,0,JOY,87,P5_Beta,bandpower,P5,Beta,,temporal_left,0.0,0.0,44
211-000545,0,JOY,88,CP5_Alpha,bandpower,CP5,Alpha,,temporal_left,0.0,0.0,44
211-000545,0,JOY,89,CP5_Beta,bandpower,CP5,Beta,,temporal_left,0.0,0.0,44
211-000545,0,JOY,90,CP1_Alpha,bandpower,CP1,Alpha,,other,0.0,0.0,44
211-000545,0,JOY,91,CP1_Beta,bandpower,CP1,Beta,,other,0.0,0.0,44
211-000545,0,JOY,92,C1_Alpha,bandpower,C1,Alpha,,other,0.0,0.0,44
211-000545,0,JOY,93,C1_Beta,bandpower,C1,Beta,,other,0.10421347123754822,0.03477447942709319,44
211-000545,0,JOY,94,C2_Alpha,bandpower,C2,Alpha,,other,0.0007006454014489458,0.00029489883031204566,44
211-000545,0,JOY,95,C2_Beta,bandpower,C2,Beta,,other,0.0,0.0,44
211-000545,0,JOY,96,FC2_Alpha,bandpower,FC2,Alpha,,other,0.0,0.0,44
211-000545,0,JOY,97,FC2_Beta,bandpower,FC2,Beta,,other,0.03571201412147707,0.023803900195913705,44
211-000545,0,JOY,98,FC6_Alpha,bandpower,FC6,Alpha,,other,0.0,0.0,44
211-000545,0,JOY,99,FC6_Beta,bandpower,FC6,Beta,,other,0.0,0.0,44
211-000545,0,JOY,100,C5_Alpha,bandpower,C5,Alpha,,temporal_left,0.0,0.0,44
211-000545,0,JOY,101,C5_Beta,bandpower,C5,Beta,,temporal_left,0.0,0.0,44
211-000545,0,JOY,102,FC1_Alpha,bandpower,FC1,Alpha,,other,0.0,0.0,44
211-000545,0,JOY,103,FC1_Beta,bandpower,FC1,Beta,,other,0.0,0.0,44
211-000545,0,JOY,104,F2_Alpha,bandpower,F2,Alpha,,frontal_bilateral,0.0,0.0,44
211-000545,0,JOY,105,F2_Beta,bandpower,F2,Beta,,frontal_bilateral,0.0,0.0,44
211-000545,0,JOY,106,F6_Alpha,bandpower,F6,Alpha,,other,0.0,0.0,44
211-000545,0,JOY,107,F6_Beta,bandpower,F6,Beta,,other,0.0,0.0,44
211-000545,0,JOY,108,FC5_Alpha,bandpower,FC5,Alpha,,frontal_inferior_left,0.0,0.0,44
211-000545,0,JOY,109,FC5_Beta,bandpower,FC5,Beta,,frontal_inferior_left,0.0,0.0,44
211-000545,0,JOY,110,F1_Alpha,bandpower,F1,Alpha,,frontal_bilateral,0.0,0.0,44
211-000545,0,JOY,111,F1_Beta,bandpower,F1,Beta,,frontal_bilateral,0.022783895249418516,0.005031994565162789,44
211-000545,0,JOY,112,AF4_Alpha,bandpower,AF4,Alpha,,frontal_bilateral,0.0,0.0,44
211-000545,0,JOY,113,AF4_Beta,bandpower,AF4,Beta,,frontal_bilateral,0.0,0.0,44
211-000545,0,JOY,114,AF8_Alpha,bandpower,AF8,Alpha,,frontal_bilateral,0.0,0.0,44
211-000545,0,JOY,115,AF8_Beta,bandpower,AF8,Beta,,frontal_bilateral,0.3589089552644381,0.3376746963456477,44
211-000545,0,JOY,116,F5_Alpha,bandpower,F5,Alpha,,frontal_inferior_left,0.0,0.0,44
211-000545,0,JOY,117,F5_Beta,bandpower,F5,Beta,,frontal_inferior_left,0.0,0.0,44
211-000545,0,JOY,118,AF7_Alpha,bandpower,AF7,Alpha,,frontal_bilateral,0.123834411362489,0.09044964929561071,44
211-000545,0,JOY,119,AF7_Beta,bandpower,AF7,Beta,,frontal_bilateral,0.8323995166188604,0.8261763652230002,44
211-000545,0,JOY,120,AF3_Alpha,bandpower,AF3,Alpha,,frontal_bilateral,0.0,0.0,44
211-000545,0,JOY,121,AF3_Beta,bandpower,AF3,Beta,,frontal_bilateral,0.0,0.0,44
211-000545,0,JOY,122,Fpz_Alpha,bandpower,Fpz,Alpha,,frontal_bilateral,0.0,0.0,44
211-000545,0,JOY,123,Fpz_Beta,bandpower,Fpz,Beta,,frontal_bilateral,0.0,0.0,44
211-000545,0,JOY,124,AlphaAsym_Fp2-Fp1,AlphaAsym,,,Fp2-Fp1,,0.023707927017163257,0.010364313479858271,44
211-000545,0,JOY,125,AlphaAsym_AF8-AF7,AlphaAsym,,,AF8-AF7,,0.0020747547958401584,-4.6555342697697135e-05,44
211-000545,0,JOY,126,AlphaAsym_AF4-AF3,AlphaAsym,,,AF4-AF3,,0.0,0.0,44
211-000545,0,JOY,127,AlphaAsym_F8-F7,AlphaAsym,,,F8-F7,,0.0,0.0,44
211-000545,0,JOY,128,AlphaAsym_F6-F5,AlphaAsym,,,F6-F5,,0.0,0.0,44
211-000545,0,JOY,129,AlphaAsym_F4-F3,AlphaAsym,,,F4-F3,,0.0,0.0,44
211-000545,0,JOY,130,AlphaAsym_F2-F1,AlphaAsym,,,F2-F1,,0.0,0.0,44
211-000545,0,JOY,131,AlphaAsym_FC6-FC5,AlphaAsym,,,FC6-FC5,,0.0,0.0,44
211-000545,0,JOY,132,AlphaAsym_FC4-FC3,AlphaAsym,,,FC4-FC3,,0.0,0.0,44
211-000545,0,JOY,133,AlphaAsym_FC2-FC1,AlphaAsym,,,FC2-FC1,,0.0,0.0,44
211-000545,0,JOY,134,AlphaAsym_T8-T7,AlphaAsym,,,T8-T7,,0.0,0.0,44
211-000545,0,JOY,135,AlphaAsym_C6-C5,AlphaAsym,,,C6-C5,,0.0,0.0,44
211-000545,0,JOY,136,AlphaAsym_C4-C3,AlphaAsym,,,C4-C3,,0.002864516492159581,0.00012541725020449363,44
211-000545,0,JOY,137,AlphaAsym_C2-C1,AlphaAsym,,,C2-C1,,0.05300146990215238,0.0010707604746963998,44
211-000545,0,JOY,138,AlphaAsym_TP8-TP7,AlphaAsym,,,TP8-TP7,,0.0,0.0,44
211-000545,0,JOY,139,AlphaAsym_CP6-CP5,AlphaAsym,,,CP6-CP5,,0.01888672795972125,0.0018264703117348532,44
211-000545,0,JOY,140,AlphaAsym_CP4-CP3,AlphaAsym,,,CP4-CP3,,0.0,0.0,44
211-000545,0,JOY,141,AlphaAsym_CP2-CP1,AlphaAsym,,,CP2-CP1,,0.0,0.0,44
211-000545,0,JOY,142,AlphaAsym_P8-P7,AlphaAsym,,,P8-P7,,0.0,0.0,44
211-000545,0,JOY,143,AlphaAsym_P6-P5,AlphaAsym,,,P6-P5,,0.009626281462015345,-0.008088357487031931,44
211-000545,0,JOY,144,AlphaAsym_P4-P3,AlphaAsym,,,P4-P3,,0.0,0.0,44
211-000545,0,JOY,145,AlphaAsym_P2-P1,AlphaAsym,,,P2-P1,,0.0,0.0,44
211-000545,0,JOY,146,AlphaAsym_PO8-PO7,AlphaAsym,,,PO8-PO7,,0.08512794534860817,0.03447912127767639,44
211-000545,0,JOY,147,AlphaAsym_PO6-PO5,AlphaAsym,,,PO6-PO5,,0.0,0.0,44
211-000545,0,JOY,148,AlphaAsym_PO4-PO3,AlphaAsym,,,PO4-PO3,,0.0,0.0,44
211-000545,0,JOY,149,AlphaAsym_O2-O1,AlphaAsym,,,O2-O1,,0.0,0.0,44
211-000545,1,NEUTRO,0,O2_Alpha,bandpower,O2,Alpha,,occipital,0.0,0.0,23
211-000545,1,NEUTRO,1,O2_Beta,bandpower,O2,Beta,,occipital,0.030575982460553684,0.016715687473217302,23
211-000545,1,NEUTRO,2,O1_Alpha,bandpower,O1,Alpha,,occipital,0.0,0.0,23
211-000545,1,NEUTRO,3,O1_Beta,bandpower,O1,Beta,,occipital,0.0,0.0,23
211-000545,1,NEUTRO,4,Oz_Alpha,bandpower,Oz,Alpha,,occipital,0.0,0.0,23
211-000545,1,NEUTRO,5,Oz_Beta,bandpower,Oz,Beta,,occipital,0.0,0.0,23
211-000545,1,NEUTRO,6,Pz_Alpha,bandpower,Pz,Alpha,,parietal_midline,0.0,0.0,23
211-000545,1,NEUTRO,7,Pz_Beta,bandpower,Pz,Beta,,parietal_midline,0.0,0.0,23
211-000545,1,NEUTRO,8,P4_Alpha,bandpower,P4,Alpha,,other,0.0,0.0,23
211-000545,1,NEUTRO,9,P4_Beta,bandpower,P4,Beta,,other,0.0,0.0,23
211-000545,1,NEUTRO,10,CP4_Alpha,bandpower,CP4,Alpha,,temporal_right,0.0,0.0,23
211-000545,1,NEUTRO,11,CP4_Beta,bandpower,CP4,Beta,,temporal_right,0.061720840502139364,0.045436891426974164,23
211-000545,1,NEUTRO,12,P8_Alpha,bandpower,P8,Alpha,,temporal_right,0.0,0.0,23
211-000545,1,NEUTRO,13,P8_Beta,bandpower,P8,Beta,,temporal_right,0.020662005326321172,0.016691369827225584,23
211-000545,1,NEUTRO,14,C4_Alpha,bandpower,C4,Alpha,,other,0.0,0.0,23
211-000545,1,NEUTRO,15,C4_Beta,bandpower,C4,Beta,,other,0.0,0.0,23
211-000545,1,NEUTRO,16,TP8_Alpha,bandpower,TP8,Alpha,,temporal_right,0.0,0.0,23
211-000545,1,NEUTRO,17,TP8_Beta,bandpower,TP8,Beta,,temporal_right,0.0,0.0,23
211-000545,1,NEUTRO,18,T8_Alpha,bandpower,T8,Alpha,,temporal_right,0.0,0.0,23
211-000545,1,NEUTRO,19,T8_Beta,bandpower,T8,Beta,,temporal_right,0.0,0.0,23
211-000545,1,NEUTRO,20,P7_Alpha,bandpower,P7,Alpha,,temporal_left,0.0,0.0,23
211-000545,1,NEUTRO,21,P7_Beta,bandpower,P7,Beta,,temporal_left,0.0,0.0,23
211-000545,1,NEUTRO,22,P3_Alpha,bandpower,P3,Alpha,,centro_parietal_left,0.0,0.0,23
211-000545,1,NEUTRO,23,P3_Beta,bandpower,P3,Beta,,centro_parietal_left,0.0,0.0,23
211-000545,1,NEUTRO,24,CP3_Alpha,bandpower,CP3,Alpha,,temporal_left,0.0,0.0,23
211-000545,1,NEUTRO,25,CP3_Beta,bandpower,CP3,Beta,,temporal_left,0.0,0.0,23
211-000545,1,NEUTRO,26,CPz_Alpha,bandpower,CPz,Alpha,,parietal_midline,0.0,0.0,23
211-000545,1,NEUTRO,27,CPz_Beta,bandpower,CPz,Beta,,parietal_midline,0.06133028732427867,0.02061239115195201,23
211-000545,1,NEUTRO,28,Cz_Alpha,bandpower,Cz,Alpha,,parietal_midline,0.182885407876019,0.15088568352115156,23
211-000545,1,NEUTRO,29,Cz_Beta,bandpower,Cz,Beta,,parietal_midline,0.3589316928488385,0.2821807055950949,23
211-000545,1,NEUTRO,30,FC4_Alpha,bandpower,FC4,Alpha,,frontal_bilateral,0.6102138826854285,0.6102138826854285,23
211-000545,1,NEUTRO,31,FC4_Beta,bandpower,FC4,Beta,,frontal_bilateral,1.8565754861503343,1.8565754861503343,23
211-000545,1,NEUTRO,32,FT8_Alpha,bandpower,FT8,Alpha,,temporal_right,0.0,0.0,23
211-000545,1,NEUTRO,33,FT8_Beta,bandpower,FT8,Beta,,temporal_right,0.0,0.0,23
211-000545,1,NEUTRO,34,TP7_Alpha,bandpower,TP7,Alpha,,temporal_left,0.0,0.0,23
211-000545,1,NEUTRO,35,TP7_Beta,bandpower,TP7,Beta,,temporal_left,0.0,0.0,23
211-000545,1,NEUTRO,36,C3_Alpha,bandpower,C3,Alpha,,centro_parietal_left,0.0,0.0,23
211-000545,1,NEUTRO,37,C3_Beta,bandpower,C3,Beta,,centro_parietal_left,0.0,0.0,23
211-000545,1,NEUTRO,38,FCz_Alpha,bandpower,FCz,Alpha,,frontal_bilateral,0.0,0.0,23
211-000545,1,NEUTRO,39,FCz_Beta,bandpower,FCz,Beta,,frontal_bilateral,0.00077786320266073,-0.00077786320266073,23
211-000545,1,NEUTRO,40,Fz_Alpha,bandpower,Fz,Alpha,,frontal_bilateral,0.0,0.0,23
211-000545,1,NEUTRO,41,Fz_Beta,bandpower,Fz,Beta,,frontal_bilateral,0.0,0.0,23
211-000545,1,NEUTRO,42,F4_Alpha,bandpower,F4,Alpha,,frontal_bilateral,0.0,0.0,23
211-000545,1,NEUTRO,43,F4_Beta,bandpower,F4,Beta,,frontal_bilateral,0.0,0.0,23
211-000545,1,NEUTRO,44,F8_Alpha,bandpower,F8,Alpha,,other,0.0,0.0,23
211-000545,1,NEUTRO,45,F8_Beta,bandpower,F8,Beta,,other,0.0,0.0,23
211-000545,1,NEUTRO,46,T7_Alpha,bandpower,T7,Alpha,,temporal_left,0.0,0.0,23
211-000545,1,NEUTRO,47,T7_Beta,bandpower,T7,Beta,,temporal_left,0.0,0.0,23
211-000545,1,NEUTRO,48,FT7_Alpha,bandpower,FT7,Alpha,,temporal_left,0.0,0.0,23
211-000545,1,NEUTRO,49,FT7_Beta,bandpower,FT7,Beta,,temporal_left,0.2670806912031328,0.05185141796983688,23
211-000545,1,NEUTRO,50,FC3_Alpha,bandpower,FC3,Alpha,,frontal_bilateral,0.0,0.0,23
211-000545,1,NEUTRO,51,FC3_Beta,bandpower,FC3,Beta,,frontal_bilateral,0.0,0.0,23
211-000545,1,NEUTRO,52,F3_Alpha,bandpower,F3,Alpha,,frontal_bilateral,0.0,0.0,23
211-000545,1,NEUTRO,53,F3_Beta,bandpower,F3,Beta,,frontal_bilateral,0.0,0.0,23
211-000545,1,NEUTRO,54,Fp2_Alpha,bandpower,Fp2,Alpha,,frontal_bilateral,0.0,0.0,23
211-000545,1,NEUTRO,55,Fp2_Beta,bandpower,Fp2,Beta,,frontal_bilateral,0.0,0.0,23
211-000545,1,NEUTRO,56,F7_Alpha,bandpower,F7,Alpha,,frontal_inferior_left,0.0,0.0,23
211-000545,1,NEUTRO,57,F7_Beta,bandpower,F7,Beta,,frontal_inferior_left,0.0,0.0,23
211-000545,1,NEUTRO,58,Fp1_Alpha,bandpower,Fp1,Alpha,,frontal_bilateral,0.0,0.0,23
211-000545,1,NEUTRO,59,Fp1_Beta,bandpower,Fp1,Beta,,frontal_bilateral,0.5035905649745622,0.4973815121136692,23
211-000545,1,NEUTRO,60,PO5_Alpha,bandpower,PO5,Alpha,,other,0.0,0.0,23
211-000545,1,NEUTRO,61,PO5_Beta,bandpower,PO5,Beta,,other,0.06045430680294521,0.013215040612307856,23
211-000545,1,NEUTRO,62,PO3_Alpha,bandpower,PO3,Alpha,,occipital,0.0,0.0,23
211-000545,1,NEUTRO,63,PO3_Beta,bandpower,PO3,Beta,,occipital,0.0,0.0,23
211-000545,1,NEUTRO,64,P1_Alpha,bandpower,P1,Alpha,,other,0.0,0.0,23
211-000545,1,NEUTRO,65,P1_Beta,bandpower,P1,Beta,,other,0.0,0.0,23
211-000545,1,NEUTRO,66,POz_Alpha,bandpower,POz,Alpha,,occipital,0.0,0.0,23
211-000545,1,NEUTRO,67,POz_Beta,bandpower,POz,Beta,,occipital,0.0,0.0,23
211-000545,1,NEUTRO,68,P2_Alpha,bandpower,P2,Alpha,,other,0.0,0.0,23
211-000545,1,NEUTRO,69,P2_Beta,bandpower,P2,Beta,,other,0.0,0.0,23
211-000545,1,NEUTRO,70,PO4_Alpha,bandpower,PO4,Alpha,,occipital,0.0,0.0,23
211-000545,1,NEUTRO,71,PO4_Beta,bandpower,PO4,Beta,,occipital,0.02564095155715032,0.02564095155715032,23
211-000545,1,NEUTRO,72,CP2_Alpha,bandpower,CP2,Alpha,,other,0.0,0.0,23
211-000545,1,NEUTRO,73,CP2_Beta,bandpower,CP2,Beta,,other,0.0,0.0,23
211-000545,1,NEUTRO,74,P6_Alpha,bandpower,P6,Alpha,,temporal_right,0.0,0.0,23
211-000545,1,NEUTRO,75,P6_Beta,bandpower,P6,Beta,,temporal_right,0.0032181908523138862,0.0032181908523138862,23
211-000545,1,NEUTRO,76,PO6_Alpha,bandpower,PO6,Alpha,,other,0.0,0.0,23
211-000545,1,NEUTRO,77,PO6_Beta,bandpower,PO6,Beta,,other,0.0,0.0,23
211-000545,1,NEUTRO,78,CP6_Alpha,bandpower,CP6,Alpha,,temporal_right,0.0,0.0,23
211-000545,1,NEUTRO,79,CP6_Beta,bandpower,CP6,Beta,,temporal_right,0.0,0.0,23
211-000545,1,NEUTRO,80,C6_Alpha,bandpower,C6,Alpha,,temporal_right,0.0,0.0,23
211-000545,1,NEUTRO,81,C6_Beta,bandpower,C6,Beta,,temporal_right,0.0026850845299266814,0.00029688386905730367,23
211-000545,1,NEUTRO,82,PO8_Alpha,bandpower,PO8,Alpha,,occipital,0.0,0.0,23
211-000545,1,NEUTRO,83,PO8_Beta,bandpower,PO8,Beta,,occipital,0.0,0.0,23
211-000545,1,NEUTRO,84,PO7_Alpha,bandpower,PO7,Alpha,,occipital,0.0,0.0,23
211-000545,1,NEUTRO,85,PO7_Beta,bandpower,PO7,Beta,,occipital,0.0,0.0,23
211-000545,1,NEUTRO,86,P5_Alpha,bandpower,P5,Alpha,,temporal_left,0.0,0.0,23
211-000545,1,NEUTRO,87,P5_Beta,bandpower,P5,Beta,,temporal_left,0.0,0.0,23
211-000545,1,NEUTRO,88,CP5_Alpha,bandpower,CP5,Alpha,,temporal_left,0.0,0.0,23
211-000545,1,NEUTRO,89,CP5_Beta,bandpower,CP5,Beta,,temporal_left,0.0,0.0,23
211-000545,1,NEUTRO,90,CP1_Alpha,bandpower,CP1,Alpha,,other,0.0,0.0,23
211-000545,1,NEUTRO,91,CP1_Beta,bandpower,CP1,Beta,,other,0.0,0.0,23
211-000545,1,NEUTRO,92,C1_Alpha,bandpower,C1,Alpha,,other,0.0,0.0,23
211-000545,1,NEUTRO,93,C1_Beta,bandpower,C1,Beta,,other,0.0,0.0,23
211-000545,1,NEUTRO,94,C2_Alpha,bandpower,C2,Alpha,,other,0.0,0.0,23
211-000545,1,NEUTRO,95,C2_Beta,bandpower,C2,Beta,,other,0.0,0.0,23
211-000545,1,NEUTRO,96,FC2_Alpha,bandpower,FC2,Alpha,,other,0.0,0.0,23
211-000545,1,NEUTRO,97,FC2_Beta,bandpower,FC2,Beta,,other,0.0,0.0,23
211-000545,1,NEUTRO,98,FC6_Alpha,bandpower,FC6,Alpha,,other,0.0,0.0,23
211-000545,1,NEUTRO,99,FC6_Beta,bandpower,FC6,Beta,,other,0.0,0.0,23
211-000545,1,NEUTRO,100,C5_Alpha,bandpower,C5,Alpha,,temporal_left,0.0,0.0,23
211-000545,1,NEUTRO,101,C5_Beta,bandpower,C5,Beta,,temporal_left,0.0,0.0,23
211-000545,1,NEUTRO,102,FC1_Alpha,bandpower,FC1,Alpha,,other,0.0,0.0,23
211-000545,1,NEUTRO,103,FC1_Beta,bandpower,FC1,Beta,,other,0.0,0.0,23
211-000545,1,NEUTRO,104,F2_Alpha,bandpower,F2,Alpha,,frontal_bilateral,0.0,0.0,23
211-000545,1,NEUTRO,105,F2_Beta,bandpower,F2,Beta,,frontal_bilateral,0.0,0.0,23
211-000545,1,NEUTRO,106,F6_Alpha,bandpower,F6,Alpha,,other,0.0,0.0,23
211-000545,1,NEUTRO,107,F6_Beta,bandpower,F6,Beta,,other,0.0,0.0,23
211-000545,1,NEUTRO,108,FC5_Alpha,bandpower,FC5,Alpha,,frontal_inferior_left,0.0,0.0,23
211-000545,1,NEUTRO,109,FC5_Beta,bandpower,FC5,Beta,,frontal_inferior_left,0.0,0.0,23
211-000545,1,NEUTRO,110,F1_Alpha,bandpower,F1,Alpha,,frontal_bilateral,0.0,0.0,23
211-000545,1,NEUTRO,111,F1_Beta,bandpower,F1,Beta,,frontal_bilateral,0.0,0.0,23
211-000545,1,NEUTRO,112,AF4_Alpha,bandpower,AF4,Alpha,,frontal_bilateral,0.0,0.0,23
211-000545,1,NEUTRO,113,AF4_Beta,bandpower,AF4,Beta,,frontal_bilateral,0.0,0.0,23
211-000545,1,NEUTRO,114,AF8_Alpha,bandpower,AF8,Alpha,,frontal_bilateral,0.0,0.0,23
211-000545,1,NEUTRO,115,AF8_Beta,bandpower,AF8,Beta,,frontal_bilateral,0.0,0.0,23
211-000545,1,NEUTRO,116,F5_Alpha,bandpower,F5,Alpha,,frontal_inferior_left,0.0,0.0,23
211-000545,1,NEUTRO,117,F5_Beta,bandpower,F5,Beta,,frontal_inferior_left,0.0,0.0,23
211-000545,1,NEUTRO,118,AF7_Alpha,bandpower,AF7,Alpha,,frontal_bilateral,0.0,0.0,23
211-000545,1,NEUTRO,119,AF7_Beta,bandpower,AF7,Beta,,frontal_bilateral,0.1480369151234724,0.1480369151234724,23
211-000545,1,NEUTRO,120,AF3_Alpha,bandpower,AF3,Alpha,,frontal_bilateral,0.0,0.0,23
211-000545,1,NEUTRO,121,AF3_Beta,bandpower,AF3,Beta,,frontal_bilateral,0.004695056769175523,0.004417906171744473,23
211-000545,1,NEUTRO,122,Fpz_Alpha,bandpower,Fpz,Alpha,,frontal_bilateral,0.0,0.0,23
211-000545,1,NEUTRO,123,Fpz_Beta,bandpower,Fpz,Beta,,frontal_bilateral,0.0,0.0,23
211-000545,1,NEUTRO,124,AlphaAsym_Fp2-Fp1,AlphaAsym,,,Fp2-Fp1,,0.0,0.0,23
211-000545,1,NEUTRO,125,AlphaAsym_AF8-AF7,AlphaAsym,,,AF8-AF7,,0.0,0.0,23
211-000545,1,NEUTRO,126,AlphaAsym_AF4-AF3,AlphaAsym,,,AF4-AF3,,0.0,0.0,23
211-000545,1,NEUTRO,127,AlphaAsym_F8-F7,AlphaAsym,,,F8-F7,,0.0,0.0,23
211-000545,1,NEUTRO,128,AlphaAsym_F6-F5,AlphaAsym,,,F6-F5,,0.0,0.0,23
211-000545,1,NEUTRO,129,AlphaAsym_F4-F3,AlphaAsym,,,F4-F3,,0.0,0.0,23
211-000545,1,NEUTRO,130,AlphaAsym_F2-F1,AlphaAsym,,,F2-F1,,0.0,0.0,23
211-000545,1,NEUTRO,131,AlphaAsym_FC6-FC5,AlphaAsym,,,FC6-FC5,,0.0,0.0,23
211-000545,1,NEUTRO,132,AlphaAsym_FC4-FC3,AlphaAsym,,,FC4-FC3,,0.23963522292385264,0.12929452803379246,23
211-000545,1,NEUTRO,133,AlphaAsym_FC2-FC1,AlphaAsym,,,FC2-FC1,,0.0,0.0,23
211-000545,1,NEUTRO,134,AlphaAsym_T8-T7,AlphaAsym,,,T8-T7,,0.0,0.0,23
211-000545,1,NEUTRO,135,AlphaAsym_C6-C5,AlphaAsym,,,C6-C5,,0.0,0.0,23
211-000545,1,NEUTRO,136,AlphaAsym_C4-C3,AlphaAsym,,,C4-C3,,0.0,0.0,23
211-000545,1,NEUTRO,137,AlphaAsym_C2-C1,AlphaAsym,,,C2-C1,,0.0,0.0,23
211-000545,1,NEUTRO,138,AlphaAsym_TP8-TP7,AlphaAsym,,,TP8-TP7,,0.0,0.0,23
211-000545,1,NEUTRO,139,AlphaAsym_CP6-CP5,AlphaAsym,,,CP6-CP5,,0.0,0.0,23
211-000545,1,NEUTRO,140,AlphaAsym_CP4-CP3,AlphaAsym,,,CP4-CP3,,0.0,0.0,23
211-000545,1,NEUTRO,141,AlphaAsym_CP2-CP1,AlphaAsym,,,CP2-CP1,,0.0,0.0,23
211-000545,1,NEUTRO,142,AlphaAsym_P8-P7,AlphaAsym,,,P8-P7,,0.0,0.0,23
211-000545,1,NEUTRO,143,AlphaAsym_P6-P5,AlphaAsym,,,P6-P5,,0.0,0.0,23
211-000545,1,NEUTRO,144,AlphaAsym_P4-P3,AlphaAsym,,,P4-P3,,0.0,0.0,23
211-000545,1,NEUTRO,145,AlphaAsym_P2-P1,AlphaAsym,,,P2-P1,,0.0,0.0,23
211-000545,1,NEUTRO,146,AlphaAsym_PO8-PO7,AlphaAsym,,,PO8-PO7,,0.0,0.0,23
211-000545,1,NEUTRO,147,AlphaAsym_PO6-PO5,AlphaAsym,,,PO6-PO5,,0.0008483510437777141,0.0004397705112066434,23
211-000545,1,NEUTRO,148,AlphaAsym_PO4-PO3,AlphaAsym,,,PO4-PO3,,0.0,0.0,23
211-000545,1,NEUTRO,149,AlphaAsym_O2-O1,AlphaAsym,,,O2-O1,,0.0,0.0,23
211-000545,2,SAD,0,O2_Alpha,bandpower,O2,Alpha,,occipital,0.0,0.0,29
211-000545,2,SAD,1,O2_Beta,bandpower,O2,Beta,,occipital,0.0,0.0,29
211-000545,2,SAD,2,O1_Alpha,bandpower,O1,Alpha,,occipital,0.0,0.0,29
211-000545,2,SAD,3,O1_Beta,bandpower,O1,Beta,,occipital,0.0,0.0,29
211-000545,2,SAD,4,Oz_Alpha,bandpower,Oz,Alpha,,occipital,0.0,0.0,29
211-000545,2,SAD,5,Oz_Beta,bandpower,Oz,Beta,,occipital,0.0,0.0,29
211-000545,2,SAD,6,Pz_Alpha,bandpower,Pz,Alpha,,parietal_midline,0.0,0.0,29
211-000545,2,SAD,7,Pz_Beta,bandpower,Pz,Beta,,parietal_midline,0.0,0.0,29
211-000545,2,SAD,8,P4_Alpha,bandpower,P4,Alpha,,other,0.0,0.0,29
211-000545,2,SAD,9,P4_Beta,bandpower,P4,Beta,,other,0.0,0.0,29
211-000545,2,SAD,10,CP4_Alpha,bandpower,CP4,Alpha,,temporal_right,0.0,0.0,29
211-000545,2,SAD,11,CP4_Beta,bandpower,CP4,Beta,,temporal_right,0.0,0.0,29
211-000545,2,SAD,12,P8_Alpha,bandpower,P8,Alpha,,temporal_right,0.0,0.0,29
211-000545,2,SAD,13,P8_Beta,bandpower,P8,Beta,,temporal_right,0.0,0.0,29
211-000545,2,SAD,14,C4_Alpha,bandpower,C4,Alpha,,other,0.0,0.0,29
211-000545,2,SAD,15,C4_Beta,bandpower,C4,Beta,,other,0.0,0.0,29
211-000545,2,SAD,16,TP8_Alpha,bandpower,TP8,Alpha,,temporal_right,0.0,0.0,29
211-000545,2,SAD,17,TP8_Beta,bandpower,TP8,Beta,,temporal_right,0.0,0.0,29
211-000545,2,SAD,18,T8_Alpha,bandpower,T8,Alpha,,temporal_right,0.0,0.0,29
211-000545,2,SAD,19,T8_Beta,bandpower,T8,Beta,,temporal_right,0.05611588257600922,0.03983224551233981,29
211-000545,2,SAD,20,P7_Alpha,bandpower,P7,Alpha,,temporal_left,0.0,0.0,29
211-000545,2,SAD,21,P7_Beta,bandpower,P7,Beta,,temporal_left,0.0,0.0,29
211-000545,2,SAD,22,P3_Alpha,bandpower,P3,Alpha,,centro_parietal_left,0.0,0.0,29
211-000545,2,SAD,23,P3_Beta,bandpower,P3,Beta,,centro_parietal_left,0.0,0.0,29
211-000545,2,SAD,24,CP3_Alpha,bandpower,CP3,Alpha,,temporal_left,0.0,0.0,29
211-000545,2,SAD,25,CP3_Beta,bandpower,CP3,Beta,,temporal_left,0.0,0.0,29
211-000545,2,SAD,26,CPz_Alpha,bandpower,CPz,Alpha,,parietal_midline,0.0,0.0,29
211-000545,2,SAD,27,CPz_Beta,bandpower,CPz,Beta,,parietal_midline,0.0013190557516463907,0.0007839242679271316,29
211-000545,2,SAD,28,Cz_Alpha,bandpower,Cz,Alpha,,parietal_midline,0.0,0.0,29
211-000545,2,SAD,29,Cz_Beta,bandpower,Cz,Beta,,parietal_midline,0.0,0.0,29
211-000545,2,SAD,30,FC4_Alpha,bandpower,FC4,Alpha,,frontal_bilateral,0.10656832602543996,-0.00343698746503606,29
211-000545,2,SAD,31,FC4_Beta,bandpower,FC4,Beta,,frontal_bilateral,0.6233166570352195,0.5516554066705154,29
211-000545,2,SAD,32,FT8_Alpha,bandpower,FT8,Alpha,,temporal_right,0.0,0.0,29
211-000545,2,SAD,33,FT8_Beta,bandpower,FT8,Beta,,temporal_right,0.33514837043612455,0.2634369934479685,29
211-000545,2,SAD,34,TP7_Alpha,bandpower,TP7,Alpha,,temporal_left,0.0,0.0,29
211-000545,2,SAD,35,TP7_Beta,bandpower,TP7,Beta,,temporal_left,0.0,0.0,29
211-000545,2,SAD,36,C3_Alpha,bandpower,C3,Alpha,,centro_parietal_left,0.006887397831904523,-0.00576783907595581,29
211-000545,2,SAD,37,C3_Beta,bandpower,C3,Beta,,centro_parietal_left,0.0,0.0,29
211-000545,2,SAD,38,FCz_Alpha,bandpower,FCz,Alpha,,frontal_bilateral,0.020351140326594134,-0.014923354560670732,29
211-000545,2,SAD,39,FCz_Beta,bandpower,FCz,Beta,,frontal_bilateral,0.0,0.0,29
211-000545,2,SAD,40,Fz_Alpha,bandpower,Fz,Alpha,,frontal_bilateral,0.0,0.0,29
211-000545,2,SAD,41,Fz_Beta,bandpower,Fz,Beta,,frontal_bilateral,0.0,0.0,29
211-000545,2,SAD,42,F4_Alpha,bandpower,F4,Alpha,,frontal_bilateral,0.0,0.0,29
211-000545,2,SAD,43,F4_Beta,bandpower,F4,Beta,,frontal_bilateral,0.11470648183785853,0.10220277821346505,29
211-000545,2,SAD,44,F8_Alpha,bandpower,F8,Alpha,,other,0.0,0.0,29
211-000545,2,SAD,45,F8_Beta,bandpower,F8,Beta,,other,0.004437976111854507,-0.0016787766600323435,29
211-000545,2,SAD,46,T7_Alpha,bandpower,T7,Alpha,,temporal_left,0.0,0.0,29
211-000545,2,SAD,47,T7_Beta,bandpower,T7,Beta,,temporal_left,0.0,0.0,29
211-000545,2,SAD,48,FT7_Alpha,bandpower,FT7,Alpha,,temporal_left,0.0,0.0,29
211-000545,2,SAD,49,FT7_Beta,bandpower,FT7,Beta,,temporal_left,0.0,0.0,29
211-000545,2,SAD,50,FC3_Alpha,bandpower,FC3,Alpha,,frontal_bilateral,0.0,0.0,29
211-000545,2,SAD,51,FC3_Beta,bandpower,FC3,Beta,,frontal_bilateral,0.0,0.0,29
211-000545,2,SAD,52,F3_Alpha,bandpower,F3,Alpha,,frontal_bilateral,0.0,0.0,29
211-000545,2,SAD,53,F3_Beta,bandpower,F3,Beta,,frontal_bilateral,0.0,0.0,29
211-000545,2,SAD,54,Fp2_Alpha,bandpower,Fp2,Alpha,,frontal_bilateral,0.0,0.0,29
211-000545,2,SAD,55,Fp2_Beta,bandpower,Fp2,Beta,,frontal_bilateral,0.3011326208040612,0.28401402784241675,29
211-000545,2,SAD,56,F7_Alpha,bandpower,F7,Alpha,,frontal_inferior_left,0.0,0.0,29
211-000545,2,SAD,57,F7_Beta,bandpower,F7,Beta,,frontal_inferior_left,0.0,0.0,29
211-000545,2,SAD,58,Fp1_Alpha,bandpower,Fp1,Alpha,,frontal_bilateral,0.0,0.0,29
211-000545,2,SAD,59,Fp1_Beta,bandpower,Fp1,Beta,,frontal_bilateral,0.00759850904902522,-0.0011783892669896439,29
211-000545,2,SAD,60,PO5_Alpha,bandpower,PO5,Alpha,,other,0.0,0.0,29
211-000545,2,SAD,61,PO5_Beta,bandpower,PO5,Beta,,other,0.16765265541196805,0.15240643867441037,29
211-000545,2,SAD,62,PO3_Alpha,bandpower,PO3,Alpha,,occipital,0.0,0.0,29
211-000545,2,SAD,63,PO3_Beta,bandpower,PO3,Beta,,occipital,0.09819756614928195,0.08357389347066789,29
211-000545,2,SAD,64,P1_Alpha,bandpower,P1,Alpha,,other,0.0,0.0,29
211-000545,2,SAD,65,P1_Beta,bandpower,P1,Beta,,other,0.0,0.0,29
211-000545,2,SAD,66,POz_Alpha,bandpower,POz,Alpha,,occipital,0.0,0.0,29
211-000545,2,SAD,67,POz_Beta,bandpower,POz,Beta,,occipital,0.0,0.0,29
211-000545,2,SAD,68,P2_Alpha,bandpower,P2,Alpha,,other,0.0,0.0,29
211-000545,2,SAD,69,P2_Beta,bandpower,P2,Beta,,other,0.0,0.0,29
211-000545,2,SAD,70,PO4_Alpha,bandpower,PO4,Alpha,,occipital,0.0,0.0,29
211-000545,2,SAD,71,PO4_Beta,bandpower,PO4,Beta,,occipital,0.0,0.0,29
211-000545,2,SAD,72,CP2_Alpha,bandpower,CP2,Alpha,,other,0.11219698246818238,0.02099224025711718,29
211-000545,2,SAD,73,CP2_Beta,bandpower,CP2,Beta,,other,0.05932234127126927,0.037903246471751445,29
211-000545,2,SAD,74,P6_Alpha,bandpower,P6,Alpha,,temporal_right,0.0,0.0,29
211-000545,2,SAD,75,P6_Beta,bandpower,P6,Beta,,temporal_right,0.0,0.0,29
211-000545,2,SAD,76,PO6_Alpha,bandpower,PO6,Alpha,,other,0.0,0.0,29
211-000545,2,SAD,77,PO6_Beta,bandpower,PO6,Beta,,other,0.0,0.0,29
211-000545,2,SAD,78,CP6_Alpha,bandpower,CP6,Alpha,,temporal_right,0.0,0.0,29
211-000545,2,SAD,79,CP6_Beta,bandpower,CP6,Beta,,temporal_right,0.0,0.0,29
211-000545,2,SAD,80,C6_Alpha,bandpower,C6,Alpha,,temporal_right,0.0,0.0,29
211-000545,2,SAD,81,C6_Beta,bandpower,C6,Beta,,temporal_right,0.23751370757028123,0.16886571493040944,29
211-000545,2,SAD,82,PO8_Alpha,bandpower,PO8,Alpha,,occipital,0.0,0.0,29
211-000545,2,SAD,83,PO8_Beta,bandpower,PO8,Beta,,occipital,0.0,0.0,29
211-000545,2,SAD,84,PO7_Alpha,bandpower,PO7,Alpha,,occipital,0.1150927260749204,0.10261026864158761,29
211-000545,2,SAD,85,PO7_Beta,bandpower,PO7,Beta,,occipital,0.4743570969405035,0.45281284087213625,29
211-000545,2,SAD,86,P5_Alpha,bandpower,P5,Alpha,,temporal_left,0.0,0.0,29
211-000545,2,SAD,87,P5_Beta,bandpower,P5,Beta,,temporal_left,0.08106507314285477,0.05916213606651199,29
211-000545,2,SAD,88,CP5_Alpha,bandpower,CP5,Alpha,,temporal_left,0.0,0.0,29
211-000545,2,SAD,89,CP5_Beta,bandpower,CP5,Beta,,temporal_left,0.0,0.0,29
211-000545,2,SAD,90,CP1_Alpha,bandpower,CP1,Alpha,,other,0.0,0.0,29
211-000545,2,SAD,91,CP1_Beta,bandpower,CP1,Beta,,other,0.0,0.0,29
211-000545,2,SAD,92,C1_Alpha,bandpower,C1,Alpha,,other,0.0,0.0,29
211-000545,2,SAD,93,C1_Beta,bandpower,C1,Beta,,other,0.0,0.0,29
211-000545,2,SAD,94,C2_Alpha,bandpower,C2,Alpha,,other,0.0,0.0,29
211-000545,2,SAD,95,C2_Beta,bandpower,C2,Beta,,other,0.0,0.0,29
211-000545,2,SAD,96,FC2_Alpha,bandpower,FC2,Alpha,,other,0.0,0.0,29
211-000545,2,SAD,97,FC2_Beta,bandpower,FC2,Beta,,other,0.0,0.0,29
211-000545,2,SAD,98,FC6_Alpha,bandpower,FC6,Alpha,,other,0.0,0.0,29
211-000545,2,SAD,99,FC6_Beta,bandpower,FC6,Beta,,other,0.0,0.0,29
211-000545,2,SAD,100,C5_Alpha,bandpower,C5,Alpha,,temporal_left,0.0,0.0,29
211-000545,2,SAD,101,C5_Beta,bandpower,C5,Beta,,temporal_left,0.001007564453253496,8.595964631531393e-05,29
211-000545,2,SAD,102,FC1_Alpha,bandpower,FC1,Alpha,,other,0.0,0.0,29
211-000545,2,SAD,103,FC1_Beta,bandpower,FC1,Beta,,other,0.0,0.0,29
211-000545,2,SAD,104,F2_Alpha,bandpower,F2,Alpha,,frontal_bilateral,0.0,0.0,29
211-000545,2,SAD,105,F2_Beta,bandpower,F2,Beta,,frontal_bilateral,0.08000975635712744,0.05258306763352393,29
211-000545,2,SAD,106,F6_Alpha,bandpower,F6,Alpha,,other,0.0,0.0,29
211-000545,2,SAD,107,F6_Beta,bandpower,F6,Beta,,other,0.07745004746950447,0.06811848481131991,29
211-000545,2,SAD,108,FC5_Alpha,bandpower,FC5,Alpha,,frontal_inferior_left,0.0,0.0,29
211-000545,2,SAD,109,FC5_Beta,bandpower,FC5,Beta,,frontal_inferior_left,0.0,0.0,29
211-000545,2,SAD,110,F1_Alpha,bandpower,F1,Alpha,,frontal_bilateral,0.0,0.0,29
211-000545,2,SAD,111,F1_Beta,bandpower,F1,Beta,,frontal_bilateral,0.0,0.0,29
211-000545,2,SAD,112,AF4_Alpha,bandpower,AF4,Alpha,,frontal_bilateral,0.0,0.0,29
211-000545,2,SAD,113,AF4_Beta,bandpower,AF4,Beta,,frontal_bilateral,0.0,0.0,29
211-000545,2,SAD,114,AF8_Alpha,bandpower,AF8,Alpha,,frontal_bilateral,0.0,0.0,29
211-000545,2,SAD,115,AF8_Beta,bandpower,AF8,Beta,,frontal_bilateral,0.08341662058811325,0.07649627471799544,29
211-000545,2,SAD,116,F5_Alpha,bandpower,F5,Alpha,,frontal_inferior_left,0.0,0.0,29
211-000545,2,SAD,117,F5_Beta,bandpower,F5,Beta,,frontal_inferior_left,0.0,0.0,29
211-000545,2,SAD,118,AF7_Alpha,bandpower,AF7,Alpha,,frontal_bilateral,0.07172324480787466,0.044614650675901917,29
211-000545,2,SAD,119,AF7_Beta,bandpower,AF7,Beta,,frontal_bilateral,0.014957362596304815,0.011937979763854623,29
211-000545,2,SAD,120,AF3_Alpha,bandpower,AF3,Alpha,,frontal_bilateral,0.0,0.0,29
211-000545,2,SAD,121,AF3_Beta,bandpower,AF3,Beta,,frontal_bilateral,0.12437368779910717,-0.0015342968058252597,29
211-000545,2,SAD,122,Fpz_Alpha,bandpower,Fpz,Alpha,,frontal_bilateral,0.0,0.0,29
211-000545,2,SAD,123,Fpz_Beta,bandpower,Fpz,Beta,,frontal_bilateral,0.0,0.0,29
211-000545,2,SAD,124,AlphaAsym_Fp2-Fp1,AlphaAsym,,,Fp2-Fp1,,0.0,0.0,29
211-000545,2,SAD,125,AlphaAsym_AF8-AF7,AlphaAsym,,,AF8-AF7,,0.0036887821183731557,0.0006161446725222302,29
211-000545,2,SAD,126,AlphaAsym_AF4-AF3,AlphaAsym,,,AF4-AF3,,0.0,0.0,29
211-000545,2,SAD,127,AlphaAsym_F8-F7,AlphaAsym,,,F8-F7,,0.0,0.0,29
211-000545,2,SAD,128,AlphaAsym_F6-F5,AlphaAsym,,,F6-F5,,0.0,0.0,29
211-000545,2,SAD,129,AlphaAsym_F4-F3,AlphaAsym,,,F4-F3,,0.0,0.0,29
211-000545,2,SAD,130,AlphaAsym_F2-F1,AlphaAsym,,,F2-F1,,0.0,0.0,29
211-000545,2,SAD,131,AlphaAsym_FC6-FC5,AlphaAsym,,,FC6-FC5,,0.0,0.0,29
211-000545,2,SAD,132,AlphaAsym_FC4-FC3,AlphaAsym,,,FC4-FC3,,0.0,0.0,29
211-000545,2,SAD,133,AlphaAsym_FC2-FC1,AlphaAsym,,,FC2-FC1,,0.0,0.0,29
211-000545,2,SAD,134,AlphaAsym_T8-T7,AlphaAsym,,,T8-T7,,5.9130249012611805e-06,1.8806104902436278e-06,29
211-000545,2,SAD,135,AlphaAsym_C6-C5,AlphaAsym,,,C6-C5,,0.0,0.0,29
211-000545,2,SAD,136,AlphaAsym_C4-C3,AlphaAsym,,,C4-C3,,0.0,0.0,29
211-000545,2,SAD,137,AlphaAsym_C2-C1,AlphaAsym,,,C2-C1,,0.0028957422046586214,-0.0003193984525425125,29
211-000545,2,SAD,138,AlphaAsym_TP8-TP7,AlphaAsym,,,TP8-TP7,,0.0,0.0,29
211-000545,2,SAD,139,AlphaAsym_CP6-CP5,AlphaAsym,,,CP6-CP5,,0.0,0.0,29
211-000545,2,SAD,140,AlphaAsym_CP4-CP3,AlphaAsym,,,CP4-CP3,,0.0,0.0,29
211-000545,2,SAD,141,AlphaAsym_CP2-CP1,AlphaAsym,,,CP2-CP1,,0.11269490702380418,0.05269227302421337,29
211-000545,2,SAD,142,AlphaAsym_P8-P7,AlphaAsym,,,P8-P7,,0.0,0.0,29
211-000545,2,SAD,143,AlphaAsym_P6-P5,AlphaAsym,,,P6-P5,,0.0,0.0,29
211-000545,2,SAD,144,AlphaAsym_P4-P3,AlphaAsym,,,P4-P3,,0.0,0.0,29
211-000545,2,SAD,145,AlphaAsym_P2-P1,AlphaAsym,,,P2-P1,,0.0,0.0,29
211-000545,2,SAD,146,AlphaAsym_PO8-PO7,AlphaAsym,,,PO8-PO7,,0.06584113397700449,0.031086066978572108,29
211-000545,2,SAD,147,AlphaAsym_PO6-PO5,AlphaAsym,,,PO6-PO5,,0.0,0.0,29
211-000545,2,SAD,148,AlphaAsym_PO4-PO3,AlphaAsym,,,PO4-PO3,,0.0,0.0,29
211-000545,2,SAD,149,AlphaAsym_O2-O1,AlphaAsym,,,O2-O1,,0.0,0.0,29
211-000546,0,JOY,0,O2_Alpha,bandpower,O2,Alpha,,occipital,0.0,0.0,48
211-000546,0,JOY,1,O2_Beta,bandpower,O2,Beta,,occipital,0.0,0.0,48
211-000546,0,JOY,2,O1_Alpha,bandpower,O1,Alpha,,occipital,0.0,0.0,48
211-000546,0,JOY,3,O1_Beta,bandpower,O1,Beta,,occipital,0.0,0.0,48
211-000546,0,JOY,4,Oz_Alpha,bandpower,Oz,Alpha,,occipital,0.0,0.0,48
211-000546,0,JOY,5,Oz_Beta,bandpower,Oz,Beta,,occipital,0.0,0.0,48
211-000546,0,JOY,6,Pz_Alpha,bandpower,Pz,Alpha,,parietal_midline,0.0,0.0,48
211-000546,0,JOY,7,Pz_Beta,bandpower,Pz,Beta,,parietal_midline,0.0,0.0,48
211-000546,0,JOY,8,P4_Alpha,bandpower,P4,Alpha,,other,0.0,0.0,48
211-000546,0,JOY,9,P4_Beta,bandpower,P4,Beta,,other,0.0,0.0,48
211-000546,0,JOY,10,CP4_Alpha,bandpower,CP4,Alpha,,temporal_right,0.0,0.0,48
211-000546,0,JOY,11,CP4_Beta,bandpower,CP4,Beta,,temporal_right,0.0,0.0,48
211-000546,0,JOY,12,P8_Alpha,bandpower,P8,Alpha,,temporal_right,0.0,0.0,48
211-000546,0,JOY,13,P8_Beta,bandpower,P8,Beta,,temporal_right,0.0,0.0,48
211-000546,0,JOY,14,C4_Alpha,bandpower,C4,Alpha,,other,0.0,0.0,48
211-000546,0,JOY,15,C4_Beta,bandpower,C4,Beta,,other,0.0,0.0,48
211-000546,0,JOY,16,TP8_Alpha,bandpower,TP8,Alpha,,temporal_right,0.0,0.0,48
211-000546,0,JOY,17,TP8_Beta,bandpower,TP8,Beta,,temporal_right,0.0,0.0,48
211-000546,0,JOY,18,T8_Alpha,bandpower,T8,Alpha,,temporal_right,0.0,0.0,48
211-000546,0,JOY,19,T8_Beta,bandpower,T8,Beta,,temporal_right,0.0,0.0,48
211-000546,0,JOY,20,P7_Alpha,bandpower,P7,Alpha,,temporal_left,0.0,0.0,48
211-000546,0,JOY,21,P7_Beta,bandpower,P7,Beta,,temporal_left,0.0,0.0,48
211-000546,0,JOY,22,P3_Alpha,bandpower,P3,Alpha,,centro_parietal_left,0.0010199924026532367,-0.0004550269930374165,48
211-000546,0,JOY,23,P3_Beta,bandpower,P3,Beta,,centro_parietal_left,0.038724359279507285,0.0333477883051905,48
211-000546,0,JOY,24,CP3_Alpha,bandpower,CP3,Alpha,,temporal_left,0.0,0.0,48
211-000546,0,JOY,25,CP3_Beta,bandpower,CP3,Beta,,temporal_left,0.0,0.0,48
211-000546,0,JOY,26,CPz_Alpha,bandpower,CPz,Alpha,,parietal_midline,0.0,0.0,48
211-000546,0,JOY,27,CPz_Beta,bandpower,CPz,Beta,,parietal_midline,0.0,0.0,48
211-000546,0,JOY,28,Cz_Alpha,bandpower,Cz,Alpha,,parietal_midline,0.0,0.0,48
211-000546,0,JOY,29,Cz_Beta,bandpower,Cz,Beta,,parietal_midline,0.0,0.0,48
211-000546,0,JOY,30,FC4_Alpha,bandpower,FC4,Alpha,,frontal_bilateral,0.45124660134975764,0.45124660134975764,48
211-000546,0,JOY,31,FC4_Beta,bandpower,FC4,Beta,,frontal_bilateral,0.45583715246567924,0.45583715246567924,48
211-000546,0,JOY,32,FT8_Alpha,bandpower,FT8,Alpha,,temporal_right,0.0,0.0,48
211-000546,0,JOY,33,FT8_Beta,bandpower,FT8,Beta,,temporal_right,0.0,0.0,48
211-000546,0,JOY,34,TP7_Alpha,bandpower,TP7,Alpha,,temporal_left,0.0,0.0,48
211-000546,0,JOY,35,TP7_Beta,bandpower,TP7,Beta,,temporal_left,0.0,0.0,48
211-000546,0,JOY,36,C3_Alpha,bandpower,C3,Alpha,,centro_parietal_left,0.0,0.0,48
211-000546,0,JOY,37,C3_Beta,bandpower,C3,Beta,,centro_parietal_left,0.0,0.0,48
211-000546,0,JOY,38,FCz_Alpha,bandpower,FCz,Alpha,,frontal_bilateral,0.0,0.0,48
211-000546,0,JOY,39,FCz_Beta,bandpower,FCz,Beta,,frontal_bilateral,0.0,0.0,48
211-000546,0,JOY,40,Fz_Alpha,bandpower,Fz,Alpha,,frontal_bilateral,0.0,0.0,48
211-000546,0,JOY,41,Fz_Beta,bandpower,Fz,Beta,,frontal_bilateral,0.0,0.0,48
211-000546,0,JOY,42,F4_Alpha,bandpower,F4,Alpha,,frontal_bilateral,0.0,0.0,48
211-000546,0,JOY,43,F4_Beta,bandpower,F4,Beta,,frontal_bilateral,0.0,0.0,48
211-000546,0,JOY,44,F8_Alpha,bandpower,F8,Alpha,,other,0.0,0.0,48
211-000546,0,JOY,45,F8_Beta,bandpower,F8,Beta,,other,0.01630558424617218,0.01630558424617218,48
211-000546,0,JOY,46,T7_Alpha,bandpower,T7,Alpha,,temporal_left,0.0,0.0,48
211-000546,0,JOY,47,T7_Beta,bandpower,T7,Beta,,temporal_left,0.0,0.0,48
211-000546,0,JOY,48,FT7_Alpha,bandpower,FT7,Alpha,,temporal_left,0.0,0.0,48
211-000546,0,JOY,49,FT7_Beta,bandpower,FT7,Beta,,temporal_left,0.0,0.0,48
211-000546,0,JOY,50,FC3_Alpha,bandpower,FC3,Alpha,,frontal_bilateral,0.0,0.0,48
211-000546,0,JOY,51,FC3_Beta,bandpower,FC3,Beta,,frontal_bilateral,0.0,0.0,48
211-000546,0,JOY,52,F3_Alpha,bandpower,F3,Alpha,,frontal_bilateral,0.38126010467160215,0.38126010467160215,48
211-000546,0,JOY,53,F3_Beta,bandpower,F3,Beta,,frontal_bilateral,0.4282021852627756,0.4282021852627756,48
211-000546,0,JOY,54,Fp2_Alpha,bandpower,Fp2,Alpha,,frontal_bilateral,0.0,0.0,48
211-000546,0,JOY,55,Fp2_Beta,bandpower,Fp2,Beta,,frontal_bilateral,0.0,0.0,48
211-000546,0,JOY,56,F7_Alpha,bandpower,F7,Alpha,,frontal_inferior_left,0.0,0.0,48
211-000546,0,JOY,57,F7_Beta,bandpower,F7,Beta,,frontal_inferior_left,0.0,0.0,48
211-000546,0,JOY,58,Fp1_Alpha,bandpower,Fp1,Alpha,,frontal_bilateral,0.0,0.0,48
211-000546,0,JOY,59,Fp1_Beta,bandpower,Fp1,Beta,,frontal_bilateral,0.0,0.0,48
211-000546,0,JOY,60,PO5_Alpha,bandpower,PO5,Alpha,,other,0.0,0.0,48
211-000546,0,JOY,61,PO5_Beta,bandpower,PO5,Beta,,other,0.0,0.0,48
211-000546,0,JOY,62,PO3_Alpha,bandpower,PO3,Alpha,,occipital,0.0,0.0,48
211-000546,0,JOY,63,PO3_Beta,bandpower,PO3,Beta,,occipital,0.0,0.0,48
211-000546,0,JOY,64,P1_Alpha,bandpower,P1,Alpha,,other,0.0,0.0,48
211-000546,0,JOY,65,P1_Beta,bandpower,P1,Beta,,other,0.0,0.0,48
211-000546,0,JOY,66,POz_Alpha,bandpower,POz,Alpha,,occipital,0.0,0.0,48
211-000546,0,JOY,67,POz_Beta,bandpower,POz,Beta,,occipital,0.0,0.0,48
211-000546,0,JOY,68,P2_Alpha,bandpower,P2,Alpha,,other,0.0,0.0,48
211-000546,0,JOY,69,P2_Beta,bandpower,P2,Beta,,other,0.0,0.0,48
211-000546,0,JOY,70,PO4_Alpha,bandpower,PO4,Alpha,,occipital,0.0,0.0,48
211-000546,0,JOY,71,PO4_Beta,bandpower,PO4,Beta,,occipital,0.0,0.0,48
211-000546,0,JOY,72,CP2_Alpha,bandpower,CP2,Alpha,,other,0.0,0.0,48
211-000546,0,JOY,73,CP2_Beta,bandpower,CP2,Beta,,other,0.0,0.0,48
211-000546,0,JOY,74,P6_Alpha,bandpower,P6,Alpha,,temporal_right,0.0,0.0,48
211-000546,0,JOY,75,P6_Beta,bandpower,P6,Beta,,temporal_right,0.0,0.0,48
211-000546,0,JOY,76,PO6_Alpha,bandpower,PO6,Alpha,,other,0.0,0.0,48
211-000546,0,JOY,77,PO6_Beta,bandpower,PO6,Beta,,other,0.0,0.0,48
211-000546,0,JOY,78,CP6_Alpha,bandpower,CP6,Alpha,,temporal_right,0.0,0.0,48
211-000546,0,JOY,79,CP6_Beta,bandpower,CP6,Beta,,temporal_right,0.0,0.0,48
211-000546,0,JOY,80,C6_Alpha,bandpower,C6,Alpha,,temporal_right,0.0,0.0,48
211-000546,0,JOY,81,C6_Beta,bandpower,C6,Beta,,temporal_right,0.0,0.0,48
211-000546,0,JOY,82,PO8_Alpha,bandpower,PO8,Alpha,,occipital,0.0015475055953145347,0.0013050189725148486,48
211-000546,0,JOY,83,PO8_Beta,bandpower,PO8,Beta,,occipital,0.0,0.0,48
211-000546,0,JOY,84,PO7_Alpha,bandpower,PO7,Alpha,,occipital,0.39457976275407974,0.39457976275407974,48
211-000546,0,JOY,85,PO7_Beta,bandpower,PO7,Beta,,occipital,0.49709080440819475,0.49709080440819475,48
211-000546,0,JOY,86,P5_Alpha,bandpower,P5,Alpha,,temporal_left,0.0,0.0,48
211-000546,0,JOY,87,P5_Beta,bandpower,P5,Beta,,temporal_left,0.0,0.0,48
211-000546,0,JOY,88,CP5_Alpha,bandpower,CP5,Alpha,,temporal_left,0.0,0.0,48
211-000546,0,JOY,89,CP5_Beta,bandpower,CP5,Beta,,temporal_left,0.0,0.0,48
211-000546,0,JOY,90,CP1_Alpha,bandpower,CP1,Alpha,,other,0.0,0.0,48
211-000546,0,JOY,91,CP1_Beta,bandpower,CP1,Beta,,other,0.0,0.0,48
211-000546,0,JOY,92,C1_Alpha,bandpower,C1,Alpha,,other,0.0,0.0,48
211-000546,0,JOY,93,C1_Beta,bandpower,C1,Beta,,other,0.0,0.0,48
211-000546,0,JOY,94,C2_Alpha,bandpower,C2,Alpha,,other,0.0,0.0,48
211-000546,0,JOY,95,C2_Beta,bandpower,C2,Beta,,other,0.0,0.0,48
211-000546,0,JOY,96,FC2_Alpha,bandpower,FC2,Alpha,,other,0.0,0.0,48
211-000546,0,JOY,97,FC2_Beta,bandpower,FC2,Beta,,other,0.0,0.0,48
211-000546,0,JOY,98,FC6_Alpha,bandpower,FC6,Alpha,,other,0.0,0.0,48
211-000546,0,JOY,99,FC6_Beta,bandpower,FC6,Beta,,other,0.0,0.0,48
211-000546,0,JOY,100,C5_Alpha,bandpower,C5,Alpha,,temporal_left,0.0,0.0,48
211-000546,0,JOY,101,C5_Beta,bandpower,C5,Beta,,temporal_left,0.0,0.0,48
211-000546,0,JOY,102,FC1_Alpha,bandpower,FC1,Alpha,,other,0.0,0.0,48
211-000546,0,JOY,103,FC1_Beta,bandpower,FC1,Beta,,other,0.0,0.0,48
211-000546,0,JOY,104,F2_Alpha,bandpower,F2,Alpha,,frontal_bilateral,0.0,0.0,48
211-000546,0,JOY,105,F2_Beta,bandpower,F2,Beta,,frontal_bilateral,0.0,0.0,48
211-000546,0,JOY,106,F6_Alpha,bandpower,F6,Alpha,,other,0.0,0.0,48
211-000546,0,JOY,107,F6_Beta,bandpower,F6,Beta,,other,0.005457087190514028,-0.004505640432970617,48
211-000546,0,JOY,108,FC5_Alpha,bandpower,FC5,Alpha,,frontal_inferior_left,0.0,0.0,48
211-000546,0,JOY,109,FC5_Beta,bandpower,FC5,Beta,,frontal_inferior_left,0.0,0.0,48
211-000546,0,JOY,110,F1_Alpha,bandpower,F1,Alpha,,frontal_bilateral,0.0,0.0,48
211-000546,0,JOY,111,F1_Beta,bandpower,F1,Beta,,frontal_bilateral,0.0,0.0,48
211-000546,0,JOY,112,AF4_Alpha,bandpower,AF4,Alpha,,frontal_bilateral,0.0,0.0,48
211-000546,0,JOY,113,AF4_Beta,bandpower,AF4,Beta,,frontal_bilateral,0.0,0.0,48
211-000546,0,JOY,114,AF8_Alpha,bandpower,AF8,Alpha,,frontal_bilateral,0.0,0.0,48
211-000546,0,JOY,115,AF8_Beta,bandpower,AF8,Beta,,frontal_bilateral,0.0,0.0,48
211-000546,0,JOY,116,F5_Alpha,bandpower,F5,Alpha,,frontal_inferior_left,0.0,0.0,48
211-000546,0,JOY,117,F5_Beta,bandpower,F5,Beta,,frontal_inferior_left,0.02105071323093059,0.020523659939369426,48
211-000546,0,JOY,118,AF7_Alpha,bandpower,AF7,Alpha,,frontal_bilateral,0.0,0.0,48
211-000546,0,JOY,119,AF7_Beta,bandpower,AF7,Beta,,frontal_bilateral,0.0,0.0,48
211-000546,0,JOY,120,AF3_Alpha,bandpower,AF3,Alpha,,frontal_bilateral,0.0,0.0,48
211-000546,0,JOY,121,AF3_Beta,bandpower,AF3,Beta,,frontal_bilateral,0.0,0.0,48
211-000546,0,JOY,122,Fpz_Alpha,bandpower,Fpz,Alpha,,frontal_bilateral,0.0,0.0,48
211-000546,0,JOY,123,Fpz_Beta,bandpower,Fpz,Beta,,frontal_bilateral,0.10631466767170823,0.10145890436088777,48
211-000546,0,JOY,124,AlphaAsym_Fp2-Fp1,AlphaAsym,,,Fp2-Fp1,,0.0,0.0,48
211-000546,0,JOY,125,AlphaAsym_AF8-AF7,AlphaAsym,,,AF8-AF7,,0.0,0.0,48
211-000546,0,JOY,126,AlphaAsym_AF4-AF3,AlphaAsym,,,AF4-AF3,,0.0,0.0,48
211-000546,0,JOY,127,AlphaAsym_F8-F7,AlphaAsym,,,F8-F7,,0.0,0.0,48
211-000546,0,JOY,128,AlphaAsym_F6-F5,AlphaAsym,,,F6-F5,,0.5853931138334206,0.5633395957827857,48
211-000546,0,JOY,129,AlphaAsym_F4-F3,AlphaAsym,,,F4-F3,,0.2575974083543591,0.2565370761378463,48
211-000546,0,JOY,130,AlphaAsym_F2-F1,AlphaAsym,,,F2-F1,,0.0,0.0,48
211-000546,0,JOY,131,AlphaAsym_FC6-FC5,AlphaAsym,,,FC6-FC5,,0.0,0.0,48
211-000546,0,JOY,132,AlphaAsym_FC4-FC3,AlphaAsym,,,FC4-FC3,,0.20535476263953847,0.20535476263953847,48
211-000546,0,JOY,133,AlphaAsym_FC2-FC1,AlphaAsym,,,FC2-FC1,,0.0,0.0,48
211-000546,0,JOY,134,AlphaAsym_T8-T7,AlphaAsym,,,T8-T7,,0.0,0.0,48
211-000546,0,JOY,135,AlphaAsym_C6-C5,AlphaAsym,,,C6-C5,,0.0,0.0,48
211-000546,0,JOY,136,AlphaAsym_C4-C3,AlphaAsym,,,C4-C3,,0.0,0.0,48
211-000546,0,JOY,137,AlphaAsym_C2-C1,AlphaAsym,,,C2-C1,,0.0,0.0,48
211-000546,0,JOY,138,AlphaAsym_TP8-TP7,AlphaAsym,,,TP8-TP7,,0.0,0.0,48
211-000546,0,JOY,139,AlphaAsym_CP6-CP5,AlphaAsym,,,CP6-CP5,,0.0,0.0,48
211-000546,0,JOY,140,AlphaAsym_CP4-CP3,AlphaAsym,,,CP4-CP3,,0.0,0.0,48
211-000546,0,JOY,141,AlphaAsym_CP2-CP1,AlphaAsym,,,CP2-CP1,,0.0,0.0,48
211-000546,0,JOY,142,AlphaAsym_P8-P7,AlphaAsym,,,P8-P7,,0.0,0.0,48
211-000546,0,JOY,143,AlphaAsym_P6-P5,AlphaAsym,,,P6-P5,,0.0,0.0,48
211-000546,0,JOY,144,AlphaAsym_P4-P3,AlphaAsym,,,P4-P3,,0.02936321414144834,0.028865249158418548,48
211-000546,0,JOY,145,AlphaAsym_P2-P1,AlphaAsym,,,P2-P1,,0.0,0.0,48
211-000546,0,JOY,146,AlphaAsym_PO8-PO7,AlphaAsym,,,PO8-PO7,,0.0,0.0,48
211-000546,0,JOY,147,AlphaAsym_PO6-PO5,AlphaAsym,,,PO6-PO5,,0.0,0.0,48
211-000546,0,JOY,148,AlphaAsym_PO4-PO3,AlphaAsym,,,PO4-PO3,,0.0,0.0,48
211-000546,0,JOY,149,AlphaAsym_O2-O1,AlphaAsym,,,O2-O1,,0.0,0.0,48
211-000546,1,NEUTRO,0,O2_Alpha,bandpower,O2,Alpha,,occipital,0.0,0.0,47
211-000546,1,NEUTRO,1,O2_Beta,bandpower,O2,Beta,,occipital,0.0,0.0,47
211-000546,1,NEUTRO,2,O1_Alpha,bandpower,O1,Alpha,,occipital,0.0,0.0,47
211-000546,1,NEUTRO,3,O1_Beta,bandpower,O1,Beta,,occipital,0.0,0.0,47
211-000546,1,NEUTRO,4,Oz_Alpha,bandpower,Oz,Alpha,,occipital,0.0,0.0,47
211-000546,1,NEUTRO,5,Oz_Beta,bandpower,Oz,Beta,,occipital,0.0,0.0,47
211-000546,1,NEUTRO,6,Pz_Alpha,bandpower,Pz,Alpha,,parietal_midline,0.0,0.0,47
211-000546,1,NEUTRO,7,Pz_Beta,bandpower,Pz,Beta,,parietal_midline,0.0,0.0,47
211-000546,1,NEUTRO,8,P4_Alpha,bandpower,P4,Alpha,,other,0.0,0.0,47
211-000546,1,NEUTRO,9,P4_Beta,bandpower,P4,Beta,,other,0.0,0.0,47
211-000546,1,NEUTRO,10,CP4_Alpha,bandpower,CP4,Alpha,,temporal_right,0.0,0.0,47
211-000546,1,NEUTRO,11,CP4_Beta,bandpower,CP4,Beta,,temporal_right,0.0,0.0,47
211-000546,1,NEUTRO,12,P8_Alpha,bandpower,P8,Alpha,,temporal_right,0.0,0.0,47
211-000546,1,NEUTRO,13,P8_Beta,bandpower,P8,Beta,,temporal_right,0.0,0.0,47
211-000546,1,NEUTRO,14,C4_Alpha,bandpower,C4,Alpha,,other,0.0,0.0,47
211-000546,1,NEUTRO,15,C4_Beta,bandpower,C4,Beta,,other,0.0,0.0,47
211-000546,1,NEUTRO,16,TP8_Alpha,bandpower,TP8,Alpha,,temporal_right,0.0,0.0,47
211-000546,1,NEUTRO,17,TP8_Beta,bandpower,TP8,Beta,,temporal_right,0.039638854676076966,-0.007598355204459605,47
211-000546,1,NEUTRO,18,T8_Alpha,bandpower,T8,Alpha,,temporal_right,0.0,0.0,47
211-000546,1,NEUTRO,19,T8_Beta,bandpower,T8,Beta,,temporal_right,0.0,0.0,47
211-000546,1,NEUTRO,20,P7_Alpha,bandpower,P7,Alpha,,temporal_left,0.0,0.0,47
211-000546,1,NEUTRO,21,P7_Beta,bandpower,P7,Beta,,temporal_left,0.0,0.0,47
211-000546,1,NEUTRO,22,P3_Alpha,bandpower,P3,Alpha,,centro_parietal_left,0.0,0.0,47
211-000546,1,NEUTRO,23,P3_Beta,bandpower,P3,Beta,,centro_parietal_left,0.0,0.0,47
211-000546,1,NEUTRO,24,CP3_Alpha,bandpower,CP3,Alpha,,temporal_left,0.0,0.0,47
211-000546,1,NEUTRO,25,CP3_Beta,bandpower,CP3,Beta,,temporal_left,0.0,0.0,47
211-000546,1,NEUTRO,26,CPz_Alpha,bandpower,CPz,Alpha,,parietal_midline,0.0,0.0,47
211-000546,1,NEUTRO,27,CPz_Beta,bandpower,CPz,Beta,,parietal_midline,0.0,0.0,47
211-000546,1,NEUTRO,28,Cz_Alpha,bandpower,Cz,Alpha,,parietal_midline,0.0,0.0,47
211-000546,1,NEUTRO,29,Cz_Beta,bandpower,Cz,Beta,,parietal_midline,0.0,0.0,47
211-000546,1,NEUTRO,30,FC4_Alpha,bandpower,FC4,Alpha,,frontal_bilateral,0.03303547286490104,0.03275434148520755,47
211-000546,1,NEUTRO,31,FC4_Beta,bandpower,FC4,Beta,,frontal_bilateral,0.07296157192879499,0.07296157192879499,47
211-000546,1,NEUTRO,32,FT8_Alpha,bandpower,FT8,Alpha,,temporal_right,0.0,0.0,47
211-000546,1,NEUTRO,33,FT8_Beta,bandpower,FT8,Beta,,temporal_right,0.24543465890351687,0.2270976010140931,47
211-000546,1,NEUTRO,34,TP7_Alpha,bandpower,TP7,Alpha,,temporal_left,0.0,0.0,47
211-000546,1,NEUTRO,35,TP7_Beta,bandpower,TP7,Beta,,temporal_left,0.0,0.0,47
211-000546,1,NEUTRO,36,C3_Alpha,bandpower,C3,Alpha,,centro_parietal_left,0.0,0.0,47
211-000546,1,NEUTRO,37,C3_Beta,bandpower,C3,Beta,,centro_parietal_left,0.0,0.0,47
211-000546,1,NEUTRO,38,FCz_Alpha,bandpower,FCz,Alpha,,frontal_bilateral,0.10701932179779838,0.10037519131687553,47
211-000546,1,NEUTRO,39,FCz_Beta,bandpower,FCz,Beta,,frontal_bilateral,0.11324155532666841,0.1101542709260416,47
211-000546,1,NEUTRO,40,Fz_Alpha,bandpower,Fz,Alpha,,frontal_bilateral,0.0,0.0,47
211-000546,1,NEUTRO,41,Fz_Beta,bandpower,Fz,Beta,,frontal_bilateral,0.0,0.0,47
211-000546,1,NEUTRO,42,F4_Alpha,bandpower,F4,Alpha,,frontal_bilateral,0.16134263583395544,0.14987345068126787,47
211-000546,1,NEUTRO,43,F4_Beta,bandpower,F4,Beta,,frontal_bilateral,0.41655073055286745,0.40577627505958197,47
211-000546,1,NEUTRO,44,F8_Alpha,bandpower,F8,Alpha,,other,0.0,0.0,47
211-000546,1,NEUTRO,45,F8_Beta,bandpower,F8,Beta,,other,0.0,0.0,47
211-000546,1,NEUTRO,46,T7_Alpha,bandpower,T7,Alpha,,temporal_left,0.0,0.0,47
211-000546,1,NEUTRO,47,T7_Beta,bandpower,T7,Beta,,temporal_left,0.0,0.0,47
211-000546,1,NEUTRO,48,FT7_Alpha,bandpower,FT7,Alpha,,temporal_left,0.004192606662506971,0.0028316855705707387,47
211-000546,1,NEUTRO,49,FT7_Beta,bandpower,FT7,Beta,,temporal_left,0.0,0.0,47
211-000546,1,NEUTRO,50,FC3_Alpha,bandpower,FC3,Alpha,,frontal_bilateral,0.0,0.0,47
211-000546,1,NEUTRO,51,FC3_Beta,bandpower,FC3,Beta,,frontal_bilateral,0.0,0.0,47
211-000546,1,NEUTRO,52,F3_Alpha,bandpower,F3,Alpha,,frontal_bilateral,0.1063063719921247,0.1063063719921247,47
211-000546,1,NEUTRO,53,F3_Beta,bandpower,F3,Beta,,frontal_bilateral,0.051361369755347136,0.051361369755347136,47
211-000546,1,NEUTRO,54,Fp2_Alpha,bandpower,Fp2,Alpha,,frontal_bilateral,0.010763684739060555,-0.00022489875522104584,47
211-000546,1,NEUTRO,55,Fp2_Beta,bandpower,Fp2,Beta,,frontal_bilateral,0.0936646843970272,0.06086352948604974,47
211-000546,1,NEUTRO,56,F7_Alpha,bandpower,F7,Alpha,,frontal_inferior_left,0.0,0.0,47
211-000546,1,NEUTRO,57,F7_Beta,bandpower,F7,Beta,,frontal_inferior_left,0.0,0.0,47
211-000546,1,NEUTRO,58,Fp1_Alpha,bandpower,Fp1,Alpha,,frontal_bilateral,0.0,0.0,47
211-000546,1,NEUTRO,59,Fp1_Beta,bandpower,Fp1,Beta,,frontal_bilateral,0.25769707267017566,0.19444382926748974,47
211-000546,1,NEUTRO,60,PO5_Alpha,bandpower,PO5,Alpha,,other,0.0,0.0,47
211-000546,1,NEUTRO,61,PO5_Beta,bandpower,PO5,Beta,,other,0.0,0.0,47
211-000546,1,NEUTRO,62,PO3_Alpha,bandpower,PO3,Alpha,,occipital,0.0,0.0,47
211-000546,1,NEUTRO,63,PO3_Beta,bandpower,PO3,Beta,,occipital,0.0,0.0,47
211-000546,1,NEUTRO,64,P1_Alpha,bandpower,P1,Alpha,,other,0.0,0.0,47
211-000546,1,NEUTRO,65,P1_Beta,bandpower,P1,Beta,,other,0.0,0.0,47
211-000546,1,NEUTRO,66,POz_Alpha,bandpower,POz,Alpha,,occipital,0.0,0.0,47
211-000546,1,NEUTRO,67,POz_Beta,bandpower,POz,Beta,,occipital,0.0,0.0,47
211-000546,1,NEUTRO,68,P2_Alpha,bandpower,P2,Alpha,,other,0.0,0.0,47
211-000546,1,NEUTRO,69,P2_Beta,bandpower,P2,Beta,,other,0.0,0.0,47
211-000546,1,NEUTRO,70,PO4_Alpha,bandpower,PO4,Alpha,,occipital,0.0,0.0,47
211-000546,1,NEUTRO,71,PO4_Beta,bandpower,PO4,Beta,,occipital,0.0,0.0,47
211-000546,1,NEUTRO,72,CP2_Alpha,bandpower,CP2,Alpha,,other,0.0,0.0,47
211-000546,1,NEUTRO,73,CP2_Beta,bandpower,CP2,Beta,,other,0.020188227810518322,0.01481238603012063,47
211-000546,1,NEUTRO,74,P6_Alpha,bandpower,P6,Alpha,,temporal_right,0.0,0.0,47
211-000546,1,NEUTRO,75,P6_Beta,bandpower,P6,Beta,,temporal_right,0.0,0.0,47
211-000546,1,NEUTRO,76,PO6_Alpha,bandpower,PO6,Alpha,,other,0.0,0.0,47
211-000546,1,NEUTRO,77,PO6_Beta,bandpower,PO6,Beta,,other,0.0,0.0,47
211-000546,1,NEUTRO,78,CP6_Alpha,bandpower,CP6,Alpha,,temporal_right,0.0,0.0,47
211-000546,1,NEUTRO,79,CP6_Beta,bandpower,CP6,Beta,,temporal_right,0.0,0.0,47
211-000546,1,NEUTRO,80,C6_Alpha,bandpower,C6,Alpha,,temporal_right,0.0,0.0,47
211-000546,1,NEUTRO,81,C6_Beta,bandpower,C6,Beta,,temporal_right,0.0,0.0,47
211-000546,1,NEUTRO,82,PO8_Alpha,bandpower,PO8,Alpha,,occipital,0.005910383118058742,0.00539588606556527,47
211-000546,1,NEUTRO,83,PO8_Beta,bandpower,PO8,Beta,,occipital,0.02736867296297583,0.008570142050369524,47
211-000546,1,NEUTRO,84,PO7_Alpha,bandpower,PO7,Alpha,,occipital,0.0,0.0,47
211-000546,1,NEUTRO,85,PO7_Beta,bandpower,PO7,Beta,,occipital,0.00850404088425075,0.00850404088425075,47
211-000546,1,NEUTRO,86,P5_Alpha,bandpower,P5,Alpha,,temporal_left,0.1147811486412975,0.11061595247918113,47
211-000546,1,NEUTRO,87,P5_Beta,bandpower,P5,Beta,,temporal_left,0.22385352767426775,0.22385352767426775,47
211-000546,1,NEUTRO,88,CP5_Alpha,bandpower,CP5,Alpha,,temporal_left,0.0,0.0,47
211-000546,1,NEUTRO,89,CP5_Beta,bandpower,CP5,Beta,,temporal_left,0.0,0.0,47
211-000546,1,NEUTRO,90,CP1_Alpha,bandpower,CP1,Alpha,,other,0.0,0.0,47
211-000546,1,NEUTRO,91,CP1_Beta,bandpower,CP1,Beta,,other,0.0,0.0,47
211-000546,1,NEUTRO,92,C1_Alpha,bandpower,C1,Alpha,,other,0.0,0.0,47
211-000546,1,NEUTRO,93,C1_Beta,bandpower,C1,Beta,,other,0.0,0.0,47
211-000546,1,NEUTRO,94,C2_Alpha,bandpower,C2,Alpha,,other,0.0,0.0,47
211-000546,1,NEUTRO,95,C2_Beta,bandpower,C2,Beta,,other,0.0,0.0,47
211-000546,1,NEUTRO,96,FC2_Alpha,bandpower,FC2,Alpha,,other,0.0,0.0,47
211-000546,1,NEUTRO,97,FC2_Beta,bandpower,FC2,Beta,,other,0.0,0.0,47
211-000546,1,NEUTRO,98,FC6_Alpha,bandpower,FC6,Alpha,,other,0.0,0.0,47
211-000546,1,NEUTRO,99,FC6_Beta,bandpower,FC6,Beta,,other,0.0,0.0,47
211-000546,1,NEUTRO,100,C5_Alpha,bandpower,C5,Alpha,,temporal_left,0.0,0.0,47
211-000546,1,NEUTRO,101,C5_Beta,bandpower,C5,Beta,,temporal_left,0.0,0.0,47
211-000546,1,NEUTRO,102,FC1_Alpha,bandpower,FC1,Alpha,,other,0.0,0.0,47
211-000546,1,NEUTRO,103,FC1_Beta,bandpower,FC1,Beta,,other,0.0,0.0,47
211-000546,1,NEUTRO,104,F2_Alpha,bandpower,F2,Alpha,,frontal_bilateral,0.0,0.0,47
211-000546,1,NEUTRO,105,F2_Beta,bandpower,F2,Beta,,frontal_bilateral,0.0,0.0,47
211-000546,1,NEUTRO,106,F6_Alpha,bandpower,F6,Alpha,,other,0.0,0.0,47
211-000546,1,NEUTRO,107,F6_Beta,bandpower,F6,Beta,,other,0.0,0.0,47
211-000546,1,NEUTRO,108,FC5_Alpha,bandpower,FC5,Alpha,,frontal_inferior_left,0.0,0.0,47
211-000546,1,NEUTRO,109,FC5_Beta,bandpower,FC5,Beta,,frontal_inferior_left,0.0,0.0,47
211-000546,1,NEUTRO,110,F1_Alpha,bandpower,F1,Alpha,,frontal_bilateral,0.0,0.0,47
211-000546,1,NEUTRO,111,F1_Beta,bandpower,F1,Beta,,frontal_bilateral,0.0,0.0,47
211-000546,1,NEUTRO,112,AF4_Alpha,bandpower,AF4,Alpha,,frontal_bilateral,0.06525634399763625,0.06437180862135358,47
211-000546,1,NEUTRO,113,AF4_Beta,bandpower,AF4,Beta,,frontal_bilateral,0.19653748672138194,0.19296454777638034,47
211-000546,1,NEUTRO,114,AF8_Alpha,bandpower,AF8,Alpha,,frontal_bilateral,0.0,0.0,47
211-000546,1,NEUTRO,115,AF8_Beta,bandpower,AF8,Beta,,frontal_bilateral,0.05406430589943697,0.008943833565070612,47
211-000546,1,NEUTRO,116,F5_Alpha,bandpower,F5,Alpha,,frontal_inferior_left,0.0,0.0,47
211-000546,1,NEUTRO,117,F5_Beta,bandpower,F5,Beta,,frontal_inferior_left,0.005105580123393149,0.005105580123393149,47
211-000546,1,NEUTRO,118,AF7_Alpha,bandpower,AF7,Alpha,,frontal_bilateral,0.0,0.0,47
211-000546,1,NEUTRO,119,AF7_Beta,bandpower,AF7,Beta,,frontal_bilateral,0.0,0.0,47
211-000546,1,NEUTRO,120,AF3_Alpha,bandpower,AF3,Alpha,,frontal_bilateral,0.0,0.0,47
211-000546,1,NEUTRO,121,AF3_Beta,bandpower,AF3,Beta,,frontal_bilateral,0.014305021588229732,-0.00021434970991083895,47
211-000546,1,NEUTRO,122,Fpz_Alpha,bandpower,Fpz,Alpha,,frontal_bilateral,0.1135178955158146,0.10354438716091706,47
211-000546,1,NEUTRO,123,Fpz_Beta,bandpower,Fpz,Beta,,frontal_bilateral,0.3400546506436553,0.3400546506436553,47
211-000546,1,NEUTRO,124,AlphaAsym_Fp2-Fp1,AlphaAsym,,,Fp2-Fp1,,0.0,0.0,47
211-000546,1,NEUTRO,125,AlphaAsym_AF8-AF7,AlphaAsym,,,AF8-AF7,,0.0,0.0,47
211-000546,1,NEUTRO,126,AlphaAsym_AF4-AF3,AlphaAsym,,,AF4-AF3,,0.1599626203382017,0.13470950437620494,47
211-000546,1,NEUTRO,127,AlphaAsym_F8-F7,AlphaAsym,,,F8-F7,,0.0,0.0,47
211-000546,1,NEUTRO,128,AlphaAsym_F6-F5,AlphaAsym,,,F6-F5,,0.0,0.0,47
211-000546,1,NEUTRO,129,AlphaAsym_F4-F3,AlphaAsym,,,F4-F3,,0.0,0.0,47
211-000546,1,NEUTRO,130,AlphaAsym_F2-F1,AlphaAsym,,,F2-F1,,0.0,0.0,47
211-000546,1,NEUTRO,131,AlphaAsym_FC6-FC5,AlphaAsym,,,FC6-FC5,,0.0,0.0,47
211-000546,1,NEUTRO,132,AlphaAsym_FC4-FC3,AlphaAsym,,,FC4-FC3,,0.07866229118732836,0.04887342868125489,47
211-000546,1,NEUTRO,133,AlphaAsym_FC2-FC1,AlphaAsym,,,FC2-FC1,,0.0,0.0,47
211-000546,1,NEUTRO,134,AlphaAsym_T8-T7,AlphaAsym,,,T8-T7,,0.0029009963244249677,0.0013952816396786611,47
211-000546,1,NEUTRO,135,AlphaAsym_C6-C5,AlphaAsym,,,C6-C5,,0.0,0.0,47
211-000546,1,NEUTRO,136,AlphaAsym_C4-C3,AlphaAsym,,,C4-C3,,0.0,0.0,47
211-000546,1,NEUTRO,137,AlphaAsym_C2-C1,AlphaAsym,,,C2-C1,,0.0,0.0,47
211-000546,1,NEUTRO,138,AlphaAsym_TP8-TP7,AlphaAsym,,,TP8-TP7,,0.0,0.0,47
211-000546,1,NEUTRO,139,AlphaAsym_CP6-CP5,AlphaAsym,,,CP6-CP5,,0.0,0.0,47
211-000546,1,NEUTRO,140,AlphaAsym_CP4-CP3,AlphaAsym,,,CP4-CP3,,0.0,0.0,47
211-000546,1,NEUTRO,141,AlphaAsym_CP2-CP1,AlphaAsym,,,CP2-CP1,,0.16677904250083833,0.14005136304254598,47
211-000546,1,NEUTRO,142,AlphaAsym_P8-P7,AlphaAsym,,,P8-P7,,0.0,0.0,47
211-000546,1,NEUTRO,143,AlphaAsym_P6-P5,AlphaAsym,,,P6-P5,,0.02616681263130868,0.014853002028630978,47
211-000546,1,NEUTRO,144,AlphaAsym_P4-P3,AlphaAsym,,,P4-P3,,0.0,0.0,47
211-000546,1,NEUTRO,145,AlphaAsym_P2-P1,AlphaAsym,,,P2-P1,,0.0,0.0,47
211-000546,1,NEUTRO,146,AlphaAsym_PO8-PO7,AlphaAsym,,,PO8-PO7,,0.0,0.0,47
211-000546,1,NEUTRO,147,AlphaAsym_PO6-PO5,AlphaAsym,,,PO6-PO5,,0.0,0.0,47
211-000546,1,NEUTRO,148,AlphaAsym_PO4-PO3,AlphaAsym,,,PO4-PO3,,0.0,0.0,47
211-000546,1,NEUTRO,149,AlphaAsym_O2-O1,AlphaAsym,,,O2-O1,,0.0,0.0,47
211-000546,2,SAD,0,O2_Alpha,bandpower,O2,Alpha,,occipital,0.0,0.0,46
211-000546,2,SAD,1,O2_Beta,bandpower,O2,Beta,,occipital,0.0,0.0,46
211-000546,2,SAD,2,O1_Alpha,bandpower,O1,Alpha,,occipital,0.0018302207171410725,-0.0016281931061838148,46
211-000546,2,SAD,3,O1_Beta,bandpower,O1,Beta,,occipital,0.023789449240669037,-0.023789449240669037,46
211-000546,2,SAD,4,Oz_Alpha,bandpower,Oz,Alpha,,occipital,0.0,0.0,46
211-000546,2,SAD,5,Oz_Beta,bandpower,Oz,Beta,,occipital,0.0,0.0,46
211-000546,2,SAD,6,Pz_Alpha,bandpower,Pz,Alpha,,parietal_midline,0.0,0.0,46
211-000546,2,SAD,7,Pz_Beta,bandpower,Pz,Beta,,parietal_midline,0.0,0.0,46
211-000546,2,SAD,8,P4_Alpha,bandpower,P4,Alpha,,other,0.0,0.0,46
211-000546,2,SAD,9,P4_Beta,bandpower,P4,Beta,,other,0.0,0.0,46
211-000546,2,SAD,10,CP4_Alpha,bandpower,CP4,Alpha,,temporal_right,0.0,0.0,46
211-000546,2,SAD,11,CP4_Beta,bandpower,CP4,Beta,,temporal_right,0.0,0.0,46
211-000546,2,SAD,12,P8_Alpha,bandpower,P8,Alpha,,temporal_right,0.0,0.0,46
211-000546,2,SAD,13,P8_Beta,bandpower,P8,Beta,,temporal_right,0.0,0.0,46
211-000546,2,SAD,14,C4_Alpha,bandpower,C4,Alpha,,other,0.0,0.0,46
211-000546,2,SAD,15,C4_Beta,bandpower,C4,Beta,,other,0.0,0.0,46
211-000546,2,SAD,16,TP8_Alpha,bandpower,TP8,Alpha,,temporal_right,0.0,0.0,46
211-000546,2,SAD,17,TP8_Beta,bandpower,TP8,Beta,,temporal_right,0.0,0.0,46
211-000546,2,SAD,18,T8_Alpha,bandpower,T8,Alpha,,temporal_right,0.0,0.0,46
211-000546,2,SAD,19,T8_Beta,bandpower,T8,Beta,,temporal_right,0.0,0.0,46
211-000546,2,SAD,20,P7_Alpha,bandpower,P7,Alpha,,temporal_left,0.0,0.0,46
211-000546,2,SAD,21,P7_Beta,bandpower,P7,Beta,,temporal_left,0.0,0.0,46
211-000546,2,SAD,22,P3_Alpha,bandpower,P3,Alpha,,centro_parietal_left,0.0,0.0,46
211-000546,2,SAD,23,P3_Beta,bandpower,P3,Beta,,centro_parietal_left,0.0,0.0,46
211-000546,2,SAD,24,CP3_Alpha,bandpower,CP3,Alpha,,temporal_left,0.0,0.0,46
211-000546,2,SAD,25,CP3_Beta,bandpower,CP3,Beta,,temporal_left,0.0,0.0,46
211-000546,2,SAD,26,CPz_Alpha,bandpower,CPz,Alpha,,parietal_midline,0.0,0.0,46
211-000546,2,SAD,27,CPz_Beta,bandpower,CPz,Beta,,parietal_midline,0.0,0.0,46
211-000546,2,SAD,28,Cz_Alpha,bandpower,Cz,Alpha,,parietal_midline,0.0,0.0,46
211-000546,2,SAD,29,Cz_Beta,bandpower,Cz,Beta,,parietal_midline,0.0,0.0,46
211-000546,2,SAD,30,FC4_Alpha,bandpower,FC4,Alpha,,frontal_bilateral,0.0,0.0,46
211-000546,2,SAD,31,FC4_Beta,bandpower,FC4,Beta,,frontal_bilateral,0.0,0.0,46
211-000546,2,SAD,32,FT8_Alpha,bandpower,FT8,Alpha,,temporal_right,1.8713874507833704e-05,1.4951309509626341e-05,46
211-000546,2,SAD,33,FT8_Beta,bandpower,FT8,Beta,,temporal_right,0.0,0.0,46
211-000546,2,SAD,34,TP7_Alpha,bandpower,TP7,Alpha,,temporal_left,0.0,0.0,46
211-000546,2,SAD,35,TP7_Beta,bandpower,TP7,Beta,,temporal_left,0.0,0.0,46
211-000546,2,SAD,36,C3_Alpha,bandpower,C3,Alpha,,centro_parietal_left,0.0,0.0,46
211-000546,2,SAD,37,C3_Beta,bandpower,C3,Beta,,centro_parietal_left,0.0,0.0,46
211-000546,2,SAD,38,FCz_Alpha,bandpower,FCz,Alpha,,frontal_bilateral,0.5775658754289809,0.5756601626517623,46
211-000546,2,SAD,39,FCz_Beta,bandpower,FCz,Beta,,frontal_bilateral,0.5636926429646704,0.5601143788761795,46
211-000546,2,SAD,40,Fz_Alpha,bandpower,Fz,Alpha,,frontal_bilateral,0.0,0.0,46
211-000546,2,SAD,41,Fz_Beta,bandpower,Fz,Beta,,frontal_bilateral,0.0,0.0,46
211-000546,2,SAD,42,F4_Alpha,bandpower,F4,Alpha,,frontal_bilateral,0.0715179749309786,0.06613967406509579,46
211-000546,2,SAD,43,F4_Beta,bandpower,F4,Beta,,frontal_bilateral,0.006111380430202956,0.00246258791456174,46
211-000546,2,SAD,44,F8_Alpha,bandpower,F8,Alpha,,other,0.0,0.0,46
211-000546,2,SAD,45,F8_Beta,bandpower,F8,Beta,,other,0.0,0.0,46
211-000546,2,SAD,46,T7_Alpha,bandpower,T7,Alpha,,temporal_left,0.13735553463647834,0.136116242281096,46
211-000546,2,SAD,47,T7_Beta,bandpower,T7,Beta,,temporal_left,0.16859588238731932,0.16223006639569204,46
211-000546,2,SAD,48,FT7_Alpha,bandpower,FT7,Alpha,,temporal_left,0.0958217405204926,0.09311664679345395,46
211-000546,2,SAD,49,FT7_Beta,bandpower,FT7,Beta,,temporal_left,0.04801141316313011,0.04453487638450558,46
211-000546,2,SAD,50,FC3_Alpha,bandpower,FC3,Alpha,,frontal_bilateral,0.0,0.0,46
211-000546,2,SAD,51,FC3_Beta,bandpower,FC3,Beta,,frontal_bilateral,0.0,0.0,46
211-000546,2,SAD,52,F3_Alpha,bandpower,F3,Alpha,,frontal_bilateral,0.0,0.0,46
211-000546,2,SAD,53,F3_Beta,bandpower,F3,Beta,,frontal_bilateral,0.0,0.0,46
211-000546,2,SAD,54,Fp2_Alpha,bandpower,Fp2,Alpha,,frontal_bilateral,0.0,0.0,46
211-000546,2,SAD,55,Fp2_Beta,bandpower,Fp2,Beta,,frontal_bilateral,0.0,0.0,46
211-000546,2,SAD,56,F7_Alpha,bandpower,F7,Alpha,,frontal_inferior_left,0.0,0.0,46
211-000546,2,SAD,57,F7_Beta,bandpower,F7,Beta,,frontal_inferior_left,0.0,0.0,46
211-000546,2,SAD,58,Fp1_Alpha,bandpower,Fp1,Alpha,,frontal_bilateral,0.0,0.0,46
211-000546,2,SAD,59,Fp1_Beta,bandpower,Fp1,Beta,,frontal_bilateral,0.3232186156866454,0.22341071505919818,46
211-000546,2,SAD,60,PO5_Alpha,bandpower,PO5,Alpha,,other,0.0035559654658997913,0.0031095959926540338,46
211-000546,2,SAD,61,PO5_Beta,bandpower,PO5,Beta,,other,0.0,0.0,46
211-000546,2,SAD,62,PO3_Alpha,bandpower,PO3,Alpha,,occipital,0.0,0.0,46
211-000546,2,SAD,63,PO3_Beta,bandpower,PO3,Beta,,occipital,0.0,0.0,46
211-000546,2,SAD,64,P1_Alpha,bandpower,P1,Alpha,,other,0.09784506909226279,0.04290847003052368,46
211-000546,2,SAD,65,P1_Beta,bandpower,P1,Beta,,other,0.17287993811558294,0.13193679632972935,46
211-000546,2,SAD,66,POz_Alpha,bandpower,POz,Alpha,,occipital,0.0,0.0,46
211-000546,2,SAD,67,POz_Beta,bandpower,POz,Beta,,occipital,0.0,0.0,46
211-000546,2,SAD,68,P2_Alpha,bandpower,P2,Alpha,,other,0.0,0.0,46
211-000546,2,SAD,69,P2_Beta,bandpower,P2,Beta,,other,0.0,0.0,46
211-000546,2,SAD,70,PO4_Alpha,bandpower,PO4,Alpha,,occipital,0.0,0.0,46
211-000546,2,SAD,71,PO4_Beta,bandpower,PO4,Beta,,occipital,0.0,0.0,46
211-000546,2,SAD,72,CP2_Alpha,bandpower,CP2,Alpha,,other,0.0,0.0,46
211-000546,2,SAD,73,CP2_Beta,bandpower,CP2,Beta,,other,0.0,0.0,46
211-000546,2,SAD,74,P6_Alpha,bandpower,P6,Alpha,,temporal_right,0.0,0.0,46
211-000546,2,SAD,75,P6_Beta,bandpower,P6,Beta,,temporal_right,0.0,0.0,46
211-000546,2,SAD,76,PO6_Alpha,bandpower,PO6,Alpha,,other,0.0,0.0,46
211-000546,2,SAD,77,PO6_Beta,bandpower,PO6,Beta,,other,0.0,0.0,46
211-000546,2,SAD,78,CP6_Alpha,bandpower,CP6,Alpha,,temporal_right,0.0,0.0,46
211-000546,2,SAD,79,CP6_Beta,bandpower,CP6,Beta,,temporal_right,0.0,0.0,46
211-000546,2,SAD,80,C6_Alpha,bandpower,C6,Alpha,,temporal_right,0.0,0.0,46
211-000546,2,SAD,81,C6_Beta,bandpower,C6,Beta,,temporal_right,0.10767017355448219,0.10447383663051221,46
211-000546,2,SAD,82,PO8_Alpha,bandpower,PO8,Alpha,,occipital,0.0,0.0,46
211-000546,2,SAD,83,PO8_Beta,bandpower,PO8,Beta,,occipital,0.0,0.0,46
211-000546,2,SAD,84,PO7_Alpha,bandpower,PO7,Alpha,,occipital,0.0,0.0,46
211-000546,2,SAD,85,PO7_Beta,bandpower,PO7,Beta,,occipital,0.0,0.0,46
211-000546,2,SAD,86,P5_Alpha,bandpower,P5,Alpha,,temporal_left,0.012484786004336413,0.010180917671016016,46
211-000546,2,SAD,87,P5_Beta,bandpower,P5,Beta,,temporal_left,0.0,0.0,46
211-000546,2,SAD,88,CP5_Alpha,bandpower,CP5,Alpha,,temporal_left,0.0,0.0,46
211-000546,2,SAD,89,CP5_Beta,bandpower,CP5,Beta,,temporal_left,0.0,0.0,46
211-000546,2,SAD,90,CP1_Alpha,bandpower,CP1,Alpha,,other,0.0,0.0,46
211-000546,2,SAD,91,CP1_Beta,bandpower,CP1,Beta,,other,0.0,0.0,46
211-000546,2,SAD,92,C1_Alpha,bandpower,C1,Alpha,,other,0.02456705890946518,-0.010871615425112155,46
211-000546,2,SAD,93,C1_Beta,bandpower,C1,Beta,,other,0.0,0.0,46
211-000546,2,SAD,94,C2_Alpha,bandpower,C2,Alpha,,other,0.0,0.0,46
211-000546,2,SAD,95,C2_Beta,bandpower,C2,Beta,,other,0.0,0.0,46
211-000546,2,SAD,96,FC2_Alpha,bandpower,FC2,Alpha,,other,0.0,0.0,46
211-000546,2,SAD,97,FC2_Beta,bandpower,FC2,Beta,,other,0.0,0.0,46
211-000546,2,SAD,98,FC6_Alpha,bandpower,FC6,Alpha,,other,0.1665784944169862,0.16553143417636243,46
211-000546,2,SAD,99,FC6_Beta,bandpower,FC6,Beta,,other,0.0,0.0,46
211-000546,2,SAD,100,C5_Alpha,bandpower,C5,Alpha,,temporal_left,0.08311846808952737,0.0802782349172936,46
211-000546,2,SAD,101,C5_Beta,bandpower,C5,Beta,,temporal_left,0.0382135076247516,0.03365578745547122,46
211-000546,2,SAD,102,FC1_Alpha,bandpower,FC1,Alpha,,other,0.0,0.0,46
211-000546,2,SAD,103,FC1_Beta,bandpower,FC1,Beta,,other,0.0,0.0,46
211-000546,2,SAD,104,F2_Alpha,bandpower,F2,Alpha,,frontal_bilateral,0.13670521390170307,0.13590969962539176,46
211-000546,2,SAD,105,F2_Beta,bandpower,F2,Beta,,frontal_bilateral,0.006035490402730798,0.00508622663851276,46
211-000546,2,SAD,106,F6_Alpha,bandpower,F6,Alpha,,other,0.08202320774215532,0.08202320774215532,46
211-000546,2,SAD,107,F6_Beta,bandpower,F6,Beta,,other,0.0,0.0,46
211-000546,2,SAD,108,FC5_Alpha,bandpower,FC5,Alpha,,frontal_inferior_left,0.0,0.0,46
211-000546,2,SAD,109,FC5_Beta,bandpower,FC5,Beta,,frontal_inferior_left,0.0,0.0,46
211-000546,2,SAD,110,F1_Alpha,bandpower,F1,Alpha,,frontal_bilateral,0.005498896200110921,0.00300765782245174,46
211-000546,2,SAD,111,F1_Beta,bandpower,F1,Beta,,frontal_bilateral,0.0,0.0,46
211-000546,2,SAD,112,AF4_Alpha,bandpower,AF4,Alpha,,frontal_bilateral,0.015828298751558133,0.0131480328527197,46
211-000546,2,SAD,113,AF4_Beta,bandpower,AF4,Beta,,frontal_bilateral,0.0,0.0,46
211-000546,2,SAD,114,AF8_Alpha,bandpower,AF8,Alpha,,frontal_bilateral,0.0,0.0,46
211-000546,2,SAD,115,AF8_Beta,bandpower,AF8,Beta,,frontal_bilateral,0.0,0.0,46
211-000546,2,SAD,116,F5_Alpha,bandpower,F5,Alpha,,frontal_inferior_left,0.0,0.0,46
211-000546,2,SAD,117,F5_Beta,bandpower,F5,Beta,,frontal_inferior_left,0.0,0.0,46
211-000546,2,SAD,118,AF7_Alpha,bandpower,AF7,Alpha,,frontal_bilateral,0.0,0.0,46
211-000546,2,SAD,119,AF7_Beta,bandpower,AF7,Beta,,frontal_bilateral,0.0,0.0,46
211-000546,2,SAD,120,AF3_Alpha,bandpower,AF3,Alpha,,frontal_bilateral,0.0,0.0,46
211-000546,2,SAD,121,AF3_Beta,bandpower,AF3,Beta,,frontal_bilateral,0.47539380781231244,0.4038149195059007,46
211-000546,2,SAD,122,Fpz_Alpha,bandpower,Fpz,Alpha,,frontal_bilateral,0.0,0.0,46
211-000546,2,SAD,123,Fpz_Beta,bandpower,Fpz,Beta,,frontal_bilateral,0.0,0.0,46
211-000546,2,SAD,124,AlphaAsym_Fp2-Fp1,AlphaAsym,,,Fp2-Fp1,,0.0,0.0,46
211-000546,2,SAD,125,AlphaAsym_AF8-AF7,AlphaAsym,,,AF8-AF7,,0.0,0.0,46
211-000546,2,SAD,126,AlphaAsym_AF4-AF3,AlphaAsym,,,AF4-AF3,,0.0668182102368391,0.04649266429583422,46
211-000546,2,SAD,127,AlphaAsym_F8-F7,AlphaAsym,,,F8-F7,,0.0,0.0,46
211-000546,2,SAD,128,AlphaAsym_F6-F5,AlphaAsym,,,F6-F5,,0.04828511237575575,0.04828511237575575,46
211-000546,2,SAD,129,AlphaAsym_F4-F3,AlphaAsym,,,F4-F3,,0.353359726944169,0.35218775841638417,46
211-000546,2,SAD,130,AlphaAsym_F2-F1,AlphaAsym,,,F2-F1,,0.0,0.0,46
211-000546,2,SAD,131,AlphaAsym_FC6-FC5,AlphaAsym,,,FC6-FC5,,0.02118000396007705,0.01590362072453604,46
211-000546,2,SAD,132,AlphaAsym_FC4-FC3,AlphaAsym,,,FC4-FC3,,0.0,0.0,46
211-000546,2,SAD,133,AlphaAsym_FC2-FC1,AlphaAsym,,,FC2-FC1,,0.0,0.0,46
211-000546,2,SAD,134,AlphaAsym_T8-T7,AlphaAsym,,,T8-T7,,0.0,0.0,46
211-000546,2,SAD,135,AlphaAsym_C6-C5,AlphaAsym,,,C6-C5,,0.0,0.0,46
211-000546,2,SAD,136,AlphaAsym_C4-C3,AlphaAsym,,,C4-C3,,0.0,0.0,46
211-000546,2,SAD,137,AlphaAsym_C2-C1,AlphaAsym,,,C2-C1,,0.01678530624048645,0.010084721960051222,46
211-000546,2,SAD,138,AlphaAsym_TP8-TP7,AlphaAsym,,,TP8-TP7,,0.0,0.0,46
211-000546,2,SAD,139,AlphaAsym_CP6-CP5,AlphaAsym,,,CP6-CP5,,0.0,0.0,46
211-000546,2,SAD,140,AlphaAsym_CP4-CP3,AlphaAsym,,,CP4-CP3,,0.0,0.0,46
211-000546,2,SAD,141,AlphaAsym_CP2-CP1,AlphaAsym,,,CP2-CP1,,0.07436274657558126,0.05853808808133413,46
211-000546,2,SAD,142,AlphaAsym_P8-P7,AlphaAsym,,,P8-P7,,0.0,0.0,46
211-000546,2,SAD,143,AlphaAsym_P6-P5,AlphaAsym,,,P6-P5,,0.0,0.0,46
211-000546,2,SAD,144,AlphaAsym_P4-P3,AlphaAsym,,,P4-P3,,0.0,0.0,46
211-000546,2,SAD,145,AlphaAsym_P2-P1,AlphaAsym,,,P2-P1,,0.4562280040608301,0.4478221823617216,46
211-000546,2,SAD,146,AlphaAsym_PO8-PO7,AlphaAsym,,,PO8-PO7,,0.0,0.0,46
211-000546,2,SAD,147,AlphaAsym_PO6-PO5,AlphaAsym,,,PO6-PO5,,0.0,0.0,46
211-000546,2,SAD,148,AlphaAsym_PO4-PO3,AlphaAsym,,,PO4-PO3,,0.0,0.0,46
211-000546,2,SAD,149,AlphaAsym_O2-O1,AlphaAsym,,,O2-O1,,0.002581131857208699,-0.0016560423272936934,46
211-000547,0,JOY,0,O2_Alpha,bandpower,O2,Alpha,,occipital,0.22169343636385805,0.2023302035720719,49
211-000547,0,JOY,1,O2_Beta,bandpower,O2,Beta,,occipital,0.05805163744574848,-0.018895884556955726,49
211-000547,0,JOY,2,O1_Alpha,bandpower,O1,Alpha,,occipital,0.0,0.0,49
211-000547,0,JOY,3,O1_Beta,bandpower,O1,Beta,,occipital,0.0,0.0,49
211-000547,0,JOY,4,Oz_Alpha,bandpower,Oz,Alpha,,occipital,0.4611202886055934,0.44943062971681585,49
211-000547,0,JOY,5,Oz_Beta,bandpower,Oz,Beta,,occipital,0.8464184534547324,0.8464184534547324,49
211-000547,0,JOY,6,Pz_Alpha,bandpower,Pz,Alpha,,parietal_midline,0.0,0.0,49
211-000547,0,JOY,7,Pz_Beta,bandpower,Pz,Beta,,parietal_midline,0.0,0.0,49
211-000547,0,JOY,8,P4_Alpha,bandpower,P4,Alpha,,other,0.0,0.0,49
211-000547,0,JOY,9,P4_Beta,bandpower,P4,Beta,,other,0.0,0.0,49
211-000547,0,JOY,10,CP4_Alpha,bandpower,CP4,Alpha,,temporal_right,0.0,0.0,49
211-000547,0,JOY,11,CP4_Beta,bandpower,CP4,Beta,,temporal_right,0.0,0.0,49
211-000547,0,JOY,12,P8_Alpha,bandpower,P8,Alpha,,temporal_right,0.0,0.0,49
211-000547,0,JOY,13,P8_Beta,bandpower,P8,Beta,,temporal_right,0.0,0.0,49
211-000547,0,JOY,14,C4_Alpha,bandpower,C4,Alpha,,other,0.0,0.0,49
211-000547,0,JOY,15,C4_Beta,bandpower,C4,Beta,,other,0.0,0.0,49
211-000547,0,JOY,16,TP8_Alpha,bandpower,TP8,Alpha,,temporal_right,0.0,0.0,49
211-000547,0,JOY,17,TP8_Beta,bandpower,TP8,Beta,,temporal_right,0.0,0.0,49
211-000547,0,JOY,18,T8_Alpha,bandpower,T8,Alpha,,temporal_right,0.0,0.0,49
211-000547,0,JOY,19,T8_Beta,bandpower,T8,Beta,,temporal_right,0.0,0.0,49
211-000547,0,JOY,20,P7_Alpha,bandpower,P7,Alpha,,temporal_left,0.0,0.0,49
211-000547,0,JOY,21,P7_Beta,bandpower,P7,Beta,,temporal_left,0.0,0.0,49
211-000547,0,JOY,22,P3_Alpha,bandpower,P3,Alpha,,centro_parietal_left,0.0,0.0,49
211-000547,0,JOY,23,P3_Beta,bandpower,P3,Beta,,centro_parietal_left,0.0,0.0,49
211-000547,0,JOY,24,CP3_Alpha,bandpower,CP3,Alpha,,temporal_left,0.0,0.0,49
211-000547,0,JOY,25,CP3_Beta,bandpower,CP3,Beta,,temporal_left,0.0,0.0,49
211-000547,0,JOY,26,CPz_Alpha,bandpower,CPz,Alpha,,parietal_midline,0.0,0.0,49
211-000547,0,JOY,27,CPz_Beta,bandpower,CPz,Beta,,parietal_midline,0.0,0.0,49
211-000547,0,JOY,28,Cz_Alpha,bandpower,Cz,Alpha,,parietal_midline,0.0,0.0,49
211-000547,0,JOY,29,Cz_Beta,bandpower,Cz,Beta,,parietal_midline,0.1773875143065709,0.13588372909938268,49
211-000547,0,JOY,30,FC4_Alpha,bandpower,FC4,Alpha,,frontal_bilateral,0.0,0.0,49
211-000547,0,JOY,31,FC4_Beta,bandpower,FC4,Beta,,frontal_bilateral,0.0,0.0,49
211-000547,0,JOY,32,FT8_Alpha,bandpower,FT8,Alpha,,temporal_right,0.0,0.0,49
211-000547,0,JOY,33,FT8_Beta,bandpower,FT8,Beta,,temporal_right,0.0,0.0,49
211-000547,0,JOY,34,TP7_Alpha,bandpower,TP7,Alpha,,temporal_left,0.0,0.0,49
211-000547,0,JOY,35,TP7_Beta,bandpower,TP7,Beta,,temporal_left,0.07712768995993123,0.04718520711079307,49
211-000547,0,JOY,36,C3_Alpha,bandpower,C3,Alpha,,centro_parietal_left,0.0,0.0,49
211-000547,0,JOY,37,C3_Beta,bandpower,C3,Beta,,centro_parietal_left,0.0,0.0,49
211-000547,0,JOY,38,FCz_Alpha,bandpower,FCz,Alpha,,frontal_bilateral,0.0018521289115780459,0.0012813318260336429,49
211-000547,0,JOY,39,FCz_Beta,bandpower,FCz,Beta,,frontal_bilateral,0.044098767364375215,0.022322879461450274,49
211-000547,0,JOY,40,Fz_Alpha,bandpower,Fz,Alpha,,frontal_bilateral,0.0,0.0,49
211-000547,0,JOY,41,Fz_Beta,bandpower,Fz,Beta,,frontal_bilateral,0.0,0.0,49
211-000547,0,JOY,42,F4_Alpha,bandpower,F4,Alpha,,frontal_bilateral,0.0,0.0,49
211-000547,0,JOY,43,F4_Beta,bandpower,F4,Beta,,frontal_bilateral,0.0,0.0,49
211-000547,0,JOY,44,F8_Alpha,bandpower,F8,Alpha,,other,0.0,0.0,49
211-000547,0,JOY,45,F8_Beta,bandpower,F8,Beta,,other,0.0,0.0,49
211-000547,0,JOY,46,T7_Alpha,bandpower,T7,Alpha,,temporal_left,0.0,0.0,49
211-000547,0,JOY,47,T7_Beta,bandpower,T7,Beta,,temporal_left,0.0,0.0,49
211-000547,0,JOY,48,FT7_Alpha,bandpower,FT7,Alpha,,temporal_left,0.0,0.0,49
211-000547,0,JOY,49,FT7_Beta,bandpower,FT7,Beta,,temporal_left,0.0,0.0,49
211-000547,0,JOY,50,FC3_Alpha,bandpower,FC3,Alpha,,frontal_bilateral,0.0,0.0,49
211-000547,0,JOY,51,FC3_Beta,bandpower,FC3,Beta,,frontal_bilateral,0.0,0.0,49
211-000547,0,JOY,52,F3_Alpha,bandpower,F3,Alpha,,frontal_bilateral,0.0,0.0,49
211-000547,0,JOY,53,F3_Beta,bandpower,F3,Beta,,frontal_bilateral,0.0,0.0,49
211-000547,0,JOY,54,Fp2_Alpha,bandpower,Fp2,Alpha,,frontal_bilateral,0.1706294396606632,0.1624241691032138,49
211-000547,0,JOY,55,Fp2_Beta,bandpower,Fp2,Beta,,frontal_bilateral,0.23687214164083842,0.1619082487001851,49
211-000547,0,JOY,56,F7_Alpha,bandpower,F7,Alpha,,frontal_inferior_left,0.0,0.0,49
211-000547,0,JOY,57,F7_Beta,bandpower,F7,Beta,,frontal_inferior_left,0.0,0.0,49
211-000547,0,JOY,58,Fp1_Alpha,bandpower,Fp1,Alpha,,frontal_bilateral,0.0,0.0,49
211-000547,0,JOY,59,Fp1_Beta,bandpower,Fp1,Beta,,frontal_bilateral,0.0,0.0,49
211-000547,0,JOY,60,PO5_Alpha,bandpower,PO5,Alpha,,other,0.0,0.0,49
211-000547,0,JOY,61,PO5_Beta,bandpower,PO5,Beta,,other,0.005598287248671222,0.003216261039275165,49
211-000547,0,JOY,62,PO3_Alpha,bandpower,PO3,Alpha,,occipital,0.0,0.0,49
211-000547,0,JOY,63,PO3_Beta,bandpower,PO3,Beta,,occipital,0.0,0.0,49
211-000547,0,JOY,64,P1_Alpha,bandpower,P1,Alpha,,other,0.0,0.0,49
211-000547,0,JOY,65,P1_Beta,bandpower,P1,Beta,,other,0.0,0.0,49
211-000547,0,JOY,66,POz_Alpha,bandpower,POz,Alpha,,occipital,0.0,0.0,49
211-000547,0,JOY,67,POz_Beta,bandpower,POz,Beta,,occipital,0.0,0.0,49
211-000547,0,JOY,68,P2_Alpha,bandpower,P2,Alpha,,other,0.0,0.0,49
211-000547,0,JOY,69,P2_Beta,bandpower,P2,Beta,,other,0.0,0.0,49
211-000547,0,JOY,70,PO4_Alpha,bandpower,PO4,Alpha,,occipital,0.0,0.0,49
211-000547,0,JOY,71,PO4_Beta,bandpower,PO4,Beta,,occipital,0.0,0.0,49
211-000547,0,JOY,72,CP2_Alpha,bandpower,CP2,Alpha,,other,0.0,0.0,49
211-000547,0,JOY,73,CP2_Beta,bandpower,CP2,Beta,,other,0.0,0.0,49
211-000547,0,JOY,74,P6_Alpha,bandpower,P6,Alpha,,temporal_right,0.0,0.0,49
211-000547,0,JOY,75,P6_Beta,bandpower,P6,Beta,,temporal_right,0.0,0.0,49
211-000547,0,JOY,76,PO6_Alpha,bandpower,PO6,Alpha,,other,0.0,0.0,49
211-000547,0,JOY,77,PO6_Beta,bandpower,PO6,Beta,,other,0.0,0.0,49
211-000547,0,JOY,78,CP6_Alpha,bandpower,CP6,Alpha,,temporal_right,0.0,0.0,49
211-000547,0,JOY,79,CP6_Beta,bandpower,CP6,Beta,,temporal_right,0.0,0.0,49
211-000547,0,JOY,80,C6_Alpha,bandpower,C6,Alpha,,temporal_right,0.04306764774696932,0.026364257784444827,49
211-000547,0,JOY,81,C6_Beta,bandpower,C6,Beta,,temporal_right,0.0,0.0,49
211-000547,0,JOY,82,PO8_Alpha,bandpower,PO8,Alpha,,occipital,0.0,0.0,49
211-000547,0,JOY,83,PO8_Beta,bandpower,PO8,Beta,,occipital,0.29447457508472874,0.22749996080083612,49
211-000547,0,JOY,84,PO7_Alpha,bandpower,PO7,Alpha,,occipital,0.0,0.0,49
211-000547,0,JOY,85,PO7_Beta,bandpower,PO7,Beta,,occipital,0.031129531367200813,0.010820490452861922,49
211-000547,0,JOY,86,P5_Alpha,bandpower,P5,Alpha,,temporal_left,0.0,0.0,49
211-000547,0,JOY,87,P5_Beta,bandpower,P5,Beta,,temporal_left,0.0,0.0,49
211-000547,0,JOY,88,CP5_Alpha,bandpower,CP5,Alpha,,temporal_left,0.0,0.0,49
211-000547,0,JOY,89,CP5_Beta,bandpower,CP5,Beta,,temporal_left,0.01434860397752675,0.00885793052613793,49
211-000547,0,JOY,90,CP1_Alpha,bandpower,CP1,Alpha,,other,0.0,0.0,49
211-000547,0,JOY,91,CP1_Beta,bandpower,CP1,Beta,,other,0.0,0.0,49
211-000547,0,JOY,92,C1_Alpha,bandpower,C1,Alpha,,other,0.0,0.0,49
211-000547,0,JOY,93,C1_Beta,bandpower,C1,Beta,,other,0.0,0.0,49
211-000547,0,JOY,94,C2_Alpha,bandpower,C2,Alpha,,other,0.0,0.0,49
211-000547,0,JOY,95,C2_Beta,bandpower,C2,Beta,,other,0.0,0.0,49
211-000547,0,JOY,96,FC2_Alpha,bandpower,FC2,Alpha,,other,0.0,0.0,49
211-000547,0,JOY,97,FC2_Beta,bandpower,FC2,Beta,,other,0.0,0.0,49
211-000547,0,JOY,98,FC6_Alpha,bandpower,FC6,Alpha,,other,0.0,0.0,49
211-000547,0,JOY,99,FC6_Beta,bandpower,FC6,Beta,,other,0.0,0.0,49
211-000547,0,JOY,100,C5_Alpha,bandpower,C5,Alpha,,temporal_left,0.0,0.0,49
211-000547,0,JOY,101,C5_Beta,bandpower,C5,Beta,,temporal_left,0.0,0.0,49
211-000547,0,JOY,102,FC1_Alpha,bandpower,FC1,Alpha,,other,0.0,0.0,49
211-000547,0,JOY,103,FC1_Beta,bandpower,FC1,Beta,,other,0.0,0.0,49
211-000547,0,JOY,104,F2_Alpha,bandpower,F2,Alpha,,frontal_bilateral,0.0,0.0,49
211-000547,0,JOY,105,F2_Beta,bandpower,F2,Beta,,frontal_bilateral,0.0,0.0,49
211-000547,0,JOY,106,F6_Alpha,bandpower,F6,Alpha,,other,0.010423655657719924,0.0008035553975580137,49
211-000547,0,JOY,107,F6_Beta,bandpower,F6,Beta,,other,0.0,0.0,49
211-000547,0,JOY,108,FC5_Alpha,bandpower,FC5,Alpha,,frontal_inferior_left,0.0,0.0,49
211-000547,0,JOY,109,FC5_Beta,bandpower,FC5,Beta,,frontal_inferior_left,0.0,0.0,49
211-000547,0,JOY,110,F1_Alpha,bandpower,F1,Alpha,,frontal_bilateral,0.0059566054477393155,0.002254464999621867,49
211-000547,0,JOY,111,F1_Beta,bandpower,F1,Beta,,frontal_bilateral,0.0,0.0,49
211-000547,0,JOY,112,AF4_Alpha,bandpower,AF4,Alpha,,frontal_bilateral,0.0,0.0,49
211-000547,0,JOY,113,AF4_Beta,bandpower,AF4,Beta,,frontal_bilateral,0.0,0.0,49
211-000547,0,JOY,114,AF8_Alpha,bandpower,AF8,Alpha,,frontal_bilateral,0.0,0.0,49
211-000547,0,JOY,115,AF8_Beta,bandpower,AF8,Beta,,frontal_bilateral,0.0,0.0,49
211-000547,0,JOY,116,F5_Alpha,bandpower,F5,Alpha,,frontal_inferior_left,0.0,0.0,49
211-000547,0,JOY,117,F5_Beta,bandpower,F5,Beta,,frontal_inferior_left,0.0,0.0,49
211-000547,0,JOY,118,AF7_Alpha,bandpower,AF7,Alpha,,frontal_bilateral,0.0,0.0,49
211-000547,0,JOY,119,AF7_Beta,bandpower,AF7,Beta,,frontal_bilateral,0.04227340969691968,0.019498627854634888,49
211-000547,0,JOY,120,AF3_Alpha,bandpower,AF3,Alpha,,frontal_bilateral,0.0,0.0,49
211-000547,0,JOY,121,AF3_Beta,bandpower,AF3,Beta,,frontal_bilateral,0.0,0.0,49
211-000547,0,JOY,122,Fpz_Alpha,bandpower,Fpz,Alpha,,frontal_bilateral,0.250058979572675,0.21736258112576293,49
211-000547,0,JOY,123,Fpz_Beta,bandpower,Fpz,Beta,,frontal_bilateral,0.6091712639875206,0.5991267378633144,49
211-000547,0,JOY,124,AlphaAsym_Fp2-Fp1,AlphaAsym,,,Fp2-Fp1,,0.0,0.0,49
211-000547,0,JOY,125,AlphaAsym_AF8-AF7,AlphaAsym,,,AF8-AF7,,0.0,0.0,49
211-000547,0,JOY,126,AlphaAsym_AF4-AF3,AlphaAsym,,,AF4-AF3,,0.0,0.0,49
211-000547,0,JOY,127,AlphaAsym_F8-F7,AlphaAsym,,,F8-F7,,0.0,0.0,49
211-000547,0,JOY,128,AlphaAsym_F6-F5,AlphaAsym,,,F6-F5,,0.08400458518530321,0.03407279553879751,49
211-000547,0,JOY,129,AlphaAsym_F4-F3,AlphaAsym,,,F4-F3,,0.0,0.0,49
211-000547,0,JOY,130,AlphaAsym_F2-F1,AlphaAsym,,,F2-F1,,0.0,0.0,49
211-000547,0,JOY,131,AlphaAsym_FC6-FC5,AlphaAsym,,,FC6-FC5,,0.0,0.0,49
211-000547,0,JOY,132,AlphaAsym_FC4-FC3,AlphaAsym,,,FC4-FC3,,0.0,0.0,49
211-000547,0,JOY,133,AlphaAsym_FC2-FC1,AlphaAsym,,,FC2-FC1,,0.0,0.0,49
211-000547,0,JOY,134,AlphaAsym_T8-T7,AlphaAsym,,,T8-T7,,0.020317894486511986,-0.0007669100323713739,49
211-000547,0,JOY,135,AlphaAsym_C6-C5,AlphaAsym,,,C6-C5,,0.10233357024358605,0.05890330927467977,49
211-000547,0,JOY,136,AlphaAsym_C4-C3,AlphaAsym,,,C4-C3,,0.0,0.0,49
211-000547,0,JOY,137,AlphaAsym_C2-C1,AlphaAsym,,,C2-C1,,0.0,0.0,49
211-000547,0,JOY,138,AlphaAsym_TP8-TP7,AlphaAsym,,,TP8-TP7,,0.0,0.0,49
211-000547,0,JOY,139,AlphaAsym_CP6-CP5,AlphaAsym,,,CP6-CP5,,0.0,0.0,49
211-000547,0,JOY,140,AlphaAsym_CP4-CP3,AlphaAsym,,,CP4-CP3,,0.0,0.0,49
211-000547,0,JOY,141,AlphaAsym_CP2-CP1,AlphaAsym,,,CP2-CP1,,0.0,0.0,49
211-000547,0,JOY,142,AlphaAsym_P8-P7,AlphaAsym,,,P8-P7,,0.0,0.0,49
211-000547,0,JOY,143,AlphaAsym_P6-P5,AlphaAsym,,,P6-P5,,0.0,0.0,49
211-000547,0,JOY,144,AlphaAsym_P4-P3,AlphaAsym,,,P4-P3,,0.0,0.0,49
211-000547,0,JOY,145,AlphaAsym_P2-P1,AlphaAsym,,,P2-P1,,0.0,0.0,49
211-000547,0,JOY,146,AlphaAsym_PO8-PO7,AlphaAsym,,,PO8-PO7,,0.005010478201066897,-0.0009174097121799983,49
211-000547,0,JOY,147,AlphaAsym_PO6-PO5,AlphaAsym,,,PO6-PO5,,0.0,0.0,49
211-000547,0,JOY,148,AlphaAsym_PO4-PO3,AlphaAsym,,,PO4-PO3,,0.0,0.0,49
211-000547,0,JOY,149,AlphaAsym_O2-O1,AlphaAsym,,,O2-O1,,0.8190238657670824,0.8010262187977536,49
211-000547,1,NEUTRO,0,O2_Alpha,bandpower,O2,Alpha,,occipital,0.3128178279307113,0.28724718772729696,47
211-000547,1,NEUTRO,1,O2_Beta,bandpower,O2,Beta,,occipital,0.0,0.0,47
211-000547,1,NEUTRO,2,O1_Alpha,bandpower,O1,Alpha,,occipital,0.004551742924689106,0.0009008379776792815,47
211-000547,1,NEUTRO,3,O1_Beta,bandpower,O1,Beta,,occipital,0.12078978839731482,0.09084232218136079,47
211-000547,1,NEUTRO,4,Oz_Alpha,bandpower,Oz,Alpha,,occipital,0.0,0.0,47
211-000547,1,NEUTRO,5,Oz_Beta,bandpower,Oz,Beta,,occipital,0.2440838592683283,0.20748248318406226,47
211-000547,1,NEUTRO,6,Pz_Alpha,bandpower,Pz,Alpha,,parietal_midline,0.0,0.0,47
211-000547,1,NEUTRO,7,Pz_Beta,bandpower,Pz,Beta,,parietal_midline,0.01568834668987641,-0.00700380814298578,47
211-000547,1,NEUTRO,8,P4_Alpha,bandpower,P4,Alpha,,other,0.0,0.0,47
211-000547,1,NEUTRO,9,P4_Beta,bandpower,P4,Beta,,other,0.002281606514718331,0.0004299946820284547,47
211-000547,1,NEUTRO,10,CP4_Alpha,bandpower,CP4,Alpha,,temporal_right,0.0,0.0,47
211-000547,1,NEUTRO,11,CP4_Beta,bandpower,CP4,Beta,,temporal_right,0.0,0.0,47
211-000547,1,NEUTRO,12,P8_Alpha,bandpower,P8,Alpha,,temporal_right,0.003909980483986745,0.0006769949199992923,47
211-000547,1,NEUTRO,13,P8_Beta,bandpower,P8,Beta,,temporal_right,0.04561261560590059,0.02341468346293996,47
211-000547,1,NEUTRO,14,C4_Alpha,bandpower,C4,Alpha,,other,0.0,0.0,47
211-000547,1,NEUTRO,15,C4_Beta,bandpower,C4,Beta,,other,0.0,0.0,47
211-000547,1,NEUTRO,16,TP8_Alpha,bandpower,TP8,Alpha,,temporal_right,0.0,0.0,47
211-000547,1,NEUTRO,17,TP8_Beta,bandpower,TP8,Beta,,temporal_right,0.0,0.0,47
211-000547,1,NEUTRO,18,T8_Alpha,bandpower,T8,Alpha,,temporal_right,0.0006494534214116429,-6.982113963452784e-05,47
211-000547,1,NEUTRO,19,T8_Beta,bandpower,T8,Beta,,temporal_right,0.0,0.0,47
211-000547,1,NEUTRO,20,P7_Alpha,bandpower,P7,Alpha,,temporal_left,0.0,0.0,47
211-000547,1,NEUTRO,21,P7_Beta,bandpower,P7,Beta,,temporal_left,0.0,0.0,47
211-000547,1,NEUTRO,22,P3_Alpha,bandpower,P3,Alpha,,centro_parietal_left,0.0,0.0,47
211-000547,1,NEUTRO,23,P3_Beta,bandpower,P3,Beta,,centro_parietal_left,0.0,0.0,47
211-000547,1,NEUTRO,24,CP3_Alpha,bandpower,CP3,Alpha,,temporal_left,0.0,0.0,47
211-000547,1,NEUTRO,25,CP3_Beta,bandpower,CP3,Beta,,temporal_left,0.00040523957292683293,0.000239542283826908,47
211-000547,1,NEUTRO,26,CPz_Alpha,bandpower,CPz,Alpha,,parietal_midline,0.0,0.0,47
211-000547,1,NEUTRO,27,CPz_Beta,bandpower,CPz,Beta,,parietal_midline,0.048735361140751346,0.004625084782531159,47
211-000547,1,NEUTRO,28,Cz_Alpha,bandpower,Cz,Alpha,,parietal_midline,0.0,0.0,47
211-000547,1,NEUTRO,29,Cz_Beta,bandpower,Cz,Beta,,parietal_midline,0.009977363928951228,0.0001703323813826197,47
211-000547,1,NEUTRO,30,FC4_Alpha,bandpower,FC4,Alpha,,frontal_bilateral,0.0,0.0,47
211-000547,1,NEUTRO,31,FC4_Beta,bandpower,FC4,Beta,,frontal_bilateral,0.05208430456396473,0.04906777886883649,47
211-000547,1,NEUTRO,32,FT8_Alpha,bandpower,FT8,Alpha,,temporal_right,0.10938159384607705,0.10555694356149659,47
211-000547,1,NEUTRO,33,FT8_Beta,bandpower,FT8,Beta,,temporal_right,0.05103269256524189,0.048187929400578186,47
211-000547,1,NEUTRO,34,TP7_Alpha,bandpower,TP7,Alpha,,temporal_left,0.0,0.0,47
211-000547,1,NEUTRO,35,TP7_Beta,bandpower,TP7,Beta,,temporal_left,0.022560466275390566,0.011241092235322997,47
211-000547,1,NEUTRO,36,C3_Alpha,bandpower,C3,Alpha,,centro_parietal_left,0.0,0.0,47
211-000547,1,NEUTRO,37,C3_Beta,bandpower,C3,Beta,,centro_parietal_left,0.0,0.0,47
211-000547,1,NEUTRO,38,FCz_Alpha,bandpower,FCz,Alpha,,frontal_bilateral,0.0,0.0,47
211-000547,1,NEUTRO,39,FCz_Beta,bandpower,FCz,Beta,,frontal_bilateral,0.002233121015319293,-0.002233121015319293,47
211-000547,1,NEUTRO,40,Fz_Alpha,bandpower,Fz,Alpha,,frontal_bilateral,0.0,0.0,47
211-000547,1,NEUTRO,41,Fz_Beta,bandpower,Fz,Beta,,frontal_bilateral,0.0,0.0,47
211-000547,1,NEUTRO,42,F4_Alpha,bandpower,F4,Alpha,,frontal_bilateral,0.0,0.0,47
211-000547,1,NEUTRO,43,F4_Beta,bandpower,F4,Beta,,frontal_bilateral,0.0072552169336678185,-0.006434512358850175,47
211-000547,1,NEUTRO,44,F8_Alpha,bandpower,F8,Alpha,,other,0.0,0.0,47
211-000547,1,NEUTRO,45,F8_Beta,bandpower,F8,Beta,,other,0.14469424553799975,0.0822293000046774,47
211-000547,1,NEUTRO,46,T7_Alpha,bandpower,T7,Alpha,,temporal_left,0.0,0.0,47
211-000547,1,NEUTRO,47,T7_Beta,bandpower,T7,Beta,,temporal_left,0.0,0.0,47
211-000547,1,NEUTRO,48,FT7_Alpha,bandpower,FT7,Alpha,,temporal_left,0.0,0.0,47
211-000547,1,NEUTRO,49,FT7_Beta,bandpower,FT7,Beta,,temporal_left,0.0,0.0,47
211-000547,1,NEUTRO,50,FC3_Alpha,bandpower,FC3,Alpha,,frontal_bilateral,0.0,0.0,47
211-000547,1,NEUTRO,51,FC3_Beta,bandpower,FC3,Beta,,frontal_bilateral,0.0,0.0,47
211-000547,1,NEUTRO,52,F3_Alpha,bandpower,F3,Alpha,,frontal_bilateral,0.0089402103713626,-0.0025181130452263537,47
211-000547,1,NEUTRO,53,F3_Beta,bandpower,F3,Beta,,frontal_bilateral,0.0,0.0,47
211-000547,1,NEUTRO,54,Fp2_Alpha,bandpower,Fp2,Alpha,,frontal_bilateral,0.13042371947398512,0.10013744668615272,47
211-000547,1,NEUTRO,55,Fp2_Beta,bandpower,Fp2,Beta,,frontal_bilateral,0.3407787529856921,0.3154849104986106,47
211-000547,1,NEUTRO,56,F7_Alpha,bandpower,F7,Alpha,,frontal_inferior_left,0.0,0.0,47
211-000547,1,NEUTRO,57,F7_Beta,bandpower,F7,Beta,,frontal_inferior_left,0.0,0.0,47
211-000547,1,NEUTRO,58,Fp1_Alpha,bandpower,Fp1,Alpha,,frontal_bilateral,0.0753514575762085,0.01950806342603228,47
211-000547,1,NEUTRO,59,Fp1_Beta,bandpower,Fp1,Beta,,frontal_bilateral,0.010593403260113812,-0.001242970621287092,47
211-000547,1,NEUTRO,60,PO5_Alpha,bandpower,PO5,Alpha,,other,0.015955883599022645,0.0035261890216429673,47
211-000547,1,NEUTRO,61,PO5_Beta,bandpower,PO5,Beta,,other,0.3443254596722021,0.22488954123056373,47
211-000547,1,NEUTRO,62,PO3_Alpha,bandpower,PO3,Alpha,,occipital,0.0,0.0,47
211-000547,1,NEUTRO,63,PO3_Beta,bandpower,PO3,Beta,,occipital,0.0,0.0,47
211-000547,1,NEUTRO,64,P1_Alpha,bandpower,P1,Alpha,,other,0.00031736062045811407,2.573168403458122e-05,47
211-000547,1,NEUTRO,65,P1_Beta,bandpower,P1,Beta,,other,0.17997178444727824,0.1277007706205658,47
211-000547,1,NEUTRO,66,POz_Alpha,bandpower,POz,Alpha,,occipital,0.0,0.0,47
211-000547,1,NEUTRO,67,POz_Beta,bandpower,POz,Beta,,occipital,0.005035099302220862,0.005035099302220862,47
211-000547,1,NEUTRO,68,P2_Alpha,bandpower,P2,Alpha,,other,0.0,0.0,47
211-000547,1,NEUTRO,69,P2_Beta,bandpower,P2,Beta,,other,0.0,0.0,47
211-000547,1,NEUTRO,70,PO4_Alpha,bandpower,PO4,Alpha,,occipital,0.0,0.0,47
211-000547,1,NEUTRO,71,PO4_Beta,bandpower,PO4,Beta,,occipital,0.0,0.0,47
211-000547,1,NEUTRO,72,CP2_Alpha,bandpower,CP2,Alpha,,other,0.0,0.0,47
211-000547,1,NEUTRO,73,CP2_Beta,bandpower,CP2,Beta,,other,0.0,0.0,47
211-000547,1,NEUTRO,74,P6_Alpha,bandpower,P6,Alpha,,temporal_right,0.0,0.0,47
211-000547,1,NEUTRO,75,P6_Beta,bandpower,P6,Beta,,temporal_right,6.207824744852166e-05,1.568071731497874e-05,47
211-000547,1,NEUTRO,76,PO6_Alpha,bandpower,PO6,Alpha,,other,0.0,0.0,47
211-000547,1,NEUTRO,77,PO6_Beta,bandpower,PO6,Beta,,other,0.003264588087820664,-1.1054406366767067e-05,47
211-000547,1,NEUTRO,78,CP6_Alpha,bandpower,CP6,Alpha,,temporal_right,0.0,0.0,47
211-000547,1,NEUTRO,79,CP6_Beta,bandpower,CP6,Beta,,temporal_right,0.0,0.0,47
211-000547,1,NEUTRO,80,C6_Alpha,bandpower,C6,Alpha,,temporal_right,0.0,0.0,47
211-000547,1,NEUTRO,81,C6_Beta,bandpower,C6,Beta,,temporal_right,0.0,0.0,47
211-000547,1,NEUTRO,82,PO8_Alpha,bandpower,PO8,Alpha,,occipital,0.0,0.0,47
211-000547,1,NEUTRO,83,PO8_Beta,bandpower,PO8,Beta,,occipital,0.02115592679161055,0.01801881523228049,47
211-000547,1,NEUTRO,84,PO7_Alpha,bandpower,PO7,Alpha,,occipital,0.0,0.0,47
211-000547,1,NEUTRO,85,PO7_Beta,bandpower,PO7,Beta,,occipital,0.0,0.0,47
211-000547,1,NEUTRO,86,P5_Alpha,bandpower,P5,Alpha,,temporal_left,0.0,0.0,47
211-000547,1,NEUTRO,87,P5_Beta,bandpower,P5,Beta,,temporal_left,0.0360782953926191,0.0005931333819279796,47
211-000547,1,NEUTRO,88,CP5_Alpha,bandpower,CP5,Alpha,,temporal_left,0.0,0.0,47
211-000547,1,NEUTRO,89,CP5_Beta,bandpower,CP5,Beta,,temporal_left,0.0,0.0,47
211-000547,1,NEUTRO,90,CP1_Alpha,bandpower,CP1,Alpha,,other,0.0,0.0,47
211-000547,1,NEUTRO,91,CP1_Beta,bandpower,CP1,Beta,,other,0.0,0.0,47
211-000547,1,NEUTRO,92,C1_Alpha,bandpower,C1,Alpha,,other,0.0,0.0,47
211-000547,1,NEUTRO,93,C1_Beta,bandpower,C1,Beta,,other,0.006907809221219722,0.0008843660866784781,47
211-000547,1,NEUTRO,94,C2_Alpha,bandpower,C2,Alpha,,other,0.0330881686178079,0.022579520408218753,47
211-000547,1,NEUTRO,95,C2_Beta,bandpower,C2,Beta,,other,0.011067965903217257,-0.004468575882299196,47
211-000547,1,NEUTRO,96,FC2_Alpha,bandpower,FC2,Alpha,,other,0.0,0.0,47
211-000547,1,NEUTRO,97,FC2_Beta,bandpower,FC2,Beta,,other,0.0,0.0,47
211-000547,1,NEUTRO,98,FC6_Alpha,bandpower,FC6,Alpha,,other,0.0,0.0,47
211-000547,1,NEUTRO,99,FC6_Beta,bandpower,FC6,Beta,,other,0.0,0.0,47
211-000547,1,NEUTRO,100,C5_Alpha,bandpower,C5,Alpha,,temporal_left,0.0,0.0,47
211-000547,1,NEUTRO,101,C5_Beta,bandpower,C5,Beta,,temporal_left,0.0,0.0,47
211-000547,1,NEUTRO,102,FC1_Alpha,bandpower,FC1,Alpha,,other,0.0,0.0,47
211-000547,1,NEUTRO,103,FC1_Beta,bandpower,FC1,Beta,,other,0.0,0.0,47
211-000547,1,NEUTRO,104,F2_Alpha,bandpower,F2,Alpha,,frontal_bilateral,0.0,0.0,47
211-000547,1,NEUTRO,105,F2_Beta,bandpower,F2,Beta,,frontal_bilateral,0.0,0.0,47
211-000547,1,NEUTRO,106,F6_Alpha,bandpower,F6,Alpha,,other,0.09043745818593,0.025961485846977005,47
211-000547,1,NEUTRO,107,F6_Beta,bandpower,F6,Beta,,other,0.5016832516839453,0.4170660514902897,47
211-000547,1,NEUTRO,108,FC5_Alpha,bandpower,FC5,Alpha,,frontal_inferior_left,0.0,0.0,47
211-000547,1,NEUTRO,109,FC5_Beta,bandpower,FC5,Beta,,frontal_inferior_left,0.0021068344342422786,-0.0002720512314560247,47
211-000547,1,NEUTRO,110,F1_Alpha,bandpower,F1,Alpha,,frontal_bilateral,0.0,0.0,47
211-000547,1,NEUTRO,111,F1_Beta,bandpower,F1,Beta,,frontal_bilateral,0.0,0.0,47
211-000547,1,NEUTRO,112,AF4_Alpha,bandpower,AF4,Alpha,,frontal_bilateral,0.0,0.0,47
211-000547,1,NEUTRO,113,AF4_Beta,bandpower,AF4,Beta,,frontal_bilateral,0.0,0.0,47
211-000547,1,NEUTRO,114,AF8_Alpha,bandpower,AF8,Alpha,,frontal_bilateral,0.0,0.0,47
211-000547,1,NEUTRO,115,AF8_Beta,bandpower,AF8,Beta,,frontal_bilateral,0.00012666534204270648,6.54459810906695e-05,47
211-000547,1,NEUTRO,116,F5_Alpha,bandpower,F5,Alpha,,frontal_inferior_left,0.0,0.0,47
211-000547,1,NEUTRO,117,F5_Beta,bandpower,F5,Beta,,frontal_inferior_left,0.0,0.0,47
211-000547,1,NEUTRO,118,AF7_Alpha,bandpower,AF7,Alpha,,frontal_bilateral,0.0,0.0,47
211-000547,1,NEUTRO,119,AF7_Beta,bandpower,AF7,Beta,,frontal_bilateral,0.0,0.0,47
211-000547,1,NEUTRO,120,AF3_Alpha,bandpower,AF3,Alpha,,frontal_bilateral,0.0,0.0,47
211-000547,1,NEUTRO,121,AF3_Beta,bandpower,AF3,Beta,,frontal_bilateral,0.0,0.0,47
211-000547,1,NEUTRO,122,Fpz_Alpha,bandpower,Fpz,Alpha,,frontal_bilateral,0.0,0.0,47
211-000547,1,NEUTRO,123,Fpz_Beta,bandpower,Fpz,Beta,,frontal_bilateral,0.0014491014106815174,0.0010768181407525652,47
211-000547,1,NEUTRO,124,AlphaAsym_Fp2-Fp1,AlphaAsym,,,Fp2-Fp1,,0.0,0.0,47
211-000547,1,NEUTRO,125,AlphaAsym_AF8-AF7,AlphaAsym,,,AF8-AF7,,0.0,0.0,47
211-000547,1,NEUTRO,126,AlphaAsym_AF4-AF3,AlphaAsym,,,AF4-AF3,,0.0,0.0,47
211-000547,1,NEUTRO,127,AlphaAsym_F8-F7,AlphaAsym,,,F8-F7,,0.0,0.0,47
211-000547,1,NEUTRO,128,AlphaAsym_F6-F5,AlphaAsym,,,F6-F5,,0.1361423902516439,0.10329577899424552,47
211-000547,1,NEUTRO,129,AlphaAsym_F4-F3,AlphaAsym,,,F4-F3,,0.001092675607164626,-0.0010704269660968613,47
211-000547,1,NEUTRO,130,AlphaAsym_F2-F1,AlphaAsym,,,F2-F1,,0.0,0.0,47
211-000547,1,NEUTRO,131,AlphaAsym_FC6-FC5,AlphaAsym,,,FC6-FC5,,0.0,0.0,47
211-000547,1,NEUTRO,132,AlphaAsym_FC4-FC3,AlphaAsym,,,FC4-FC3,,0.0,0.0,47
211-000547,1,NEUTRO,133,AlphaAsym_FC2-FC1,AlphaAsym,,,FC2-FC1,,0.0,0.0,47
211-000547,1,NEUTRO,134,AlphaAsym_T8-T7,AlphaAsym,,,T8-T7,,0.01330602722844969,0.0041092174375754,47
211-000547,1,NEUTRO,135,AlphaAsym_C6-C5,AlphaAsym,,,C6-C5,,0.0,0.0,47
211-000547,1,NEUTRO,136,AlphaAsym_C4-C3,AlphaAsym,,,C4-C3,,0.0,0.0,47
211-000547,1,NEUTRO,137,AlphaAsym_C2-C1,AlphaAsym,,,C2-C1,,0.0,0.0,47
211-000547,1,NEUTRO,138,AlphaAsym_TP8-TP7,AlphaAsym,,,TP8-TP7,,0.022954260950831435,-0.0062224409661472396,47
211-000547,1,NEUTRO,139,AlphaAsym_CP6-CP5,AlphaAsym,,,CP6-CP5,,0.0,0.0,47
211-000547,1,NEUTRO,140,AlphaAsym_CP4-CP3,AlphaAsym,,,CP4-CP3,,0.0,0.0,47
211-000547,1,NEUTRO,141,AlphaAsym_CP2-CP1,AlphaAsym,,,CP2-CP1,,0.00159188397497986,0.0006717282877318646,47
211-000547,1,NEUTRO,142,AlphaAsym_P8-P7,AlphaAsym,,,P8-P7,,0.05006420275206734,0.010934506039279063,47
211-000547,1,NEUTRO,143,AlphaAsym_P6-P5,AlphaAsym,,,P6-P5,,0.0,0.0,47
211-000547,1,NEUTRO,144,AlphaAsym_P4-P3,AlphaAsym,,,P4-P3,,0.0,0.0,47
211-000547,1,NEUTRO,145,AlphaAsym_P2-P1,AlphaAsym,,,P2-P1,,0.0,0.0,47
211-000547,1,NEUTRO,146,AlphaAsym_PO8-PO7,AlphaAsym,,,PO8-PO7,,0.0,0.0,47
211-000547,1,NEUTRO,147,AlphaAsym_PO6-PO5,AlphaAsym,,,PO6-PO5,,0.0,0.0,47
211-000547,1,NEUTRO,148,AlphaAsym_PO4-PO3,AlphaAsym,,,PO4-PO3,,0.0,0.0,47
211-000547,1,NEUTRO,149,AlphaAsym_O2-O1,AlphaAsym,,,O2-O1,,0.0,0.0,47
211-000547,2,SAD,0,O2_Alpha,bandpower,O2,Alpha,,occipital,0.0,0.0,48
211-000547,2,SAD,1,O2_Beta,bandpower,O2,Beta,,occipital,0.0,0.0,48
211-000547,2,SAD,2,O1_Alpha,bandpower,O1,Alpha,,occipital,0.2933534826471325,0.2726559830508755,48
211-000547,2,SAD,3,O1_Beta,bandpower,O1,Beta,,occipital,0.5891294729279263,0.570073504883419,48
211-000547,2,SAD,4,Oz_Alpha,bandpower,Oz,Alpha,,occipital,0.0,0.0,48
211-000547,2,SAD,5,Oz_Beta,bandpower,Oz,Beta,,occipital,0.0,0.0,48
211-000547,2,SAD,6,Pz_Alpha,bandpower,Pz,Alpha,,parietal_midline,0.0,0.0,48
211-000547,2,SAD,7,Pz_Beta,bandpower,Pz,Beta,,parietal_midline,0.0,0.0,48
211-000547,2,SAD,8,P4_Alpha,bandpower,P4,Alpha,,other,0.0,0.0,48
211-000547,2,SAD,9,P4_Beta,bandpower,P4,Beta,,other,0.0,0.0,48
211-000547,2,SAD,10,CP4_Alpha,bandpower,CP4,Alpha,,temporal_right,0.0,0.0,48
211-000547,2,SAD,11,CP4_Beta,bandpower,CP4,Beta,,temporal_right,0.0,0.0,48
211-000547,2,SAD,12,P8_Alpha,bandpower,P8,Alpha,,temporal_right,0.0,0.0,48
211-000547,2,SAD,13,P8_Beta,bandpower,P8,Beta,,temporal_right,0.0,0.0,48
211-000547,2,SAD,14,C4_Alpha,bandpower,C4,Alpha,,other,0.0,0.0,48
211-000547,2,SAD,15,C4_Beta,bandpower,C4,Beta,,other,0.0,0.0,48
211-000547,2,SAD,16,TP8_Alpha,bandpower,TP8,Alpha,,temporal_right,0.0,0.0,48
211-000547,2,SAD,17,TP8_Beta,bandpower,TP8,Beta,,temporal_right,0.0,0.0,48
211-000547,2,SAD,18,T8_Alpha,bandpower,T8,Alpha,,temporal_right,0.0,0.0,48
211-000547,2,SAD,19,T8_Beta,bandpower,T8,Beta,,temporal_right,0.0,0.0,48
211-000547,2,SAD,20,P7_Alpha,bandpower,P7,Alpha,,temporal_left,0.0,0.0,48
211-000547,2,SAD,21,P7_Beta,bandpower,P7,Beta,,temporal_left,0.0,0.0,48
211-000547,2,SAD,22,P3_Alpha,bandpower,P3,Alpha,,centro_parietal_left,0.0,0.0,48
211-000547,2,SAD,23,P3_Beta,bandpower,P3,Beta,,centro_parietal_left,0.0,0.0,48
211-000547,2,SAD,24,CP3_Alpha,bandpower,CP3,Alpha,,temporal_left,0.0,0.0,48
211-000547,2,SAD,25,CP3_Beta,bandpower,CP3,Beta,,temporal_left,0.0,0.0,48
211-000547,2,SAD,26,CPz_Alpha,bandpower,CPz,Alpha,,parietal_midline,0.0,0.0,48
211-000547,2,SAD,27,CPz_Beta,bandpower,CPz,Beta,,parietal_midline,0.0,0.0,48
211-000547,2,SAD,28,Cz_Alpha,bandpower,Cz,Alpha,,parietal_midline,0.0,0.0,48
211-000547,2,SAD,29,Cz_Beta,bandpower,Cz,Beta,,parietal_midline,0.0,0.0,48
211-000547,2,SAD,30,FC4_Alpha,bandpower,FC4,Alpha,,frontal_bilateral,0.13021402306637628,0.11752810992382944,48
211-000547,2,SAD,31,FC4_Beta,bandpower,FC4,Beta,,frontal_bilateral,0.5923718907513477,0.561743924990915,48
211-000547,2,SAD,32,FT8_Alpha,bandpower,FT8,Alpha,,temporal_right,0.7629062468029376,0.7629062468029376,48
211-000547,2,SAD,33,FT8_Beta,bandpower,FT8,Beta,,temporal_right,0.9807473259591409,0.9807473259591409,48
211-000547,2,SAD,34,TP7_Alpha,bandpower,TP7,Alpha,,temporal_left,0.0,0.0,48
211-000547,2,SAD,35,TP7_Beta,bandpower,TP7,Beta,,temporal_left,0.0,0.0,48
211-000547,2,SAD,36,C3_Alpha,bandpower,C3,Alpha,,centro_parietal_left,0.0,0.0,48
211-000547,2,SAD,37,C3_Beta,bandpower,C3,Beta,,centro_parietal_left,0.0,0.0,48
211-000547,2,SAD,38,FCz_Alpha,bandpower,FCz,Alpha,,frontal_bilateral,0.0,0.0,48
211-000547,2,SAD,39,FCz_Beta,bandpower,FCz,Beta,,frontal_bilateral,0.0,0.0,48
211-000547,2,SAD,40,Fz_Alpha,bandpower,Fz,Alpha,,frontal_bilateral,0.0,0.0,48
211-000547,2,SAD,41,Fz_Beta,bandpower,Fz,Beta,,frontal_bilateral,0.0,0.0,48
211-000547,2,SAD,42,F4_Alpha,bandpower,F4,Alpha,,frontal_bilateral,0.0,0.0,48
211-000547,2,SAD,43,F4_Beta,bandpower,F4,Beta,,frontal_bilateral,0.0,0.0,48
211-000547,2,SAD,44,F8_Alpha,bandpower,F8,Alpha,,other,0.0,0.0,48
211-000547,2,SAD,45,F8_Beta,bandpower,F8,Beta,,other,0.008044878514639706,0.003403896782633382,48
211-000547,2,SAD,46,T7_Alpha,bandpower,T7,Alpha,,temporal_left,0.0,0.0,48
211-000547,2,SAD,47,T7_Beta,bandpower,T7,Beta,,temporal_left,0.0,0.0,48
211-000547,2,SAD,48,FT7_Alpha,bandpower,FT7,Alpha,,temporal_left,0.0,0.0,48
211-000547,2,SAD,49,FT7_Beta,bandpower,FT7,Beta,,temporal_left,0.0,0.0,48
211-000547,2,SAD,50,FC3_Alpha,bandpower,FC3,Alpha,,frontal_bilateral,0.0,0.0,48
211-000547,2,SAD,51,FC3_Beta,bandpower,FC3,Beta,,frontal_bilateral,0.0,0.0,48
211-000547,2,SAD,52,F3_Alpha,bandpower,F3,Alpha,,frontal_bilateral,0.0,0.0,48
211-000547,2,SAD,53,F3_Beta,bandpower,F3,Beta,,frontal_bilateral,0.0,0.0,48
211-000547,2,SAD,54,Fp2_Alpha,bandpower,Fp2,Alpha,,frontal_bilateral,0.0,0.0,48
211-000547,2,SAD,55,Fp2_Beta,bandpower,Fp2,Beta,,frontal_bilateral,0.0,0.0,48
211-000547,2,SAD,56,F7_Alpha,bandpower,F7,Alpha,,frontal_inferior_left,0.0,0.0,48
211-000547,2,SAD,57,F7_Beta,bandpower,F7,Beta,,frontal_inferior_left,0.0,0.0,48
211-000547,2,SAD,58,Fp1_Alpha,bandpower,Fp1,Alpha,,frontal_bilateral,0.0,0.0,48
211-000547,2,SAD,59,Fp1_Beta,bandpower,Fp1,Beta,,frontal_bilateral,0.0,0.0,48
211-000547,2,SAD,60,PO5_Alpha,bandpower,PO5,Alpha,,other,0.0,0.0,48
211-000547,2,SAD,61,PO5_Beta,bandpower,PO5,Beta,,other,0.0,0.0,48
211-000547,2,SAD,62,PO3_Alpha,bandpower,PO3,Alpha,,occipital,0.0,0.0,48
211-000547,2,SAD,63,PO3_Beta,bandpower,PO3,Beta,,occipital,0.0,0.0,48
211-000547,2,SAD,64,P1_Alpha,bandpower,P1,Alpha,,other,0.0,0.0,48
211-000547,2,SAD,65,P1_Beta,bandpower,P1,Beta,,other,0.0,0.0,48
211-000547,2,SAD,66,POz_Alpha,bandpower,POz,Alpha,,occipital,0.0,0.0,48
211-000547,2,SAD,67,POz_Beta,bandpower,POz,Beta,,occipital,0.0,0.0,48
211-000547,2,SAD,68,P2_Alpha,bandpower,P2,Alpha,,other,0.0,0.0,48
211-000547,2,SAD,69,P2_Beta,bandpower,P2,Beta,,other,0.0,0.0,48
211-000547,2,SAD,70,PO4_Alpha,bandpower,PO4,Alpha,,occipital,0.0,0.0,48
211-000547,2,SAD,71,PO4_Beta,bandpower,PO4,Beta,,occipital,0.0,0.0,48
211-000547,2,SAD,72,CP2_Alpha,bandpower,CP2,Alpha,,other,0.0,0.0,48
211-000547,2,SAD,73,CP2_Beta,bandpower,CP2,Beta,,other,0.0,0.0,48
211-000547,2,SAD,74,P6_Alpha,bandpower,P6,Alpha,,temporal_right,0.0,0.0,48
211-000547,2,SAD,75,P6_Beta,bandpower,P6,Beta,,temporal_right,0.0,0.0,48
211-000547,2,SAD,76,PO6_Alpha,bandpower,PO6,Alpha,,other,0.0,0.0,48
211-000547,2,SAD,77,PO6_Beta,bandpower,PO6,Beta,,other,0.0,0.0,48
211-000547,2,SAD,78,CP6_Alpha,bandpower,CP6,Alpha,,temporal_right,0.0,0.0,48
211-000547,2,SAD,79,CP6_Beta,bandpower,CP6,Beta,,temporal_right,0.0,0.0,48
211-000547,2,SAD,80,C6_Alpha,bandpower,C6,Alpha,,temporal_right,0.0,0.0,48
211-000547,2,SAD,81,C6_Beta,bandpower,C6,Beta,,temporal_right,0.0,0.0,48
211-000547,2,SAD,82,PO8_Alpha,bandpower,PO8,Alpha,,occipital,0.0,0.0,48
211-000547,2,SAD,83,PO8_Beta,bandpower,PO8,Beta,,occipital,0.0,0.0,48
211-000547,2,SAD,84,PO7_Alpha,bandpower,PO7,Alpha,,occipital,0.0,0.0,48
211-000547,2,SAD,85,PO7_Beta,bandpower,PO7,Beta,,occipital,0.0,0.0,48
211-000547,2,SAD,86,P5_Alpha,bandpower,P5,Alpha,,temporal_left,0.0,0.0,48
211-000547,2,SAD,87,P5_Beta,bandpower,P5,Beta,,temporal_left,0.0,0.0,48
211-000547,2,SAD,88,CP5_Alpha,bandpower,CP5,Alpha,,temporal_left,0.0,0.0,48
211-000547,2,SAD,89,CP5_Beta,bandpower,CP5,Beta,,temporal_left,0.0,0.0,48
211-000547,2,SAD,90,CP1_Alpha,bandpower,CP1,Alpha,,other,0.0,0.0,48
211-000547,2,SAD,91,CP1_Beta,bandpower,CP1,Beta,,other,0.0,0.0,48
211-000547,2,SAD,92,C1_Alpha,bandpower,C1,Alpha,,other,0.0,0.0,48
211-000547,2,SAD,93,C1_Beta,bandpower,C1,Beta,,other,0.0,0.0,48
211-000547,2,SAD,94,C2_Alpha,bandpower,C2,Alpha,,other,0.0016115737518372232,0.00041652508253130606,48
211-000547,2,SAD,95,C2_Beta,bandpower,C2,Beta,,other,0.0,0.0,48
211-000547,2,SAD,96,FC2_Alpha,bandpower,FC2,Alpha,,other,0.0,0.0,48
211-000547,2,SAD,97,FC2_Beta,bandpower,FC2,Beta,,other,0.0,0.0,48
211-000547,2,SAD,98,FC6_Alpha,bandpower,FC6,Alpha,,other,0.0,0.0,48
211-000547,2,SAD,99,FC6_Beta,bandpower,FC6,Beta,,other,0.032656741491261354,0.01489637922060356,48
211-000547,2,SAD,100,C5_Alpha,bandpower,C5,Alpha,,temporal_left,0.0,0.0,48
211-000547,2,SAD,101,C5_Beta,bandpower,C5,Beta,,temporal_left,0.0,0.0,48
211-000547,2,SAD,102,FC1_Alpha,bandpower,FC1,Alpha,,other,0.0,0.0,48
211-000547,2,SAD,103,FC1_Beta,bandpower,FC1,Beta,,other,0.0,0.0,48
211-000547,2,SAD,104,F2_Alpha,bandpower,F2,Alpha,,frontal_bilateral,0.0,0.0,48
211-000547,2,SAD,105,F2_Beta,bandpower,F2,Beta,,frontal_bilateral,0.0,0.0,48
211-000547,2,SAD,106,F6_Alpha,bandpower,F6,Alpha,,other,0.0,0.0,48
211-000547,2,SAD,107,F6_Beta,bandpower,F6,Beta,,other,0.576973581635497,0.5655427310286338,48
211-000547,2,SAD,108,FC5_Alpha,bandpower,FC5,Alpha,,frontal_inferior_left,0.0,0.0,48
211-000547,2,SAD,109,FC5_Beta,bandpower,FC5,Beta,,frontal_inferior_left,0.0,0.0,48
211-000547,2,SAD,110,F1_Alpha,bandpower,F1,Alpha,,frontal_bilateral,0.0,0.0,48
211-000547,2,SAD,111,F1_Beta,bandpower,F1,Beta,,frontal_bilateral,0.0,0.0,48
211-000547,2,SAD,112,AF4_Alpha,bandpower,AF4,Alpha,,frontal_bilateral,0.0,0.0,48
211-000547,2,SAD,113,AF4_Beta,bandpower,AF4,Beta,,frontal_bilateral,0.0,0.0,48
211-000547,2,SAD,114,AF8_Alpha,bandpower,AF8,Alpha,,frontal_bilateral,0.0,0.0,48
211-000547,2,SAD,115,AF8_Beta,bandpower,AF8,Beta,,frontal_bilateral,0.0002956025502064867,-3.947989363387362e-05,48
211-000547,2,SAD,116,F5_Alpha,bandpower,F5,Alpha,,frontal_inferior_left,0.0,0.0,48
211-000547,2,SAD,117,F5_Beta,bandpower,F5,Beta,,frontal_inferior_left,0.0,0.0,48
211-000547,2,SAD,118,AF7_Alpha,bandpower,AF7,Alpha,,frontal_bilateral,0.0,0.0,48
211-000547,2,SAD,119,AF7_Beta,bandpower,AF7,Beta,,frontal_bilateral,0.0,0.0,48
211-000547,2,SAD,120,AF3_Alpha,bandpower,AF3,Alpha,,frontal_bilateral,0.0,0.0,48
211-000547,2,SAD,121,AF3_Beta,bandpower,AF3,Beta,,frontal_bilateral,0.0,0.0,48
211-000547,2,SAD,122,Fpz_Alpha,bandpower,Fpz,Alpha,,frontal_bilateral,0.0,0.0,48
211-000547,2,SAD,123,Fpz_Beta,bandpower,Fpz,Beta,,frontal_bilateral,0.0,0.0,48
211-000547,2,SAD,124,AlphaAsym_Fp2-Fp1,AlphaAsym,,,Fp2-Fp1,,0.0,0.0,48
211-000547,2,SAD,125,AlphaAsym_AF8-AF7,AlphaAsym,,,AF8-AF7,,0.0,0.0,48
211-000547,2,SAD,126,AlphaAsym_AF4-AF3,AlphaAsym,,,AF4-AF3,,0.0,0.0,48
211-000547,2,SAD,127,AlphaAsym_F8-F7,AlphaAsym,,,F8-F7,,0.0,0.0,48
211-000547,2,SAD,128,AlphaAsym_F6-F5,AlphaAsym,,,F6-F5,,0.0,0.0,48
211-000547,2,SAD,129,AlphaAsym_F4-F3,AlphaAsym,,,F4-F3,,0.0,0.0,48
211-000547,2,SAD,130,AlphaAsym_F2-F1,AlphaAsym,,,F2-F1,,0.0,0.0,48
211-000547,2,SAD,131,AlphaAsym_FC6-FC5,AlphaAsym,,,FC6-FC5,,0.0,0.0,48
211-000547,2,SAD,132,AlphaAsym_FC4-FC3,AlphaAsym,,,FC4-FC3,,0.06390548339677926,0.0370739173792262,48
211-000547,2,SAD,133,AlphaAsym_FC2-FC1,AlphaAsym,,,FC2-FC1,,0.0,0.0,48
211-000547,2,SAD,134,AlphaAsym_T8-T7,AlphaAsym,,,T8-T7,,0.0,0.0,48
211-000547,2,SAD,135,AlphaAsym_C6-C5,AlphaAsym,,,C6-C5,,0.0,0.0,48
211-000547,2,SAD,136,AlphaAsym_C4-C3,AlphaAsym,,,C4-C3,,0.0,0.0,48
211-000547,2,SAD,137,AlphaAsym_C2-C1,AlphaAsym,,,C2-C1,,0.0,0.0,48
211-000547,2,SAD,138,AlphaAsym_TP8-TP7,AlphaAsym,,,TP8-TP7,,0.01173935728112104,-0.0067001802333386635,48
211-000547,2,SAD,139,AlphaAsym_CP6-CP5,AlphaAsym,,,CP6-CP5,,0.0,0.0,48
211-000547,2,SAD,140,AlphaAsym_CP4-CP3,AlphaAsym,,,CP4-CP3,,0.0,0.0,48
211-000547,2,SAD,141,AlphaAsym_CP2-CP1,AlphaAsym,,,CP2-CP1,,0.0,0.0,48
211-000547,2,SAD,142,AlphaAsym_P8-P7,AlphaAsym,,,P8-P7,,0.012786913493949415,0.0064917799734336215,48
211-000547,2,SAD,143,AlphaAsym_P6-P5,AlphaAsym,,,P6-P5,,0.0,0.0,48
211-000547,2,SAD,144,AlphaAsym_P4-P3,AlphaAsym,,,P4-P3,,0.0,0.0,48
211-000547,2,SAD,145,AlphaAsym_P2-P1,AlphaAsym,,,P2-P1,,0.0,0.0,48
211-000547,2,SAD,146,AlphaAsym_PO8-PO7,AlphaAsym,,,PO8-PO7,,0.0,0.0,48
211-000547,2,SAD,147,AlphaAsym_PO6-PO5,AlphaAsym,,,PO6-PO5,,0.0,0.0,48
211-000547,2,SAD,148,AlphaAsym_PO4-PO3,AlphaAsym,,,PO4-PO3,,0.0,0.0,48
211-000547,2,SAD,149,AlphaAsym_O2-O1,AlphaAsym,,,O2-O1,,0.10714760143966297,0.09556891260326487,48
211-000548,0,JOY,0,O2_Alpha,bandpower,O2,Alpha,,occipital,0.0,0.0,37
211-000548,0,JOY,1,O2_Beta,bandpower,O2,Beta,,occipital,0.0,0.0,37
211-000548,0,JOY,2,O1_Alpha,bandpower,O1,Alpha,,occipital,0.3474744259321551,0.3474744259321551,37
211-000548,0,JOY,3,O1_Beta,bandpower,O1,Beta,,occipital,0.38106248238114493,0.38106248238114493,37
211-000548,0,JOY,4,Oz_Alpha,bandpower,Oz,Alpha,,occipital,0.0,0.0,37
211-000548,0,JOY,5,Oz_Beta,bandpower,Oz,Beta,,occipital,0.0,0.0,37
211-000548,0,JOY,6,Pz_Alpha,bandpower,Pz,Alpha,,parietal_midline,0.0,0.0,37
211-000548,0,JOY,7,Pz_Beta,bandpower,Pz,Beta,,parietal_midline,0.0,0.0,37
211-000548,0,JOY,8,P4_Alpha,bandpower,P4,Alpha,,other,0.0,0.0,37
211-000548,0,JOY,9,P4_Beta,bandpower,P4,Beta,,other,0.0,0.0,37
211-000548,0,JOY,10,CP4_Alpha,bandpower,CP4,Alpha,,temporal_right,0.0,0.0,37
211-000548,0,JOY,11,CP4_Beta,bandpower,CP4,Beta,,temporal_right,0.0,0.0,37
211-000548,0,JOY,12,P8_Alpha,bandpower,P8,Alpha,,temporal_right,0.0,0.0,37
211-000548,0,JOY,13,P8_Beta,bandpower,P8,Beta,,temporal_right,0.0,0.0,37
211-000548,0,JOY,14,C4_Alpha,bandpower,C4,Alpha,,other,0.0,0.0,37
211-000548,0,JOY,15,C4_Beta,bandpower,C4,Beta,,other,0.0,0.0,37
211-000548,0,JOY,16,TP8_Alpha,bandpower,TP8,Alpha,,temporal_right,0.0,0.0,37
211-000548,0,JOY,17,TP8_Beta,bandpower,TP8,Beta,,temporal_right,0.0,0.0,37
211-000548,0,JOY,18,T8_Alpha,bandpower,T8,Alpha,,temporal_right,0.0,0.0,37
211-000548,0,JOY,19,T8_Beta,bandpower,T8,Beta,,temporal_right,0.0,0.0,37
211-000548,0,JOY,20,P7_Alpha,bandpower,P7,Alpha,,temporal_left,0.0,0.0,37
211-000548,0,JOY,21,P7_Beta,bandpower,P7,Beta,,temporal_left,0.0,0.0,37
211-000548,0,JOY,22,P3_Alpha,bandpower,P3,Alpha,,centro_parietal_left,0.0,0.0,37
211-000548,0,JOY,23,P3_Beta,bandpower,P3,Beta,,centro_parietal_left,0.0,0.0,37
211-000548,0,JOY,24,CP3_Alpha,bandpower,CP3,Alpha,,temporal_left,0.0,0.0,37
211-000548,0,JOY,25,CP3_Beta,bandpower,CP3,Beta,,temporal_left,0.0,0.0,37
211-000548,0,JOY,26,CPz_Alpha,bandpower,CPz,Alpha,,parietal_midline,0.0,0.0,37
211-000548,0,JOY,27,CPz_Beta,bandpower,CPz,Beta,,parietal_midline,0.0,0.0,37
211-000548,0,JOY,28,Cz_Alpha,bandpower,Cz,Alpha,,parietal_midline,0.0,0.0,37
211-000548,0,JOY,29,Cz_Beta,bandpower,Cz,Beta,,parietal_midline,0.0,0.0,37
211-000548,0,JOY,30,FC4_Alpha,bandpower,FC4,Alpha,,frontal_bilateral,0.0,0.0,37
211-000548,0,JOY,31,FC4_Beta,bandpower,FC4,Beta,,frontal_bilateral,0.0,0.0,37
211-000548,0,JOY,32,FT8_Alpha,bandpower,FT8,Alpha,,temporal_right,0.0,0.0,37
211-000548,0,JOY,33,FT8_Beta,bandpower,FT8,Beta,,temporal_right,0.0,0.0,37
211-000548,0,JOY,34,TP7_Alpha,bandpower,TP7,Alpha,,temporal_left,0.0,0.0,37
211-000548,0,JOY,35,TP7_Beta,bandpower,TP7,Beta,,temporal_left,0.0,0.0,37
211-000548,0,JOY,36,C3_Alpha,bandpower,C3,Alpha,,centro_parietal_left,0.0,0.0,37
211-000548,0,JOY,37,C3_Beta,bandpower,C3,Beta,,centro_parietal_left,0.0,0.0,37
211-000548,0,JOY,38,FCz_Alpha,bandpower,FCz,Alpha,,frontal_bilateral,0.006282587708722331,0.003936700779301229,37
211-000548,0,JOY,39,FCz_Beta,bandpower,FCz,Beta,,frontal_bilateral,0.08346901884264975,0.08024219438959419,37
211-000548,0,JOY,40,Fz_Alpha,bandpower,Fz,Alpha,,frontal_bilateral,0.0,0.0,37
211-000548,0,JOY,41,Fz_Beta,bandpower,Fz,Beta,,frontal_bilateral,0.0,0.0,37
211-000548,0,JOY,42,F4_Alpha,bandpower,F4,Alpha,,frontal_bilateral,0.0,0.0,37
211-000548,0,JOY,43,F4_Beta,bandpower,F4,Beta,,frontal_bilateral,0.0,0.0,37
211-000548,0,JOY,44,F8_Alpha,bandpower,F8,Alpha,,other,0.0,0.0,37
211-000548,0,JOY,45,F8_Beta,bandpower,F8,Beta,,other,0.0,0.0,37
211-000548,0,JOY,46,T7_Alpha,bandpower,T7,Alpha,,temporal_left,0.0,0.0,37
211-000548,0,JOY,47,T7_Beta,bandpower,T7,Beta,,temporal_left,0.0,0.0,37
211-000548,0,JOY,48,FT7_Alpha,bandpower,FT7,Alpha,,temporal_left,0.0,0.0,37
211-000548,0,JOY,49,FT7_Beta,bandpower,FT7,Beta,,temporal_left,0.0,0.0,37
211-000548,0,JOY,50,FC3_Alpha,bandpower,FC3,Alpha,,frontal_bilateral,0.0,0.0,37
211-000548,0,JOY,51,FC3_Beta,bandpower,FC3,Beta,,frontal_bilateral,0.0,0.0,37
211-000548,0,JOY,52,F3_Alpha,bandpower,F3,Alpha,,frontal_bilateral,0.008935136622417949,0.007919987246757057,37
211-000548,0,JOY,53,F3_Beta,bandpower,F3,Beta,,frontal_bilateral,0.10912927578199814,0.10905506537019403,37
211-000548,0,JOY,54,Fp2_Alpha,bandpower,Fp2,Alpha,,frontal_bilateral,0.0,0.0,37
211-000548,0,JOY,55,Fp2_Beta,bandpower,Fp2,Beta,,frontal_bilateral,0.0,0.0,37
211-000548,0,JOY,56,F7_Alpha,bandpower,F7,Alpha,,frontal_inferior_left,0.0,0.0,37
211-000548,0,JOY,57,F7_Beta,bandpower,F7,Beta,,frontal_inferior_left,0.0,0.0,37
211-000548,0,JOY,58,Fp1_Alpha,bandpower,Fp1,Alpha,,frontal_bilateral,0.0,0.0,37
211-000548,0,JOY,59,Fp1_Beta,bandpower,Fp1,Beta,,frontal_bilateral,0.003870483454759404,0.0025868220680891427,37
211-000548,0,JOY,60,PO5_Alpha,bandpower,PO5,Alpha,,other,0.0,0.0,37
211-000548,0,JOY,61,PO5_Beta,bandpower,PO5,Beta,,other,0.0,0.0,37
211-000548,0,JOY,62,PO3_Alpha,bandpower,PO3,Alpha,,occipital,0.0,0.0,37
211-000548,0,JOY,63,PO3_Beta,bandpower,PO3,Beta,,occipital,0.0,0.0,37
211-000548,0,JOY,64,P1_Alpha,bandpower,P1,Alpha,,other,0.0,0.0,37
211-000548,0,JOY,65,P1_Beta,bandpower,P1,Beta,,other,0.0,0.0,37
211-000548,0,JOY,66,POz_Alpha,bandpower,POz,Alpha,,occipital,0.0,0.0,37
211-000548,0,JOY,67,POz_Beta,bandpower,POz,Beta,,occipital,0.0,0.0,37
211-000548,0,JOY,68,P2_Alpha,bandpower,P2,Alpha,,other,0.0,0.0,37
211-000548,0,JOY,69,P2_Beta,bandpower,P2,Beta,,other,0.0,0.0,37
211-000548,0,JOY,70,PO4_Alpha,bandpower,PO4,Alpha,,occipital,0.0,0.0,37
211-000548,0,JOY,71,PO4_Beta,bandpower,PO4,Beta,,occipital,0.0,0.0,37
211-000548,0,JOY,72,CP2_Alpha,bandpower,CP2,Alpha,,other,0.0,0.0,37
211-000548,0,JOY,73,CP2_Beta,bandpower,CP2,Beta,,other,0.0,0.0,37
211-000548,0,JOY,74,P6_Alpha,bandpower,P6,Alpha,,temporal_right,0.0,0.0,37
211-000548,0,JOY,75,P6_Beta,bandpower,P6,Beta,,temporal_right,0.0,0.0,37
211-000548,0,JOY,76,PO6_Alpha,bandpower,PO6,Alpha,,other,0.0,0.0,37
211-000548,0,JOY,77,PO6_Beta,bandpower,PO6,Beta,,other,0.0,0.0,37
211-000548,0,JOY,78,CP6_Alpha,bandpower,CP6,Alpha,,temporal_right,0.0,0.0,37
211-000548,0,JOY,79,CP6_Beta,bandpower,CP6,Beta,,temporal_right,0.0,0.0,37
211-000548,0,JOY,80,C6_Alpha,bandpower,C6,Alpha,,temporal_right,0.16365427624465678,0.15825775530847658,37
211-000548,0,JOY,81,C6_Beta,bandpower,C6,Beta,,temporal_right,0.2118110541971288,0.20946998140021292,37
211-000548,0,JOY,82,PO8_Alpha,bandpower,PO8,Alpha,,occipital,0.0,0.0,37
211-000548,0,JOY,83,PO8_Beta,bandpower,PO8,Beta,,occipital,0.0,0.0,37
211-000548,0,JOY,84,PO7_Alpha,bandpower,PO7,Alpha,,occipital,0.0,0.0,37
211-000548,0,JOY,85,PO7_Beta,bandpower,PO7,Beta,,occipital,0.0,0.0,37
211-000548,0,JOY,86,P5_Alpha,bandpower,P5,Alpha,,temporal_left,0.0,0.0,37
211-000548,0,JOY,87,P5_Beta,bandpower,P5,Beta,,temporal_left,0.0,0.0,37
211-000548,0,JOY,88,CP5_Alpha,bandpower,CP5,Alpha,,temporal_left,0.0,0.0,37
211-000548,0,JOY,89,CP5_Beta,bandpower,CP5,Beta,,temporal_left,0.0,0.0,37
211-000548,0,JOY,90,CP1_Alpha,bandpower,CP1,Alpha,,other,0.0,0.0,37
211-000548,0,JOY,91,CP1_Beta,bandpower,CP1,Beta,,other,0.0,0.0,37
211-000548,0,JOY,92,C1_Alpha,bandpower,C1,Alpha,,other,0.0,0.0,37
211-000548,0,JOY,93,C1_Beta,bandpower,C1,Beta,,other,0.0,0.0,37
211-000548,0,JOY,94,C2_Alpha,bandpower,C2,Alpha,,other,0.0,0.0,37
211-000548,0,JOY,95,C2_Beta,bandpower,C2,Beta,,other,0.0,0.0,37
211-000548,0,JOY,96,FC2_Alpha,bandpower,FC2,Alpha,,other,0.0,0.0,37
211-000548,0,JOY,97,FC2_Beta,bandpower,FC2,Beta,,other,0.0,0.0,37
211-000548,0,JOY,98,FC6_Alpha,bandpower,FC6,Alpha,,other,0.0,0.0,37
211-000548,0,JOY,99,FC6_Beta,bandpower,FC6,Beta,,other,0.0,0.0,37
211-000548,0,JOY,100,C5_Alpha,bandpower,C5,Alpha,,temporal_left,0.0,0.0,37
211-000548,0,JOY,101,C5_Beta,bandpower,C5,Beta,,temporal_left,0.0,0.0,37
211-000548,0,JOY,102,FC1_Alpha,bandpower,FC1,Alpha,,other,0.0,0.0,37
211-000548,0,JOY,103,FC1_Beta,bandpower,FC1,Beta,,other,0.0,0.0,37
211-000548,0,JOY,104,F2_Alpha,bandpower,F2,Alpha,,frontal_bilateral,0.0,0.0,37
211-000548,0,JOY,105,F2_Beta,bandpower,F2,Beta,,frontal_bilateral,0.0,0.0,37
211-000548,0,JOY,106,F6_Alpha,bandpower,F6,Alpha,,other,0.0,0.0,37
211-000548,0,JOY,107,F6_Beta,bandpower,F6,Beta,,other,0.0,0.0,37
211-000548,0,JOY,108,FC5_Alpha,bandpower,FC5,Alpha,,frontal_inferior_left,0.0,0.0,37
211-000548,0,JOY,109,FC5_Beta,bandpower,FC5,Beta,,frontal_inferior_left,0.0,0.0,37
211-000548,0,JOY,110,F1_Alpha,bandpower,F1,Alpha,,frontal_bilateral,0.0,0.0,37
211-000548,0,JOY,111,F1_Beta,bandpower,F1,Beta,,frontal_bilateral,0.0,0.0,37
211-000548,0,JOY,112,AF4_Alpha,bandpower,AF4,Alpha,,frontal_bilateral,0.0,0.0,37
211-000548,0,JOY,113,AF4_Beta,bandpower,AF4,Beta,,frontal_bilateral,0.0,0.0,37
211-000548,0,JOY,114,AF8_Alpha,bandpower,AF8,Alpha,,frontal_bilateral,0.0,0.0,37
211-000548,0,JOY,115,AF8_Beta,bandpower,AF8,Beta,,frontal_bilateral,0.0,0.0,37
211-000548,0,JOY,116,F5_Alpha,bandpower,F5,Alpha,,frontal_inferior_left,0.0,0.0,37
211-000548,0,JOY,117,F5_Beta,bandpower,F5,Beta,,frontal_inferior_left,0.0,0.0,37
211-000548,0,JOY,118,AF7_Alpha,bandpower,AF7,Alpha,,frontal_bilateral,0.5444790665606286,0.5444790665606286,37
211-000548,0,JOY,119,AF7_Beta,bandpower,AF7,Beta,,frontal_bilateral,0.7740676859911519,0.7740676859911519,37
211-000548,0,JOY,120,AF3_Alpha,bandpower,AF3,Alpha,,frontal_bilateral,0.0,0.0,37
211-000548,0,JOY,121,AF3_Beta,bandpower,AF3,Beta,,frontal_bilateral,0.0,0.0,37
211-000548,0,JOY,122,Fpz_Alpha,bandpower,Fpz,Alpha,,frontal_bilateral,0.0,0.0,37
211-000548,0,JOY,123,Fpz_Beta,bandpower,Fpz,Beta,,frontal_bilateral,0.0,0.0,37
211-000548,0,JOY,124,AlphaAsym_Fp2-Fp1,AlphaAsym,,,Fp2-Fp1,,0.0,0.0,37
211-000548,0,JOY,125,AlphaAsym_AF8-AF7,AlphaAsym,,,AF8-AF7,,0.7734568401175121,0.7734568401175121,37
211-000548,0,JOY,126,AlphaAsym_AF4-AF3,AlphaAsym,,,AF4-AF3,,0.0,0.0,37
211-000548,0,JOY,127,AlphaAsym_F8-F7,AlphaAsym,,,F8-F7,,0.0,0.0,37
211-000548,0,JOY,128,AlphaAsym_F6-F5,AlphaAsym,,,F6-F5,,0.0,0.0,37
211-000548,0,JOY,129,AlphaAsym_F4-F3,AlphaAsym,,,F4-F3,,0.0,0.0,37
211-000548,0,JOY,130,AlphaAsym_F2-F1,AlphaAsym,,,F2-F1,,0.0,0.0,37
211-000548,0,JOY,131,AlphaAsym_FC6-FC5,AlphaAsym,,,FC6-FC5,,0.0,0.0,37
211-000548,0,JOY,132,AlphaAsym_FC4-FC3,AlphaAsym,,,FC4-FC3,,0.0,0.0,37
211-000548,0,JOY,133,AlphaAsym_FC2-FC1,AlphaAsym,,,FC2-FC1,,0.0,0.0,37
211-000548,0,JOY,134,AlphaAsym_T8-T7,AlphaAsym,,,T8-T7,,0.0,0.0,37
211-000548,0,JOY,135,AlphaAsym_C6-C5,AlphaAsym,,,C6-C5,,0.0001629681198661387,2.0432969811458557e-05,37
211-000548,0,JOY,136,AlphaAsym_C4-C3,AlphaAsym,,,C4-C3,,0.0,0.0,37
211-000548,0,JOY,137,AlphaAsym_C2-C1,AlphaAsym,,,C2-C1,,0.0,0.0,37
211-000548,0,JOY,138,AlphaAsym_TP8-TP7,AlphaAsym,,,TP8-TP7,,0.0,0.0,37
211-000548,0,JOY,139,AlphaAsym_CP6-CP5,AlphaAsym,,,CP6-CP5,,0.0022726221554144055,0.0015107938165612477,37
211-000548,0,JOY,140,AlphaAsym_CP4-CP3,AlphaAsym,,,CP4-CP3,,0.0,0.0,37
211-000548,0,JOY,141,AlphaAsym_CP2-CP1,AlphaAsym,,,CP2-CP1,,0.0,0.0,37
211-000548,0,JOY,142,AlphaAsym_P8-P7,AlphaAsym,,,P8-P7,,0.0,0.0,37
211-000548,0,JOY,143,AlphaAsym_P6-P5,AlphaAsym,,,P6-P5,,0.0,0.0,37
211-000548,0,JOY,144,AlphaAsym_P4-P3,AlphaAsym,,,P4-P3,,0.0,0.0,37
211-000548,0,JOY,145,AlphaAsym_P2-P1,AlphaAsym,,,P2-P1,,0.0,0.0,37
211-000548,0,JOY,146,AlphaAsym_PO8-PO7,AlphaAsym,,,PO8-PO7,,0.0,0.0,37
211-000548,0,JOY,147,AlphaAsym_PO6-PO5,AlphaAsym,,,PO6-PO5,,0.0,0.0,37
211-000548,0,JOY,148,AlphaAsym_PO4-PO3,AlphaAsym,,,PO4-PO3,,0.0,0.0,37
211-000548,0,JOY,149,AlphaAsym_O2-O1,AlphaAsym,,,O2-O1,,0.5503772109378972,0.5249300857145358,37
211-000548,1,NEUTRO,0,O2_Alpha,bandpower,O2,Alpha,,occipital,0.0,0.0,39
211-000548,1,NEUTRO,1,O2_Beta,bandpower,O2,Beta,,occipital,0.0,0.0,39
211-000548,1,NEUTRO,2,O1_Alpha,bandpower,O1,Alpha,,occipital,0.0,0.0,39
211-000548,1,NEUTRO,3,O1_Beta,bandpower,O1,Beta,,occipital,0.0,0.0,39
211-000548,1,NEUTRO,4,Oz_Alpha,bandpower,Oz,Alpha,,occipital,0.0017225624376678804,-0.0014247567131023438,39
211-000548,1,NEUTRO,5,Oz_Beta,bandpower,Oz,Beta,,occipital,0.19392675252601785,0.12671023273145587,39
211-000548,1,NEUTRO,6,Pz_Alpha,bandpower,Pz,Alpha,,parietal_midline,0.0,0.0,39
211-000548,1,NEUTRO,7,Pz_Beta,bandpower,Pz,Beta,,parietal_midline,0.0,0.0,39
211-000548,1,NEUTRO,8,P4_Alpha,bandpower,P4,Alpha,,other,0.027434985973164405,0.016653410455064493,39
211-000548,1,NEUTRO,9,P4_Beta,bandpower,P4,Beta,,other,0.02204946950770493,0.01732096631786236,39
211-000548,1,NEUTRO,10,CP4_Alpha,bandpower,CP4,Alpha,,temporal_right,0.0,0.0,39
211-000548,1,NEUTRO,11,CP4_Beta,bandpower,CP4,Beta,,temporal_right,0.0,0.0,39
211-000548,1,NEUTRO,12,P8_Alpha,bandpower,P8,Alpha,,temporal_right,0.04888160962772929,0.031616999175077924,39
211-000548,1,NEUTRO,13,P8_Beta,bandpower,P8,Beta,,temporal_right,0.006673737668753468,0.006672461351497254,39
211-000548,1,NEUTRO,14,C4_Alpha,bandpower,C4,Alpha,,other,0.0,0.0,39
211-000548,1,NEUTRO,15,C4_Beta,bandpower,C4,Beta,,other,0.014528101858475705,0.005885036980981813,39
211-000548,1,NEUTRO,16,TP8_Alpha,bandpower,TP8,Alpha,,temporal_right,0.010167437918249552,0.0029139380831401476,39
211-000548,1,NEUTRO,17,TP8_Beta,bandpower,TP8,Beta,,temporal_right,0.0,0.0,39
211-000548,1,NEUTRO,18,T8_Alpha,bandpower,T8,Alpha,,temporal_right,0.07159760073893347,0.060664570372281436,39
211-000548,1,NEUTRO,19,T8_Beta,bandpower,T8,Beta,,temporal_right,0.0,0.0,39
211-000548,1,NEUTRO,20,P7_Alpha,bandpower,P7,Alpha,,temporal_left,0.018884158023653654,-0.00345189015155567,39
211-000548,1,NEUTRO,21,P7_Beta,bandpower,P7,Beta,,temporal_left,0.09297549977840494,0.08958363654955925,39
211-000548,1,NEUTRO,22,P3_Alpha,bandpower,P3,Alpha,,centro_parietal_left,0.0,0.0,39
211-000548,1,NEUTRO,23,P3_Beta,bandpower,P3,Beta,,centro_parietal_left,0.0,0.0,39
211-000548,1,NEUTRO,24,CP3_Alpha,bandpower,CP3,Alpha,,temporal_left,0.0023290774346428345,-0.0022507065574898233,39
211-000548,1,NEUTRO,25,CP3_Beta,bandpower,CP3,Beta,,temporal_left,0.1209241186731472,0.10781210342263776,39
211-000548,1,NEUTRO,26,CPz_Alpha,bandpower,CPz,Alpha,,parietal_midline,0.01819916085419086,0.014171902820080748,39
211-000548,1,NEUTRO,27,CPz_Beta,bandpower,CPz,Beta,,parietal_midline,0.0,0.0,39
211-000548,1,NEUTRO,28,Cz_Alpha,bandpower,Cz,Alpha,,parietal_midline,0.014406577199407678,-0.008049838110849751,39
211-000548,1,NEUTRO,29,Cz_Beta,bandpower,Cz,Beta,,parietal_midline,0.0,0.0,39
211-000548,1,NEUTRO,30,FC4_Alpha,bandpower,FC4,Alpha,,frontal_bilateral,0.0,0.0,39
211-000548,1,NEUTRO,31,FC4_Beta,bandpower,FC4,Beta,,frontal_bilateral,0.0,0.0,39
211-000548,1,NEUTRO,32,FT8_Alpha,bandpower,FT8,Alpha,,temporal_right,0.0,0.0,39
211-000548,1,NEUTRO,33,FT8_Beta,bandpower,FT8,Beta,,temporal_right,0.0,0.0,39
211-000548,1,NEUTRO,34,TP7_Alpha,bandpower,TP7,Alpha,,temporal_left,0.0,0.0,39
211-000548,1,NEUTRO,35,TP7_Beta,bandpower,TP7,Beta,,temporal_left,0.1987489540475091,0.1875860252157844,39
211-000548,1,NEUTRO,36,C3_Alpha,bandpower,C3,Alpha,,centro_parietal_left,0.0,0.0,39
211-000548,1,NEUTRO,37,C3_Beta,bandpower,C3,Beta,,centro_parietal_left,0.10855506433328731,0.10221637572894514,39
211-000548,1,NEUTRO,38,FCz_Alpha,bandpower,FCz,Alpha,,frontal_bilateral,0.0,0.0,39
211-000548,1,NEUTRO,39,FCz_Beta,bandpower,FCz,Beta,,frontal_bilateral,0.0,0.0,39
211-000548,1,NEUTRO,40,Fz_Alpha,bandpower,Fz,Alpha,,frontal_bilateral,0.03658179491100203,0.01812115728018208,39
211-000548,1,NEUTRO,41,Fz_Beta,bandpower,Fz,Beta,,frontal_bilateral,0.0,0.0,39
211-000548,1,NEUTRO,42,F4_Alpha,bandpower,F4,Alpha,,frontal_bilateral,0.0,0.0,39
211-000548,1,NEUTRO,43,F4_Beta,bandpower,F4,Beta,,frontal_bilateral,0.041294421121698704,-0.010802360593394322,39
211-000548,1,NEUTRO,44,F8_Alpha,bandpower,F8,Alpha,,other,0.005987968185052477,-0.0023519289970766253,39
211-000548,1,NEUTRO,45,F8_Beta,bandpower,F8,Beta,,other,0.0,0.0,39
211-000548,1,NEUTRO,46,T7_Alpha,bandpower,T7,Alpha,,temporal_left,0.0,0.0,39
211-000548,1,NEUTRO,47,T7_Beta,bandpower,T7,Beta,,temporal_left,0.05850792804429796,0.030356695291831156,39
211-000548,1,NEUTRO,48,FT7_Alpha,bandpower,FT7,Alpha,,temporal_left,0.0,0.0,39
211-000548,1,NEUTRO,49,FT7_Beta,bandpower,FT7,Beta,,temporal_left,0.0,0.0,39
211-000548,1,NEUTRO,50,FC3_Alpha,bandpower,FC3,Alpha,,frontal_bilateral,0.08971275111238526,0.06471632223993165,39
211-000548,1,NEUTRO,51,FC3_Beta,bandpower,FC3,Beta,,frontal_bilateral,0.0,0.0,39
211-000548,1,NEUTRO,52,F3_Alpha,bandpower,F3,Alpha,,frontal_bilateral,0.2860356776128095,0.25784508484944413,39
211-000548,1,NEUTRO,53,F3_Beta,bandpower,F3,Beta,,frontal_bilateral,0.29519603866021227,0.274350039573917,39
211-000548,1,NEUTRO,54,Fp2_Alpha,bandpower,Fp2,Alpha,,frontal_bilateral,0.006241825925930358,-0.0038011507615763286,39
211-000548,1,NEUTRO,55,Fp2_Beta,bandpower,Fp2,Beta,,frontal_bilateral,0.05834535034037128,-0.03080151171362801,39
211-000548,1,NEUTRO,56,F7_Alpha,bandpower,F7,Alpha,,frontal_inferior_left,0.017566999281838365,-0.0066905425550484775,39
211-000548,1,NEUTRO,57,F7_Beta,bandpower,F7,Beta,,frontal_inferior_left,0.00029087580936567106,-0.00026274385154044174,39
211-000548,1,NEUTRO,58,Fp1_Alpha,bandpower,Fp1,Alpha,,frontal_bilateral,0.17373442780643078,0.03482234586220102,39
211-000548,1,NEUTRO,59,Fp1_Beta,bandpower,Fp1,Beta,,frontal_bilateral,0.0,0.0,39
211-000548,1,NEUTRO,60,PO5_Alpha,bandpower,PO5,Alpha,,other,0.012388610230015012,-0.012388610230015012,39
211-000548,1,NEUTRO,61,PO5_Beta,bandpower,PO5,Beta,,other,0.023795857565827985,-0.0030356250906125436,39
211-000548,1,NEUTRO,62,PO3_Alpha,bandpower,PO3,Alpha,,occipital,0.0017903922926988968,0.0017057584909654815,39
211-000548,1,NEUTRO,63,PO3_Beta,bandpower,PO3,Beta,,occipital,0.0,0.0,39
211-000548,1,NEUTRO,64,P1_Alpha,bandpower,P1,Alpha,,other,0.0,0.0,39
211-000548,1,NEUTRO,65,P1_Beta,bandpower,P1,Beta,,other,0.0,0.0,39
211-000548,1,NEUTRO,66,POz_Alpha,bandpower,POz,Alpha,,occipital,0.13054399363091734,-0.0389903995006566,39
211-000548,1,NEUTRO,67,POz_Beta,bandpower,POz,Beta,,occipital,0.0,0.0,39
211-000548,1,NEUTRO,68,P2_Alpha,bandpower,P2,Alpha,,other,0.0,0.0,39
211-000548,1,NEUTRO,69,P2_Beta,bandpower,P2,Beta,,other,0.002688370483888539,0.002688370483888539,39
211-000548,1,NEUTRO,70,PO4_Alpha,bandpower,PO4,Alpha,,occipital,0.0,0.0,39
211-000548,1,NEUTRO,71,PO4_Beta,bandpower,PO4,Beta,,occipital,0.0,0.0,39
211-000548,1,NEUTRO,72,CP2_Alpha,bandpower,CP2,Alpha,,other,0.20440823195808394,-0.05883880038949318,39
211-000548,1,NEUTRO,73,CP2_Beta,bandpower,CP2,Beta,,other,0.0019499860195764647,-0.0015202349316051926,39
211-000548,1,NEUTRO,74,P6_Alpha,bandpower,P6,Alpha,,temporal_right,0.06114750118258387,0.029413819566988273,39
211-000548,1,NEUTRO,75,P6_Beta,bandpower,P6,Beta,,temporal_right,0.04257437912320959,0.030170964013901694,39
211-000548,1,NEUTRO,76,PO6_Alpha,bandpower,PO6,Alpha,,other,0.0,0.0,39
211-000548,1,NEUTRO,77,PO6_Beta,bandpower,PO6,Beta,,other,0.0,0.0,39
211-000548,1,NEUTRO,78,CP6_Alpha,bandpower,CP6,Alpha,,temporal_right,0.0,0.0,39
211-000548,1,NEUTRO,79,CP6_Beta,bandpower,CP6,Beta,,temporal_right,0.010063564852844832,0.005097989094538421,39
211-000548,1,NEUTRO,80,C6_Alpha,bandpower,C6,Alpha,,temporal_right,0.12565693661120445,0.12488493823489402,39
211-000548,1,NEUTRO,81,C6_Beta,bandpower,C6,Beta,,temporal_right,0.0003927092981393421,0.0003927092981393421,39
211-000548,1,NEUTRO,82,PO8_Alpha,bandpower,PO8,Alpha,,occipital,0.055674194041194905,0.011467038232145661,39
211-000548,1,NEUTRO,83,PO8_Beta,bandpower,PO8,Beta,,occipital,0.0,0.0,39
211-000548,1,NEUTRO,84,PO7_Alpha,bandpower,PO7,Alpha,,occipital,0.004208834573348273,0.0016615020659880779,39
211-000548,1,NEUTRO,85,PO7_Beta,bandpower,PO7,Beta,,occipital,0.8126950107074712,0.4232182959364504,39
211-000548,1,NEUTRO,86,P5_Alpha,bandpower,P5,Alpha,,temporal_left,0.0,0.0,39
211-000548,1,NEUTRO,87,P5_Beta,bandpower,P5,Beta,,temporal_left,0.15394242461375587,0.11611026486819587,39
211-000548,1,NEUTRO,88,CP5_Alpha,bandpower,CP5,Alpha,,temporal_left,0.0,0.0,39
211-000548,1,NEUTRO,89,CP5_Beta,bandpower,CP5,Beta,,temporal_left,0.04144582549080902,0.002106165725302488,39
211-000548,1,NEUTRO,90,CP1_Alpha,bandpower,CP1,Alpha,,other,0.0,0.0,39
211-000548,1,NEUTRO,91,CP1_Beta,bandpower,CP1,Beta,,other,0.06839601201894752,0.04626876341097793,39
211-000548,1,NEUTRO,92,C1_Alpha,bandpower,C1,Alpha,,other,0.0,0.0,39
211-000548,1,NEUTRO,93,C1_Beta,bandpower,C1,Beta,,other,0.04755080454752961,0.040659166084373456,39
211-000548,1,NEUTRO,94,C2_Alpha,bandpower,C2,Alpha,,other,0.19922624135376688,0.13114386162895933,39
211-000548,1,NEUTRO,95,C2_Beta,bandpower,C2,Beta,,other,0.01649840198234068,0.01137232711001491,39
211-000548,1,NEUTRO,96,FC2_Alpha,bandpower,FC2,Alpha,,other,0.002759626192445229,0.0016243658290105622,39
211-000548,1,NEUTRO,97,FC2_Beta,bandpower,FC2,Beta,,other,0.008364322269825286,0.0056194669333547624,39
211-000548,1,NEUTRO,98,FC6_Alpha,bandpower,FC6,Alpha,,other,0.0,0.0,39
211-000548,1,NEUTRO,99,FC6_Beta,bandpower,FC6,Beta,,other,0.04340778118830973,0.03276253223060207,39
211-000548,1,NEUTRO,100,C5_Alpha,bandpower,C5,Alpha,,temporal_left,0.2751134197800254,0.15672284703699044,39
211-000548,1,NEUTRO,101,C5_Beta,bandpower,C5,Beta,,temporal_left,0.5717564110622144,0.48041595406089205,39
211-000548,1,NEUTRO,102,FC1_Alpha,bandpower,FC1,Alpha,,other,0.002191332982450944,-0.00045477043925736443,39
211-000548,1,NEUTRO,103,FC1_Beta,bandpower,FC1,Beta,,other,0.0,0.0,39
211-000548,1,NEUTRO,104,F2_Alpha,bandpower,F2,Alpha,,frontal_bilateral,0.0,0.0,39
211-000548,1,NEUTRO,105,F2_Beta,bandpower,F2,Beta,,frontal_bilateral,0.0,0.0,39
211-000548,1,NEUTRO,106,F6_Alpha,bandpower,F6,Alpha,,other,0.0,0.0,39
211-000548,1,NEUTRO,107,F6_Beta,bandpower,F6,Beta,,other,0.0,0.0,39
211-000548,1,NEUTRO,108,FC5_Alpha,bandpower,FC5,Alpha,,frontal_inferior_left,0.0028530805938927007,-0.0004451212818099755,39
211-000548,1,NEUTRO,109,FC5_Beta,bandpower,FC5,Beta,,frontal_inferior_left,0.0,0.0,39
211-000548,1,NEUTRO,110,F1_Alpha,bandpower,F1,Alpha,,frontal_bilateral,0.02973318781156765,0.02973318781156765,39
211-000548,1,NEUTRO,111,F1_Beta,bandpower,F1,Beta,,frontal_bilateral,0.0,0.0,39
211-000548,1,NEUTRO,112,AF4_Alpha,bandpower,AF4,Alpha,,frontal_bilateral,0.013432208517992174,0.007474791749990752,39
211-000548,1,NEUTRO,113,AF4_Beta,bandpower,AF4,Beta,,frontal_bilateral,0.0,0.0,39
211-000548,1,NEUTRO,114,AF8_Alpha,bandpower,AF8,Alpha,,frontal_bilateral,0.0,0.0,39
211-000548,1,NEUTRO,115,AF8_Beta,bandpower,AF8,Beta,,frontal_bilateral,0.023242702713767764,-0.008271460805225473,39
211-000548,1,NEUTRO,116,F5_Alpha,bandpower,F5,Alpha,,frontal_inferior_left,0.04785095208373375,0.03145871941761065,39
211-000548,1,NEUTRO,117,F5_Beta,bandpower,F5,Beta,,frontal_inferior_left,0.23205836327366944,0.2002064497150307,39
211-000548,1,NEUTRO,118,AF7_Alpha,bandpower,AF7,Alpha,,frontal_bilateral,0.0,0.0,39
211-000548,1,NEUTRO,119,AF7_Beta,bandpower,AF7,Beta,,frontal_bilateral,0.0,0.0,39
211-000548,1,NEUTRO,120,AF3_Alpha,bandpower,AF3,Alpha,,frontal_bilateral,0.010214108700412958,0.0069509551239151325,39
211-000548,1,NEUTRO,121,AF3_Beta,bandpower,AF3,Beta,,frontal_bilateral,0.013404798110605834,0.007393045800656061,39
211-000548,1,NEUTRO,122,Fpz_Alpha,bandpower,Fpz,Alpha,,frontal_bilateral,0.0,0.0,39
211-000548,1,NEUTRO,123,Fpz_Beta,bandpower,Fpz,Beta,,frontal_bilateral,0.03946864660506782,0.015201691730751867,39
211-000548,1,NEUTRO,124,AlphaAsym_Fp2-Fp1,AlphaAsym,,,Fp2-Fp1,,0.3738647754543804,0.28388683200415193,39
211-000548,1,NEUTRO,125,AlphaAsym_AF8-AF7,AlphaAsym,,,AF8-AF7,,0.0,0.0,39
211-000548,1,NEUTRO,126,AlphaAsym_AF4-AF3,AlphaAsym,,,AF4-AF3,,0.0,0.0,39
211-000548,1,NEUTRO,127,AlphaAsym_F8-F7,AlphaAsym,,,F8-F7,,0.008585980466652137,-0.00031967747136035356,39
211-000548,1,NEUTRO,128,AlphaAsym_F6-F5,AlphaAsym,,,F6-F5,,0.05356242969535893,-0.03795508155980173,39
211-000548,1,NEUTRO,129,AlphaAsym_F4-F3,AlphaAsym,,,F4-F3,,0.2769995120162255,0.19040741540087305,39
211-000548,1,NEUTRO,130,AlphaAsym_F2-F1,AlphaAsym,,,F2-F1,,0.0027140514978167647,0.0017159935576917134,39
211-000548,1,NEUTRO,131,AlphaAsym_FC6-FC5,AlphaAsym,,,FC6-FC5,,0.06258193154342095,-0.0040025857536102405,39
211-000548,1,NEUTRO,132,AlphaAsym_FC4-FC3,AlphaAsym,,,FC4-FC3,,0.0,0.0,39
211-000548,1,NEUTRO,133,AlphaAsym_FC2-FC1,AlphaAsym,,,FC2-FC1,,0.1846099678840692,0.07172217210994716,39
211-000548,1,NEUTRO,134,AlphaAsym_T8-T7,AlphaAsym,,,T8-T7,,0.0,0.0,39
211-000548,1,NEUTRO,135,AlphaAsym_C6-C5,AlphaAsym,,,C6-C5,,0.0,0.0,39
211-000548,1,NEUTRO,136,AlphaAsym_C4-C3,AlphaAsym,,,C4-C3,,0.0,0.0,39
211-000548,1,NEUTRO,137,AlphaAsym_C2-C1,AlphaAsym,,,C2-C1,,0.01956276001111738,-0.008845883625306687,39
211-000548,1,NEUTRO,138,AlphaAsym_TP8-TP7,AlphaAsym,,,TP8-TP7,,0.01147986682404382,-0.0010028086470163327,39
211-000548,1,NEUTRO,139,AlphaAsym_CP6-CP5,AlphaAsym,,,CP6-CP5,,0.020024614911348253,-0.0006429040911972745,39
211-000548,1,NEUTRO,140,AlphaAsym_CP4-CP3,AlphaAsym,,,CP4-CP3,,0.0,0.0,39
211-000548,1,NEUTRO,141,AlphaAsym_CP2-CP1,AlphaAsym,,,CP2-CP1,,0.060319928829111885,0.019318609173017885,39
211-000548,1,NEUTRO,142,AlphaAsym_P8-P7,AlphaAsym,,,P8-P7,,0.0,0.0,39
211-000548,1,NEUTRO,143,AlphaAsym_P6-P5,AlphaAsym,,,P6-P5,,0.006287132036681233,-0.006073443277820892,39
211-000548,1,NEUTRO,144,AlphaAsym_P4-P3,AlphaAsym,,,P4-P3,,0.007731797725115071,-0.0025120692626367045,39
211-000548,1,NEUTRO,145,AlphaAsym_P2-P1,AlphaAsym,,,P2-P1,,0.0,0.0,39
211-000548,1,NEUTRO,146,AlphaAsym_PO8-PO7,AlphaAsym,,,PO8-PO7,,0.0,0.0,39
211-000548,1,NEUTRO,147,AlphaAsym_PO6-PO5,AlphaAsym,,,PO6-PO5,,0.0,0.0,39
211-000548,1,NEUTRO,148,AlphaAsym_PO4-PO3,AlphaAsym,,,PO4-PO3,,0.0,0.0,39
211-000548,1,NEUTRO,149,AlphaAsym_O2-O1,AlphaAsym,,,O2-O1,,0.0,0.0,39
211-000548,2,SAD,0,O2_Alpha,bandpower,O2,Alpha,,occipital,0.0,0.0,30
211-000548,2,SAD,1,O2_Beta,bandpower,O2,Beta,,occipital,0.0,0.0,30
211-000548,2,SAD,2,O1_Alpha,bandpower,O1,Alpha,,occipital,0.0572094685179713,0.0572094685179713,30
211-000548,2,SAD,3,O1_Beta,bandpower,O1,Beta,,occipital,0.026199146224195703,0.026199146224195703,30
211-000548,2,SAD,4,Oz_Alpha,bandpower,Oz,Alpha,,occipital,0.0,0.0,30
211-000548,2,SAD,5,Oz_Beta,bandpower,Oz,Beta,,occipital,0.10658035893370098,0.025906596972906138,30
211-000548,2,SAD,6,Pz_Alpha,bandpower,Pz,Alpha,,parietal_midline,0.0017659857143422517,2.607927541827815e-05,30
211-000548,2,SAD,7,Pz_Beta,bandpower,Pz,Beta,,parietal_midline,0.0,0.0,30
211-000548,2,SAD,8,P4_Alpha,bandpower,P4,Alpha,,other,0.0,0.0,30
211-000548,2,SAD,9,P4_Beta,bandpower,P4,Beta,,other,0.0,0.0,30
211-000548,2,SAD,10,CP4_Alpha,bandpower,CP4,Alpha,,temporal_right,0.00044436416583084243,-2.243303173578755e-05,30
211-000548,2,SAD,11,CP4_Beta,bandpower,CP4,Beta,,temporal_right,0.0,0.0,30
211-000548,2,SAD,12,P8_Alpha,bandpower,P8,Alpha,,temporal_right,0.0,0.0,30
211-000548,2,SAD,13,P8_Beta,bandpower,P8,Beta,,temporal_right,0.0,0.0,30
211-000548,2,SAD,14,C4_Alpha,bandpower,C4,Alpha,,other,0.039288747871998896,-0.0049423325521767755,30
211-000548,2,SAD,15,C4_Beta,bandpower,C4,Beta,,other,0.0,0.0,30
211-000548,2,SAD,16,TP8_Alpha,bandpower,TP8,Alpha,,temporal_right,0.0,0.0,30
211-000548,2,SAD,17,TP8_Beta,bandpower,TP8,Beta,,temporal_right,0.0,0.0,30
211-000548,2,SAD,18,T8_Alpha,bandpower,T8,Alpha,,temporal_right,0.0,0.0,30
211-000548,2,SAD,19,T8_Beta,bandpower,T8,Beta,,temporal_right,0.0,0.0,30
211-000548,2,SAD,20,P7_Alpha,bandpower,P7,Alpha,,temporal_left,0.0,0.0,30
211-000548,2,SAD,21,P7_Beta,bandpower,P7,Beta,,temporal_left,0.0,0.0,30
211-000548,2,SAD,22,P3_Alpha,bandpower,P3,Alpha,,centro_parietal_left,0.0,0.0,30
211-000548,2,SAD,23,P3_Beta,bandpower,P3,Beta,,centro_parietal_left,0.0,0.0,30
211-000548,2,SAD,24,CP3_Alpha,bandpower,CP3,Alpha,,temporal_left,0.01645190148470644,-0.007882371028201092,30
211-000548,2,SAD,25,CP3_Beta,bandpower,CP3,Beta,,temporal_left,0.0,0.0,30
211-000548,2,SAD,26,CPz_Alpha,bandpower,CPz,Alpha,,parietal_midline,0.0,0.0,30
211-000548,2,SAD,27,CPz_Beta,bandpower,CPz,Beta,,parietal_midline,0.0,0.0,30
211-000548,2,SAD,28,Cz_Alpha,bandpower,Cz,Alpha,,parietal_midline,0.0,0.0,30
211-000548,2,SAD,29,Cz_Beta,bandpower,Cz,Beta,,parietal_midline,0.0,0.0,30
211-000548,2,SAD,30,FC4_Alpha,bandpower,FC4,Alpha,,frontal_bilateral,0.030752829201900714,0.005103940660165122,30
211-000548,2,SAD,31,FC4_Beta,bandpower,FC4,Beta,,frontal_bilateral,0.0,0.0,30
211-000548,2,SAD,32,FT8_Alpha,bandpower,FT8,Alpha,,temporal_right,0.0,0.0,30
211-000548,2,SAD,33,FT8_Beta,bandpower,FT8,Beta,,temporal_right,0.0,0.0,30
211-000548,2,SAD,34,TP7_Alpha,bandpower,TP7,Alpha,,temporal_left,0.0,0.0,30
211-000548,2,SAD,35,TP7_Beta,bandpower,TP7,Beta,,temporal_left,0.0,0.0,30
211-000548,2,SAD,36,C3_Alpha,bandpower,C3,Alpha,,centro_parietal_left,0.0,0.0,30
211-000548,2,SAD,37,C3_Beta,bandpower,C3,Beta,,centro_parietal_left,0.0,0.0,30
211-000548,2,SAD,38,FCz_Alpha,bandpower,FCz,Alpha,,frontal_bilateral,0.07751402129198001,0.02097350579128113,30
211-000548,2,SAD,39,FCz_Beta,bandpower,FCz,Beta,,frontal_bilateral,0.0,0.0,30
211-000548,2,SAD,40,Fz_Alpha,bandpower,Fz,Alpha,,frontal_bilateral,0.027712133872778818,-0.02004515238583848,30
211-000548,2,SAD,41,Fz_Beta,bandpower,Fz,Beta,,frontal_bilateral,0.0,0.0,30
211-000548,2,SAD,42,F4_Alpha,bandpower,F4,Alpha,,frontal_bilateral,0.0,0.0,30
211-000548,2,SAD,43,F4_Beta,bandpower,F4,Beta,,frontal_bilateral,0.06707636198228722,-0.04332261321065064,30
211-000548,2,SAD,44,F8_Alpha,bandpower,F8,Alpha,,other,0.01897140803163035,0.004237472105738716,30
211-000548,2,SAD,45,F8_Beta,bandpower,F8,Beta,,other,0.06357884166242513,-0.035809102422132845,30
211-000548,2,SAD,46,T7_Alpha,bandpower,T7,Alpha,,temporal_left,0.0,0.0,30
211-000548,2,SAD,47,T7_Beta,bandpower,T7,Beta,,temporal_left,0.06921402209866846,0.031612346161537346,30
211-000548,2,SAD,48,FT7_Alpha,bandpower,FT7,Alpha,,temporal_left,0.0,0.0,30
211-000548,2,SAD,49,FT7_Beta,bandpower,FT7,Beta,,temporal_left,0.0,0.0,30
211-000548,2,SAD,50,FC3_Alpha,bandpower,FC3,Alpha,,frontal_bilateral,0.04055519654441282,-0.02212954563016168,30
211-000548,2,SAD,51,FC3_Beta,bandpower,FC3,Beta,,frontal_bilateral,0.0,0.0,30
211-000548,2,SAD,52,F3_Alpha,bandpower,F3,Alpha,,frontal_bilateral,0.0,0.0,30
211-000548,2,SAD,53,F3_Beta,bandpower,F3,Beta,,frontal_bilateral,0.0,0.0,30
211-000548,2,SAD,54,Fp2_Alpha,bandpower,Fp2,Alpha,,frontal_bilateral,0.013481747382483915,0.007366451264661448,30
211-000548,2,SAD,55,Fp2_Beta,bandpower,Fp2,Beta,,frontal_bilateral,0.0032991838822944578,-0.0032991838822944578,30
211-000548,2,SAD,56,F7_Alpha,bandpower,F7,Alpha,,frontal_inferior_left,0.0,0.0,30
211-000548,2,SAD,57,F7_Beta,bandpower,F7,Beta,,frontal_inferior_left,0.010347716990967842,-0.00948027304556523,30
211-000548,2,SAD,58,Fp1_Alpha,bandpower,Fp1,Alpha,,frontal_bilateral,0.0,0.0,30
211-000548,2,SAD,59,Fp1_Beta,bandpower,Fp1,Beta,,frontal_bilateral,0.05599734903997118,-0.04620890050270711,30
211-000548,2,SAD,60,PO5_Alpha,bandpower,PO5,Alpha,,other,0.019123693076202368,-0.00934281520712778,30
211-000548,2,SAD,61,PO5_Beta,bandpower,PO5,Beta,,other,0.0,0.0,30
211-000548,2,SAD,62,PO3_Alpha,bandpower,PO3,Alpha,,occipital,0.0,0.0,30
211-000548,2,SAD,63,PO3_Beta,bandpower,PO3,Beta,,occipital,0.0,0.0,30
211-000548,2,SAD,64,P1_Alpha,bandpower,P1,Alpha,,other,0.007404495040966145,-0.005345810736207054,30
211-000548,2,SAD,65,P1_Beta,bandpower,P1,Beta,,other,0.0,0.0,30
211-000548,2,SAD,66,POz_Alpha,bandpower,POz,Alpha,,occipital,0.1420494547742476,-0.04608584261491079,30
211-000548,2,SAD,67,POz_Beta,bandpower,POz,Beta,,occipital,0.0018144683104933529,-0.0010516277226952115,30
211-000548,2,SAD,68,P2_Alpha,bandpower,P2,Alpha,,other,0.0,0.0,30
211-000548,2,SAD,69,P2_Beta,bandpower,P2,Beta,,other,0.016845966329413407,-0.008308306509844954,30
211-000548,2,SAD,70,PO4_Alpha,bandpower,PO4,Alpha,,occipital,0.0,0.0,30
211-000548,2,SAD,71,PO4_Beta,bandpower,PO4,Beta,,occipital,0.021319624448609027,-0.01750374394210376,30
211-000548,2,SAD,72,CP2_Alpha,bandpower,CP2,Alpha,,other,0.1181450481840048,-0.001892980835929677,30
211-000548,2,SAD,73,CP2_Beta,bandpower,CP2,Beta,,other,0.027954398652341884,-0.027954398652341884,30
211-000548,2,SAD,74,P6_Alpha,bandpower,P6,Alpha,,temporal_right,0.10587981275368613,-0.00724410958482368,30
211-000548,2,SAD,75,P6_Beta,bandpower,P6,Beta,,temporal_right,0.006943152940541553,-0.006221697938502113,30
211-000548,2,SAD,76,PO6_Alpha,bandpower,PO6,Alpha,,other,0.0,0.0,30
211-000548,2,SAD,77,PO6_Beta,bandpower,PO6,Beta,,other,0.0,0.0,30
211-000548,2,SAD,78,CP6_Alpha,bandpower,CP6,Alpha,,temporal_right,0.0,0.0,30
211-000548,2,SAD,79,CP6_Beta,bandpower,CP6,Beta,,temporal_right,0.0,0.0,30
211-000548,2,SAD,80,C6_Alpha,bandpower,C6,Alpha,,temporal_right,0.0,0.0,30
211-000548,2,SAD,81,C6_Beta,bandpower,C6,Beta,,temporal_right,0.0,0.0,30
211-000548,2,SAD,82,PO8_Alpha,bandpower,PO8,Alpha,,occipital,0.11054788942032655,0.02282252858695076,30
211-000548,2,SAD,83,PO8_Beta,bandpower,PO8,Beta,,occipital,0.0,0.0,30
211-000548,2,SAD,84,PO7_Alpha,bandpower,PO7,Alpha,,occipital,0.02260872160879463,-0.010992405946246408,30
211-000548,2,SAD,85,PO7_Beta,bandpower,PO7,Beta,,occipital,0.48929679587864733,0.23636347491183252,30
211-000548,2,SAD,86,P5_Alpha,bandpower,P5,Alpha,,temporal_left,0.0,0.0,30
211-000548,2,SAD,87,P5_Beta,bandpower,P5,Beta,,temporal_left,0.013084331342913607,0.009261380104318569,30
211-000548,2,SAD,88,CP5_Alpha,bandpower,CP5,Alpha,,temporal_left,0.0,0.0,30
211-000548,2,SAD,89,CP5_Beta,bandpower,CP5,Beta,,temporal_left,0.1491348220134907,0.0801523011687617,30
211-000548,2,SAD,90,CP1_Alpha,bandpower,CP1,Alpha,,other,0.008930825367513117,0.007718679635427491,30
211-000548,2,SAD,91,CP1_Beta,bandpower,CP1,Beta,,other,0.023280216156221174,-0.006554157386931131,30
211-000548,2,SAD,92,C1_Alpha,bandpower,C1,Alpha,,other,0.0,0.0,30
211-000548,2,SAD,93,C1_Beta,bandpower,C1,Beta,,other,0.0,0.0,30
211-000548,2,SAD,94,C2_Alpha,bandpower,C2,Alpha,,other,0.0,0.0,30
211-000548,2,SAD,95,C2_Beta,bandpower,C2,Beta,,other,0.0,0.0,30
211-000548,2,SAD,96,FC2_Alpha,bandpower,FC2,Alpha,,other,0.0,0.0,30
211-000548,2,SAD,97,FC2_Beta,bandpower,FC2,Beta,,other,0.0,0.0,30
211-000548,2,SAD,98,FC6_Alpha,bandpower,FC6,Alpha,,other,0.0,0.0,30
211-000548,2,SAD,99,FC6_Beta,bandpower,FC6,Beta,,other,0.0,0.0,30
211-000548,2,SAD,100,C5_Alpha,bandpower,C5,Alpha,,temporal_left,0.03771899362760623,-0.01740744865487439,30
211-000548,2,SAD,101,C5_Beta,bandpower,C5,Beta,,temporal_left,0.16619230852901373,-0.02141708393653469,30
211-000548,2,SAD,102,FC1_Alpha,bandpower,FC1,Alpha,,other,0.12423053532371434,0.03171086530809942,30
211-000548,2,SAD,103,FC1_Beta,bandpower,FC1,Beta,,other,0.0,0.0,30
211-000548,2,SAD,104,F2_Alpha,bandpower,F2,Alpha,,frontal_bilateral,0.0,0.0,30
211-000548,2,SAD,105,F2_Beta,bandpower,F2,Beta,,frontal_bilateral,0.0,0.0,30
211-000548,2,SAD,106,F6_Alpha,bandpower,F6,Alpha,,other,0.0,0.0,30
211-000548,2,SAD,107,F6_Beta,bandpower,F6,Beta,,other,0.0,0.0,30
211-000548,2,SAD,108,FC5_Alpha,bandpower,FC5,Alpha,,frontal_inferior_left,0.002091951127073695,-0.001148313603096547,30
211-000548,2,SAD,109,FC5_Beta,bandpower,FC5,Beta,,frontal_inferior_left,0.0,0.0,30
211-000548,2,SAD,110,F1_Alpha,bandpower,F1,Alpha,,frontal_bilateral,0.0,0.0,30
211-000548,2,SAD,111,F1_Beta,bandpower,F1,Beta,,frontal_bilateral,0.0,0.0,30
211-000548,2,SAD,112,AF4_Alpha,bandpower,AF4,Alpha,,frontal_bilateral,0.0,0.0,30
211-000548,2,SAD,113,AF4_Beta,bandpower,AF4,Beta,,frontal_bilateral,0.0,0.0,30
211-000548,2,SAD,114,AF8_Alpha,bandpower,AF8,Alpha,,frontal_bilateral,0.0,0.0,30
211-000548,2,SAD,115,AF8_Beta,bandpower,AF8,Beta,,frontal_bilateral,0.0019082570147203439,-0.0018783956717668075,30
211-000548,2,SAD,116,F5_Alpha,bandpower,F5,Alpha,,frontal_inferior_left,0.0,0.0,30
211-000548,2,SAD,117,F5_Beta,bandpower,F5,Beta,,frontal_inferior_left,0.014242256321115757,0.0019443520074632588,30
211-000548,2,SAD,118,AF7_Alpha,bandpower,AF7,Alpha,,frontal_bilateral,0.2253434020355435,0.2253434020355435,30
211-000548,2,SAD,119,AF7_Beta,bandpower,AF7,Beta,,frontal_bilateral,0.19778695628861315,0.19778695628861315,30
211-000548,2,SAD,120,AF3_Alpha,bandpower,AF3,Alpha,,frontal_bilateral,0.0,0.0,30
211-000548,2,SAD,121,AF3_Beta,bandpower,AF3,Beta,,frontal_bilateral,0.0,0.0,30
211-000548,2,SAD,122,Fpz_Alpha,bandpower,Fpz,Alpha,,frontal_bilateral,0.03678610543297749,0.00028958135405734254,30
211-000548,2,SAD,123,Fpz_Beta,bandpower,Fpz,Beta,,frontal_bilateral,0.0,0.0,30
211-000548,2,SAD,124,AlphaAsym_Fp2-Fp1,AlphaAsym,,,Fp2-Fp1,,0.0,0.0,30
211-000548,2,SAD,125,AlphaAsym_AF8-AF7,AlphaAsym,,,AF8-AF7,,0.1405519927558738,0.12125393070865383,30
211-000548,2,SAD,126,AlphaAsym_AF4-AF3,AlphaAsym,,,AF4-AF3,,0.0,0.0,30
211-000548,2,SAD,127,AlphaAsym_F8-F7,AlphaAsym,,,F8-F7,,0.012288461811335753,-0.012288461811335753,30
211-000548,2,SAD,128,AlphaAsym_F6-F5,AlphaAsym,,,F6-F5,,0.0,0.0,30
211-000548,2,SAD,129,AlphaAsym_F4-F3,AlphaAsym,,,F4-F3,,0.0,0.0,30
211-000548,2,SAD,130,AlphaAsym_F2-F1,AlphaAsym,,,F2-F1,,0.0,0.0,30
211-000548,2,SAD,131,AlphaAsym_FC6-FC5,AlphaAsym,,,FC6-FC5,,0.0008994153781274952,0.00023139099785165346,30
211-000548,2,SAD,132,AlphaAsym_FC4-FC3,AlphaAsym,,,FC4-FC3,,0.0005600405416334237,-0.00017325334527198248,30
211-000548,2,SAD,133,AlphaAsym_FC2-FC1,AlphaAsym,,,FC2-FC1,,0.1310953947797567,0.060067375632848585,30
211-000548,2,SAD,134,AlphaAsym_T8-T7,AlphaAsym,,,T8-T7,,0.0,0.0,30
211-000548,2,SAD,135,AlphaAsym_C6-C5,AlphaAsym,,,C6-C5,,0.07418308956615724,0.05563940259350263,30
211-000548,2,SAD,136,AlphaAsym_C4-C3,AlphaAsym,,,C4-C3,,0.004132006215439697,-0.0024286612646556003,30
211-000548,2,SAD,137,AlphaAsym_C2-C1,AlphaAsym,,,C2-C1,,0.00043869960596511215,-0.00043869960596511215,30
211-000548,2,SAD,138,AlphaAsym_TP8-TP7,AlphaAsym,,,TP8-TP7,,0.0,0.0,30
211-000548,2,SAD,139,AlphaAsym_CP6-CP5,AlphaAsym,,,CP6-CP5,,0.0,0.0,30
211-000548,2,SAD,140,AlphaAsym_CP4-CP3,AlphaAsym,,,CP4-CP3,,0.0,0.0,30
211-000548,2,SAD,141,AlphaAsym_CP2-CP1,AlphaAsym,,,CP2-CP1,,0.0,0.0,30
211-000548,2,SAD,142,AlphaAsym_P8-P7,AlphaAsym,,,P8-P7,,0.0,0.0,30
211-000548,2,SAD,143,AlphaAsym_P6-P5,AlphaAsym,,,P6-P5,,0.11003245126120248,-0.0004276413756329293,30
211-000548,2,SAD,144,AlphaAsym_P4-P3,AlphaAsym,,,P4-P3,,0.037136860686714776,0.003018910434582141,30
211-000548,2,SAD,145,AlphaAsym_P2-P1,AlphaAsym,,,P2-P1,,0.004048044628668865,-0.0021174303211333816,30
211-000548,2,SAD,146,AlphaAsym_PO8-PO7,AlphaAsym,,,PO8-PO7,,0.038019300642501835,-0.016359377826897812,30
211-000548,2,SAD,147,AlphaAsym_PO6-PO5,AlphaAsym,,,PO6-PO5,,0.0007505626404429794,0.0002216441823083631,30
211-000548,2,SAD,148,AlphaAsym_PO4-PO3,AlphaAsym,,,PO4-PO3,,0.0,0.0,30
211-000548,2,SAD,149,AlphaAsym_O2-O1,AlphaAsym,,,O2-O1,,0.14415344115661935,0.12721946571298376,30
211-000549,0,JOY,0,O2_Alpha,bandpower,O2,Alpha,,occipital,0.0,0.0,46
211-000549,0,JOY,1,O2_Beta,bandpower,O2,Beta,,occipital,0.007259013408466547,0.004119527117465789,46
211-000549,0,JOY,2,O1_Alpha,bandpower,O1,Alpha,,occipital,0.0,0.0,46
211-000549,0,JOY,3,O1_Beta,bandpower,O1,Beta,,occipital,0.0,0.0,46
211-000549,0,JOY,4,Oz_Alpha,bandpower,Oz,Alpha,,occipital,0.0,0.0,46
211-000549,0,JOY,5,Oz_Beta,bandpower,Oz,Beta,,occipital,0.004472579072220666,0.0025373251494527106,46
211-000549,0,JOY,6,Pz_Alpha,bandpower,Pz,Alpha,,parietal_midline,0.028273887326230766,-0.020703604470710627,46
211-000549,0,JOY,7,Pz_Beta,bandpower,Pz,Beta,,parietal_midline,0.0,0.0,46
211-000549,0,JOY,8,P4_Alpha,bandpower,P4,Alpha,,other,0.0,0.0,46
211-000549,0,JOY,9,P4_Beta,bandpower,P4,Beta,,other,0.24625756545362745,0.22648803236314716,46
211-000549,0,JOY,10,CP4_Alpha,bandpower,CP4,Alpha,,temporal_right,0.13322674940275187,0.10536924637374753,46
211-000549,0,JOY,11,CP4_Beta,bandpower,CP4,Beta,,temporal_right,0.10196471647934002,0.07577831804437253,46
211-000549,0,JOY,12,P8_Alpha,bandpower,P8,Alpha,,temporal_right,0.0,0.0,46
211-000549,0,JOY,13,P8_Beta,bandpower,P8,Beta,,temporal_right,0.0,0.0,46
211-000549,0,JOY,14,C4_Alpha,bandpower,C4,Alpha,,other,0.0,0.0,46
211-000549,0,JOY,15,C4_Beta,bandpower,C4,Beta,,other,0.0,0.0,46
211-000549,0,JOY,16,TP8_Alpha,bandpower,TP8,Alpha,,temporal_right,0.014183935974189234,-0.014183935974189234,46
211-000549,0,JOY,17,TP8_Beta,bandpower,TP8,Beta,,temporal_right,0.0,0.0,46
211-000549,0,JOY,18,T8_Alpha,bandpower,T8,Alpha,,temporal_right,0.0,0.0,46
211-000549,0,JOY,19,T8_Beta,bandpower,T8,Beta,,temporal_right,0.0,0.0,46
211-000549,0,JOY,20,P7_Alpha,bandpower,P7,Alpha,,temporal_left,0.0,0.0,46
211-000549,0,JOY,21,P7_Beta,bandpower,P7,Beta,,temporal_left,0.0,0.0,46
211-000549,0,JOY,22,P3_Alpha,bandpower,P3,Alpha,,centro_parietal_left,0.0,0.0,46
211-000549,0,JOY,23,P3_Beta,bandpower,P3,Beta,,centro_parietal_left,0.0,0.0,46
211-000549,0,JOY,24,CP3_Alpha,bandpower,CP3,Alpha,,temporal_left,0.0,0.0,46
211-000549,0,JOY,25,CP3_Beta,bandpower,CP3,Beta,,temporal_left,0.0,0.0,46
211-000549,0,JOY,26,CPz_Alpha,bandpower,CPz,Alpha,,parietal_midline,0.01738461041634834,-0.01243757003308627,46
211-000549,0,JOY,27,CPz_Beta,bandpower,CPz,Beta,,parietal_midline,0.07611926740725815,0.005694915110038997,46
211-000549,0,JOY,28,Cz_Alpha,bandpower,Cz,Alpha,,parietal_midline,0.0,0.0,46
211-000549,0,JOY,29,Cz_Beta,bandpower,Cz,Beta,,parietal_midline,0.12732331119328535,0.02479949611543947,46
211-000549,0,JOY,30,FC4_Alpha,bandpower,FC4,Alpha,,frontal_bilateral,0.0,0.0,46
211-000549,0,JOY,31,FC4_Beta,bandpower,FC4,Beta,,frontal_bilateral,0.01197723575525051,-0.009359314626254703,46
211-000549,0,JOY,32,FT8_Alpha,bandpower,FT8,Alpha,,temporal_right,0.0,0.0,46
211-000549,0,JOY,33,FT8_Beta,bandpower,FT8,Beta,,temporal_right,0.0,0.0,46
211-000549,0,JOY,34,TP7_Alpha,bandpower,TP7,Alpha,,temporal_left,0.0,0.0,46
211-000549,0,JOY,35,TP7_Beta,bandpower,TP7,Beta,,temporal_left,0.0,0.0,46
211-000549,0,JOY,36,C3_Alpha,bandpower,C3,Alpha,,centro_parietal_left,0.0,0.0,46
211-000549,0,JOY,37,C3_Beta,bandpower,C3,Beta,,centro_parietal_left,0.0,0.0,46
211-000549,0,JOY,38,FCz_Alpha,bandpower,FCz,Alpha,,frontal_bilateral,0.0,0.0,46
211-000549,0,JOY,39,FCz_Beta,bandpower,FCz,Beta,,frontal_bilateral,0.0,0.0,46
211-000549,0,JOY,40,Fz_Alpha,bandpower,Fz,Alpha,,frontal_bilateral,0.0,0.0,46
211-000549,0,JOY,41,Fz_Beta,bandpower,Fz,Beta,,frontal_bilateral,0.0,0.0,46
211-000549,0,JOY,42,F4_Alpha,bandpower,F4,Alpha,,frontal_bilateral,0.0,0.0,46
211-000549,0,JOY,43,F4_Beta,bandpower,F4,Beta,,frontal_bilateral,0.0,0.0,46
211-000549,0,JOY,44,F8_Alpha,bandpower,F8,Alpha,,other,0.0,0.0,46
211-000549,0,JOY,45,F8_Beta,bandpower,F8,Beta,,other,0.0,0.0,46
211-000549,0,JOY,46,T7_Alpha,bandpower,T7,Alpha,,temporal_left,0.0,0.0,46
211-000549,0,JOY,47,T7_Beta,bandpower,T7,Beta,,temporal_left,0.209715960078985,0.19140366437010697,46
211-000549,0,JOY,48,FT7_Alpha,bandpower,FT7,Alpha,,temporal_left,0.0,0.0,46
211-000549,0,JOY,49,FT7_Beta,bandpower,FT7,Beta,,temporal_left,0.03591244945660311,0.029609692761022183,46
211-000549,0,JOY,50,FC3_Alpha,bandpower,FC3,Alpha,,frontal_bilateral,0.0,0.0,46
211-000549,0,JOY,51,FC3_Beta,bandpower,FC3,Beta,,frontal_bilateral,0.0,0.0,46
211-000549,0,JOY,52,F3_Alpha,bandpower,F3,Alpha,,frontal_bilateral,0.0,0.0,46
211-000549,0,JOY,53,F3_Beta,bandpower,F3,Beta,,frontal_bilateral,0.0,0.0,46
211-000549,0,JOY,54,Fp2_Alpha,bandpower,Fp2,Alpha,,frontal_bilateral,0.0,0.0,46
211-000549,0,JOY,55,Fp2_Beta,bandpower,Fp2,Beta,,frontal_bilateral,0.08357586674670651,0.08090937347999572,46
211-000549,0,JOY,56,F7_Alpha,bandpower,F7,Alpha,,frontal_inferior_left,0.0,0.0,46
211-000549,0,JOY,57,F7_Beta,bandpower,F7,Beta,,frontal_inferior_left,0.0,0.0,46
211-000549,0,JOY,58,Fp1_Alpha,bandpower,Fp1,Alpha,,frontal_bilateral,0.0,0.0,46
211-000549,0,JOY,59,Fp1_Beta,bandpower,Fp1,Beta,,frontal_bilateral,0.00879490194029991,0.002839755671369657,46
211-000549,0,JOY,60,PO5_Alpha,bandpower,PO5,Alpha,,other,0.0,0.0,46
211-000549,0,JOY,61,PO5_Beta,bandpower,PO5,Beta,,other,0.0,0.0,46
211-000549,0,JOY,62,PO3_Alpha,bandpower,PO3,Alpha,,occipital,0.0,0.0,46
211-000549,0,JOY,63,PO3_Beta,bandpower,PO3,Beta,,occipital,0.0,0.0,46
211-000549,0,JOY,64,P1_Alpha,bandpower,P1,Alpha,,other,0.0,0.0,46
211-000549,0,JOY,65,P1_Beta,bandpower,P1,Beta,,other,0.3072799434394954,0.25761953511693547,46
211-000549,0,JOY,66,POz_Alpha,bandpower,POz,Alpha,,occipital,0.0,0.0,46
211-000549,0,JOY,67,POz_Beta,bandpower,POz,Beta,,occipital,0.0,0.0,46
211-000549,0,JOY,68,P2_Alpha,bandpower,P2,Alpha,,other,0.0,0.0,46
211-000549,0,JOY,69,P2_Beta,bandpower,P2,Beta,,other,0.0,0.0,46
211-000549,0,JOY,70,PO4_Alpha,bandpower,PO4,Alpha,,occipital,0.0,0.0,46
211-000549,0,JOY,71,PO4_Beta,bandpower,PO4,Beta,,occipital,0.011633162600767936,0.007043234598253261,46
211-000549,0,JOY,72,CP2_Alpha,bandpower,CP2,Alpha,,other,0.0,0.0,46
211-000549,0,JOY,73,CP2_Beta,bandpower,CP2,Beta,,other,0.0,0.0,46
211-000549,0,JOY,74,P6_Alpha,bandpower,P6,Alpha,,temporal_right,0.0,0.0,46
211-000549,0,JOY,75,P6_Beta,bandpower,P6,Beta,,temporal_right,0.03580940397683424,0.015303564241317194,46
211-000549,0,JOY,76,PO6_Alpha,bandpower,PO6,Alpha,,other,0.0,0.0,46
211-000549,0,JOY,77,PO6_Beta,bandpower,PO6,Beta,,other,0.047654577828756095,0.041450725471102456,46
211-000549,0,JOY,78,CP6_Alpha,bandpower,CP6,Alpha,,temporal_right,0.0,0.0,46
211-000549,0,JOY,79,CP6_Beta,bandpower,CP6,Beta,,temporal_right,0.0,0.0,46
211-000549,0,JOY,80,C6_Alpha,bandpower,C6,Alpha,,temporal_right,0.0,0.0,46
211-000549,0,JOY,81,C6_Beta,bandpower,C6,Beta,,temporal_right,0.047070988950850864,0.022780814865338294,46
211-000549,0,JOY,82,PO8_Alpha,bandpower,PO8,Alpha,,occipital,0.0,0.0,46
211-000549,0,JOY,83,PO8_Beta,bandpower,PO8,Beta,,occipital,0.003993425000187525,0.003931916257802291,46
211-000549,0,JOY,84,PO7_Alpha,bandpower,PO7,Alpha,,occipital,0.0,0.0,46
211-000549,0,JOY,85,PO7_Beta,bandpower,PO7,Beta,,occipital,0.0029598328545566584,0.002713068339344571,46
211-000549,0,JOY,86,P5_Alpha,bandpower,P5,Alpha,,temporal_left,0.0,0.0,46
211-000549,0,JOY,87,P5_Beta,bandpower,P5,Beta,,temporal_left,0.0,0.0,46
211-000549,0,JOY,88,CP5_Alpha,bandpower,CP5,Alpha,,temporal_left,0.0,0.0,46
211-000549,0,JOY,89,CP5_Beta,bandpower,CP5,Beta,,temporal_left,0.0,0.0,46
211-000549,0,JOY,90,CP1_Alpha,bandpower,CP1,Alpha,,other,0.0,0.0,46
211-000549,0,JOY,91,CP1_Beta,bandpower,CP1,Beta,,other,0.0,0.0,46
211-000549,0,JOY,92,C1_Alpha,bandpower,C1,Alpha,,other,0.1320219526798418,0.04793753978013613,46
211-000549,0,JOY,93,C1_Beta,bandpower,C1,Beta,,other,0.0,0.0,46
211-000549,0,JOY,94,C2_Alpha,bandpower,C2,Alpha,,other,0.0,0.0,46
211-000549,0,JOY,95,C2_Beta,bandpower,C2,Beta,,other,0.014565023954150677,-0.010899127404168277,46
211-000549,0,JOY,96,FC2_Alpha,bandpower,FC2,Alpha,,other,0.0,0.0,46
211-000549,0,JOY,97,FC2_Beta,bandpower,FC2,Beta,,other,0.0,0.0,46
211-000549,0,JOY,98,FC6_Alpha,bandpower,FC6,Alpha,,other,0.0,0.0,46
211-000549,0,JOY,99,FC6_Beta,bandpower,FC6,Beta,,other,0.0,0.0,46
211-000549,0,JOY,100,C5_Alpha,bandpower,C5,Alpha,,temporal_left,0.001988231813394624,0.0012606890756466425,46
211-000549,0,JOY,101,C5_Beta,bandpower,C5,Beta,,temporal_left,0.0,0.0,46
211-000549,0,JOY,102,FC1_Alpha,bandpower,FC1,Alpha,,other,0.0,0.0,46
211-000549,0,JOY,103,FC1_Beta,bandpower,FC1,Beta,,other,0.0,0.0,46
211-000549,0,JOY,104,F2_Alpha,bandpower,F2,Alpha,,frontal_bilateral,0.0,0.0,46
211-000549,0,JOY,105,F2_Beta,bandpower,F2,Beta,,frontal_bilateral,0.034510035686072485,0.032225634117747246,46
211-000549,0,JOY,106,F6_Alpha,bandpower,F6,Alpha,,other,0.0,0.0,46
211-000549,0,JOY,107,F6_Beta,bandpower,F6,Beta,,other,0.0,0.0,46
211-000549,0,JOY,108,FC5_Alpha,bandpower,FC5,Alpha,,frontal_inferior_left,0.14297141432075275,0.11612327711131487,46
211-000549,0,JOY,109,FC5_Beta,bandpower,FC5,Beta,,frontal_inferior_left,0.3575570505622719,0.3292099222399037,46
211-000549,0,JOY,110,F1_Alpha,bandpower,F1,Alpha,,frontal_bilateral,0.0,0.0,46
211-000549,0,JOY,111,F1_Beta,bandpower,F1,Beta,,frontal_bilateral,0.03682958010888871,0.02808952760071507,46
211-000549,0,JOY,112,AF4_Alpha,bandpower,AF4,Alpha,,frontal_bilateral,0.0,0.0,46
211-000549,0,JOY,113,AF4_Beta,bandpower,AF4,Beta,,frontal_bilateral,0.0,0.0,46
211-000549,0,JOY,114,AF8_Alpha,bandpower,AF8,Alpha,,frontal_bilateral,0.0,0.0,46
211-000549,0,JOY,115,AF8_Beta,bandpower,AF8,Beta,,frontal_bilateral,0.0,0.0,46
211-000549,0,JOY,116,F5_Alpha,bandpower,F5,Alpha,,frontal_inferior_left,0.0,0.0,46
211-000549,0,JOY,117,F5_Beta,bandpower,F5,Beta,,frontal_inferior_left,0.19257997888115547,0.17798476311161346,46
211-000549,0,JOY,118,AF7_Alpha,bandpower,AF7,Alpha,,frontal_bilateral,0.0,0.0,46
211-000549,0,JOY,119,AF7_Beta,bandpower,AF7,Beta,,frontal_bilateral,0.26901952030916015,0.22173378279304845,46
211-000549,0,JOY,120,AF3_Alpha,bandpower,AF3,Alpha,,frontal_bilateral,0.0,0.0,46
211-000549,0,JOY,121,AF3_Beta,bandpower,AF3,Beta,,frontal_bilateral,0.11757871663186722,0.10576949490510233,46
211-000549,0,JOY,122,Fpz_Alpha,bandpower,Fpz,Alpha,,frontal_bilateral,0.3482281102057679,0.1925398772874031,46
211-000549,0,JOY,123,Fpz_Beta,bandpower,Fpz,Beta,,frontal_bilateral,0.7822774615220499,0.5461313216180628,46
211-000549,0,JOY,124,AlphaAsym_Fp2-Fp1,AlphaAsym,,,Fp2-Fp1,,0.0,0.0,46
211-000549,0,JOY,125,AlphaAsym_AF8-AF7,AlphaAsym,,,AF8-AF7,,0.0,0.0,46
211-000549,0,JOY,126,AlphaAsym_AF4-AF3,AlphaAsym,,,AF4-AF3,,0.0,0.0,46
211-000549,0,JOY,127,AlphaAsym_F8-F7,AlphaAsym,,,F8-F7,,0.0,0.0,46
211-000549,0,JOY,128,AlphaAsym_F6-F5,AlphaAsym,,,F6-F5,,0.0,0.0,46
211-000549,0,JOY,129,AlphaAsym_F4-F3,AlphaAsym,,,F4-F3,,0.0,0.0,46
211-000549,0,JOY,130,AlphaAsym_F2-F1,AlphaAsym,,,F2-F1,,0.0,0.0,46
211-000549,0,JOY,131,AlphaAsym_FC6-FC5,AlphaAsym,,,FC6-FC5,,0.17753665349676084,0.11657186135593313,46
211-000549,0,JOY,132,AlphaAsym_FC4-FC3,AlphaAsym,,,FC4-FC3,,0.010310193087654409,-0.006502390852341814,46
211-000549,0,JOY,133,AlphaAsym_FC2-FC1,AlphaAsym,,,FC2-FC1,,0.0,0.0,46
211-000549,0,JOY,134,AlphaAsym_T8-T7,AlphaAsym,,,T8-T7,,0.0,0.0,46
211-000549,0,JOY,135,AlphaAsym_C6-C5,AlphaAsym,,,C6-C5,,0.004431710940811135,-0.004431710940811135,46
211-000549,0,JOY,136,AlphaAsym_C4-C3,AlphaAsym,,,C4-C3,,0.0,0.0,46
211-000549,0,JOY,137,AlphaAsym_C2-C1,AlphaAsym,,,C2-C1,,0.04977910636545535,0.014311584265309369,46
211-000549,0,JOY,138,AlphaAsym_TP8-TP7,AlphaAsym,,,TP8-TP7,,0.0,0.0,46
211-000549,0,JOY,139,AlphaAsym_CP6-CP5,AlphaAsym,,,CP6-CP5,,0.0,0.0,46
211-000549,0,JOY,140,AlphaAsym_CP4-CP3,AlphaAsym,,,CP4-CP3,,0.018318370870502722,0.009216472426573419,46
211-000549,0,JOY,141,AlphaAsym_CP2-CP1,AlphaAsym,,,CP2-CP1,,0.0,0.0,46
211-000549,0,JOY,142,AlphaAsym_P8-P7,AlphaAsym,,,P8-P7,,0.0,0.0,46
211-000549,0,JOY,143,AlphaAsym_P6-P5,AlphaAsym,,,P6-P5,,0.0,0.0,46
211-000549,0,JOY,144,AlphaAsym_P4-P3,AlphaAsym,,,P4-P3,,0.0,0.0,46
211-000549,0,JOY,145,AlphaAsym_P2-P1,AlphaAsym,,,P2-P1,,0.015018889592588373,-0.0035024073369480826,46
211-000549,0,JOY,146,AlphaAsym_PO8-PO7,AlphaAsym,,,PO8-PO7,,0.0,0.0,46
211-000549,0,JOY,147,AlphaAsym_PO6-PO5,AlphaAsym,,,PO6-PO5,,0.00494339531764674,0.001816673986529699,46
211-000549,0,JOY,148,AlphaAsym_PO4-PO3,AlphaAsym,,,PO4-PO3,,0.0,0.0,46
211-000549,0,JOY,149,AlphaAsym_O2-O1,AlphaAsym,,,O2-O1,,0.0,0.0,46
211-000549,1,NEUTRO,0,O2_Alpha,bandpower,O2,Alpha,,occipital,0.0,0.0,46
211-000549,1,NEUTRO,1,O2_Beta,bandpower,O2,Beta,,occipital,0.0,0.0,46
211-000549,1,NEUTRO,2,O1_Alpha,bandpower,O1,Alpha,,occipital,0.0,0.0,46
211-000549,1,NEUTRO,3,O1_Beta,bandpower,O1,Beta,,occipital,0.0,0.0,46
211-000549,1,NEUTRO,4,Oz_Alpha,bandpower,Oz,Alpha,,occipital,0.0,0.0,46
211-000549,1,NEUTRO,5,Oz_Beta,bandpower,Oz,Beta,,occipital,0.0,0.0,46
211-000549,1,NEUTRO,6,Pz_Alpha,bandpower,Pz,Alpha,,parietal_midline,0.0717524469327727,0.00489990943471287,46
211-000549,1,NEUTRO,7,Pz_Beta,bandpower,Pz,Beta,,parietal_midline,0.0,0.0,46
211-000549,1,NEUTRO,8,P4_Alpha,bandpower,P4,Alpha,,other,0.0,0.0,46
211-000549,1,NEUTRO,9,P4_Beta,bandpower,P4,Beta,,other,0.0,0.0,46
211-000549,1,NEUTRO,10,CP4_Alpha,bandpower,CP4,Alpha,,temporal_right,0.0,0.0,46
211-000549,1,NEUTRO,11,CP4_Beta,bandpower,CP4,Beta,,temporal_right,0.0,0.0,46
211-000549,1,NEUTRO,12,P8_Alpha,bandpower,P8,Alpha,,temporal_right,0.0,0.0,46
211-000549,1,NEUTRO,13,P8_Beta,bandpower,P8,Beta,,temporal_right,0.0015185096967770748,0.0004482831560360761,46
211-000549,1,NEUTRO,14,C4_Alpha,bandpower,C4,Alpha,,other,0.0,0.0,46
211-000549,1,NEUTRO,15,C4_Beta,bandpower,C4,Beta,,other,0.0,0.0,46
211-000549,1,NEUTRO,16,TP8_Alpha,bandpower,TP8,Alpha,,temporal_right,0.0,0.0,46
211-000549,1,NEUTRO,17,TP8_Beta,bandpower,TP8,Beta,,temporal_right,0.01603586700507874,-0.005225366875256336,46
211-000549,1,NEUTRO,18,T8_Alpha,bandpower,T8,Alpha,,temporal_right,0.0,0.0,46
211-000549,1,NEUTRO,19,T8_Beta,bandpower,T8,Beta,,temporal_right,0.007406246377140587,-0.0016593707187961446,46
211-000549,1,NEUTRO,20,P7_Alpha,bandpower,P7,Alpha,,temporal_left,0.0,0.0,46
211-000549,1,NEUTRO,21,P7_Beta,bandpower,P7,Beta,,temporal_left,0.0025021191204605627,0.0007184179313407004,46
211-000549,1,NEUTRO,22,P3_Alpha,bandpower,P3,Alpha,,centro_parietal_left,0.0,0.0,46
211-000549,1,NEUTRO,23,P3_Beta,bandpower,P3,Beta,,centro_parietal_left,0.0,0.0,46
211-000549,1,NEUTRO,24,CP3_Alpha,bandpower,CP3,Alpha,,temporal_left,0.05053253670613903,0.011903318630435991,46
211-000549,1,NEUTRO,25,CP3_Beta,bandpower,CP3,Beta,,temporal_left,0.07252838085279568,0.026715183956107308,46
211-000549,1,NEUTRO,26,CPz_Alpha,bandpower,CPz,Alpha,,parietal_midline,0.0,0.0,46
211-000549,1,NEUTRO,27,CPz_Beta,bandpower,CPz,Beta,,parietal_midline,0.0,0.0,46
211-000549,1,NEUTRO,28,Cz_Alpha,bandpower,Cz,Alpha,,parietal_midline,0.0,0.0,46
211-000549,1,NEUTRO,29,Cz_Beta,bandpower,Cz,Beta,,parietal_midline,0.0059211861288080755,-0.0040918753413200695,46
211-000549,1,NEUTRO,30,FC4_Alpha,bandpower,FC4,Alpha,,frontal_bilateral,1.5878235352622393e-05,-9.64098997373591e-06,46
211-000549,1,NEUTRO,31,FC4_Beta,bandpower,FC4,Beta,,frontal_bilateral,0.09090721540240194,0.08075756281898361,46
211-000549,1,NEUTRO,32,FT8_Alpha,bandpower,FT8,Alpha,,temporal_right,0.08054097157049864,0.019506978917445985,46
211-000549,1,NEUTRO,33,FT8_Beta,bandpower,FT8,Beta,,temporal_right,0.19319764632861444,0.15824325090277852,46
211-000549,1,NEUTRO,34,TP7_Alpha,bandpower,TP7,Alpha,,temporal_left,0.0,0.0,46
211-000549,1,NEUTRO,35,TP7_Beta,bandpower,TP7,Beta,,temporal_left,0.018694620754803805,0.002847709679943272,46
211-000549,1,NEUTRO,36,C3_Alpha,bandpower,C3,Alpha,,centro_parietal_left,0.009729937110555396,0.0022677613987269933,46
211-000549,1,NEUTRO,37,C3_Beta,bandpower,C3,Beta,,centro_parietal_left,0.03032536689208646,0.004239331258640715,46
211-000549,1,NEUTRO,38,FCz_Alpha,bandpower,FCz,Alpha,,frontal_bilateral,0.0007219837148427645,0.0006775595966698334,46
211-000549,1,NEUTRO,39,FCz_Beta,bandpower,FCz,Beta,,frontal_bilateral,0.0,0.0,46
211-000549,1,NEUTRO,40,Fz_Alpha,bandpower,Fz,Alpha,,frontal_bilateral,0.0,0.0,46
211-000549,1,NEUTRO,41,Fz_Beta,bandpower,Fz,Beta,,frontal_bilateral,0.0,0.0,46
211-000549,1,NEUTRO,42,F4_Alpha,bandpower,F4,Alpha,,frontal_bilateral,0.027957382936253893,0.005352550855573852,46
211-000549,1,NEUTRO,43,F4_Beta,bandpower,F4,Beta,,frontal_bilateral,0.03179724020593115,-1.213533266591904e-05,46
211-000549,1,NEUTRO,44,F8_Alpha,bandpower,F8,Alpha,,other,0.16943010401197417,0.10453693550005047,46
211-000549,1,NEUTRO,45,F8_Beta,bandpower,F8,Beta,,other,0.06627934915159334,0.040061049651623555,46
211-000549,1,NEUTRO,46,T7_Alpha,bandpower,T7,Alpha,,temporal_left,0.0,0.0,46
211-000549,1,NEUTRO,47,T7_Beta,bandpower,T7,Beta,,temporal_left,0.11401896923023058,0.08796922082436663,46
211-000549,1,NEUTRO,48,FT7_Alpha,bandpower,FT7,Alpha,,temporal_left,0.0,0.0,46
211-000549,1,NEUTRO,49,FT7_Beta,bandpower,FT7,Beta,,temporal_left,0.3570667342661828,0.3378615889238325,46
211-000549,1,NEUTRO,50,FC3_Alpha,bandpower,FC3,Alpha,,frontal_bilateral,0.0,0.0,46
211-000549,1,NEUTRO,51,FC3_Beta,bandpower,FC3,Beta,,frontal_bilateral,0.0,0.0,46
211-000549,1,NEUTRO,52,F3_Alpha,bandpower,F3,Alpha,,frontal_bilateral,0.0,0.0,46
211-000549,1,NEUTRO,53,F3_Beta,bandpower,F3,Beta,,frontal_bilateral,0.0,0.0,46
211-000549,1,NEUTRO,54,Fp2_Alpha,bandpower,Fp2,Alpha,,frontal_bilateral,0.0,0.0,46
211-000549,1,NEUTRO,55,Fp2_Beta,bandpower,Fp2,Beta,,frontal_bilateral,0.0,0.0,46
211-000549,1,NEUTRO,56,F7_Alpha,bandpower,F7,Alpha,,frontal_inferior_left,0.0,0.0,46
211-000549,1,NEUTRO,57,F7_Beta,bandpower,F7,Beta,,frontal_inferior_left,0.08745893131598094,0.0694986338886885,46
211-000549,1,NEUTRO,58,Fp1_Alpha,bandpower,Fp1,Alpha,,frontal_bilateral,0.018667882725484166,0.013960555494864914,46
211-000549,1,NEUTRO,59,Fp1_Beta,bandpower,Fp1,Beta,,frontal_bilateral,0.0,0.0,46
211-000549,1,NEUTRO,60,PO5_Alpha,bandpower,PO5,Alpha,,other,0.0,0.0,46
211-000549,1,NEUTRO,61,PO5_Beta,bandpower,PO5,Beta,,other,0.0,0.0,46
211-000549,1,NEUTRO,62,PO3_Alpha,bandpower,PO3,Alpha,,occipital,0.0,0.0,46
211-000549,1,NEUTRO,63,PO3_Beta,bandpower,PO3,Beta,,occipital,0.0,0.0,46
211-000549,1,NEUTRO,64,P1_Alpha,bandpower,P1,Alpha,,other,0.0,0.0,46
211-000549,1,NEUTRO,65,P1_Beta,bandpower,P1,Beta,,other,0.41509716427306886,0.34373876551019494,46
211-000549,1,NEUTRO,66,POz_Alpha,bandpower,POz,Alpha,,occipital,0.04312901020085451,0.015511822109042494,46
211-000549,1,NEUTRO,67,POz_Beta,bandpower,POz,Beta,,occipital,0.0,0.0,46
211-000549,1,NEUTRO,68,P2_Alpha,bandpower,P2,Alpha,,other,0.0026529496309033555,0.0014125104714636523,46
211-000549,1,NEUTRO,69,P2_Beta,bandpower,P2,Beta,,other,0.0,0.0,46
211-000549,1,NEUTRO,70,PO4_Alpha,bandpower,PO4,Alpha,,occipital,0.0,0.0,46
211-000549,1,NEUTRO,71,PO4_Beta,bandpower,PO4,Beta,,occipital,0.0,0.0,46
211-000549,1,NEUTRO,72,CP2_Alpha,bandpower,CP2,Alpha,,other,0.0,0.0,46
211-000549,1,NEUTRO,73,CP2_Beta,bandpower,CP2,Beta,,other,0.0010407465250083395,0.00014878093533769057,46
211-000549,1,NEUTRO,74,P6_Alpha,bandpower,P6,Alpha,,temporal_right,0.0,0.0,46
211-000549,1,NEUTRO,75,P6_Beta,bandpower,P6,Beta,,temporal_right,0.0,0.0,46
211-000549,1,NEUTRO,76,PO6_Alpha,bandpower,PO6,Alpha,,other,0.0,0.0,46
211-000549,1,NEUTRO,77,PO6_Beta,bandpower,PO6,Beta,,other,0.0,0.0,46
211-000549,1,NEUTRO,78,CP6_Alpha,bandpower,CP6,Alpha,,temporal_right,5.610414761852224e-05,2.7103282600226475e-05,46
211-000549,1,NEUTRO,79,CP6_Beta,bandpower,CP6,Beta,,temporal_right,0.0,0.0,46
211-000549,1,NEUTRO,80,C6_Alpha,bandpower,C6,Alpha,,temporal_right,0.0,0.0,46
211-000549,1,NEUTRO,81,C6_Beta,bandpower,C6,Beta,,temporal_right,0.10522875171272662,0.07402483411033299,46
211-000549,1,NEUTRO,82,PO8_Alpha,bandpower,PO8,Alpha,,occipital,0.0,0.0,46
211-000549,1,NEUTRO,83,PO8_Beta,bandpower,PO8,Beta,,occipital,0.0,0.0,46
211-000549,1,NEUTRO,84,PO7_Alpha,bandpower,PO7,Alpha,,occipital,0.015306406813330007,-0.001195869395853931,46
211-000549,1,NEUTRO,85,PO7_Beta,bandpower,PO7,Beta,,occipital,0.0,0.0,46
211-000549,1,NEUTRO,86,P5_Alpha,bandpower,P5,Alpha,,temporal_left,0.0,0.0,46
211-000549,1,NEUTRO,87,P5_Beta,bandpower,P5,Beta,,temporal_left,0.00028188630442141236,-0.0002260596354597427,46
211-000549,1,NEUTRO,88,CP5_Alpha,bandpower,CP5,Alpha,,temporal_left,0.0028937152764466866,-0.0016991128961603467,46
211-000549,1,NEUTRO,89,CP5_Beta,bandpower,CP5,Beta,,temporal_left,0.05393103660284868,0.024618065778351378,46
211-000549,1,NEUTRO,90,CP1_Alpha,bandpower,CP1,Alpha,,other,0.0,0.0,46
211-000549,1,NEUTRO,91,CP1_Beta,bandpower,CP1,Beta,,other,0.0,0.0,46
211-000549,1,NEUTRO,92,C1_Alpha,bandpower,C1,Alpha,,other,0.10009587705296737,0.03895155542032229,46
211-000549,1,NEUTRO,93,C1_Beta,bandpower,C1,Beta,,other,0.12116054562150005,0.07894462613425726,46
211-000549,1,NEUTRO,94,C2_Alpha,bandpower,C2,Alpha,,other,0.0,0.0,46
211-000549,1,NEUTRO,95,C2_Beta,bandpower,C2,Beta,,other,0.13106609828505095,0.06095020557858885,46
211-000549,1,NEUTRO,96,FC2_Alpha,bandpower,FC2,Alpha,,other,0.0,0.0,46
211-000549,1,NEUTRO,97,FC2_Beta,bandpower,FC2,Beta,,other,0.2092897127702021,0.15456212338828443,46
211-000549,1,NEUTRO,98,FC6_Alpha,bandpower,FC6,Alpha,,other,0.0,0.0,46
211-000549,1,NEUTRO,99,FC6_Beta,bandpower,FC6,Beta,,other,0.05381910542106046,0.010809480576616886,46
211-000549,1,NEUTRO,100,C5_Alpha,bandpower,C5,Alpha,,temporal_left,0.005147600109288719,-0.000447554924972626,46
211-000549,1,NEUTRO,101,C5_Beta,bandpower,C5,Beta,,temporal_left,0.015915279632406024,0.008414862057358292,46
211-000549,1,NEUTRO,102,FC1_Alpha,bandpower,FC1,Alpha,,other,0.0,0.0,46
211-000549,1,NEUTRO,103,FC1_Beta,bandpower,FC1,Beta,,other,0.0,0.0,46
211-000549,1,NEUTRO,104,F2_Alpha,bandpower,F2,Alpha,,frontal_bilateral,0.0033215805240400906,0.002804484501438014,46
211-000549,1,NEUTRO,105,F2_Beta,bandpower,F2,Beta,,frontal_bilateral,0.028411189130991363,0.0029945893556471304,46
211-000549,1,NEUTRO,106,F6_Alpha,bandpower,F6,Alpha,,other,0.0,0.0,46
211-000549,1,NEUTRO,107,F6_Beta,bandpower,F6,Beta,,other,0.0,0.0,46
211-000549,1,NEUTRO,108,FC5_Alpha,bandpower,FC5,Alpha,,frontal_inferior_left,0.0,0.0,46
211-000549,1,NEUTRO,109,FC5_Beta,bandpower,FC5,Beta,,frontal_inferior_left,0.0,0.0,46
211-000549,1,NEUTRO,110,F1_Alpha,bandpower,F1,Alpha,,frontal_bilateral,0.0,0.0,46
211-000549,1,NEUTRO,111,F1_Beta,bandpower,F1,Beta,,frontal_bilateral,0.2046202183167529,0.10528906578950138,46
211-000549,1,NEUTRO,112,AF4_Alpha,bandpower,AF4,Alpha,,frontal_bilateral,0.0,0.0,46
211-000549,1,NEUTRO,113,AF4_Beta,bandpower,AF4,Beta,,frontal_bilateral,0.01946513849459634,-0.0007088578692026373,46
211-000549,1,NEUTRO,114,AF8_Alpha,bandpower,AF8,Alpha,,frontal_bilateral,0.15259028605729774,0.07403561104976698,46
211-000549,1,NEUTRO,115,AF8_Beta,bandpower,AF8,Beta,,frontal_bilateral,0.01421789790879464,-0.0021602708398469387,46
211-000549,1,NEUTRO,116,F5_Alpha,bandpower,F5,Alpha,,frontal_inferior_left,0.0,0.0,46
211-000549,1,NEUTRO,117,F5_Beta,bandpower,F5,Beta,,frontal_inferior_left,0.41160926007175863,0.3915104700879601,46
211-000549,1,NEUTRO,118,AF7_Alpha,bandpower,AF7,Alpha,,frontal_bilateral,0.0,0.0,46
211-000549,1,NEUTRO,119,AF7_Beta,bandpower,AF7,Beta,,frontal_bilateral,0.1087806550982594,0.09288623747964023,46
211-000549,1,NEUTRO,120,AF3_Alpha,bandpower,AF3,Alpha,,frontal_bilateral,0.0,0.0,46
211-000549,1,NEUTRO,121,AF3_Beta,bandpower,AF3,Beta,,frontal_bilateral,0.0,0.0,46
211-000549,1,NEUTRO,122,Fpz_Alpha,bandpower,Fpz,Alpha,,frontal_bilateral,0.034783967731238714,-0.002668310636063541,46
211-000549,1,NEUTRO,123,Fpz_Beta,bandpower,Fpz,Beta,,frontal_bilateral,0.10335300886087628,0.027249488931002923,46
211-000549,1,NEUTRO,124,AlphaAsym_Fp2-Fp1,AlphaAsym,,,Fp2-Fp1,,0.0,0.0,46
211-000549,1,NEUTRO,125,AlphaAsym_AF8-AF7,AlphaAsym,,,AF8-AF7,,0.09703458414555141,0.05798583492920889,46
211-000549,1,NEUTRO,126,AlphaAsym_AF4-AF3,AlphaAsym,,,AF4-AF3,,0.0,0.0,46
211-000549,1,NEUTRO,127,AlphaAsym_F8-F7,AlphaAsym,,,F8-F7,,0.028482538057080505,-0.005287197209696846,46
211-000549,1,NEUTRO,128,AlphaAsym_F6-F5,AlphaAsym,,,F6-F5,,0.009201263602974366,-0.0014669761710819785,46
211-000549,1,NEUTRO,129,AlphaAsym_F4-F3,AlphaAsym,,,F4-F3,,0.0,0.0,46
211-000549,1,NEUTRO,130,AlphaAsym_F2-F1,AlphaAsym,,,F2-F1,,0.0,0.0,46
211-000549,1,NEUTRO,131,AlphaAsym_FC6-FC5,AlphaAsym,,,FC6-FC5,,0.0,0.0,46
211-000549,1,NEUTRO,132,AlphaAsym_FC4-FC3,AlphaAsym,,,FC4-FC3,,0.0,0.0,46
211-000549,1,NEUTRO,133,AlphaAsym_FC2-FC1,AlphaAsym,,,FC2-FC1,,0.0,0.0,46
211-000549,1,NEUTRO,134,AlphaAsym_T8-T7,AlphaAsym,,,T8-T7,,0.0015095523773596615,-0.0006859351053842566,46
211-000549,1,NEUTRO,135,AlphaAsym_C6-C5,AlphaAsym,,,C6-C5,,0.0,0.0,46
211-000549,1,NEUTRO,136,AlphaAsym_C4-C3,AlphaAsym,,,C4-C3,,0.021188828954113493,0.0004388694128568688,46
211-000549,1,NEUTRO,137,AlphaAsym_C2-C1,AlphaAsym,,,C2-C1,,0.0,0.0,46
211-000549,1,NEUTRO,138,AlphaAsym_TP8-TP7,AlphaAsym,,,TP8-TP7,,0.0,0.0,46
211-000549,1,NEUTRO,139,AlphaAsym_CP6-CP5,AlphaAsym,,,CP6-CP5,,0.0,0.0,46
211-000549,1,NEUTRO,140,AlphaAsym_CP4-CP3,AlphaAsym,,,CP4-CP3,,0.0,0.0,46
211-000549,1,NEUTRO,141,AlphaAsym_CP2-CP1,AlphaAsym,,,CP2-CP1,,0.028557525509665248,-0.007438233403578664,46
211-000549,1,NEUTRO,142,AlphaAsym_P8-P7,AlphaAsym,,,P8-P7,,0.0,0.0,46
211-000549,1,NEUTRO,143,AlphaAsym_P6-P5,AlphaAsym,,,P6-P5,,0.0,0.0,46
211-000549,1,NEUTRO,144,AlphaAsym_P4-P3,AlphaAsym,,,P4-P3,,0.0,0.0,46
211-000549,1,NEUTRO,145,AlphaAsym_P2-P1,AlphaAsym,,,P2-P1,,0.06437273861860764,0.011262555855526223,46
211-000549,1,NEUTRO,146,AlphaAsym_PO8-PO7,AlphaAsym,,,PO8-PO7,,0.0,0.0,46
211-000549,1,NEUTRO,147,AlphaAsym_PO6-PO5,AlphaAsym,,,PO6-PO5,,0.0,0.0,46
211-000549,1,NEUTRO,148,AlphaAsym_PO4-PO3,AlphaAsym,,,PO4-PO3,,0.0,0.0,46
211-000549,1,NEUTRO,149,AlphaAsym_O2-O1,AlphaAsym,,,O2-O1,,0.0,0.0,46
211-000549,2,SAD,0,O2_Alpha,bandpower,O2,Alpha,,occipital,0.0,0.0,47
211-000549,2,SAD,1,O2_Beta,bandpower,O2,Beta,,occipital,0.0409425166947894,0.01901680167604367,47
211-000549,2,SAD,2,O1_Alpha,bandpower,O1,Alpha,,occipital,0.007459729220327825,0.0031063149903401955,47
211-000549,2,SAD,3,O1_Beta,bandpower,O1,Beta,,occipital,0.09792289852204071,0.061837498274461486,47
211-000549,2,SAD,4,Oz_Alpha,bandpower,Oz,Alpha,,occipital,0.0,0.0,47
211-000549,2,SAD,5,Oz_Beta,bandpower,Oz,Beta,,occipital,0.0,0.0,47
211-000549,2,SAD,6,Pz_Alpha,bandpower,Pz,Alpha,,parietal_midline,0.0,0.0,47
211-000549,2,SAD,7,Pz_Beta,bandpower,Pz,Beta,,parietal_midline,0.0,0.0,47
211-000549,2,SAD,8,P4_Alpha,bandpower,P4,Alpha,,other,0.0,0.0,47
211-000549,2,SAD,9,P4_Beta,bandpower,P4,Beta,,other,0.0,0.0,47
211-000549,2,SAD,10,CP4_Alpha,bandpower,CP4,Alpha,,temporal_right,0.2835302001514975,0.27886359814667955,47
211-000549,2,SAD,11,CP4_Beta,bandpower,CP4,Beta,,temporal_right,0.405468535845015,0.40403666071992317,47
211-000549,2,SAD,12,P8_Alpha,bandpower,P8,Alpha,,temporal_right,0.0,0.0,47
211-000549,2,SAD,13,P8_Beta,bandpower,P8,Beta,,temporal_right,0.0,0.0,47
211-000549,2,SAD,14,C4_Alpha,bandpower,C4,Alpha,,other,0.0,0.0,47
211-000549,2,SAD,15,C4_Beta,bandpower,C4,Beta,,other,0.0,0.0,47
211-000549,2,SAD,16,TP8_Alpha,bandpower,TP8,Alpha,,temporal_right,0.0,0.0,47
211-000549,2,SAD,17,TP8_Beta,bandpower,TP8,Beta,,temporal_right,0.0,0.0,47
211-000549,2,SAD,18,T8_Alpha,bandpower,T8,Alpha,,temporal_right,0.0,0.0,47
211-000549,2,SAD,19,T8_Beta,bandpower,T8,Beta,,temporal_right,0.14107948744026177,0.10108624967186862,47
211-000549,2,SAD,20,P7_Alpha,bandpower,P7,Alpha,,temporal_left,0.0,0.0,47
211-000549,2,SAD,21,P7_Beta,bandpower,P7,Beta,,temporal_left,0.0,0.0,47
211-000549,2,SAD,22,P3_Alpha,bandpower,P3,Alpha,,centro_parietal_left,0.0,0.0,47
211-000549,2,SAD,23,P3_Beta,bandpower,P3,Beta,,centro_parietal_left,0.0,0.0,47
211-000549,2,SAD,24,CP3_Alpha,bandpower,CP3,Alpha,,temporal_left,0.14557129101100358,0.07456288818843906,47
211-000549,2,SAD,25,CP3_Beta,bandpower,CP3,Beta,,temporal_left,0.5448882292612133,0.49780931778906795,47
211-000549,2,SAD,26,CPz_Alpha,bandpower,CPz,Alpha,,parietal_midline,0.0,0.0,47
211-000549,2,SAD,27,CPz_Beta,bandpower,CPz,Beta,,parietal_midline,0.0,0.0,47
211-000549,2,SAD,28,Cz_Alpha,bandpower,Cz,Alpha,,parietal_midline,0.0,0.0,47
211-000549,2,SAD,29,Cz_Beta,bandpower,Cz,Beta,,parietal_midline,0.0,0.0,47
211-000549,2,SAD,30,FC4_Alpha,bandpower,FC4,Alpha,,frontal_bilateral,0.0,0.0,47
211-000549,2,SAD,31,FC4_Beta,bandpower,FC4,Beta,,frontal_bilateral,0.0035134026645514188,-0.0014416087117740896,47
211-000549,2,SAD,32,FT8_Alpha,bandpower,FT8,Alpha,,temporal_right,0.08424100310649005,0.04334483783199208,47
211-000549,2,SAD,33,FT8_Beta,bandpower,FT8,Beta,,temporal_right,0.19474523671014835,-0.06372017757688461,47
211-000549,2,SAD,34,TP7_Alpha,bandpower,TP7,Alpha,,temporal_left,0.0,0.0,47
211-000549,2,SAD,35,TP7_Beta,bandpower,TP7,Beta,,temporal_left,0.08481259716095933,0.05981800210638786,47
211-000549,2,SAD,36,C3_Alpha,bandpower,C3,Alpha,,centro_parietal_left,0.0,0.0,47
211-000549,2,SAD,37,C3_Beta,bandpower,C3,Beta,,centro_parietal_left,0.004263687547442202,0.0008014983575667195,47
211-000549,2,SAD,38,FCz_Alpha,bandpower,FCz,Alpha,,frontal_bilateral,0.0013117811005505177,0.0010704922940492888,47
211-000549,2,SAD,39,FCz_Beta,bandpower,FCz,Beta,,frontal_bilateral,0.03871510882727665,0.026465859362658932,47
211-000549,2,SAD,40,Fz_Alpha,bandpower,Fz,Alpha,,frontal_bilateral,0.0,0.0,47
211-000549,2,SAD,41,Fz_Beta,bandpower,Fz,Beta,,frontal_bilateral,0.0,0.0,47
211-000549,2,SAD,42,F4_Alpha,bandpower,F4,Alpha,,frontal_bilateral,0.0,0.0,47
211-000549,2,SAD,43,F4_Beta,bandpower,F4,Beta,,frontal_bilateral,0.0722889420866619,0.05190600583532501,47
211-000549,2,SAD,44,F8_Alpha,bandpower,F8,Alpha,,other,0.30523146358522524,0.25639722338900417,47
211-000549,2,SAD,45,F8_Beta,bandpower,F8,Beta,,other,0.27814068289651356,0.13944834598457276,47
211-000549,2,SAD,46,T7_Alpha,bandpower,T7,Alpha,,temporal_left,0.0,0.0,47
211-000549,2,SAD,47,T7_Beta,bandpower,T7,Beta,,temporal_left,0.0,0.0,47
211-000549,2,SAD,48,FT7_Alpha,bandpower,FT7,Alpha,,temporal_left,0.006516736603390494,0.003082926040378025,47
211-000549,2,SAD,49,FT7_Beta,bandpower,FT7,Beta,,temporal_left,0.010599871087622227,-0.0030030913692921995,47
211-000549,2,SAD,50,FC3_Alpha,bandpower,FC3,Alpha,,frontal_bilateral,0.0,0.0,47
211-000549,2,SAD,51,FC3_Beta,bandpower,FC3,Beta,,frontal_bilateral,0.0,0.0,47
211-000549,2,SAD,52,F3_Alpha,bandpower,F3,Alpha,,frontal_bilateral,0.0,0.0,47
211-000549,2,SAD,53,F3_Beta,bandpower,F3,Beta,,frontal_bilateral,0.007435880279127658,0.004813791623078324,47
211-000549,2,SAD,54,Fp2_Alpha,bandpower,Fp2,Alpha,,frontal_bilateral,0.0,0.0,47
211-000549,2,SAD,55,Fp2_Beta,bandpower,Fp2,Beta,,frontal_bilateral,0.0,0.0,47
211-000549,2,SAD,56,F7_Alpha,bandpower,F7,Alpha,,frontal_inferior_left,0.0,0.0,47
211-000549,2,SAD,57,F7_Beta,bandpower,F7,Beta,,frontal_inferior_left,0.0,0.0,47
211-000549,2,SAD,58,Fp1_Alpha,bandpower,Fp1,Alpha,,frontal_bilateral,0.0,0.0,47
211-000549,2,SAD,59,Fp1_Beta,bandpower,Fp1,Beta,,frontal_bilateral,0.0,0.0,47
211-000549,2,SAD,60,PO5_Alpha,bandpower,PO5,Alpha,,other,0.0,0.0,47
211-000549,2,SAD,61,PO5_Beta,bandpower,PO5,Beta,,other,0.0,0.0,47
211-000549,2,SAD,62,PO3_Alpha,bandpower,PO3,Alpha,,occipital,0.001801929714963681,0.0005325893323712015,47
211-000549,2,SAD,63,PO3_Beta,bandpower,PO3,Beta,,occipital,0.0,0.0,47
211-000549,2,SAD,64,P1_Alpha,bandpower,P1,Alpha,,other,0.0,0.0,47
211-000549,2,SAD,65,P1_Beta,bandpower,P1,Beta,,other,0.0,0.0,47
211-000549,2,SAD,66,POz_Alpha,bandpower,POz,Alpha,,occipital,0.0,0.0,47
211-000549,2,SAD,67,POz_Beta,bandpower,POz,Beta,,occipital,0.0,0.0,47
211-000549,2,SAD,68,P2_Alpha,bandpower,P2,Alpha,,other,0.0,0.0,47
211-000549,2,SAD,69,P2_Beta,bandpower,P2,Beta,,other,0.0,0.0,47
211-000549,2,SAD,70,PO4_Alpha,bandpower,PO4,Alpha,,occipital,0.0,0.0,47
211-000549,2,SAD,71,PO4_Beta,bandpower,PO4,Beta,,occipital,0.04044596360706157,0.03279913533738516,47
211-000549,2,SAD,72,CP2_Alpha,bandpower,CP2,Alpha,,other,0.0,0.0,47
211-000549,2,SAD,73,CP2_Beta,bandpower,CP2,Beta,,other,0.0012906015520641233,0.00110972286565342,47
211-000549,2,SAD,74,P6_Alpha,bandpower,P6,Alpha,,temporal_right,0.007730905077929519,0.0027473787322155495,47
211-000549,2,SAD,75,P6_Beta,bandpower,P6,Beta,,temporal_right,0.0,0.0,47
211-000549,2,SAD,76,PO6_Alpha,bandpower,PO6,Alpha,,other,0.0,0.0,47
211-000549,2,SAD,77,PO6_Beta,bandpower,PO6,Beta,,other,0.0,0.0,47
211-000549,2,SAD,78,CP6_Alpha,bandpower,CP6,Alpha,,temporal_right,0.0,0.0,47
211-000549,2,SAD,79,CP6_Beta,bandpower,CP6,Beta,,temporal_right,0.0,0.0,47
211-000549,2,SAD,80,C6_Alpha,bandpower,C6,Alpha,,temporal_right,0.0,0.0,47
211-000549,2,SAD,81,C6_Beta,bandpower,C6,Beta,,temporal_right,0.0,0.0,47
211-000549,2,SAD,82,PO8_Alpha,bandpower,PO8,Alpha,,occipital,0.0,0.0,47
211-000549,2,SAD,83,PO8_Beta,bandpower,PO8,Beta,,occipital,0.0,0.0,47
211-000549,2,SAD,84,PO7_Alpha,bandpower,PO7,Alpha,,occipital,0.0,0.0,47
211-000549,2,SAD,85,PO7_Beta,bandpower,PO7,Beta,,occipital,0.0,0.0,47
211-000549,2,SAD,86,P5_Alpha,bandpower,P5,Alpha,,temporal_left,0.0,0.0,47
211-000549,2,SAD,87,P5_Beta,bandpower,P5,Beta,,temporal_left,0.0,0.0,47
211-000549,2,SAD,88,CP5_Alpha,bandpower,CP5,Alpha,,temporal_left,0.0,0.0,47
211-000549,2,SAD,89,CP5_Beta,bandpower,CP5,Beta,,temporal_left,0.0022925562781318655,0.00019857592328028942,47
211-000549,2,SAD,90,CP1_Alpha,bandpower,CP1,Alpha,,other,0.0,0.0,47
211-000549,2,SAD,91,CP1_Beta,bandpower,CP1,Beta,,other,0.1426342147052036,0.1077703673036003,47
211-000549,2,SAD,92,C1_Alpha,bandpower,C1,Alpha,,other,0.0,0.0,47
211-000549,2,SAD,93,C1_Beta,bandpower,C1,Beta,,other,0.005001576238910526,0.00079931866248457,47
211-000549,2,SAD,94,C2_Alpha,bandpower,C2,Alpha,,other,0.0,0.0,47
211-000549,2,SAD,95,C2_Beta,bandpower,C2,Beta,,other,0.0,0.0,47
211-000549,2,SAD,96,FC2_Alpha,bandpower,FC2,Alpha,,other,0.0,0.0,47
211-000549,2,SAD,97,FC2_Beta,bandpower,FC2,Beta,,other,0.014741584268890183,0.0029505745019609004,47
211-000549,2,SAD,98,FC6_Alpha,bandpower,FC6,Alpha,,other,0.0,0.0,47
211-000549,2,SAD,99,FC6_Beta,bandpower,FC6,Beta,,other,0.018767826246295912,0.0060621898012127515,47
211-000549,2,SAD,100,C5_Alpha,bandpower,C5,Alpha,,temporal_left,0.0,0.0,47
211-000549,2,SAD,101,C5_Beta,bandpower,C5,Beta,,temporal_left,0.0,0.0,47
211-000549,2,SAD,102,FC1_Alpha,bandpower,FC1,Alpha,,other,0.0,0.0,47
211-000549,2,SAD,103,FC1_Beta,bandpower,FC1,Beta,,other,0.0,0.0,47
211-000549,2,SAD,104,F2_Alpha,bandpower,F2,Alpha,,frontal_bilateral,0.1679566404158639,0.12601644460449993,47
211-000549,2,SAD,105,F2_Beta,bandpower,F2,Beta,,frontal_bilateral,0.7110973925968214,0.7110973925968214,47
211-000549,2,SAD,106,F6_Alpha,bandpower,F6,Alpha,,other,0.0,0.0,47
211-000549,2,SAD,107,F6_Beta,bandpower,F6,Beta,,other,0.006129947438880999,-0.000310505283984186,47
211-000549,2,SAD,108,FC5_Alpha,bandpower,FC5,Alpha,,frontal_inferior_left,0.04125192786423612,0.032346901790362474,47
211-000549,2,SAD,109,FC5_Beta,bandpower,FC5,Beta,,frontal_inferior_left,0.0819957882349552,0.06404085708583358,47
211-000549,2,SAD,110,F1_Alpha,bandpower,F1,Alpha,,frontal_bilateral,0.0,0.0,47
211-000549,2,SAD,111,F1_Beta,bandpower,F1,Beta,,frontal_bilateral,0.0,0.0,47
211-000549,2,SAD,112,AF4_Alpha,bandpower,AF4,Alpha,,frontal_bilateral,0.0,0.0,47
211-000549,2,SAD,113,AF4_Beta,bandpower,AF4,Beta,,frontal_bilateral,0.28316726731546443,0.23698178546963147,47
211-000549,2,SAD,114,AF8_Alpha,bandpower,AF8,Alpha,,frontal_bilateral,0.0,0.0,47
211-000549,2,SAD,115,AF8_Beta,bandpower,AF8,Beta,,frontal_bilateral,0.0018759449914491837,-0.0009300626718676473,47
211-000549,2,SAD,116,F5_Alpha,bandpower,F5,Alpha,,frontal_inferior_left,0.0,0.0,47
211-000549,2,SAD,117,F5_Beta,bandpower,F5,Beta,,frontal_inferior_left,0.0,0.0,47
211-000549,2,SAD,118,AF7_Alpha,bandpower,AF7,Alpha,,frontal_bilateral,0.0,0.0,47
211-000549,2,SAD,119,AF7_Beta,bandpower,AF7,Beta,,frontal_bilateral,0.0,0.0,47
211-000549,2,SAD,120,AF3_Alpha,bandpower,AF3,Alpha,,frontal_bilateral,0.0,0.0,47
211-000549,2,SAD,121,AF3_Beta,bandpower,AF3,Beta,,frontal_bilateral,0.00952128613989709,0.0016262180940788567,47
211-000549,2,SAD,122,Fpz_Alpha,bandpower,Fpz,Alpha,,frontal_bilateral,0.0,0.0,47
211-000549,2,SAD,123,Fpz_Beta,bandpower,Fpz,Beta,,frontal_bilateral,0.10498717523731421,0.04583052462082053,47
211-000549,2,SAD,124,AlphaAsym_Fp2-Fp1,AlphaAsym,,,Fp2-Fp1,,0.0,0.0,47
211-000549,2,SAD,125,AlphaAsym_AF8-AF7,AlphaAsym,,,AF8-AF7,,0.0,0.0,47
211-000549,2,SAD,126,AlphaAsym_AF4-AF3,AlphaAsym,,,AF4-AF3,,0.0,0.0,47
211-000549,2,SAD,127,AlphaAsym_F8-F7,AlphaAsym,,,F8-F7,,0.39662427316036314,0.38824873619532363,47
211-000549,2,SAD,128,AlphaAsym_F6-F5,AlphaAsym,,,F6-F5,,0.014316977664280353,0.008082613214582526,47
211-000549,2,SAD,129,AlphaAsym_F4-F3,AlphaAsym,,,F4-F3,,0.0,0.0,47
211-000549,2,SAD,130,AlphaAsym_F2-F1,AlphaAsym,,,F2-F1,,0.0625505176620306,0.0383847297980369,47
211-000549,2,SAD,131,AlphaAsym_FC6-FC5,AlphaAsym,,,FC6-FC5,,0.07929200263408903,0.052592948449660136,47
211-000549,2,SAD,132,AlphaAsym_FC4-FC3,AlphaAsym,,,FC4-FC3,,0.005727077474827787,-0.0028444993223019008,47
211-000549,2,SAD,133,AlphaAsym_FC2-FC1,AlphaAsym,,,FC2-FC1,,0.0,0.0,47
211-000549,2,SAD,134,AlphaAsym_T8-T7,AlphaAsym,,,T8-T7,,0.0,0.0,47
211-000549,2,SAD,135,AlphaAsym_C6-C5,AlphaAsym,,,C6-C5,,0.0,0.0,47
211-000549,2,SAD,136,AlphaAsym_C4-C3,AlphaAsym,,,C4-C3,,0.0,0.0,47
211-000549,2,SAD,137,AlphaAsym_C2-C1,AlphaAsym,,,C2-C1,,0.0,0.0,47
211-000549,2,SAD,138,AlphaAsym_TP8-TP7,AlphaAsym,,,TP8-TP7,,0.0,0.0,47
211-000549,2,SAD,139,AlphaAsym_CP6-CP5,AlphaAsym,,,CP6-CP5,,0.0,0.0,47
211-000549,2,SAD,140,AlphaAsym_CP4-CP3,AlphaAsym,,,CP4-CP3,,0.0,0.0,47
211-000549,2,SAD,141,AlphaAsym_CP2-CP1,AlphaAsym,,,CP2-CP1,,0.0,0.0,47
211-000549,2,SAD,142,AlphaAsym_P8-P7,AlphaAsym,,,P8-P7,,0.0,0.0,47
211-000549,2,SAD,143,AlphaAsym_P6-P5,AlphaAsym,,,P6-P5,,0.0,0.0,47
211-000549,2,SAD,144,AlphaAsym_P4-P3,AlphaAsym,,,P4-P3,,0.0,0.0,47
211-000549,2,SAD,145,AlphaAsym_P2-P1,AlphaAsym,,,P2-P1,,0.0,0.0,47
211-000549,2,SAD,146,AlphaAsym_PO8-PO7,AlphaAsym,,,PO8-PO7,,0.0,0.0,47
211-000549,2,SAD,147,AlphaAsym_PO6-PO5,AlphaAsym,,,PO6-PO5,,0.0,0.0,47
211-000549,2,SAD,148,AlphaAsym_PO4-PO3,AlphaAsym,,,PO4-PO3,,0.0,0.0,47
211-000549,2,SAD,149,AlphaAsym_O2-O1,AlphaAsym,,,O2-O1,,0.0,0.0,47
211-000550,0,JOY,0,O2_Alpha,bandpower,O2,Alpha,,occipital,0.0,0.0,37
211-000550,0,JOY,1,O2_Beta,bandpower,O2,Beta,,occipital,0.0,0.0,37
211-000550,0,JOY,2,O1_Alpha,bandpower,O1,Alpha,,occipital,0.05837441100448541,0.045335148668726795,37
211-000550,0,JOY,3,O1_Beta,bandpower,O1,Beta,,occipital,0.11167723831281653,0.10825887816278501,37
211-000550,0,JOY,4,Oz_Alpha,bandpower,Oz,Alpha,,occipital,0.05173165105741272,0.04560535868897914,37
211-000550,0,JOY,5,Oz_Beta,bandpower,Oz,Beta,,occipital,0.10249065060550627,0.1023820781480151,37
211-000550,0,JOY,6,Pz_Alpha,bandpower,Pz,Alpha,,parietal_midline,0.045284099378398945,0.03238338074160604,37
211-000550,0,JOY,7,Pz_Beta,bandpower,Pz,Beta,,parietal_midline,0.06850607488461928,0.06119330684253347,37
211-000550,0,JOY,8,P4_Alpha,bandpower,P4,Alpha,,other,0.0,0.0,37
211-000550,0,JOY,9,P4_Beta,bandpower,P4,Beta,,other,0.0,0.0,37
211-000550,0,JOY,10,CP4_Alpha,bandpower,CP4,Alpha,,temporal_right,0.0,0.0,37
211-000550,0,JOY,11,CP4_Beta,bandpower,CP4,Beta,,temporal_right,0.007290747348004819,-0.0012938992160136057,37
211-000550,0,JOY,12,P8_Alpha,bandpower,P8,Alpha,,temporal_right,0.0,0.0,37
211-000550,0,JOY,13,P8_Beta,bandpower,P8,Beta,,temporal_right,0.0,0.0,37
211-000550,0,JOY,14,C4_Alpha,bandpower,C4,Alpha,,other,0.0,0.0,37
211-000550,0,JOY,15,C4_Beta,bandpower,C4,Beta,,other,0.0,0.0,37
211-000550,0,JOY,16,TP8_Alpha,bandpower,TP8,Alpha,,temporal_right,0.0,0.0,37
211-000550,0,JOY,17,TP8_Beta,bandpower,TP8,Beta,,temporal_right,0.0016946248351829758,0.0013479029171359106,37
211-000550,0,JOY,18,T8_Alpha,bandpower,T8,Alpha,,temporal_right,0.0,0.0,37
211-000550,0,JOY,19,T8_Beta,bandpower,T8,Beta,,temporal_right,0.11434467239269928,0.10911114683649803,37
211-000550,0,JOY,20,P7_Alpha,bandpower,P7,Alpha,,temporal_left,0.0,0.0,37
211-000550,0,JOY,21,P7_Beta,bandpower,P7,Beta,,temporal_left,0.0,0.0,37
211-000550,0,JOY,22,P3_Alpha,bandpower,P3,Alpha,,centro_parietal_left,0.0,0.0,37
211-000550,0,JOY,23,P3_Beta,bandpower,P3,Beta,,centro_parietal_left,0.09567823775215367,0.08800161301408663,37
211-000550,0,JOY,24,CP3_Alpha,bandpower,CP3,Alpha,,temporal_left,0.0,0.0,37
211-000550,0,JOY,25,CP3_Beta,bandpower,CP3,Beta,,temporal_left,0.0,0.0,37
211-000550,0,JOY,26,CPz_Alpha,bandpower,CPz,Alpha,,parietal_midline,0.0,0.0,37
211-000550,0,JOY,27,CPz_Beta,bandpower,CPz,Beta,,parietal_midline,0.0,0.0,37
211-000550,0,JOY,28,Cz_Alpha,bandpower,Cz,Alpha,,parietal_midline,0.0,0.0,37
211-000550,0,JOY,29,Cz_Beta,bandpower,Cz,Beta,,parietal_midline,0.0,0.0,37
211-000550,0,JOY,30,FC4_Alpha,bandpower,FC4,Alpha,,frontal_bilateral,0.0,0.0,37
211-000550,0,JOY,31,FC4_Beta,bandpower,FC4,Beta,,frontal_bilateral,0.0,0.0,37
211-000550,0,JOY,32,FT8_Alpha,bandpower,FT8,Alpha,,temporal_right,0.0,0.0,37
211-000550,0,JOY,33,FT8_Beta,bandpower,FT8,Beta,,temporal_right,0.0,0.0,37
211-000550,0,JOY,34,TP7_Alpha,bandpower,TP7,Alpha,,temporal_left,0.0,0.0,37
211-000550,0,JOY,35,TP7_Beta,bandpower,TP7,Beta,,temporal_left,0.0,0.0,37
211-000550,0,JOY,36,C3_Alpha,bandpower,C3,Alpha,,centro_parietal_left,0.03347230446847604,0.028962079323490934,37
211-000550,0,JOY,37,C3_Beta,bandpower,C3,Beta,,centro_parietal_left,0.023451711075366134,0.020536571283767374,37
211-000550,0,JOY,38,FCz_Alpha,bandpower,FCz,Alpha,,frontal_bilateral,0.0,0.0,37
211-000550,0,JOY,39,FCz_Beta,bandpower,FCz,Beta,,frontal_bilateral,0.0,0.0,37
211-000550,0,JOY,40,Fz_Alpha,bandpower,Fz,Alpha,,frontal_bilateral,0.0,0.0,37
211-000550,0,JOY,41,Fz_Beta,bandpower,Fz,Beta,,frontal_bilateral,0.0,0.0,37
211-000550,0,JOY,42,F4_Alpha,bandpower,F4,Alpha,,frontal_bilateral,0.0,0.0,37
211-000550,0,JOY,43,F4_Beta,bandpower,F4,Beta,,frontal_bilateral,0.04541277939405997,0.04541277939405997,37
211-000550,0,JOY,44,F8_Alpha,bandpower,F8,Alpha,,other,0.0,0.0,37
211-000550,0,JOY,45,F8_Beta,bandpower,F8,Beta,,other,0.06779240469535973,0.02936456361571388,37
211-000550,0,JOY,46,T7_Alpha,bandpower,T7,Alpha,,temporal_left,0.0,0.0,37
211-000550,0,JOY,47,T7_Beta,bandpower,T7,Beta,,temporal_left,0.07026347602023499,0.06248503119565139,37
211-000550,0,JOY,48,FT7_Alpha,bandpower,FT7,Alpha,,temporal_left,0.0,0.0,37
211-000550,0,JOY,49,FT7_Beta,bandpower,FT7,Beta,,temporal_left,0.0,0.0,37
211-000550,0,JOY,50,FC3_Alpha,bandpower,FC3,Alpha,,frontal_bilateral,0.0,0.0,37
211-000550,0,JOY,51,FC3_Beta,bandpower,FC3,Beta,,frontal_bilateral,0.0,0.0,37
211-000550,0,JOY,52,F3_Alpha,bandpower,F3,Alpha,,frontal_bilateral,0.0,0.0,37
211-000550,0,JOY,53,F3_Beta,bandpower,F3,Beta,,frontal_bilateral,0.35036762937563176,0.33350442547930037,37
211-000550,0,JOY,54,Fp2_Alpha,bandpower,Fp2,Alpha,,frontal_bilateral,0.0,0.0,37
211-000550,0,JOY,55,Fp2_Beta,bandpower,Fp2,Beta,,frontal_bilateral,0.0,0.0,37
211-000550,0,JOY,56,F7_Alpha,bandpower,F7,Alpha,,frontal_inferior_left,0.0,0.0,37
211-000550,0,JOY,57,F7_Beta,bandpower,F7,Beta,,frontal_inferior_left,0.0,0.0,37
211-000550,0,JOY,58,Fp1_Alpha,bandpower,Fp1,Alpha,,frontal_bilateral,0.0,0.0,37
211-000550,0,JOY,59,Fp1_Beta,bandpower,Fp1,Beta,,frontal_bilateral,0.025578397673405407,0.018338127784955277,37
211-000550,0,JOY,60,PO5_Alpha,bandpower,PO5,Alpha,,other,0.0,0.0,37
211-000550,0,JOY,61,PO5_Beta,bandpower,PO5,Beta,,other,0.0,0.0,37
211-000550,0,JOY,62,PO3_Alpha,bandpower,PO3,Alpha,,occipital,0.0,0.0,37
211-000550,0,JOY,63,PO3_Beta,bandpower,PO3,Beta,,occipital,0.0,0.0,37
211-000550,0,JOY,64,P1_Alpha,bandpower,P1,Alpha,,other,0.0,0.0,37
211-000550,0,JOY,65,P1_Beta,bandpower,P1,Beta,,other,0.0,0.0,37
211-000550,0,JOY,66,POz_Alpha,bandpower,POz,Alpha,,occipital,0.0,0.0,37
211-000550,0,JOY,67,POz_Beta,bandpower,POz,Beta,,occipital,0.0,0.0,37
211-000550,0,JOY,68,P2_Alpha,bandpower,P2,Alpha,,other,0.0,0.0,37
211-000550,0,JOY,69,P2_Beta,bandpower,P2,Beta,,other,0.0,0.0,37
211-000550,0,JOY,70,PO4_Alpha,bandpower,PO4,Alpha,,occipital,0.0,0.0,37
211-000550,0,JOY,71,PO4_Beta,bandpower,PO4,Beta,,occipital,0.0002674315349311666,0.0002574714405165745,37
211-000550,0,JOY,72,CP2_Alpha,bandpower,CP2,Alpha,,other,0.0,0.0,37
211-000550,0,JOY,73,CP2_Beta,bandpower,CP2,Beta,,other,0.0,0.0,37
211-000550,0,JOY,74,P6_Alpha,bandpower,P6,Alpha,,temporal_right,0.0,0.0,37
211-000550,0,JOY,75,P6_Beta,bandpower,P6,Beta,,temporal_right,0.0,0.0,37
211-000550,0,JOY,76,PO6_Alpha,bandpower,PO6,Alpha,,other,0.0,0.0,37
211-000550,0,JOY,77,PO6_Beta,bandpower,PO6,Beta,,other,0.0,0.0,37
211-000550,0,JOY,78,CP6_Alpha,bandpower,CP6,Alpha,,temporal_right,0.0,0.0,37
211-000550,0,JOY,79,CP6_Beta,bandpower,CP6,Beta,,temporal_right,0.0,0.0,37
211-000550,0,JOY,80,C6_Alpha,bandpower,C6,Alpha,,temporal_right,0.0,0.0,37
211-000550,0,JOY,81,C6_Beta,bandpower,C6,Beta,,temporal_right,0.0,0.0,37
211-000550,0,JOY,82,PO8_Alpha,bandpower,PO8,Alpha,,occipital,0.0,0.0,37
211-000550,0,JOY,83,PO8_Beta,bandpower,PO8,Beta,,occipital,0.0,0.0,37
211-000550,0,JOY,84,PO7_Alpha,bandpower,PO7,Alpha,,occipital,0.0,0.0,37
211-000550,0,JOY,85,PO7_Beta,bandpower,PO7,Beta,,occipital,0.01425690108138799,0.012104914697044344,37
211-000550,0,JOY,86,P5_Alpha,bandpower,P5,Alpha,,temporal_left,0.0,0.0,37
211-000550,0,JOY,87,P5_Beta,bandpower,P5,Beta,,temporal_left,0.0,0.0,37
211-000550,0,JOY,88,CP5_Alpha,bandpower,CP5,Alpha,,temporal_left,0.06824536159612155,0.05620553092590854,37
211-000550,0,JOY,89,CP5_Beta,bandpower,CP5,Beta,,temporal_left,0.12529397535628106,0.11617189413551336,37
211-000550,0,JOY,90,CP1_Alpha,bandpower,CP1,Alpha,,other,0.0026014754861849966,0.0020688393013176204,37
211-000550,0,JOY,91,CP1_Beta,bandpower,CP1,Beta,,other,0.008301986548561896,0.008016939665013798,37
211-000550,0,JOY,92,C1_Alpha,bandpower,C1,Alpha,,other,0.0,0.0,37
211-000550,0,JOY,93,C1_Beta,bandpower,C1,Beta,,other,0.0,0.0,37
211-000550,0,JOY,94,C2_Alpha,bandpower,C2,Alpha,,other,0.2368234264895599,0.2271553378740612,37
211-000550,0,JOY,95,C2_Beta,bandpower,C2,Beta,,other,0.23117898233184603,0.22743679181502388,37
211-000550,0,JOY,96,FC2_Alpha,bandpower,FC2,Alpha,,other,0.0,0.0,37
211-000550,0,JOY,97,FC2_Beta,bandpower,FC2,Beta,,other,0.0,0.0,37
211-000550,0,JOY,98,FC6_Alpha,bandpower,FC6,Alpha,,other,0.0,0.0,37
211-000550,0,JOY,99,FC6_Beta,bandpower,FC6,Beta,,other,0.0,0.0,37
211-000550,0,JOY,100,C5_Alpha,bandpower,C5,Alpha,,temporal_left,0.0,0.0,37
211-000550,0,JOY,101,C5_Beta,bandpower,C5,Beta,,temporal_left,0.0,0.0,37
211-000550,0,JOY,102,FC1_Alpha,bandpower,FC1,Alpha,,other,0.0,0.0,37
211-000550,0,JOY,103,FC1_Beta,bandpower,FC1,Beta,,other,0.0,0.0,37
211-000550,0,JOY,104,F2_Alpha,bandpower,F2,Alpha,,frontal_bilateral,0.010722326525742704,0.007311393167989548,37
211-000550,0,JOY,105,F2_Beta,bandpower,F2,Beta,,frontal_bilateral,0.02242286588918215,0.021240733723605937,37
211-000550,0,JOY,106,F6_Alpha,bandpower,F6,Alpha,,other,0.0,0.0,37
211-000550,0,JOY,107,F6_Beta,bandpower,F6,Beta,,other,0.0,0.0,37
211-000550,0,JOY,108,FC5_Alpha,bandpower,FC5,Alpha,,frontal_inferior_left,0.0,0.0,37
211-000550,0,JOY,109,FC5_Beta,bandpower,FC5,Beta,,frontal_inferior_left,0.0,0.0,37
211-000550,0,JOY,110,F1_Alpha,bandpower,F1,Alpha,,frontal_bilateral,0.0,0.0,37
211-000550,0,JOY,111,F1_Beta,bandpower,F1,Beta,,frontal_bilateral,0.0,0.0,37
211-000550,0,JOY,112,AF4_Alpha,bandpower,AF4,Alpha,,frontal_bilateral,0.0,0.0,37
211-000550,0,JOY,113,AF4_Beta,bandpower,AF4,Beta,,frontal_bilateral,0.007571174699218598,0.007571174699218598,37
211-000550,0,JOY,114,AF8_Alpha,bandpower,AF8,Alpha,,frontal_bilateral,0.021141334183132618,-0.008017170342142405,37
211-000550,0,JOY,115,AF8_Beta,bandpower,AF8,Beta,,frontal_bilateral,0.05301706527518266,-0.015421673579420765,37
211-000550,0,JOY,116,F5_Alpha,bandpower,F5,Alpha,,frontal_inferior_left,0.0,0.0,37
211-000550,0,JOY,117,F5_Beta,bandpower,F5,Beta,,frontal_inferior_left,0.0035466272874689125,0.0033064732435909225,37
211-000550,0,JOY,118,AF7_Alpha,bandpower,AF7,Alpha,,frontal_bilateral,0.015910599912403033,0.014145132010917445,37
211-000550,0,JOY,119,AF7_Beta,bandpower,AF7,Beta,,frontal_bilateral,0.10145689906863295,0.03529158688491549,37
211-000550,0,JOY,120,AF3_Alpha,bandpower,AF3,Alpha,,frontal_bilateral,0.0,0.0,37
211-000550,0,JOY,121,AF3_Beta,bandpower,AF3,Beta,,frontal_bilateral,0.0,0.0,37
211-000550,0,JOY,122,Fpz_Alpha,bandpower,Fpz,Alpha,,frontal_bilateral,0.0,0.0,37
211-000550,0,JOY,123,Fpz_Beta,bandpower,Fpz,Beta,,frontal_bilateral,0.0,0.0,37
211-000550,0,JOY,124,AlphaAsym_Fp2-Fp1,AlphaAsym,,,Fp2-Fp1,,0.0,0.0,37
211-000550,0,JOY,125,AlphaAsym_AF8-AF7,AlphaAsym,,,AF8-AF7,,0.0,0.0,37
211-000550,0,JOY,126,AlphaAsym_AF4-AF3,AlphaAsym,,,AF4-AF3,,0.0,0.0,37
211-000550,0,JOY,127,AlphaAsym_F8-F7,AlphaAsym,,,F8-F7,,0.0,0.0,37
211-000550,0,JOY,128,AlphaAsym_F6-F5,AlphaAsym,,,F6-F5,,0.0,0.0,37
211-000550,0,JOY,129,AlphaAsym_F4-F3,AlphaAsym,,,F4-F3,,0.0,0.0,37
211-000550,0,JOY,130,AlphaAsym_F2-F1,AlphaAsym,,,F2-F1,,0.0,0.0,37
211-000550,0,JOY,131,AlphaAsym_FC6-FC5,AlphaAsym,,,FC6-FC5,,0.0,0.0,37
211-000550,0,JOY,132,AlphaAsym_FC4-FC3,AlphaAsym,,,FC4-FC3,,0.0,0.0,37
211-000550,0,JOY,133,AlphaAsym_FC2-FC1,AlphaAsym,,,FC2-FC1,,0.0,0.0,37
211-000550,0,JOY,134,AlphaAsym_T8-T7,AlphaAsym,,,T8-T7,,0.02684264157325102,0.018966252562505403,37
211-000550,0,JOY,135,AlphaAsym_C6-C5,AlphaAsym,,,C6-C5,,0.0,0.0,37
211-000550,0,JOY,136,AlphaAsym_C4-C3,AlphaAsym,,,C4-C3,,0.0,0.0,37
211-000550,0,JOY,137,AlphaAsym_C2-C1,AlphaAsym,,,C2-C1,,0.1607305603402511,0.13274096040420166,37
211-000550,0,JOY,138,AlphaAsym_TP8-TP7,AlphaAsym,,,TP8-TP7,,0.0,0.0,37
211-000550,0,JOY,139,AlphaAsym_CP6-CP5,AlphaAsym,,,CP6-CP5,,0.15820536823167297,0.13021858193526925,37
211-000550,0,JOY,140,AlphaAsym_CP4-CP3,AlphaAsym,,,CP4-CP3,,0.0,0.0,37
211-000550,0,JOY,141,AlphaAsym_CP2-CP1,AlphaAsym,,,CP2-CP1,,0.0,0.0,37
211-000550,0,JOY,142,AlphaAsym_P8-P7,AlphaAsym,,,P8-P7,,0.0,0.0,37
211-000550,0,JOY,143,AlphaAsym_P6-P5,AlphaAsym,,,P6-P5,,0.0,0.0,37
211-000550,0,JOY,144,AlphaAsym_P4-P3,AlphaAsym,,,P4-P3,,0.0,0.0,37
211-000550,0,JOY,145,AlphaAsym_P2-P1,AlphaAsym,,,P2-P1,,0.0,0.0,37
211-000550,0,JOY,146,AlphaAsym_PO8-PO7,AlphaAsym,,,PO8-PO7,,0.0,0.0,37
211-000550,0,JOY,147,AlphaAsym_PO6-PO5,AlphaAsym,,,PO6-PO5,,0.0,0.0,37
211-000550,0,JOY,148,AlphaAsym_PO4-PO3,AlphaAsym,,,PO4-PO3,,0.0,0.0,37
211-000550,0,JOY,149,AlphaAsym_O2-O1,AlphaAsym,,,O2-O1,,0.0,0.0,37
211-000550,1,NEUTRO,0,O2_Alpha,bandpower,O2,Alpha,,occipital,0.0,0.0,14
211-000550,1,NEUTRO,1,O2_Beta,bandpower,O2,Beta,,occipital,0.0,0.0,14
211-000550,1,NEUTRO,2,O1_Alpha,bandpower,O1,Alpha,,occipital,0.0,0.0,14
211-000550,1,NEUTRO,3,O1_Beta,bandpower,O1,Beta,,occipital,0.0,0.0,14
211-000550,1,NEUTRO,4,Oz_Alpha,bandpower,Oz,Alpha,,occipital,0.0,0.0,14
211-000550,1,NEUTRO,5,Oz_Beta,bandpower,Oz,Beta,,occipital,0.0,0.0,14
211-000550,1,NEUTRO,6,Pz_Alpha,bandpower,Pz,Alpha,,parietal_midline,0.9759288579745531,0.9759288579745531,14
211-000550,1,NEUTRO,7,Pz_Beta,bandpower,Pz,Beta,,parietal_midline,2.178523260787684,2.178523260787684,14
211-000550,1,NEUTRO,8,P4_Alpha,bandpower,P4,Alpha,,other,0.0,0.0,14
211-000550,1,NEUTRO,9,P4_Beta,bandpower,P4,Beta,,other,0.0,0.0,14
211-000550,1,NEUTRO,10,CP4_Alpha,bandpower,CP4,Alpha,,temporal_right,0.0,0.0,14
211-000550,1,NEUTRO,11,CP4_Beta,bandpower,CP4,Beta,,temporal_right,0.0,0.0,14
211-000550,1,NEUTRO,12,P8_Alpha,bandpower,P8,Alpha,,temporal_right,0.0,0.0,14
211-000550,1,NEUTRO,13,P8_Beta,bandpower,P8,Beta,,temporal_right,0.0006916592321084705,0.0006916592321084705,14
211-000550,1,NEUTRO,14,C4_Alpha,bandpower,C4,Alpha,,other,0.0,0.0,14
211-000550,1,NEUTRO,15,C4_Beta,bandpower,C4,Beta,,other,0.0,0.0,14
211-000550,1,NEUTRO,16,TP8_Alpha,bandpower,TP8,Alpha,,temporal_right,0.0,0.0,14
211-000550,1,NEUTRO,17,TP8_Beta,bandpower,TP8,Beta,,temporal_right,0.0,0.0,14
211-000550,1,NEUTRO,18,T8_Alpha,bandpower,T8,Alpha,,temporal_right,0.0,0.0,14
211-000550,1,NEUTRO,19,T8_Beta,bandpower,T8,Beta,,temporal_right,0.0,0.0,14
211-000550,1,NEUTRO,20,P7_Alpha,bandpower,P7,Alpha,,temporal_left,0.0,0.0,14
211-000550,1,NEUTRO,21,P7_Beta,bandpower,P7,Beta,,temporal_left,0.0,0.0,14
211-000550,1,NEUTRO,22,P3_Alpha,bandpower,P3,Alpha,,centro_parietal_left,0.0,0.0,14
211-000550,1,NEUTRO,23,P3_Beta,bandpower,P3,Beta,,centro_parietal_left,0.0,0.0,14
211-000550,1,NEUTRO,24,CP3_Alpha,bandpower,CP3,Alpha,,temporal_left,0.0024197248136135457,0.0008504616066828079,14
211-000550,1,NEUTRO,25,CP3_Beta,bandpower,CP3,Beta,,temporal_left,0.02773058798633445,0.017168084742847003,14
211-000550,1,NEUTRO,26,CPz_Alpha,bandpower,CPz,Alpha,,parietal_midline,0.0,0.0,14
211-000550,1,NEUTRO,27,CPz_Beta,bandpower,CPz,Beta,,parietal_midline,0.009762958902354171,-0.004605496998865493,14
211-000550,1,NEUTRO,28,Cz_Alpha,bandpower,Cz,Alpha,,parietal_midline,0.04912103206848316,0.03749655239244089,14
211-000550,1,NEUTRO,29,Cz_Beta,bandpower,Cz,Beta,,parietal_midline,0.0,0.0,14
211-000550,1,NEUTRO,30,FC4_Alpha,bandpower,FC4,Alpha,,frontal_bilateral,0.0,0.0,14
211-000550,1,NEUTRO,31,FC4_Beta,bandpower,FC4,Beta,,frontal_bilateral,0.0,0.0,14
211-000550,1,NEUTRO,32,FT8_Alpha,bandpower,FT8,Alpha,,temporal_right,0.0,0.0,14
211-000550,1,NEUTRO,33,FT8_Beta,bandpower,FT8,Beta,,temporal_right,0.0,0.0,14
211-000550,1,NEUTRO,34,TP7_Alpha,bandpower,TP7,Alpha,,temporal_left,0.002621200797100574,0.0014247617696008638,14
211-000550,1,NEUTRO,35,TP7_Beta,bandpower,TP7,Beta,,temporal_left,0.0,0.0,14
211-000550,1,NEUTRO,36,C3_Alpha,bandpower,C3,Alpha,,centro_parietal_left,0.0,0.0,14
211-000550,1,NEUTRO,37,C3_Beta,bandpower,C3,Beta,,centro_parietal_left,0.0,0.0,14
211-000550,1,NEUTRO,38,FCz_Alpha,bandpower,FCz,Alpha,,frontal_bilateral,0.0,0.0,14
211-000550,1,NEUTRO,39,FCz_Beta,bandpower,FCz,Beta,,frontal_bilateral,0.0,0.0,14
211-000550,1,NEUTRO,40,Fz_Alpha,bandpower,Fz,Alpha,,frontal_bilateral,0.0,0.0,14
211-000550,1,NEUTRO,41,Fz_Beta,bandpower,Fz,Beta,,frontal_bilateral,0.0,0.0,14
211-000550,1,NEUTRO,42,F4_Alpha,bandpower,F4,Alpha,,frontal_bilateral,0.0,0.0,14
211-000550,1,NEUTRO,43,F4_Beta,bandpower,F4,Beta,,frontal_bilateral,0.0,0.0,14
211-000550,1,NEUTRO,44,F8_Alpha,bandpower,F8,Alpha,,other,0.0,0.0,14
211-000550,1,NEUTRO,45,F8_Beta,bandpower,F8,Beta,,other,0.0,0.0,14
211-000550,1,NEUTRO,46,T7_Alpha,bandpower,T7,Alpha,,temporal_left,0.0,0.0,14
211-000550,1,NEUTRO,47,T7_Beta,bandpower,T7,Beta,,temporal_left,0.7318367165130569,0.7318367165130569,14
211-000550,1,NEUTRO,48,FT7_Alpha,bandpower,FT7,Alpha,,temporal_left,0.0,0.0,14
211-000550,1,NEUTRO,49,FT7_Beta,bandpower,FT7,Beta,,temporal_left,0.0,0.0,14
211-000550,1,NEUTRO,50,FC3_Alpha,bandpower,FC3,Alpha,,frontal_bilateral,0.0,0.0,14
211-000550,1,NEUTRO,51,FC3_Beta,bandpower,FC3,Beta,,frontal_bilateral,0.0,0.0,14
211-000550,1,NEUTRO,52,F3_Alpha,bandpower,F3,Alpha,,frontal_bilateral,0.0,0.0,14
211-000550,1,NEUTRO,53,F3_Beta,bandpower,F3,Beta,,frontal_bilateral,0.0,0.0,14
211-000550,1,NEUTRO,54,Fp2_Alpha,bandpower,Fp2,Alpha,,frontal_bilateral,0.0,0.0,14
211-000550,1,NEUTRO,55,Fp2_Beta,bandpower,Fp2,Beta,,frontal_bilateral,0.07237130220380943,0.02883906880941023,14
211-000550,1,NEUTRO,56,F7_Alpha,bandpower,F7,Alpha,,frontal_inferior_left,0.0,0.0,14
211-000550,1,NEUTRO,57,F7_Beta,bandpower,F7,Beta,,frontal_inferior_left,0.0,0.0,14
211-000550,1,NEUTRO,58,Fp1_Alpha,bandpower,Fp1,Alpha,,frontal_bilateral,0.0,0.0,14
211-000550,1,NEUTRO,59,Fp1_Beta,bandpower,Fp1,Beta,,frontal_bilateral,0.0,0.0,14
211-000550,1,NEUTRO,60,PO5_Alpha,bandpower,PO5,Alpha,,other,0.0,0.0,14
211-000550,1,NEUTRO,61,PO5_Beta,bandpower,PO5,Beta,,other,0.0,0.0,14
211-000550,1,NEUTRO,62,PO3_Alpha,bandpower,PO3,Alpha,,occipital,0.0,0.0,14
211-000550,1,NEUTRO,63,PO3_Beta,bandpower,PO3,Beta,,occipital,0.0,0.0,14
211-000550,1,NEUTRO,64,P1_Alpha,bandpower,P1,Alpha,,other,0.0,0.0,14
211-000550,1,NEUTRO,65,P1_Beta,bandpower,P1,Beta,,other,0.0,0.0,14
211-000550,1,NEUTRO,66,POz_Alpha,bandpower,POz,Alpha,,occipital,0.0,0.0,14
211-000550,1,NEUTRO,67,POz_Beta,bandpower,POz,Beta,,occipital,0.0,0.0,14
211-000550,1,NEUTRO,68,P2_Alpha,bandpower,P2,Alpha,,other,0.0,0.0,14
211-000550,1,NEUTRO,69,P2_Beta,bandpower,P2,Beta,,other,0.0,0.0,14
211-000550,1,NEUTRO,70,PO4_Alpha,bandpower,PO4,Alpha,,occipital,0.0,0.0,14
211-000550,1,NEUTRO,71,PO4_Beta,bandpower,PO4,Beta,,occipital,0.0,0.0,14
211-000550,1,NEUTRO,72,CP2_Alpha,bandpower,CP2,Alpha,,other,0.0,0.0,14
211-000550,1,NEUTRO,73,CP2_Beta,bandpower,CP2,Beta,,other,0.0,0.0,14
211-000550,1,NEUTRO,74,P6_Alpha,bandpower,P6,Alpha,,temporal_right,0.0,0.0,14
211-000550,1,NEUTRO,75,P6_Beta,bandpower,P6,Beta,,temporal_right,0.0,0.0,14
211-000550,1,NEUTRO,76,PO6_Alpha,bandpower,PO6,Alpha,,other,0.0,0.0,14
211-000550,1,NEUTRO,77,PO6_Beta,bandpower,PO6,Beta,,other,0.0,0.0,14
211-000550,1,NEUTRO,78,CP6_Alpha,bandpower,CP6,Alpha,,temporal_right,0.0,0.0,14
211-000550,1,NEUTRO,79,CP6_Beta,bandpower,CP6,Beta,,temporal_right,0.0,0.0,14
211-000550,1,NEUTRO,80,C6_Alpha,bandpower,C6,Alpha,,temporal_right,0.0,0.0,14
211-000550,1,NEUTRO,81,C6_Beta,bandpower,C6,Beta,,temporal_right,0.0,0.0,14
211-000550,1,NEUTRO,82,PO8_Alpha,bandpower,PO8,Alpha,,occipital,0.0,0.0,14
211-000550,1,NEUTRO,83,PO8_Beta,bandpower,PO8,Beta,,occipital,0.0,0.0,14
211-000550,1,NEUTRO,84,PO7_Alpha,bandpower,PO7,Alpha,,occipital,0.0,0.0,14
211-000550,1,NEUTRO,85,PO7_Beta,bandpower,PO7,Beta,,occipital,0.0,0.0,14
211-000550,1,NEUTRO,86,P5_Alpha,bandpower,P5,Alpha,,temporal_left,0.0,0.0,14
211-000550,1,NEUTRO,87,P5_Beta,bandpower,P5,Beta,,temporal_left,0.0,0.0,14
211-000550,1,NEUTRO,88,CP5_Alpha,bandpower,CP5,Alpha,,temporal_left,0.0,0.0,14
211-000550,1,NEUTRO,89,CP5_Beta,bandpower,CP5,Beta,,temporal_left,0.0,0.0,14
211-000550,1,NEUTRO,90,CP1_Alpha,bandpower,CP1,Alpha,,other,0.0,0.0,14
211-000550,1,NEUTRO,91,CP1_Beta,bandpower,CP1,Beta,,other,0.0,0.0,14
211-000550,1,NEUTRO,92,C1_Alpha,bandpower,C1,Alpha,,other,0.0,0.0,14
211-000550,1,NEUTRO,93,C1_Beta,bandpower,C1,Beta,,other,0.0,0.0,14
211-000550,1,NEUTRO,94,C2_Alpha,bandpower,C2,Alpha,,other,0.0,0.0,14
211-000550,1,NEUTRO,95,C2_Beta,bandpower,C2,Beta,,other,0.0,0.0,14
211-000550,1,NEUTRO,96,FC2_Alpha,bandpower,FC2,Alpha,,other,0.013485877931809014,0.013485877931809014,14
211-000550,1,NEUTRO,97,FC2_Beta,bandpower,FC2,Beta,,other,0.0,0.0,14
211-000550,1,NEUTRO,98,FC6_Alpha,bandpower,FC6,Alpha,,other,0.0,0.0,14
211-000550,1,NEUTRO,99,FC6_Beta,bandpower,FC6,Beta,,other,0.0,0.0,14
211-000550,1,NEUTRO,100,C5_Alpha,bandpower,C5,Alpha,,temporal_left,0.0,0.0,14
211-000550,1,NEUTRO,101,C5_Beta,bandpower,C5,Beta,,temporal_left,0.0,0.0,14
211-000550,1,NEUTRO,102,FC1_Alpha,bandpower,FC1,Alpha,,other,0.0,0.0,14
211-000550,1,NEUTRO,103,FC1_Beta,bandpower,FC1,Beta,,other,0.0,0.0,14
211-000550,1,NEUTRO,104,F2_Alpha,bandpower,F2,Alpha,,frontal_bilateral,0.0,0.0,14
211-000550,1,NEUTRO,105,F2_Beta,bandpower,F2,Beta,,frontal_bilateral,0.0,0.0,14
211-000550,1,NEUTRO,106,F6_Alpha,bandpower,F6,Alpha,,other,0.0,0.0,14
211-000550,1,NEUTRO,107,F6_Beta,bandpower,F6,Beta,,other,0.0,0.0,14
211-000550,1,NEUTRO,108,FC5_Alpha,bandpower,FC5,Alpha,,frontal_inferior_left,0.0,0.0,14
211-000550,1,NEUTRO,109,FC5_Beta,bandpower,FC5,Beta,,frontal_inferior_left,0.0,0.0,14
211-000550,1,NEUTRO,110,F1_Alpha,bandpower,F1,Alpha,,frontal_bilateral,0.0,0.0,14
211-000550,1,NEUTRO,111,F1_Beta,bandpower,F1,Beta,,frontal_bilateral,0.0,0.0,14
211-000550,1,NEUTRO,112,AF4_Alpha,bandpower,AF4,Alpha,,frontal_bilateral,0.0,0.0,14
211-000550,1,NEUTRO,113,AF4_Beta,bandpower,AF4,Beta,,frontal_bilateral,0.0,0.0,14
211-000550,1,NEUTRO,114,AF8_Alpha,bandpower,AF8,Alpha,,frontal_bilateral,0.0,0.0,14
211-000550,1,NEUTRO,115,AF8_Beta,bandpower,AF8,Beta,,frontal_bilateral,0.0,0.0,14
211-000550,1,NEUTRO,116,F5_Alpha,bandpower,F5,Alpha,,frontal_inferior_left,0.0,0.0,14
211-000550,1,NEUTRO,117,F5_Beta,bandpower,F5,Beta,,frontal_inferior_left,0.0,0.0,14
211-000550,1,NEUTRO,118,AF7_Alpha,bandpower,AF7,Alpha,,frontal_bilateral,0.0,0.0,14
211-000550,1,NEUTRO,119,AF7_Beta,bandpower,AF7,Beta,,frontal_bilateral,0.0,0.0,14
211-000550,1,NEUTRO,120,AF3_Alpha,bandpower,AF3,Alpha,,frontal_bilateral,0.0,0.0,14
211-000550,1,NEUTRO,121,AF3_Beta,bandpower,AF3,Beta,,frontal_bilateral,0.0,0.0,14
211-000550,1,NEUTRO,122,Fpz_Alpha,bandpower,Fpz,Alpha,,frontal_bilateral,0.0,0.0,14
211-000550,1,NEUTRO,123,Fpz_Beta,bandpower,Fpz,Beta,,frontal_bilateral,0.0,0.0,14
211-000550,1,NEUTRO,124,AlphaAsym_Fp2-Fp1,AlphaAsym,,,Fp2-Fp1,,0.0,0.0,14
211-000550,1,NEUTRO,125,AlphaAsym_AF8-AF7,AlphaAsym,,,AF8-AF7,,0.00042111609189460713,0.00042111609189460713,14
211-000550,1,NEUTRO,126,AlphaAsym_AF4-AF3,AlphaAsym,,,AF4-AF3,,0.0,0.0,14
211-000550,1,NEUTRO,127,AlphaAsym_F8-F7,AlphaAsym,,,F8-F7,,0.0,0.0,14
211-000550,1,NEUTRO,128,AlphaAsym_F6-F5,AlphaAsym,,,F6-F5,,0.0,0.0,14
211-000550,1,NEUTRO,129,AlphaAsym_F4-F3,AlphaAsym,,,F4-F3,,0.0,0.0,14
211-000550,1,NEUTRO,130,AlphaAsym_F2-F1,AlphaAsym,,,F2-F1,,0.005832121843847083,-0.005832121843847083,14
211-000550,1,NEUTRO,131,AlphaAsym_FC6-FC5,AlphaAsym,,,FC6-FC5,,0.0,0.0,14
211-000550,1,NEUTRO,132,AlphaAsym_FC4-FC3,AlphaAsym,,,FC4-FC3,,0.0,0.0,14
211-000550,1,NEUTRO,133,AlphaAsym_FC2-FC1,AlphaAsym,,,FC2-FC1,,0.015296811821237075,0.0063609807484564075,14
211-000550,1,NEUTRO,134,AlphaAsym_T8-T7,AlphaAsym,,,T8-T7,,0.0,0.0,14
211-000550,1,NEUTRO,135,AlphaAsym_C6-C5,AlphaAsym,,,C6-C5,,0.0,0.0,14
211-000550,1,NEUTRO,136,AlphaAsym_C4-C3,AlphaAsym,,,C4-C3,,0.0,0.0,14
211-000550,1,NEUTRO,137,AlphaAsym_C2-C1,AlphaAsym,,,C2-C1,,0.0,0.0,14
211-000550,1,NEUTRO,138,AlphaAsym_TP8-TP7,AlphaAsym,,,TP8-TP7,,0.14418481297409386,0.10734901404754037,14
211-000550,1,NEUTRO,139,AlphaAsym_CP6-CP5,AlphaAsym,,,CP6-CP5,,0.0,0.0,14
211-000550,1,NEUTRO,140,AlphaAsym_CP4-CP3,AlphaAsym,,,CP4-CP3,,0.0,0.0,14
211-000550,1,NEUTRO,141,AlphaAsym_CP2-CP1,AlphaAsym,,,CP2-CP1,,0.0,0.0,14
211-000550,1,NEUTRO,142,AlphaAsym_P8-P7,AlphaAsym,,,P8-P7,,0.055941892912149814,0.051385418494342534,14
211-000550,1,NEUTRO,143,AlphaAsym_P6-P5,AlphaAsym,,,P6-P5,,0.0,0.0,14
211-000550,1,NEUTRO,144,AlphaAsym_P4-P3,AlphaAsym,,,P4-P3,,0.031246844211551193,0.02829207788745088,14
211-000550,1,NEUTRO,145,AlphaAsym_P2-P1,AlphaAsym,,,P2-P1,,0.0,0.0,14
211-000550,1,NEUTRO,146,AlphaAsym_PO8-PO7,AlphaAsym,,,PO8-PO7,,0.0,0.0,14
211-000550,1,NEUTRO,147,AlphaAsym_PO6-PO5,AlphaAsym,,,PO6-PO5,,0.0,0.0,14
211-000550,1,NEUTRO,148,AlphaAsym_PO4-PO3,AlphaAsym,,,PO4-PO3,,0.0,0.0,14
211-000550,1,NEUTRO,149,AlphaAsym_O2-O1,AlphaAsym,,,O2-O1,,0.0,0.0,14
211-000550,2,SAD,0,O2_Alpha,bandpower,O2,Alpha,,occipital,0.0,0.0,30
211-000550,2,SAD,1,O2_Beta,bandpower,O2,Beta,,occipital,0.0,0.0,30
211-000550,2,SAD,2,O1_Alpha,bandpower,O1,Alpha,,occipital,0.0,0.0,30
211-000550,2,SAD,3,O1_Beta,bandpower,O1,Beta,,occipital,0.0,0.0,30
211-000550,2,SAD,4,Oz_Alpha,bandpower,Oz,Alpha,,occipital,0.0,0.0,30
211-000550,2,SAD,5,Oz_Beta,bandpower,Oz,Beta,,occipital,0.0064124243523904605,0.0064124243523904605,30
211-000550,2,SAD,6,Pz_Alpha,bandpower,Pz,Alpha,,parietal_midline,0.0,0.0,30
211-000550,2,SAD,7,Pz_Beta,bandpower,Pz,Beta,,parietal_midline,0.005872975505706912,0.0038053490573486588,30
211-000550,2,SAD,8,P4_Alpha,bandpower,P4,Alpha,,other,0.0,0.0,30
211-000550,2,SAD,9,P4_Beta,bandpower,P4,Beta,,other,0.0,0.0,30
211-000550,2,SAD,10,CP4_Alpha,bandpower,CP4,Alpha,,temporal_right,0.0,0.0,30
211-000550,2,SAD,11,CP4_Beta,bandpower,CP4,Beta,,temporal_right,0.005845988926815093,3.849487678682836e-05,30
211-000550,2,SAD,12,P8_Alpha,bandpower,P8,Alpha,,temporal_right,0.0,0.0,30
211-000550,2,SAD,13,P8_Beta,bandpower,P8,Beta,,temporal_right,0.0,0.0,30
211-000550,2,SAD,14,C4_Alpha,bandpower,C4,Alpha,,other,0.0,0.0,30
211-000550,2,SAD,15,C4_Beta,bandpower,C4,Beta,,other,0.16204697256681716,0.1245313601673514,30
211-000550,2,SAD,16,TP8_Alpha,bandpower,TP8,Alpha,,temporal_right,0.0,0.0,30
211-000550,2,SAD,17,TP8_Beta,bandpower,TP8,Beta,,temporal_right,0.08328006813330961,0.08328006813330961,30
211-000550,2,SAD,18,T8_Alpha,bandpower,T8,Alpha,,temporal_right,0.0,0.0,30
211-000550,2,SAD,19,T8_Beta,bandpower,T8,Beta,,temporal_right,0.0029540278111735625,0.0018790325133370338,30
211-000550,2,SAD,20,P7_Alpha,bandpower,P7,Alpha,,temporal_left,0.0,0.0,30
211-000550,2,SAD,21,P7_Beta,bandpower,P7,Beta,,temporal_left,0.0,0.0,30
211-000550,2,SAD,22,P3_Alpha,bandpower,P3,Alpha,,centro_parietal_left,0.0,0.0,30
211-000550,2,SAD,23,P3_Beta,bandpower,P3,Beta,,centro_parietal_left,0.0,0.0,30
211-000550,2,SAD,24,CP3_Alpha,bandpower,CP3,Alpha,,temporal_left,0.09730504030682668,0.09500450432329881,30
211-000550,2,SAD,25,CP3_Beta,bandpower,CP3,Beta,,temporal_left,0.35241582340753347,0.35241582340753347,30
211-000550,2,SAD,26,CPz_Alpha,bandpower,CPz,Alpha,,parietal_midline,0.0,0.0,30
211-000550,2,SAD,27,CPz_Beta,bandpower,CPz,Beta,,parietal_midline,0.0,0.0,30
211-000550,2,SAD,28,Cz_Alpha,bandpower,Cz,Alpha,,parietal_midline,0.0,0.0,30
211-000550,2,SAD,29,Cz_Beta,bandpower,Cz,Beta,,parietal_midline,0.013544471548303488,-0.0009890148051000913,30
211-000550,2,SAD,30,FC4_Alpha,bandpower,FC4,Alpha,,frontal_bilateral,0.0,0.0,30
211-000550,2,SAD,31,FC4_Beta,bandpower,FC4,Beta,,frontal_bilateral,0.0,0.0,30
211-000550,2,SAD,32,FT8_Alpha,bandpower,FT8,Alpha,,temporal_right,0.0,0.0,30
211-000550,2,SAD,33,FT8_Beta,bandpower,FT8,Beta,,temporal_right,0.0,0.0,30
211-000550,2,SAD,34,TP7_Alpha,bandpower,TP7,Alpha,,temporal_left,0.0,0.0,30
211-000550,2,SAD,35,TP7_Beta,bandpower,TP7,Beta,,temporal_left,0.0,0.0,30
211-000550,2,SAD,36,C3_Alpha,bandpower,C3,Alpha,,centro_parietal_left,0.0,0.0,30
211-000550,2,SAD,37,C3_Beta,bandpower,C3,Beta,,centro_parietal_left,0.06959540945358081,0.06471778878631579,30
211-000550,2,SAD,38,FCz_Alpha,bandpower,FCz,Alpha,,frontal_bilateral,0.0,0.0,30
211-000550,2,SAD,39,FCz_Beta,bandpower,FCz,Beta,,frontal_bilateral,0.0,0.0,30
211-000550,2,SAD,40,Fz_Alpha,bandpower,Fz,Alpha,,frontal_bilateral,0.0,0.0,30
211-000550,2,SAD,41,Fz_Beta,bandpower,Fz,Beta,,frontal_bilateral,0.0,0.0,30
211-000550,2,SAD,42,F4_Alpha,bandpower,F4,Alpha,,frontal_bilateral,0.0,0.0,30
211-000550,2,SAD,43,F4_Beta,bandpower,F4,Beta,,frontal_bilateral,0.09890530156893368,0.09843320373868641,30
211-000550,2,SAD,44,F8_Alpha,bandpower,F8,Alpha,,other,0.0,0.0,30
211-000550,2,SAD,45,F8_Beta,bandpower,F8,Beta,,other,0.0,0.0,30
211-000550,2,SAD,46,T7_Alpha,bandpower,T7,Alpha,,temporal_left,0.0,0.0,30
211-000550,2,SAD,47,T7_Beta,bandpower,T7,Beta,,temporal_left,0.0,0.0,30
211-000550,2,SAD,48,FT7_Alpha,bandpower,FT7,Alpha,,temporal_left,0.0,0.0,30
211-000550,2,SAD,49,FT7_Beta,bandpower,FT7,Beta,,temporal_left,0.0,0.0,30
211-000550,2,SAD,50,FC3_Alpha,bandpower,FC3,Alpha,,frontal_bilateral,0.0,0.0,30
211-000550,2,SAD,51,FC3_Beta,bandpower,FC3,Beta,,frontal_bilateral,0.0,0.0,30
211-000550,2,SAD,52,F3_Alpha,bandpower,F3,Alpha,,frontal_bilateral,0.0,0.0,30
211-000550,2,SAD,53,F3_Beta,bandpower,F3,Beta,,frontal_bilateral,0.030006629016517003,0.030006629016517003,30
211-000550,2,SAD,54,Fp2_Alpha,bandpower,Fp2,Alpha,,frontal_bilateral,0.0,0.0,30
211-000550,2,SAD,55,Fp2_Beta,bandpower,Fp2,Beta,,frontal_bilateral,0.0,0.0,30
211-000550,2,SAD,56,F7_Alpha,bandpower,F7,Alpha,,frontal_inferior_left,0.0,0.0,30
211-000550,2,SAD,57,F7_Beta,bandpower,F7,Beta,,frontal_inferior_left,0.03896982942622861,0.035818752138593236,30
211-000550,2,SAD,58,Fp1_Alpha,bandpower,Fp1,Alpha,,frontal_bilateral,0.07323844339883645,0.06821882058431732,30
211-000550,2,SAD,59,Fp1_Beta,bandpower,Fp1,Beta,,frontal_bilateral,0.11914390229496968,0.11914390229496968,30
211-000550,2,SAD,60,PO5_Alpha,bandpower,PO5,Alpha,,other,0.0,0.0,30
211-000550,2,SAD,61,PO5_Beta,bandpower,PO5,Beta,,other,0.0,0.0,30
211-000550,2,SAD,62,PO3_Alpha,bandpower,PO3,Alpha,,occipital,0.0,0.0,30
211-000550,2,SAD,63,PO3_Beta,bandpower,PO3,Beta,,occipital,0.06430394068924204,0.06361750598278736,30
211-000550,2,SAD,64,P1_Alpha,bandpower,P1,Alpha,,other,0.0,0.0,30
211-000550,2,SAD,65,P1_Beta,bandpower,P1,Beta,,other,0.0,0.0,30
211-000550,2,SAD,66,POz_Alpha,bandpower,POz,Alpha,,occipital,0.0,0.0,30
211-000550,2,SAD,67,POz_Beta,bandpower,POz,Beta,,occipital,0.017583780314551354,0.01493088870071486,30
211-000550,2,SAD,68,P2_Alpha,bandpower,P2,Alpha,,other,0.0,0.0,30
211-000550,2,SAD,69,P2_Beta,bandpower,P2,Beta,,other,0.0,0.0,30
211-000550,2,SAD,70,PO4_Alpha,bandpower,PO4,Alpha,,occipital,0.0,0.0,30
211-000550,2,SAD,71,PO4_Beta,bandpower,PO4,Beta,,occipital,0.12249285593478725,0.12249285593478725,30
211-000550,2,SAD,72,CP2_Alpha,bandpower,CP2,Alpha,,other,0.0,0.0,30
211-000550,2,SAD,73,CP2_Beta,bandpower,CP2,Beta,,other,0.0,0.0,30
211-000550,2,SAD,74,P6_Alpha,bandpower,P6,Alpha,,temporal_right,0.0,0.0,30
211-000550,2,SAD,75,P6_Beta,bandpower,P6,Beta,,temporal_right,0.0007274060943601168,0.0007274060943601168,30
211-000550,2,SAD,76,PO6_Alpha,bandpower,PO6,Alpha,,other,0.00148472104328716,0.00013598814744427608,30
211-000550,2,SAD,77,PO6_Beta,bandpower,PO6,Beta,,other,0.049557824236442526,0.049557824236442526,30
211-000550,2,SAD,78,CP6_Alpha,bandpower,CP6,Alpha,,temporal_right,0.0,0.0,30
211-000550,2,SAD,79,CP6_Beta,bandpower,CP6,Beta,,temporal_right,0.0,0.0,30
211-000550,2,SAD,80,C6_Alpha,bandpower,C6,Alpha,,temporal_right,0.0,0.0,30
211-000550,2,SAD,81,C6_Beta,bandpower,C6,Beta,,temporal_right,0.0,0.0,30
211-000550,2,SAD,82,PO8_Alpha,bandpower,PO8,Alpha,,occipital,0.0,0.0,30
211-000550,2,SAD,83,PO8_Beta,bandpower,PO8,Beta,,occipital,0.09824455560140793,0.09823640483684742,30
211-000550,2,SAD,84,PO7_Alpha,bandpower,PO7,Alpha,,occipital,0.0,0.0,30
211-000550,2,SAD,85,PO7_Beta,bandpower,PO7,Beta,,occipital,0.06233142790774657,0.06232099002506704,30
211-000550,2,SAD,86,P5_Alpha,bandpower,P5,Alpha,,temporal_left,0.0,0.0,30
211-000550,2,SAD,87,P5_Beta,bandpower,P5,Beta,,temporal_left,0.0,0.0,30
211-000550,2,SAD,88,CP5_Alpha,bandpower,CP5,Alpha,,temporal_left,0.0,0.0,30
211-000550,2,SAD,89,CP5_Beta,bandpower,CP5,Beta,,temporal_left,0.0028008803774986777,0.0016555810011962759,30
211-000550,2,SAD,90,CP1_Alpha,bandpower,CP1,Alpha,,other,0.0,0.0,30
211-000550,2,SAD,91,CP1_Beta,bandpower,CP1,Beta,,other,0.17245332785290665,0.1645432612882197,30
211-000550,2,SAD,92,C1_Alpha,bandpower,C1,Alpha,,other,0.0,0.0,30
211-000550,2,SAD,93,C1_Beta,bandpower,C1,Beta,,other,0.0,0.0,30
211-000550,2,SAD,94,C2_Alpha,bandpower,C2,Alpha,,other,0.0017546216488028797,0.0017546216488028797,30
211-000550,2,SAD,95,C2_Beta,bandpower,C2,Beta,,other,0.1426686046454904,0.1426686046454904,30
211-000550,2,SAD,96,FC2_Alpha,bandpower,FC2,Alpha,,other,0.0,0.0,30
211-000550,2,SAD,97,FC2_Beta,bandpower,FC2,Beta,,other,0.0,0.0,30
211-000550,2,SAD,98,FC6_Alpha,bandpower,FC6,Alpha,,other,0.0,0.0,30
211-000550,2,SAD,99,FC6_Beta,bandpower,FC6,Beta,,other,0.0,0.0,30
211-000550,2,SAD,100,C5_Alpha,bandpower,C5,Alpha,,temporal_left,0.0,0.0,30
211-000550,2,SAD,101,C5_Beta,bandpower,C5,Beta,,temporal_left,0.0,0.0,30
211-000550,2,SAD,102,FC1_Alpha,bandpower,FC1,Alpha,,other,0.0,0.0,30
211-000550,2,SAD,103,FC1_Beta,bandpower,FC1,Beta,,other,0.0,0.0,30
211-000550,2,SAD,104,F2_Alpha,bandpower,F2,Alpha,,frontal_bilateral,0.0,0.0,30
211-000550,2,SAD,105,F2_Beta,bandpower,F2,Beta,,frontal_bilateral,0.006027479579030892,0.006027479579030892,30
211-000550,2,SAD,106,F6_Alpha,bandpower,F6,Alpha,,other,0.0,0.0,30
211-000550,2,SAD,107,F6_Beta,bandpower,F6,Beta,,other,0.0,0.0,30
211-000550,2,SAD,108,FC5_Alpha,bandpower,FC5,Alpha,,frontal_inferior_left,0.0,0.0,30
211-000550,2,SAD,109,FC5_Beta,bandpower,FC5,Beta,,frontal_inferior_left,0.0,0.0,30
211-000550,2,SAD,110,F1_Alpha,bandpower,F1,Alpha,,frontal_bilateral,0.0,0.0,30
211-000550,2,SAD,111,F1_Beta,bandpower,F1,Beta,,frontal_bilateral,0.0,0.0,30
211-000550,2,SAD,112,AF4_Alpha,bandpower,AF4,Alpha,,frontal_bilateral,0.0,0.0,30
211-000550,2,SAD,113,AF4_Beta,bandpower,AF4,Beta,,frontal_bilateral,0.06501421371367,0.06501421371367,30
211-000550,2,SAD,114,AF8_Alpha,bandpower,AF8,Alpha,,frontal_bilateral,0.0,0.0,30
211-000550,2,SAD,115,AF8_Beta,bandpower,AF8,Beta,,frontal_bilateral,0.038909324011392424,0.038909324011392424,30
211-000550,2,SAD,116,F5_Alpha,bandpower,F5,Alpha,,frontal_inferior_left,0.0,0.0,30
211-000550,2,SAD,117,F5_Beta,bandpower,F5,Beta,,frontal_inferior_left,0.014401184761985574,0.013964667818424759,30
211-000550,2,SAD,118,AF7_Alpha,bandpower,AF7,Alpha,,frontal_bilateral,0.0,0.0,30
211-000550,2,SAD,119,AF7_Beta,bandpower,AF7,Beta,,frontal_bilateral,0.0,0.0,30
211-000550,2,SAD,120,AF3_Alpha,bandpower,AF3,Alpha,,frontal_bilateral,0.0,0.0,30
211-000550,2,SAD,121,AF3_Beta,bandpower,AF3,Beta,,frontal_bilateral,0.25738577856989925,0.25738577856989925,30
211-000550,2,SAD,122,Fpz_Alpha,bandpower,Fpz,Alpha,,frontal_bilateral,0.0,0.0,30
211-000550,2,SAD,123,Fpz_Beta,bandpower,Fpz,Beta,,frontal_bilateral,0.33132469482693666,0.33132469482693666,30
211-000550,2,SAD,124,AlphaAsym_Fp2-Fp1,AlphaAsym,,,Fp2-Fp1,,0.0,0.0,30
211-000550,2,SAD,125,AlphaAsym_AF8-AF7,AlphaAsym,,,AF8-AF7,,0.0,0.0,30
211-000550,2,SAD,126,AlphaAsym_AF4-AF3,AlphaAsym,,,AF4-AF3,,0.0,0.0,30
211-000550,2,SAD,127,AlphaAsym_F8-F7,AlphaAsym,,,F8-F7,,0.0,0.0,30
211-000550,2,SAD,128,AlphaAsym_F6-F5,AlphaAsym,,,F6-F5,,0.0,0.0,30
211-000550,2,SAD,129,AlphaAsym_F4-F3,AlphaAsym,,,F4-F3,,0.0,0.0,30
211-000550,2,SAD,130,AlphaAsym_F2-F1,AlphaAsym,,,F2-F1,,0.0,0.0,30
211-000550,2,SAD,131,AlphaAsym_FC6-FC5,AlphaAsym,,,FC6-FC5,,0.0,0.0,30
211-000550,2,SAD,132,AlphaAsym_FC4-FC3,AlphaAsym,,,FC4-FC3,,0.016129550388720198,0.012511122939921475,30
211-000550,2,SAD,133,AlphaAsym_FC2-FC1,AlphaAsym,,,FC2-FC1,,0.0,0.0,30
211-000550,2,SAD,134,AlphaAsym_T8-T7,AlphaAsym,,,T8-T7,,0.0,0.0,30
211-000550,2,SAD,135,AlphaAsym_C6-C5,AlphaAsym,,,C6-C5,,0.0,0.0,30
211-000550,2,SAD,136,AlphaAsym_C4-C3,AlphaAsym,,,C4-C3,,0.0,0.0,30
211-000550,2,SAD,137,AlphaAsym_C2-C1,AlphaAsym,,,C2-C1,,0.1825752263124298,0.1485269209127199,30
211-000550,2,SAD,138,AlphaAsym_TP8-TP7,AlphaAsym,,,TP8-TP7,,0.0,0.0,30
211-000550,2,SAD,139,AlphaAsym_CP6-CP5,AlphaAsym,,,CP6-CP5,,0.0009207251923728327,-0.00030552815498538293,30
211-000550,2,SAD,140,AlphaAsym_CP4-CP3,AlphaAsym,,,CP4-CP3,,0.0,0.0,30
211-000550,2,SAD,141,AlphaAsym_CP2-CP1,AlphaAsym,,,CP2-CP1,,0.35047530639339197,0.29225058466400555,30
211-000550,2,SAD,142,AlphaAsym_P8-P7,AlphaAsym,,,P8-P7,,0.0,0.0,30
211-000550,2,SAD,143,AlphaAsym_P6-P5,AlphaAsym,,,P6-P5,,0.130103751556854,0.10885797520119525,30
211-000550,2,SAD,144,AlphaAsym_P4-P3,AlphaAsym,,,P4-P3,,0.0,0.0,30
211-000550,2,SAD,145,AlphaAsym_P2-P1,AlphaAsym,,,P2-P1,,0.0,0.0,30
211-000550,2,SAD,146,AlphaAsym_PO8-PO7,AlphaAsym,,,PO8-PO7,,0.0,0.0,30
211-000550,2,SAD,147,AlphaAsym_PO6-PO5,AlphaAsym,,,PO6-PO5,,0.0,0.0,30
211-000550,2,SAD,148,AlphaAsym_PO4-PO3,AlphaAsym,,,PO4-PO3,,0.0,0.0,30
211-000550,2,SAD,149,AlphaAsym_O2-O1,AlphaAsym,,,O2-O1,,0.0,0.0,30
211-000552,0,JOY,0,O2_Alpha,bandpower,O2,Alpha,,occipital,0.0,0.0,36
211-000552,0,JOY,1,O2_Beta,bandpower,O2,Beta,,occipital,0.0,0.0,36
211-000552,0,JOY,2,O1_Alpha,bandpower,O1,Alpha,,occipital,0.0,0.0,36
211-000552,0,JOY,3,O1_Beta,bandpower,O1,Beta,,occipital,0.0,0.0,36
211-000552,0,JOY,4,Oz_Alpha,bandpower,Oz,Alpha,,occipital,0.0,0.0,36
211-000552,0,JOY,5,Oz_Beta,bandpower,Oz,Beta,,occipital,0.0,0.0,36
211-000552,0,JOY,6,Pz_Alpha,bandpower,Pz,Alpha,,parietal_midline,0.0,0.0,36
211-000552,0,JOY,7,Pz_Beta,bandpower,Pz,Beta,,parietal_midline,0.0,0.0,36
211-000552,0,JOY,8,P4_Alpha,bandpower,P4,Alpha,,other,0.0,0.0,36
211-000552,0,JOY,9,P4_Beta,bandpower,P4,Beta,,other,0.0,0.0,36
211-000552,0,JOY,10,CP4_Alpha,bandpower,CP4,Alpha,,temporal_right,0.0,0.0,36
211-000552,0,JOY,11,CP4_Beta,bandpower,CP4,Beta,,temporal_right,0.0,0.0,36
211-000552,0,JOY,12,P8_Alpha,bandpower,P8,Alpha,,temporal_right,0.0,0.0,36
211-000552,0,JOY,13,P8_Beta,bandpower,P8,Beta,,temporal_right,0.0,0.0,36
211-000552,0,JOY,14,C4_Alpha,bandpower,C4,Alpha,,other,0.0,0.0,36
211-000552,0,JOY,15,C4_Beta,bandpower,C4,Beta,,other,0.0,0.0,36
211-000552,0,JOY,16,TP8_Alpha,bandpower,TP8,Alpha,,temporal_right,0.0,0.0,36
211-000552,0,JOY,17,TP8_Beta,bandpower,TP8,Beta,,temporal_right,0.0,0.0,36
211-000552,0,JOY,18,T8_Alpha,bandpower,T8,Alpha,,temporal_right,0.046856468623488814,0.04654050003036322,36
211-000552,0,JOY,19,T8_Beta,bandpower,T8,Beta,,temporal_right,0.7597081551429407,0.7565682307647263,36
211-000552,0,JOY,20,P7_Alpha,bandpower,P7,Alpha,,temporal_left,0.0,0.0,36
211-000552,0,JOY,21,P7_Beta,bandpower,P7,Beta,,temporal_left,0.0,0.0,36
211-000552,0,JOY,22,P3_Alpha,bandpower,P3,Alpha,,centro_parietal_left,0.0,0.0,36
211-000552,0,JOY,23,P3_Beta,bandpower,P3,Beta,,centro_parietal_left,0.0,0.0,36
211-000552,0,JOY,24,CP3_Alpha,bandpower,CP3,Alpha,,temporal_left,0.0,0.0,36
211-000552,0,JOY,25,CP3_Beta,bandpower,CP3,Beta,,temporal_left,0.0,0.0,36
211-000552,0,JOY,26,CPz_Alpha,bandpower,CPz,Alpha,,parietal_midline,0.0,0.0,36
211-000552,0,JOY,27,CPz_Beta,bandpower,CPz,Beta,,parietal_midline,0.0,0.0,36
211-000552,0,JOY,28,Cz_Alpha,bandpower,Cz,Alpha,,parietal_midline,0.0,0.0,36
211-000552,0,JOY,29,Cz_Beta,bandpower,Cz,Beta,,parietal_midline,0.0,0.0,36
211-000552,0,JOY,30,FC4_Alpha,bandpower,FC4,Alpha,,frontal_bilateral,0.0,0.0,36
211-000552,0,JOY,31,FC4_Beta,bandpower,FC4,Beta,,frontal_bilateral,0.0,0.0,36
211-000552,0,JOY,32,FT8_Alpha,bandpower,FT8,Alpha,,temporal_right,0.0,0.0,36
211-000552,0,JOY,33,FT8_Beta,bandpower,FT8,Beta,,temporal_right,0.0,0.0,36
211-000552,0,JOY,34,TP7_Alpha,bandpower,TP7,Alpha,,temporal_left,0.0,0.0,36
211-000552,0,JOY,35,TP7_Beta,bandpower,TP7,Beta,,temporal_left,0.0,0.0,36
211-000552,0,JOY,36,C3_Alpha,bandpower,C3,Alpha,,centro_parietal_left,0.004304999106737373,-0.00021170993177542044,36
211-000552,0,JOY,37,C3_Beta,bandpower,C3,Beta,,centro_parietal_left,0.023850039827164597,0.019768718205907074,36
211-000552,0,JOY,38,FCz_Alpha,bandpower,FCz,Alpha,,frontal_bilateral,0.0,0.0,36
211-000552,0,JOY,39,FCz_Beta,bandpower,FCz,Beta,,frontal_bilateral,0.0,0.0,36
211-000552,0,JOY,40,Fz_Alpha,bandpower,Fz,Alpha,,frontal_bilateral,0.0,0.0,36
211-000552,0,JOY,41,Fz_Beta,bandpower,Fz,Beta,,frontal_bilateral,0.0,0.0,36
211-000552,0,JOY,42,F4_Alpha,bandpower,F4,Alpha,,frontal_bilateral,0.02139550629526928,0.012739454650617463,36
211-000552,0,JOY,43,F4_Beta,bandpower,F4,Beta,,frontal_bilateral,0.0,0.0,36
211-000552,0,JOY,44,F8_Alpha,bandpower,F8,Alpha,,other,0.0,0.0,36
211-000552,0,JOY,45,F8_Beta,bandpower,F8,Beta,,other,0.0,0.0,36
211-000552,0,JOY,46,T7_Alpha,bandpower,T7,Alpha,,temporal_left,0.0,0.0,36
211-000552,0,JOY,47,T7_Beta,bandpower,T7,Beta,,temporal_left,0.1533768610890241,0.1533768610890241,36
211-000552,0,JOY,48,FT7_Alpha,bandpower,FT7,Alpha,,temporal_left,0.0,0.0,36
211-000552,0,JOY,49,FT7_Beta,bandpower,FT7,Beta,,temporal_left,0.4503075892149748,0.43141366682917887,36
211-000552,0,JOY,50,FC3_Alpha,bandpower,FC3,Alpha,,frontal_bilateral,0.0061290483752816476,-0.0007486633056993722,36
211-000552,0,JOY,51,FC3_Beta,bandpower,FC3,Beta,,frontal_bilateral,0.003352674032621431,-0.002179662655426122,36
211-000552,0,JOY,52,F3_Alpha,bandpower,F3,Alpha,,frontal_bilateral,0.0,0.0,36
211-000552,0,JOY,53,F3_Beta,bandpower,F3,Beta,,frontal_bilateral,0.0,0.0,36
211-000552,0,JOY,54,Fp2_Alpha,bandpower,Fp2,Alpha,,frontal_bilateral,0.0,0.0,36
211-000552,0,JOY,55,Fp2_Beta,bandpower,Fp2,Beta,,frontal_bilateral,0.0,0.0,36
211-000552,0,JOY,56,F7_Alpha,bandpower,F7,Alpha,,frontal_inferior_left,0.0,0.0,36
211-000552,0,JOY,57,F7_Beta,bandpower,F7,Beta,,frontal_inferior_left,0.0,0.0,36
211-000552,0,JOY,58,Fp1_Alpha,bandpower,Fp1,Alpha,,frontal_bilateral,0.0,0.0,36
211-000552,0,JOY,59,Fp1_Beta,bandpower,Fp1,Beta,,frontal_bilateral,0.0,0.0,36
211-000552,0,JOY,60,PO5_Alpha,bandpower,PO5,Alpha,,other,0.0,0.0,36
211-000552,0,JOY,61,PO5_Beta,bandpower,PO5,Beta,,other,0.00913665407557709,0.006402241496064861,36
211-000552,0,JOY,62,PO3_Alpha,bandpower,PO3,Alpha,,occipital,0.0,0.0,36
211-000552,0,JOY,63,PO3_Beta,bandpower,PO3,Beta,,occipital,0.0,0.0,36
211-000552,0,JOY,64,P1_Alpha,bandpower,P1,Alpha,,other,0.0,0.0,36
211-000552,0,JOY,65,P1_Beta,bandpower,P1,Beta,,other,0.0,0.0,36
211-000552,0,JOY,66,POz_Alpha,bandpower,POz,Alpha,,occipital,0.0,0.0,36
211-000552,0,JOY,67,POz_Beta,bandpower,POz,Beta,,occipital,0.0,0.0,36
211-000552,0,JOY,68,P2_Alpha,bandpower,P2,Alpha,,other,0.0,0.0,36
211-000552,0,JOY,69,P2_Beta,bandpower,P2,Beta,,other,0.0,0.0,36
211-000552,0,JOY,70,PO4_Alpha,bandpower,PO4,Alpha,,occipital,0.0,0.0,36
211-000552,0,JOY,71,PO4_Beta,bandpower,PO4,Beta,,occipital,0.04941643600246691,0.007999666517550456,36
211-000552,0,JOY,72,CP2_Alpha,bandpower,CP2,Alpha,,other,0.0,0.0,36
211-000552,0,JOY,73,CP2_Beta,bandpower,CP2,Beta,,other,0.0,0.0,36
211-000552,0,JOY,74,P6_Alpha,bandpower,P6,Alpha,,temporal_right,0.32450246583770775,0.32450246583770775,36
211-000552,0,JOY,75,P6_Beta,bandpower,P6,Beta,,temporal_right,0.6195829369773516,0.6195829369773516,36
211-000552,0,JOY,76,PO6_Alpha,bandpower,PO6,Alpha,,other,0.0,0.0,36
211-000552,0,JOY,77,PO6_Beta,bandpower,PO6,Beta,,other,0.0,0.0,36
211-000552,0,JOY,78,CP6_Alpha,bandpower,CP6,Alpha,,temporal_right,0.006042833923884786,0.00416707943724814,36
211-000552,0,JOY,79,CP6_Beta,bandpower,CP6,Beta,,temporal_right,0.03116397456423377,0.03098373516677428,36
211-000552,0,JOY,80,C6_Alpha,bandpower,C6,Alpha,,temporal_right,0.0,0.0,36
211-000552,0,JOY,81,C6_Beta,bandpower,C6,Beta,,temporal_right,0.0,0.0,36
211-000552,0,JOY,82,PO8_Alpha,bandpower,PO8,Alpha,,occipital,0.10930558811027308,0.09703710221444789,36
211-000552,0,JOY,83,PO8_Beta,bandpower,PO8,Beta,,occipital,0.09523689348843715,0.07795393135475485,36
211-000552,0,JOY,84,PO7_Alpha,bandpower,PO7,Alpha,,occipital,0.0,0.0,36
211-000552,0,JOY,85,PO7_Beta,bandpower,PO7,Beta,,occipital,0.0,0.0,36
211-000552,0,JOY,86,P5_Alpha,bandpower,P5,Alpha,,temporal_left,0.0,0.0,36
211-000552,0,JOY,87,P5_Beta,bandpower,P5,Beta,,temporal_left,0.0,0.0,36
211-000552,0,JOY,88,CP5_Alpha,bandpower,CP5,Alpha,,temporal_left,0.0,0.0,36
211-000552,0,JOY,89,CP5_Beta,bandpower,CP5,Beta,,temporal_left,0.0,0.0,36
211-000552,0,JOY,90,CP1_Alpha,bandpower,CP1,Alpha,,other,0.0,0.0,36
211-000552,0,JOY,91,CP1_Beta,bandpower,CP1,Beta,,other,0.0,0.0,36
211-000552,0,JOY,92,C1_Alpha,bandpower,C1,Alpha,,other,0.0,0.0,36
211-000552,0,JOY,93,C1_Beta,bandpower,C1,Beta,,other,0.0,0.0,36
211-000552,0,JOY,94,C2_Alpha,bandpower,C2,Alpha,,other,0.0,0.0,36
211-000552,0,JOY,95,C2_Beta,bandpower,C2,Beta,,other,0.0,0.0,36
211-000552,0,JOY,96,FC2_Alpha,bandpower,FC2,Alpha,,other,0.0,0.0,36
211-000552,0,JOY,97,FC2_Beta,bandpower,FC2,Beta,,other,0.0,0.0,36
211-000552,0,JOY,98,FC6_Alpha,bandpower,FC6,Alpha,,other,0.10936311023637682,0.10936311023637682,36
211-000552,0,JOY,99,FC6_Beta,bandpower,FC6,Beta,,other,0.24157331691799136,0.23985286406789078,36
211-000552,0,JOY,100,C5_Alpha,bandpower,C5,Alpha,,temporal_left,0.0,0.0,36
211-000552,0,JOY,101,C5_Beta,bandpower,C5,Beta,,temporal_left,0.0,0.0,36
211-000552,0,JOY,102,FC1_Alpha,bandpower,FC1,Alpha,,other,0.0,0.0,36
211-000552,0,JOY,103,FC1_Beta,bandpower,FC1,Beta,,other,0.0,0.0,36
211-000552,0,JOY,104,F2_Alpha,bandpower,F2,Alpha,,frontal_bilateral,0.0,0.0,36
211-000552,0,JOY,105,F2_Beta,bandpower,F2,Beta,,frontal_bilateral,0.0,0.0,36
211-000552,0,JOY,106,F6_Alpha,bandpower,F6,Alpha,,other,0.26105825405570476,0.26105825405570476,36
211-000552,0,JOY,107,F6_Beta,bandpower,F6,Beta,,other,0.3713796513680849,0.3713796513680849,36
211-000552,0,JOY,108,FC5_Alpha,bandpower,FC5,Alpha,,frontal_inferior_left,0.0,0.0,36
211-000552,0,JOY,109,FC5_Beta,bandpower,FC5,Beta,,frontal_inferior_left,0.0,0.0,36
211-000552,0,JOY,110,F1_Alpha,bandpower,F1,Alpha,,frontal_bilateral,0.0,0.0,36
211-000552,0,JOY,111,F1_Beta,bandpower,F1,Beta,,frontal_bilateral,0.0,0.0,36
211-000552,0,JOY,112,AF4_Alpha,bandpower,AF4,Alpha,,frontal_bilateral,0.0,0.0,36
211-000552,0,JOY,113,AF4_Beta,bandpower,AF4,Beta,,frontal_bilateral,0.0,0.0,36
211-000552,0,JOY,114,AF8_Alpha,bandpower,AF8,Alpha,,frontal_bilateral,0.0,0.0,36
211-000552,0,JOY,115,AF8_Beta,bandpower,AF8,Beta,,frontal_bilateral,0.0,0.0,36
211-000552,0,JOY,116,F5_Alpha,bandpower,F5,Alpha,,frontal_inferior_left,0.0,0.0,36
211-000552,0,JOY,117,F5_Beta,bandpower,F5,Beta,,frontal_inferior_left,0.0,0.0,36
211-000552,0,JOY,118,AF7_Alpha,bandpower,AF7,Alpha,,frontal_bilateral,0.0,0.0,36
211-000552,0,JOY,119,AF7_Beta,bandpower,AF7,Beta,,frontal_bilateral,0.0,0.0,36
211-000552,0,JOY,120,AF3_Alpha,bandpower,AF3,Alpha,,frontal_bilateral,0.0,0.0,36
211-000552,0,JOY,121,AF3_Beta,bandpower,AF3,Beta,,frontal_bilateral,0.0,0.0,36
211-000552,0,JOY,122,Fpz_Alpha,bandpower,Fpz,Alpha,,frontal_bilateral,0.0,0.0,36
211-000552,0,JOY,123,Fpz_Beta,bandpower,Fpz,Beta,,frontal_bilateral,0.0,0.0,36
211-000552,0,JOY,124,AlphaAsym_Fp2-Fp1,AlphaAsym,,,Fp2-Fp1,,0.00791641870604779,-0.0005960923395609968,36
211-000552,0,JOY,125,AlphaAsym_AF8-AF7,AlphaAsym,,,AF8-AF7,,0.0,0.0,36
211-000552,0,JOY,126,AlphaAsym_AF4-AF3,AlphaAsym,,,AF4-AF3,,0.0,0.0,36
211-000552,0,JOY,127,AlphaAsym_F8-F7,AlphaAsym,,,F8-F7,,0.0,0.0,36
211-000552,0,JOY,128,AlphaAsym_F6-F5,AlphaAsym,,,F6-F5,,0.0,0.0,36
211-000552,0,JOY,129,AlphaAsym_F4-F3,AlphaAsym,,,F4-F3,,0.0,0.0,36
211-000552,0,JOY,130,AlphaAsym_F2-F1,AlphaAsym,,,F2-F1,,0.0,0.0,36
211-000552,0,JOY,131,AlphaAsym_FC6-FC5,AlphaAsym,,,FC6-FC5,,0.13421884118081662,0.1326333061147205,36
211-000552,0,JOY,132,AlphaAsym_FC4-FC3,AlphaAsym,,,FC4-FC3,,0.0,0.0,36
211-000552,0,JOY,133,AlphaAsym_FC2-FC1,AlphaAsym,,,FC2-FC1,,0.0,0.0,36
211-000552,0,JOY,134,AlphaAsym_T8-T7,AlphaAsym,,,T8-T7,,0.0,0.0,36
211-000552,0,JOY,135,AlphaAsym_C6-C5,AlphaAsym,,,C6-C5,,0.0,0.0,36
211-000552,0,JOY,136,AlphaAsym_C4-C3,AlphaAsym,,,C4-C3,,0.03340795553057807,0.028403177511251702,36
211-000552,0,JOY,137,AlphaAsym_C2-C1,AlphaAsym,,,C2-C1,,0.0,0.0,36
211-000552,0,JOY,138,AlphaAsym_TP8-TP7,AlphaAsym,,,TP8-TP7,,0.0,0.0,36
211-000552,0,JOY,139,AlphaAsym_CP6-CP5,AlphaAsym,,,CP6-CP5,,0.0,0.0,36
211-000552,0,JOY,140,AlphaAsym_CP4-CP3,AlphaAsym,,,CP4-CP3,,0.0,0.0,36
211-000552,0,JOY,141,AlphaAsym_CP2-CP1,AlphaAsym,,,CP2-CP1,,0.0,0.0,36
211-000552,0,JOY,142,AlphaAsym_P8-P7,AlphaAsym,,,P8-P7,,0.0,0.0,36
211-000552,0,JOY,143,AlphaAsym_P6-P5,AlphaAsym,,,P6-P5,,0.05841189475672919,0.023725404834946267,36
211-000552,0,JOY,144,AlphaAsym_P4-P3,AlphaAsym,,,P4-P3,,0.0,0.0,36
211-000552,0,JOY,145,AlphaAsym_P2-P1,AlphaAsym,,,P2-P1,,0.0,0.0,36
211-000552,0,JOY,146,AlphaAsym_PO8-PO7,AlphaAsym,,,PO8-PO7,,0.4337817898571115,0.4034634010787436,36
211-000552,0,JOY,147,AlphaAsym_PO6-PO5,AlphaAsym,,,PO6-PO5,,0.0,0.0,36
211-000552,0,JOY,148,AlphaAsym_PO4-PO3,AlphaAsym,,,PO4-PO3,,0.04011579740807699,-0.035943536613879154,36
211-000552,0,JOY,149,AlphaAsym_O2-O1,AlphaAsym,,,O2-O1,,0.0,0.0,36
211-000552,1,NEUTRO,0,O2_Alpha,bandpower,O2,Alpha,,occipital,0.0,0.0,45
211-000552,1,NEUTRO,1,O2_Beta,bandpower,O2,Beta,,occipital,0.0,0.0,45
211-000552,1,NEUTRO,2,O1_Alpha,bandpower,O1,Alpha,,occipital,0.0,0.0,45
211-000552,1,NEUTRO,3,O1_Beta,bandpower,O1,Beta,,occipital,0.0,0.0,45
211-000552,1,NEUTRO,4,Oz_Alpha,bandpower,Oz,Alpha,,occipital,0.0,0.0,45
211-000552,1,NEUTRO,5,Oz_Beta,bandpower,Oz,Beta,,occipital,0.0,0.0,45
211-000552,1,NEUTRO,6,Pz_Alpha,bandpower,Pz,Alpha,,parietal_midline,0.0,0.0,45
211-000552,1,NEUTRO,7,Pz_Beta,bandpower,Pz,Beta,,parietal_midline,0.0,0.0,45
211-000552,1,NEUTRO,8,P4_Alpha,bandpower,P4,Alpha,,other,0.0,0.0,45
211-000552,1,NEUTRO,9,P4_Beta,bandpower,P4,Beta,,other,0.0,0.0,45
211-000552,1,NEUTRO,10,CP4_Alpha,bandpower,CP4,Alpha,,temporal_right,0.0,0.0,45
211-000552,1,NEUTRO,11,CP4_Beta,bandpower,CP4,Beta,,temporal_right,0.0,0.0,45
211-000552,1,NEUTRO,12,P8_Alpha,bandpower,P8,Alpha,,temporal_right,0.0,0.0,45
211-000552,1,NEUTRO,13,P8_Beta,bandpower,P8,Beta,,temporal_right,0.0,0.0,45
211-000552,1,NEUTRO,14,C4_Alpha,bandpower,C4,Alpha,,other,0.03872377856649583,-0.02260949470530455,45
211-000552,1,NEUTRO,15,C4_Beta,bandpower,C4,Beta,,other,0.0,0.0,45
211-000552,1,NEUTRO,16,TP8_Alpha,bandpower,TP8,Alpha,,temporal_right,0.00215900525833914,0.00215900525833914,45
211-000552,1,NEUTRO,17,TP8_Beta,bandpower,TP8,Beta,,temporal_right,0.0,0.0,45
211-000552,1,NEUTRO,18,T8_Alpha,bandpower,T8,Alpha,,temporal_right,0.0,0.0,45
211-000552,1,NEUTRO,19,T8_Beta,bandpower,T8,Beta,,temporal_right,0.0,0.0,45
211-000552,1,NEUTRO,20,P7_Alpha,bandpower,P7,Alpha,,temporal_left,0.0,0.0,45
211-000552,1,NEUTRO,21,P7_Beta,bandpower,P7,Beta,,temporal_left,0.0,0.0,45
211-000552,1,NEUTRO,22,P3_Alpha,bandpower,P3,Alpha,,centro_parietal_left,0.0,0.0,45
211-000552,1,NEUTRO,23,P3_Beta,bandpower,P3,Beta,,centro_parietal_left,0.0,0.0,45
211-000552,1,NEUTRO,24,CP3_Alpha,bandpower,CP3,Alpha,,temporal_left,0.0,0.0,45
211-000552,1,NEUTRO,25,CP3_Beta,bandpower,CP3,Beta,,temporal_left,0.0,0.0,45
211-000552,1,NEUTRO,26,CPz_Alpha,bandpower,CPz,Alpha,,parietal_midline,0.0,0.0,45
211-000552,1,NEUTRO,27,CPz_Beta,bandpower,CPz,Beta,,parietal_midline,0.0,0.0,45
211-000552,1,NEUTRO,28,Cz_Alpha,bandpower,Cz,Alpha,,parietal_midline,0.0,0.0,45
211-000552,1,NEUTRO,29,Cz_Beta,bandpower,Cz,Beta,,parietal_midline,0.0,0.0,45
211-000552,1,NEUTRO,30,FC4_Alpha,bandpower,FC4,Alpha,,frontal_bilateral,0.0,0.0,45
211-000552,1,NEUTRO,31,FC4_Beta,bandpower,FC4,Beta,,frontal_bilateral,0.0,0.0,45
211-000552,1,NEUTRO,32,FT8_Alpha,bandpower,FT8,Alpha,,temporal_right,0.11552388913640264,0.04270002625805333,45
211-000552,1,NEUTRO,33,FT8_Beta,bandpower,FT8,Beta,,temporal_right,0.0,0.0,45
211-000552,1,NEUTRO,34,TP7_Alpha,bandpower,TP7,Alpha,,temporal_left,0.0,0.0,45
211-000552,1,NEUTRO,35,TP7_Beta,bandpower,TP7,Beta,,temporal_left,0.0,0.0,45
211-000552,1,NEUTRO,36,C3_Alpha,bandpower,C3,Alpha,,centro_parietal_left,0.0607984727150888,-0.035279141953517064,45
211-000552,1,NEUTRO,37,C3_Beta,bandpower,C3,Beta,,centro_parietal_left,0.0,0.0,45
211-000552,1,NEUTRO,38,FCz_Alpha,bandpower,FCz,Alpha,,frontal_bilateral,0.0,0.0,45
211-000552,1,NEUTRO,39,FCz_Beta,bandpower,FCz,Beta,,frontal_bilateral,0.0,0.0,45
211-000552,1,NEUTRO,40,Fz_Alpha,bandpower,Fz,Alpha,,frontal_bilateral,0.0,0.0,45
211-000552,1,NEUTRO,41,Fz_Beta,bandpower,Fz,Beta,,frontal_bilateral,0.11425244550546072,-0.06418105896477569,45
211-000552,1,NEUTRO,42,F4_Alpha,bandpower,F4,Alpha,,frontal_bilateral,0.032450467885049905,0.00847596304115073,45
211-000552,1,NEUTRO,43,F4_Beta,bandpower,F4,Beta,,frontal_bilateral,0.017211705271173924,-0.0053139968150880965,45
211-000552,1,NEUTRO,44,F8_Alpha,bandpower,F8,Alpha,,other,0.0,0.0,45
211-000552,1,NEUTRO,45,F8_Beta,bandpower,F8,Beta,,other,0.0,0.0,45
211-000552,1,NEUTRO,46,T7_Alpha,bandpower,T7,Alpha,,temporal_left,0.0,0.0,45
211-000552,1,NEUTRO,47,T7_Beta,bandpower,T7,Beta,,temporal_left,0.0,0.0,45
211-000552,1,NEUTRO,48,FT7_Alpha,bandpower,FT7,Alpha,,temporal_left,0.0,0.0,45
211-000552,1,NEUTRO,49,FT7_Beta,bandpower,FT7,Beta,,temporal_left,0.30546555972359957,0.23619322744656537,45
211-000552,1,NEUTRO,50,FC3_Alpha,bandpower,FC3,Alpha,,frontal_bilateral,0.0,0.0,45
211-000552,1,NEUTRO,51,FC3_Beta,bandpower,FC3,Beta,,frontal_bilateral,0.0,0.0,45
211-000552,1,NEUTRO,52,F3_Alpha,bandpower,F3,Alpha,,frontal_bilateral,0.03755330168037964,0.009160522550080376,45
211-000552,1,NEUTRO,53,F3_Beta,bandpower,F3,Beta,,frontal_bilateral,0.013440423626163624,0.0012963946098493223,45
211-000552,1,NEUTRO,54,Fp2_Alpha,bandpower,Fp2,Alpha,,frontal_bilateral,0.0,0.0,45
211-000552,1,NEUTRO,55,Fp2_Beta,bandpower,Fp2,Beta,,frontal_bilateral,0.0,0.0,45
211-000552,1,NEUTRO,56,F7_Alpha,bandpower,F7,Alpha,,frontal_inferior_left,0.057129243779721485,-0.011518852180760658,45
211-000552,1,NEUTRO,57,F7_Beta,bandpower,F7,Beta,,frontal_inferior_left,0.011170749004669626,-0.011170749004669626,45
211-000552,1,NEUTRO,58,Fp1_Alpha,bandpower,Fp1,Alpha,,frontal_bilateral,0.0,0.0,45
211-000552,1,NEUTRO,59,Fp1_Beta,bandpower,Fp1,Beta,,frontal_bilateral,0.0,0.0,45
211-000552,1,NEUTRO,60,PO5_Alpha,bandpower,PO5,Alpha,,other,0.0,0.0,45
211-000552,1,NEUTRO,61,PO5_Beta,bandpower,PO5,Beta,,other,0.0,0.0,45
211-000552,1,NEUTRO,62,PO3_Alpha,bandpower,PO3,Alpha,,occipital,0.0,0.0,45
211-000552,1,NEUTRO,63,PO3_Beta,bandpower,PO3,Beta,,occipital,0.0,0.0,45
211-000552,1,NEUTRO,64,P1_Alpha,bandpower,P1,Alpha,,other,0.0,0.0,45
211-000552,1,NEUTRO,65,P1_Beta,bandpower,P1,Beta,,other,0.0772226503974121,-0.02619281740380258,45
211-000552,1,NEUTRO,66,POz_Alpha,bandpower,POz,Alpha,,occipital,0.0,0.0,45
211-000552,1,NEUTRO,67,POz_Beta,bandpower,POz,Beta,,occipital,0.0,0.0,45
211-000552,1,NEUTRO,68,P2_Alpha,bandpower,P2,Alpha,,other,0.021793043150458002,-0.006549919668767606,45
211-000552,1,NEUTRO,69,P2_Beta,bandpower,P2,Beta,,other,0.0,0.0,45
211-000552,1,NEUTRO,70,PO4_Alpha,bandpower,PO4,Alpha,,occipital,0.0,0.0,45
211-000552,1,NEUTRO,71,PO4_Beta,bandpower,PO4,Beta,,occipital,0.0,0.0,45
211-000552,1,NEUTRO,72,CP2_Alpha,bandpower,CP2,Alpha,,other,0.0,0.0,45
211-000552,1,NEUTRO,73,CP2_Beta,bandpower,CP2,Beta,,other,0.0,0.0,45
211-000552,1,NEUTRO,74,P6_Alpha,bandpower,P6,Alpha,,temporal_right,0.040430286335967965,0.00977711578482467,45
211-000552,1,NEUTRO,75,P6_Beta,bandpower,P6,Beta,,temporal_right,0.016701326161097835,0.011269365901401752,45
211-000552,1,NEUTRO,76,PO6_Alpha,bandpower,PO6,Alpha,,other,0.007189874807928476,0.0014448040164381838,45
211-000552,1,NEUTRO,77,PO6_Beta,bandpower,PO6,Beta,,other,0.0,0.0,45
211-000552,1,NEUTRO,78,CP6_Alpha,bandpower,CP6,Alpha,,temporal_right,0.0,0.0,45
211-000552,1,NEUTRO,79,CP6_Beta,bandpower,CP6,Beta,,temporal_right,0.0,0.0,45
211-000552,1,NEUTRO,80,C6_Alpha,bandpower,C6,Alpha,,temporal_right,0.0,0.0,45
211-000552,1,NEUTRO,81,C6_Beta,bandpower,C6,Beta,,temporal_right,0.08379892049949864,-0.06360292768022908,45
211-000552,1,NEUTRO,82,PO8_Alpha,bandpower,PO8,Alpha,,occipital,0.3525587306140456,0.2845282290592523,45
211-000552,1,NEUTRO,83,PO8_Beta,bandpower,PO8,Beta,,occipital,0.14009062399752256,0.08124509798954346,45
211-000552,1,NEUTRO,84,PO7_Alpha,bandpower,PO7,Alpha,,occipital,0.0007376765654757792,0.0006503334626513831,45
211-000552,1,NEUTRO,85,PO7_Beta,bandpower,PO7,Beta,,occipital,0.01681292573461733,0.0005528281501935912,45
211-000552,1,NEUTRO,86,P5_Alpha,bandpower,P5,Alpha,,temporal_left,0.0,0.0,45
211-000552,1,NEUTRO,87,P5_Beta,bandpower,P5,Beta,,temporal_left,0.0,0.0,45
211-000552,1,NEUTRO,88,CP5_Alpha,bandpower,CP5,Alpha,,temporal_left,0.13654795601606873,0.01237841344537898,45
211-000552,1,NEUTRO,89,CP5_Beta,bandpower,CP5,Beta,,temporal_left,0.008111517454385007,0.0003405939404098677,45
211-000552,1,NEUTRO,90,CP1_Alpha,bandpower,CP1,Alpha,,other,0.0,0.0,45
211-000552,1,NEUTRO,91,CP1_Beta,bandpower,CP1,Beta,,other,0.0,0.0,45
211-000552,1,NEUTRO,92,C1_Alpha,bandpower,C1,Alpha,,other,0.0,0.0,45
211-000552,1,NEUTRO,93,C1_Beta,bandpower,C1,Beta,,other,0.020976819386643274,-0.001578216293344909,45
211-000552,1,NEUTRO,94,C2_Alpha,bandpower,C2,Alpha,,other,0.0,0.0,45
211-000552,1,NEUTRO,95,C2_Beta,bandpower,C2,Beta,,other,0.0,0.0,45
211-000552,1,NEUTRO,96,FC2_Alpha,bandpower,FC2,Alpha,,other,0.0,0.0,45
211-000552,1,NEUTRO,97,FC2_Beta,bandpower,FC2,Beta,,other,0.0,0.0,45
211-000552,1,NEUTRO,98,FC6_Alpha,bandpower,FC6,Alpha,,other,0.0,0.0,45
211-000552,1,NEUTRO,99,FC6_Beta,bandpower,FC6,Beta,,other,0.0,0.0,45
211-000552,1,NEUTRO,100,C5_Alpha,bandpower,C5,Alpha,,temporal_left,0.04061301239949644,0.032298854227116806,45
211-000552,1,NEUTRO,101,C5_Beta,bandpower,C5,Beta,,temporal_left,0.3621641644525741,0.3140361613294015,45
211-000552,1,NEUTRO,102,FC1_Alpha,bandpower,FC1,Alpha,,other,0.0,0.0,45
211-000552,1,NEUTRO,103,FC1_Beta,bandpower,FC1,Beta,,other,0.0,0.0,45
211-000552,1,NEUTRO,104,F2_Alpha,bandpower,F2,Alpha,,frontal_bilateral,0.0,0.0,45
211-000552,1,NEUTRO,105,F2_Beta,bandpower,F2,Beta,,frontal_bilateral,0.0,0.0,45
211-000552,1,NEUTRO,106,F6_Alpha,bandpower,F6,Alpha,,other,0.0,0.0,45
211-000552,1,NEUTRO,107,F6_Beta,bandpower,F6,Beta,,other,0.04090073571106727,-0.018370699064443732,45
211-000552,1,NEUTRO,108,FC5_Alpha,bandpower,FC5,Alpha,,frontal_inferior_left,0.009542913199682174,0.0005026480913054983,45
211-000552,1,NEUTRO,109,FC5_Beta,bandpower,FC5,Beta,,frontal_inferior_left,0.0,0.0,45
211-000552,1,NEUTRO,110,F1_Alpha,bandpower,F1,Alpha,,frontal_bilateral,0.011564678124897889,0.01121415254449136,45
211-000552,1,NEUTRO,111,F1_Beta,bandpower,F1,Beta,,frontal_bilateral,0.0,0.0,45
211-000552,1,NEUTRO,112,AF4_Alpha,bandpower,AF4,Alpha,,frontal_bilateral,0.0,0.0,45
211-000552,1,NEUTRO,113,AF4_Beta,bandpower,AF4,Beta,,frontal_bilateral,0.0,0.0,45
211-000552,1,NEUTRO,114,AF8_Alpha,bandpower,AF8,Alpha,,frontal_bilateral,0.020717742424994575,0.012442831213213868,45
211-000552,1,NEUTRO,115,AF8_Beta,bandpower,AF8,Beta,,frontal_bilateral,0.001238624048281157,0.00011853806618767738,45
211-000552,1,NEUTRO,116,F5_Alpha,bandpower,F5,Alpha,,frontal_inferior_left,0.0,0.0,45
211-000552,1,NEUTRO,117,F5_Beta,bandpower,F5,Beta,,frontal_inferior_left,0.0,0.0,45
211-000552,1,NEUTRO,118,AF7_Alpha,bandpower,AF7,Alpha,,frontal_bilateral,0.0,0.0,45
211-000552,1,NEUTRO,119,AF7_Beta,bandpower,AF7,Beta,,frontal_bilateral,0.08295117705759646,0.018252118379992178,45
211-000552,1,NEUTRO,120,AF3_Alpha,bandpower,AF3,Alpha,,frontal_bilateral,0.0057856675723220695,0.004531951536497029,45
211-000552,1,NEUTRO,121,AF3_Beta,bandpower,AF3,Beta,,frontal_bilateral,0.0026480210471778115,-0.0014974695648791354,45
211-000552,1,NEUTRO,122,Fpz_Alpha,bandpower,Fpz,Alpha,,frontal_bilateral,0.06856280573646298,-0.00508089221740744,45
211-000552,1,NEUTRO,123,Fpz_Beta,bandpower,Fpz,Beta,,frontal_bilateral,0.0,0.0,45
211-000552,1,NEUTRO,124,AlphaAsym_Fp2-Fp1,AlphaAsym,,,Fp2-Fp1,,0.030919280625485435,-0.016471280384638833,45
211-000552,1,NEUTRO,125,AlphaAsym_AF8-AF7,AlphaAsym,,,AF8-AF7,,0.021326912383057117,-0.0024834701033207753,45
211-000552,1,NEUTRO,126,AlphaAsym_AF4-AF3,AlphaAsym,,,AF4-AF3,,0.042571536902572864,0.022416229226091846,45
211-000552,1,NEUTRO,127,AlphaAsym_F8-F7,AlphaAsym,,,F8-F7,,0.029095829193823232,0.006094163225833758,45
211-000552,1,NEUTRO,128,AlphaAsym_F6-F5,AlphaAsym,,,F6-F5,,0.05965403302966091,0.02980615942206791,45
211-000552,1,NEUTRO,129,AlphaAsym_F4-F3,AlphaAsym,,,F4-F3,,0.0,0.0,45
211-000552,1,NEUTRO,130,AlphaAsym_F2-F1,AlphaAsym,,,F2-F1,,0.0,0.0,45
211-000552,1,NEUTRO,131,AlphaAsym_FC6-FC5,AlphaAsym,,,FC6-FC5,,0.06679391172326388,0.05011844604658225,45
211-000552,1,NEUTRO,132,AlphaAsym_FC4-FC3,AlphaAsym,,,FC4-FC3,,0.0026178524600888996,-0.0017339937883767296,45
211-000552,1,NEUTRO,133,AlphaAsym_FC2-FC1,AlphaAsym,,,FC2-FC1,,0.0,0.0,45
211-000552,1,NEUTRO,134,AlphaAsym_T8-T7,AlphaAsym,,,T8-T7,,0.0,0.0,45
211-000552,1,NEUTRO,135,AlphaAsym_C6-C5,AlphaAsym,,,C6-C5,,0.35715977732102255,0.1225872247022252,45
211-000552,1,NEUTRO,136,AlphaAsym_C4-C3,AlphaAsym,,,C4-C3,,0.0,0.0,45
211-000552,1,NEUTRO,137,AlphaAsym_C2-C1,AlphaAsym,,,C2-C1,,0.011359634164913836,-0.008027545548000928,45
211-000552,1,NEUTRO,138,AlphaAsym_TP8-TP7,AlphaAsym,,,TP8-TP7,,0.0,0.0,45
211-000552,1,NEUTRO,139,AlphaAsym_CP6-CP5,AlphaAsym,,,CP6-CP5,,0.07687567301415947,0.002053795548438463,45
211-000552,1,NEUTRO,140,AlphaAsym_CP4-CP3,AlphaAsym,,,CP4-CP3,,0.04915820573846802,0.0188116467111826,45
211-000552,1,NEUTRO,141,AlphaAsym_CP2-CP1,AlphaAsym,,,CP2-CP1,,0.0,0.0,45
211-000552,1,NEUTRO,142,AlphaAsym_P8-P7,AlphaAsym,,,P8-P7,,0.0,0.0,45
211-000552,1,NEUTRO,143,AlphaAsym_P6-P5,AlphaAsym,,,P6-P5,,0.009260073391310759,-0.002636217607042488,45
211-000552,1,NEUTRO,144,AlphaAsym_P4-P3,AlphaAsym,,,P4-P3,,0.0,0.0,45
211-000552,1,NEUTRO,145,AlphaAsym_P2-P1,AlphaAsym,,,P2-P1,,0.0,0.0,45
211-000552,1,NEUTRO,146,AlphaAsym_PO8-PO7,AlphaAsym,,,PO8-PO7,,0.0,0.0,45
211-000552,1,NEUTRO,147,AlphaAsym_PO6-PO5,AlphaAsym,,,PO6-PO5,,0.0,0.0,45
211-000552,1,NEUTRO,148,AlphaAsym_PO4-PO3,AlphaAsym,,,PO4-PO3,,0.0,0.0,45
211-000552,1,NEUTRO,149,AlphaAsym_O2-O1,AlphaAsym,,,O2-O1,,0.0,0.0,45
211-000552,2,SAD,0,O2_Alpha,bandpower,O2,Alpha,,occipital,0.0,0.0,35
211-000552,2,SAD,1,O2_Beta,bandpower,O2,Beta,,occipital,0.0026907316521513278,0.0018806464116140357,35
211-000552,2,SAD,2,O1_Alpha,bandpower,O1,Alpha,,occipital,0.0,0.0,35
211-000552,2,SAD,3,O1_Beta,bandpower,O1,Beta,,occipital,0.0,0.0,35
211-000552,2,SAD,4,Oz_Alpha,bandpower,Oz,Alpha,,occipital,0.0,0.0,35
211-000552,2,SAD,5,Oz_Beta,bandpower,Oz,Beta,,occipital,0.0,0.0,35
211-000552,2,SAD,6,Pz_Alpha,bandpower,Pz,Alpha,,parietal_midline,0.0,0.0,35
211-000552,2,SAD,7,Pz_Beta,bandpower,Pz,Beta,,parietal_midline,0.0,0.0,35
211-000552,2,SAD,8,P4_Alpha,bandpower,P4,Alpha,,other,0.0,0.0,35
211-000552,2,SAD,9,P4_Beta,bandpower,P4,Beta,,other,0.0029753870986474746,0.0029512629443223877,35
211-000552,2,SAD,10,CP4_Alpha,bandpower,CP4,Alpha,,temporal_right,0.0,0.0,35
211-000552,2,SAD,11,CP4_Beta,bandpower,CP4,Beta,,temporal_right,0.0,0.0,35
211-000552,2,SAD,12,P8_Alpha,bandpower,P8,Alpha,,temporal_right,0.0,0.0,35
211-000552,2,SAD,13,P8_Beta,bandpower,P8,Beta,,temporal_right,0.0,0.0,35
211-000552,2,SAD,14,C4_Alpha,bandpower,C4,Alpha,,other,0.07275631624299458,0.07274813749176068,35
211-000552,2,SAD,15,C4_Beta,bandpower,C4,Beta,,other,0.006999158479595735,0.006999158479595735,35
211-000552,2,SAD,16,TP8_Alpha,bandpower,TP8,Alpha,,temporal_right,0.0,0.0,35
211-000552,2,SAD,17,TP8_Beta,bandpower,TP8,Beta,,temporal_right,0.0,0.0,35
211-000552,2,SAD,18,T8_Alpha,bandpower,T8,Alpha,,temporal_right,0.0,0.0,35
211-000552,2,SAD,19,T8_Beta,bandpower,T8,Beta,,temporal_right,0.0,0.0,35
211-000552,2,SAD,20,P7_Alpha,bandpower,P7,Alpha,,temporal_left,0.0,0.0,35
211-000552,2,SAD,21,P7_Beta,bandpower,P7,Beta,,temporal_left,0.0,0.0,35
211-000552,2,SAD,22,P3_Alpha,bandpower,P3,Alpha,,centro_parietal_left,0.0,0.0,35
211-000552,2,SAD,23,P3_Beta,bandpower,P3,Beta,,centro_parietal_left,0.0,0.0,35
211-000552,2,SAD,24,CP3_Alpha,bandpower,CP3,Alpha,,temporal_left,0.0,0.0,35
211-000552,2,SAD,25,CP3_Beta,bandpower,CP3,Beta,,temporal_left,0.0,0.0,35
211-000552,2,SAD,26,CPz_Alpha,bandpower,CPz,Alpha,,parietal_midline,0.0,0.0,35
211-000552,2,SAD,27,CPz_Beta,bandpower,CPz,Beta,,parietal_midline,0.0,0.0,35
211-000552,2,SAD,28,Cz_Alpha,bandpower,Cz,Alpha,,parietal_midline,0.0,0.0,35
211-000552,2,SAD,29,Cz_Beta,bandpower,Cz,Beta,,parietal_midline,0.0,0.0,35
211-000552,2,SAD,30,FC4_Alpha,bandpower,FC4,Alpha,,frontal_bilateral,0.0,0.0,35
211-000552,2,SAD,31,FC4_Beta,bandpower,FC4,Beta,,frontal_bilateral,0.0,0.0,35
211-000552,2,SAD,32,FT8_Alpha,bandpower,FT8,Alpha,,temporal_right,0.028384384456784803,0.004577833423596145,35
211-000552,2,SAD,33,FT8_Beta,bandpower,FT8,Beta,,temporal_right,0.0,0.0,35
211-000552,2,SAD,34,TP7_Alpha,bandpower,TP7,Alpha,,temporal_left,0.007104168160243279,0.007104168160243279,35
211-000552,2,SAD,35,TP7_Beta,bandpower,TP7,Beta,,temporal_left,0.0,0.0,35
211-000552,2,SAD,36,C3_Alpha,bandpower,C3,Alpha,,centro_parietal_left,0.0,0.0,35
211-000552,2,SAD,37,C3_Beta,bandpower,C3,Beta,,centro_parietal_left,0.0,0.0,35
211-000552,2,SAD,38,FCz_Alpha,bandpower,FCz,Alpha,,frontal_bilateral,0.0,0.0,35
211-000552,2,SAD,39,FCz_Beta,bandpower,FCz,Beta,,frontal_bilateral,0.0,0.0,35
211-000552,2,SAD,40,Fz_Alpha,bandpower,Fz,Alpha,,frontal_bilateral,0.0,0.0,35
211-000552,2,SAD,41,Fz_Beta,bandpower,Fz,Beta,,frontal_bilateral,0.0,0.0,35
211-000552,2,SAD,42,F4_Alpha,bandpower,F4,Alpha,,frontal_bilateral,0.0,0.0,35
211-000552,2,SAD,43,F4_Beta,bandpower,F4,Beta,,frontal_bilateral,0.0,0.0,35
211-000552,2,SAD,44,F8_Alpha,bandpower,F8,Alpha,,other,0.0,0.0,35
211-000552,2,SAD,45,F8_Beta,bandpower,F8,Beta,,other,0.0,0.0,35
211-000552,2,SAD,46,T7_Alpha,bandpower,T7,Alpha,,temporal_left,0.00889883285408737,0.00889883285408737,35
211-000552,2,SAD,47,T7_Beta,bandpower,T7,Beta,,temporal_left,0.0032867388953599468,0.0032867388953599468,35
211-000552,2,SAD,48,FT7_Alpha,bandpower,FT7,Alpha,,temporal_left,0.0,0.0,35
211-000552,2,SAD,49,FT7_Beta,bandpower,FT7,Beta,,temporal_left,0.0,0.0,35
211-000552,2,SAD,50,FC3_Alpha,bandpower,FC3,Alpha,,frontal_bilateral,0.011787405705513277,0.011787405705513277,35
211-000552,2,SAD,51,FC3_Beta,bandpower,FC3,Beta,,frontal_bilateral,0.012760120947891754,0.012154953371828318,35
211-000552,2,SAD,52,F3_Alpha,bandpower,F3,Alpha,,frontal_bilateral,0.0,0.0,35
211-000552,2,SAD,53,F3_Beta,bandpower,F3,Beta,,frontal_bilateral,0.0,0.0,35
211-000552,2,SAD,54,Fp2_Alpha,bandpower,Fp2,Alpha,,frontal_bilateral,0.0,0.0,35
211-000552,2,SAD,55,Fp2_Beta,bandpower,Fp2,Beta,,frontal_bilateral,0.13622649238323212,0.0016875849530398254,35
211-000552,2,SAD,56,F7_Alpha,bandpower,F7,Alpha,,frontal_inferior_left,0.025250138519690456,0.001188237028585976,35
211-000552,2,SAD,57,F7_Beta,bandpower,F7,Beta,,frontal_inferior_left,0.0,0.0,35
211-000552,2,SAD,58,Fp1_Alpha,bandpower,Fp1,Alpha,,frontal_bilateral,0.0,0.0,35
211-000552,2,SAD,59,Fp1_Beta,bandpower,Fp1,Beta,,frontal_bilateral,0.0,0.0,35
211-000552,2,SAD,60,PO5_Alpha,bandpower,PO5,Alpha,,other,0.15404850287921112,0.08581869837229215,35
211-000552,2,SAD,61,PO5_Beta,bandpower,PO5,Beta,,other,0.13335866169634997,0.12237225550153898,35
211-000552,2,SAD,62,PO3_Alpha,bandpower,PO3,Alpha,,occipital,0.0,0.0,35
211-000552,2,SAD,63,PO3_Beta,bandpower,PO3,Beta,,occipital,0.11749966320288198,0.0606951596262001,35
211-000552,2,SAD,64,P1_Alpha,bandpower,P1,Alpha,,other,0.0,0.0,35
211-000552,2,SAD,65,P1_Beta,bandpower,P1,Beta,,other,0.24960684638180355,0.07415409946060929,35
211-000552,2,SAD,66,POz_Alpha,bandpower,POz,Alpha,,occipital,0.0,0.0,35
211-000552,2,SAD,67,POz_Beta,bandpower,POz,Beta,,occipital,0.0,0.0,35
211-000552,2,SAD,68,P2_Alpha,bandpower,P2,Alpha,,other,0.0,0.0,35
211-000552,2,SAD,69,P2_Beta,bandpower,P2,Beta,,other,0.0,0.0,35
211-000552,2,SAD,70,PO4_Alpha,bandpower,PO4,Alpha,,occipital,0.014950269330882384,0.012024856996871431,35
211-000552,2,SAD,71,PO4_Beta,bandpower,PO4,Beta,,occipital,0.050410490555791145,0.0140106653069444,35
211-000552,2,SAD,72,CP2_Alpha,bandpower,CP2,Alpha,,other,0.0,0.0,35
211-000552,2,SAD,73,CP2_Beta,bandpower,CP2,Beta,,other,0.0,0.0,35
211-000552,2,SAD,74,P6_Alpha,bandpower,P6,Alpha,,temporal_right,0.0,0.0,35
211-000552,2,SAD,75,P6_Beta,bandpower,P6,Beta,,temporal_right,0.0,0.0,35
211-000552,2,SAD,76,PO6_Alpha,bandpower,PO6,Alpha,,other,0.015306987223041364,-0.006276031909424587,35
211-000552,2,SAD,77,PO6_Beta,bandpower,PO6,Beta,,other,0.0,0.0,35
211-000552,2,SAD,78,CP6_Alpha,bandpower,CP6,Alpha,,temporal_right,0.016344036264398357,0.011179506903006578,35
211-000552,2,SAD,79,CP6_Beta,bandpower,CP6,Beta,,temporal_right,0.5075008667789873,0.5070375112175888,35
211-000552,2,SAD,80,C6_Alpha,bandpower,C6,Alpha,,temporal_right,0.0,0.0,35
211-000552,2,SAD,81,C6_Beta,bandpower,C6,Beta,,temporal_right,0.020541965089852125,-0.020541965089852125,35
211-000552,2,SAD,82,PO8_Alpha,bandpower,PO8,Alpha,,occipital,0.0,0.0,35
211-000552,2,SAD,83,PO8_Beta,bandpower,PO8,Beta,,occipital,0.0,0.0,35
211-000552,2,SAD,84,PO7_Alpha,bandpower,PO7,Alpha,,occipital,0.08787800916949363,0.08787800916949363,35
211-000552,2,SAD,85,PO7_Beta,bandpower,PO7,Beta,,occipital,0.4392153199186949,0.43450618775646266,35
211-000552,2,SAD,86,P5_Alpha,bandpower,P5,Alpha,,temporal_left,0.0,0.0,35
211-000552,2,SAD,87,P5_Beta,bandpower,P5,Beta,,temporal_left,0.0,0.0,35
211-000552,2,SAD,88,CP5_Alpha,bandpower,CP5,Alpha,,temporal_left,0.0,0.0,35
211-000552,2,SAD,89,CP5_Beta,bandpower,CP5,Beta,,temporal_left,0.0,0.0,35
211-000552,2,SAD,90,CP1_Alpha,bandpower,CP1,Alpha,,other,0.0,0.0,35
211-000552,2,SAD,91,CP1_Beta,bandpower,CP1,Beta,,other,0.0,0.0,35
211-000552,2,SAD,92,C1_Alpha,bandpower,C1,Alpha,,other,0.0,0.0,35
211-000552,2,SAD,93,C1_Beta,bandpower,C1,Beta,,other,0.0,0.0,35
211-000552,2,SAD,94,C2_Alpha,bandpower,C2,Alpha,,other,0.0,0.0,35
211-000552,2,SAD,95,C2_Beta,bandpower,C2,Beta,,other,0.0,0.0,35
211-000552,2,SAD,96,FC2_Alpha,bandpower,FC2,Alpha,,other,0.0,0.0,35
211-000552,2,SAD,97,FC2_Beta,bandpower,FC2,Beta,,other,0.0,0.0,35
211-000552,2,SAD,98,FC6_Alpha,bandpower,FC6,Alpha,,other,0.0,0.0,35
211-000552,2,SAD,99,FC6_Beta,bandpower,FC6,Beta,,other,0.0,0.0,35
211-000552,2,SAD,100,C5_Alpha,bandpower,C5,Alpha,,temporal_left,0.3161966530051828,0.3004084108641838,35
211-000552,2,SAD,101,C5_Beta,bandpower,C5,Beta,,temporal_left,0.8145839306924842,0.8145839306924842,35
211-000552,2,SAD,102,FC1_Alpha,bandpower,FC1,Alpha,,other,0.0,0.0,35
211-000552,2,SAD,103,FC1_Beta,bandpower,FC1,Beta,,other,0.0,0.0,35
211-000552,2,SAD,104,F2_Alpha,bandpower,F2,Alpha,,frontal_bilateral,0.006287378561660961,0.005958680636665849,35
211-000552,2,SAD,105,F2_Beta,bandpower,F2,Beta,,frontal_bilateral,0.0,0.0,35
211-000552,2,SAD,106,F6_Alpha,bandpower,F6,Alpha,,other,0.0,0.0,35
211-000552,2,SAD,107,F6_Beta,bandpower,F6,Beta,,other,0.0,0.0,35
211-000552,2,SAD,108,FC5_Alpha,bandpower,FC5,Alpha,,frontal_inferior_left,0.004439970535565871,0.003565122945648827,35
211-000552,2,SAD,109,FC5_Beta,bandpower,FC5,Beta,,frontal_inferior_left,0.0,0.0,35
211-000552,2,SAD,110,F1_Alpha,bandpower,F1,Alpha,,frontal_bilateral,0.0,0.0,35
211-000552,2,SAD,111,F1_Beta,bandpower,F1,Beta,,frontal_bilateral,0.0,0.0,35
211-000552,2,SAD,112,AF4_Alpha,bandpower,AF4,Alpha,,frontal_bilateral,0.0,0.0,35
211-000552,2,SAD,113,AF4_Beta,bandpower,AF4,Beta,,frontal_bilateral,0.0,0.0,35
211-000552,2,SAD,114,AF8_Alpha,bandpower,AF8,Alpha,,frontal_bilateral,0.2535356596215698,0.22888887425486887,35
211-000552,2,SAD,115,AF8_Beta,bandpower,AF8,Beta,,frontal_bilateral,0.2839942178266105,0.2659669501058573,35
211-000552,2,SAD,116,F5_Alpha,bandpower,F5,Alpha,,frontal_inferior_left,0.006183294879702449,0.003107204098485699,35
211-000552,2,SAD,117,F5_Beta,bandpower,F5,Beta,,frontal_inferior_left,0.0,0.0,35
211-000552,2,SAD,118,AF7_Alpha,bandpower,AF7,Alpha,,frontal_bilateral,0.0,0.0,35
211-000552,2,SAD,119,AF7_Beta,bandpower,AF7,Beta,,frontal_bilateral,0.0020758605722458055,0.0005271520319192138,35
211-000552,2,SAD,120,AF3_Alpha,bandpower,AF3,Alpha,,frontal_bilateral,0.26206843382872125,0.25211911064207176,35
211-000552,2,SAD,121,AF3_Beta,bandpower,AF3,Beta,,frontal_bilateral,0.1381451797374947,0.1381451797374947,35
211-000552,2,SAD,122,Fpz_Alpha,bandpower,Fpz,Alpha,,frontal_bilateral,0.0,0.0,35
211-000552,2,SAD,123,Fpz_Beta,bandpower,Fpz,Beta,,frontal_bilateral,0.00291128921235525,-0.0022704125634800763,35
211-000552,2,SAD,124,AlphaAsym_Fp2-Fp1,AlphaAsym,,,Fp2-Fp1,,0.006088410191194336,-0.0009984333687369444,35
211-000552,2,SAD,125,AlphaAsym_AF8-AF7,AlphaAsym,,,AF8-AF7,,0.7348638334791728,0.6494199001974894,35
211-000552,2,SAD,126,AlphaAsym_AF4-AF3,AlphaAsym,,,AF4-AF3,,0.0,0.0,35
211-000552,2,SAD,127,AlphaAsym_F8-F7,AlphaAsym,,,F8-F7,,0.0,0.0,35
211-000552,2,SAD,128,AlphaAsym_F6-F5,AlphaAsym,,,F6-F5,,0.0,0.0,35
211-000552,2,SAD,129,AlphaAsym_F4-F3,AlphaAsym,,,F4-F3,,0.0,0.0,35
211-000552,2,SAD,130,AlphaAsym_F2-F1,AlphaAsym,,,F2-F1,,0.0,0.0,35
211-000552,2,SAD,131,AlphaAsym_FC6-FC5,AlphaAsym,,,FC6-FC5,,0.0,0.0,35
211-000552,2,SAD,132,AlphaAsym_FC4-FC3,AlphaAsym,,,FC4-FC3,,0.25015114036018093,0.19381673890547096,35
211-000552,2,SAD,133,AlphaAsym_FC2-FC1,AlphaAsym,,,FC2-FC1,,0.0,0.0,35
211-000552,2,SAD,134,AlphaAsym_T8-T7,AlphaAsym,,,T8-T7,,0.0,0.0,35
211-000552,2,SAD,135,AlphaAsym_C6-C5,AlphaAsym,,,C6-C5,,0.1807454754836754,0.060787874662923534,35
211-000552,2,SAD,136,AlphaAsym_C4-C3,AlphaAsym,,,C4-C3,,0.12997227132699588,0.12714477982862435,35
211-000552,2,SAD,137,AlphaAsym_C2-C1,AlphaAsym,,,C2-C1,,0.0,0.0,35
211-000552,2,SAD,138,AlphaAsym_TP8-TP7,AlphaAsym,,,TP8-TP7,,0.0,0.0,35
211-000552,2,SAD,139,AlphaAsym_CP6-CP5,AlphaAsym,,,CP6-CP5,,0.1573025336907691,0.03586222794746974,35
211-000552,2,SAD,140,AlphaAsym_CP4-CP3,AlphaAsym,,,CP4-CP3,,0.0,0.0,35
211-000552,2,SAD,141,AlphaAsym_CP2-CP1,AlphaAsym,,,CP2-CP1,,0.0,0.0,35
211-000552,2,SAD,142,AlphaAsym_P8-P7,AlphaAsym,,,P8-P7,,0.0,0.0,35
211-000552,2,SAD,143,AlphaAsym_P6-P5,AlphaAsym,,,P6-P5,,0.0,0.0,35
211-000552,2,SAD,144,AlphaAsym_P4-P3,AlphaAsym,,,P4-P3,,0.0,0.0,35
211-000552,2,SAD,145,AlphaAsym_P2-P1,AlphaAsym,,,P2-P1,,0.0,0.0,35
211-000552,2,SAD,146,AlphaAsym_PO8-PO7,AlphaAsym,,,PO8-PO7,,0.012241553048994979,0.008254122073922877,35
211-000552,2,SAD,147,AlphaAsym_PO6-PO5,AlphaAsym,,,PO6-PO5,,0.0,0.0,35
211-000552,2,SAD,148,AlphaAsym_PO4-PO3,AlphaAsym,,,PO4-PO3,,0.0,0.0,35
211-000552,2,SAD,149,AlphaAsym_O2-O1,AlphaAsym,,,O2-O1,,0.0,0.0,35
211-000553,0,JOY,0,O2_Alpha,bandpower,O2,Alpha,,occipital,0.0,0.0,38
211-000553,0,JOY,1,O2_Beta,bandpower,O2,Beta,,occipital,0.0,0.0,38
211-000553,0,JOY,2,O1_Alpha,bandpower,O1,Alpha,,occipital,0.0,0.0,38
211-000553,0,JOY,3,O1_Beta,bandpower,O1,Beta,,occipital,0.0,0.0,38
211-000553,0,JOY,4,Oz_Alpha,bandpower,Oz,Alpha,,occipital,0.0,0.0,38
211-000553,0,JOY,5,Oz_Beta,bandpower,Oz,Beta,,occipital,0.0,0.0,38
211-000553,0,JOY,6,Pz_Alpha,bandpower,Pz,Alpha,,parietal_midline,0.0,0.0,38
211-000553,0,JOY,7,Pz_Beta,bandpower,Pz,Beta,,parietal_midline,0.0,0.0,38
211-000553,0,JOY,8,P4_Alpha,bandpower,P4,Alpha,,other,0.0,0.0,38
211-000553,0,JOY,9,P4_Beta,bandpower,P4,Beta,,other,0.0,0.0,38
211-000553,0,JOY,10,CP4_Alpha,bandpower,CP4,Alpha,,temporal_right,0.0,0.0,38
211-000553,0,JOY,11,CP4_Beta,bandpower,CP4,Beta,,temporal_right,0.0,0.0,38
211-000553,0,JOY,12,P8_Alpha,bandpower,P8,Alpha,,temporal_right,0.0,0.0,38
211-000553,0,JOY,13,P8_Beta,bandpower,P8,Beta,,temporal_right,0.0,0.0,38
211-000553,0,JOY,14,C4_Alpha,bandpower,C4,Alpha,,other,0.0,0.0,38
211-000553,0,JOY,15,C4_Beta,bandpower,C4,Beta,,other,0.0,0.0,38
211-000553,0,JOY,16,TP8_Alpha,bandpower,TP8,Alpha,,temporal_right,0.0,0.0,38
211-000553,0,JOY,17,TP8_Beta,bandpower,TP8,Beta,,temporal_right,0.0,0.0,38
211-000553,0,JOY,18,T8_Alpha,bandpower,T8,Alpha,,temporal_right,0.0,0.0,38
211-000553,0,JOY,19,T8_Beta,bandpower,T8,Beta,,temporal_right,0.0,0.0,38
211-000553,0,JOY,20,P7_Alpha,bandpower,P7,Alpha,,temporal_left,0.0,0.0,38
211-000553,0,JOY,21,P7_Beta,bandpower,P7,Beta,,temporal_left,0.0,0.0,38
211-000553,0,JOY,22,P3_Alpha,bandpower,P3,Alpha,,centro_parietal_left,0.0,0.0,38
211-000553,0,JOY,23,P3_Beta,bandpower,P3,Beta,,centro_parietal_left,0.0,0.0,38
211-000553,0,JOY,24,CP3_Alpha,bandpower,CP3,Alpha,,temporal_left,0.0,0.0,38
211-000553,0,JOY,25,CP3_Beta,bandpower,CP3,Beta,,temporal_left,0.0,0.0,38
211-000553,0,JOY,26,CPz_Alpha,bandpower,CPz,Alpha,,parietal_midline,0.0,0.0,38
211-000553,0,JOY,27,CPz_Beta,bandpower,CPz,Beta,,parietal_midline,0.0,0.0,38
211-000553,0,JOY,28,Cz_Alpha,bandpower,Cz,Alpha,,parietal_midline,0.003950449282739436,-0.0019248771509070913,38
211-000553,0,JOY,29,Cz_Beta,bandpower,Cz,Beta,,parietal_midline,0.0,0.0,38
211-000553,0,JOY,30,FC4_Alpha,bandpower,FC4,Alpha,,frontal_bilateral,0.0,0.0,38
211-000553,0,JOY,31,FC4_Beta,bandpower,FC4,Beta,,frontal_bilateral,0.11280265270610201,-0.05465358109974048,38
211-000553,0,JOY,32,FT8_Alpha,bandpower,FT8,Alpha,,temporal_right,0.07169101226358186,0.010640126284408585,38
211-000553,0,JOY,33,FT8_Beta,bandpower,FT8,Beta,,temporal_right,0.0,0.0,38
211-000553,0,JOY,34,TP7_Alpha,bandpower,TP7,Alpha,,temporal_left,0.0,0.0,38
211-000553,0,JOY,35,TP7_Beta,bandpower,TP7,Beta,,temporal_left,0.0,0.0,38
211-000553,0,JOY,36,C3_Alpha,bandpower,C3,Alpha,,centro_parietal_left,0.2012775841461261,0.1417319653962206,38
211-000553,0,JOY,37,C3_Beta,bandpower,C3,Beta,,centro_parietal_left,0.10841305614710843,0.01784254544983298,38
211-000553,0,JOY,38,FCz_Alpha,bandpower,FCz,Alpha,,frontal_bilateral,0.006707063793607085,-0.0029108434945285403,38
211-000553,0,JOY,39,FCz_Beta,bandpower,FCz,Beta,,frontal_bilateral,0.0,0.0,38
211-000553,0,JOY,40,Fz_Alpha,bandpower,Fz,Alpha,,frontal_bilateral,0.015057304323362677,0.011380346684112095,38
211-000553,0,JOY,41,Fz_Beta,bandpower,Fz,Beta,,frontal_bilateral,0.0,0.0,38
211-000553,0,JOY,42,F4_Alpha,bandpower,F4,Alpha,,frontal_bilateral,0.02303222986675668,-0.0054321420169516355,38
211-000553,0,JOY,43,F4_Beta,bandpower,F4,Beta,,frontal_bilateral,0.0,0.0,38
211-000553,0,JOY,44,F8_Alpha,bandpower,F8,Alpha,,other,0.05890540794923388,-0.029500313969368672,38
211-000553,0,JOY,45,F8_Beta,bandpower,F8,Beta,,other,0.0,0.0,38
211-000553,0,JOY,46,T7_Alpha,bandpower,T7,Alpha,,temporal_left,0.0,0.0,38
211-000553,0,JOY,47,T7_Beta,bandpower,T7,Beta,,temporal_left,0.017154321209712917,-0.008614578236960201,38
211-000553,0,JOY,48,FT7_Alpha,bandpower,FT7,Alpha,,temporal_left,0.019744978342324554,-0.002970208607613463,38
211-000553,0,JOY,49,FT7_Beta,bandpower,FT7,Beta,,temporal_left,0.013404475790552775,-0.001862393409450538,38
211-000553,0,JOY,50,FC3_Alpha,bandpower,FC3,Alpha,,frontal_bilateral,0.01722370530570966,0.0011825297120588412,38
211-000553,0,JOY,51,FC3_Beta,bandpower,FC3,Beta,,frontal_bilateral,0.0,0.0,38
211-000553,0,JOY,52,F3_Alpha,bandpower,F3,Alpha,,frontal_bilateral,0.0,0.0,38
211-000553,0,JOY,53,F3_Beta,bandpower,F3,Beta,,frontal_bilateral,0.12015951196286656,0.02336027733563933,38
211-000553,0,JOY,54,Fp2_Alpha,bandpower,Fp2,Alpha,,frontal_bilateral,0.49911769149562923,0.37847416625941516,38
211-000553,0,JOY,55,Fp2_Beta,bandpower,Fp2,Beta,,frontal_bilateral,0.7139042406411182,0.6807656408166624,38
211-000553,0,JOY,56,F7_Alpha,bandpower,F7,Alpha,,frontal_inferior_left,0.0,0.0,38
211-000553,0,JOY,57,F7_Beta,bandpower,F7,Beta,,frontal_inferior_left,0.038423658783559134,-0.005962940543073704,38
211-000553,0,JOY,58,Fp1_Alpha,bandpower,Fp1,Alpha,,frontal_bilateral,0.028972799634041063,-0.002772068483056544,38
211-000553,0,JOY,59,Fp1_Beta,bandpower,Fp1,Beta,,frontal_bilateral,0.4776354716716571,0.38015898622211636,38
211-000553,0,JOY,60,PO5_Alpha,bandpower,PO5,Alpha,,other,0.012222186624270293,0.004984640227309783,38
211-000553,0,JOY,61,PO5_Beta,bandpower,PO5,Beta,,other,0.0,0.0,38
211-000553,0,JOY,62,PO3_Alpha,bandpower,PO3,Alpha,,occipital,0.0,0.0,38
211-000553,0,JOY,63,PO3_Beta,bandpower,PO3,Beta,,occipital,0.039500329470270046,-0.015519239884627056,38
211-000553,0,JOY,64,P1_Alpha,bandpower,P1,Alpha,,other,0.14251968121746747,-0.05616481747652254,38
211-000553,0,JOY,65,P1_Beta,bandpower,P1,Beta,,other,0.0,0.0,38
211-000553,0,JOY,66,POz_Alpha,bandpower,POz,Alpha,,occipital,0.0,0.0,38
211-000553,0,JOY,67,POz_Beta,bandpower,POz,Beta,,occipital,0.0,0.0,38
211-000553,0,JOY,68,P2_Alpha,bandpower,P2,Alpha,,other,0.06324050184707938,-0.03956103923768588,38
211-000553,0,JOY,69,P2_Beta,bandpower,P2,Beta,,other,0.0,0.0,38
211-000553,0,JOY,70,PO4_Alpha,bandpower,PO4,Alpha,,occipital,0.0,0.0,38
211-000553,0,JOY,71,PO4_Beta,bandpower,PO4,Beta,,occipital,0.0,0.0,38
211-000553,0,JOY,72,CP2_Alpha,bandpower,CP2,Alpha,,other,0.0,0.0,38
211-000553,0,JOY,73,CP2_Beta,bandpower,CP2,Beta,,other,0.0,0.0,38
211-000553,0,JOY,74,P6_Alpha,bandpower,P6,Alpha,,temporal_right,0.3018188147422807,0.11532963912150673,38
211-000553,0,JOY,75,P6_Beta,bandpower,P6,Beta,,temporal_right,0.0,0.0,38
211-000553,0,JOY,76,PO6_Alpha,bandpower,PO6,Alpha,,other,0.0,0.0,38
211-000553,0,JOY,77,PO6_Beta,bandpower,PO6,Beta,,other,0.0,0.0,38
211-000553,0,JOY,78,CP6_Alpha,bandpower,CP6,Alpha,,temporal_right,0.0,0.0,38
211-000553,0,JOY,79,CP6_Beta,bandpower,CP6,Beta,,temporal_right,0.0,0.0,38
211-000553,0,JOY,80,C6_Alpha,bandpower,C6,Alpha,,temporal_right,0.0,0.0,38
211-000553,0,JOY,81,C6_Beta,bandpower,C6,Beta,,temporal_right,0.0,0.0,38
211-000553,0,JOY,82,PO8_Alpha,bandpower,PO8,Alpha,,occipital,0.0,0.0,38
211-000553,0,JOY,83,PO8_Beta,bandpower,PO8,Beta,,occipital,0.0,0.0,38
211-000553,0,JOY,84,PO7_Alpha,bandpower,PO7,Alpha,,occipital,0.6342315139005094,0.5283641649588989,38
211-000553,0,JOY,85,PO7_Beta,bandpower,PO7,Beta,,occipital,0.44968507155974713,0.36730703486813043,38
211-000553,0,JOY,86,P5_Alpha,bandpower,P5,Alpha,,temporal_left,0.0,0.0,38
211-000553,0,JOY,87,P5_Beta,bandpower,P5,Beta,,temporal_left,0.0,0.0,38
211-000553,0,JOY,88,CP5_Alpha,bandpower,CP5,Alpha,,temporal_left,0.0,0.0,38
211-000553,0,JOY,89,CP5_Beta,bandpower,CP5,Beta,,temporal_left,0.0,0.0,38
211-000553,0,JOY,90,CP1_Alpha,bandpower,CP1,Alpha,,other,0.0,0.0,38
211-000553,0,JOY,91,CP1_Beta,bandpower,CP1,Beta,,other,0.0,0.0,38
211-000553,0,JOY,92,C1_Alpha,bandpower,C1,Alpha,,other,0.0,0.0,38
211-000553,0,JOY,93,C1_Beta,bandpower,C1,Beta,,other,0.0,0.0,38
211-000553,0,JOY,94,C2_Alpha,bandpower,C2,Alpha,,other,0.0,0.0,38
211-000553,0,JOY,95,C2_Beta,bandpower,C2,Beta,,other,0.0,0.0,38
211-000553,0,JOY,96,FC2_Alpha,bandpower,FC2,Alpha,,other,0.11705617748693029,-0.01815960941566402,38
211-000553,0,JOY,97,FC2_Beta,bandpower,FC2,Beta,,other,0.024178681334063284,-0.017102438511057683,38
211-000553,0,JOY,98,FC6_Alpha,bandpower,FC6,Alpha,,other,0.0,0.0,38
211-000553,0,JOY,99,FC6_Beta,bandpower,FC6,Beta,,other,0.0,0.0,38
211-000553,0,JOY,100,C5_Alpha,bandpower,C5,Alpha,,temporal_left,0.0,0.0,38
211-000553,0,JOY,101,C5_Beta,bandpower,C5,Beta,,temporal_left,0.0,0.0,38
211-000553,0,JOY,102,FC1_Alpha,bandpower,FC1,Alpha,,other,0.0,0.0,38
211-000553,0,JOY,103,FC1_Beta,bandpower,FC1,Beta,,other,0.0,0.0,38
211-000553,0,JOY,104,F2_Alpha,bandpower,F2,Alpha,,frontal_bilateral,0.0,0.0,38
211-000553,0,JOY,105,F2_Beta,bandpower,F2,Beta,,frontal_bilateral,0.0,0.0,38
211-000553,0,JOY,106,F6_Alpha,bandpower,F6,Alpha,,other,0.0,0.0,38
211-000553,0,JOY,107,F6_Beta,bandpower,F6,Beta,,other,0.0,0.0,38
211-000553,0,JOY,108,FC5_Alpha,bandpower,FC5,Alpha,,frontal_inferior_left,0.0,0.0,38
211-000553,0,JOY,109,FC5_Beta,bandpower,FC5,Beta,,frontal_inferior_left,0.0,0.0,38
211-000553,0,JOY,110,F1_Alpha,bandpower,F1,Alpha,,frontal_bilateral,0.0,0.0,38
211-000553,0,JOY,111,F1_Beta,bandpower,F1,Beta,,frontal_bilateral,0.0,0.0,38
211-000553,0,JOY,112,AF4_Alpha,bandpower,AF4,Alpha,,frontal_bilateral,0.17238457196068752,0.012693466751785258,38
211-000553,0,JOY,113,AF4_Beta,bandpower,AF4,Beta,,frontal_bilateral,0.0,0.0,38
211-000553,0,JOY,114,AF8_Alpha,bandpower,AF8,Alpha,,frontal_bilateral,0.22118671781420005,0.1374594500050052,38
211-000553,0,JOY,115,AF8_Beta,bandpower,AF8,Beta,,frontal_bilateral,0.0,0.0,38
211-000553,0,JOY,116,F5_Alpha,bandpower,F5,Alpha,,frontal_inferior_left,0.0,0.0,38
211-000553,0,JOY,117,F5_Beta,bandpower,F5,Beta,,frontal_inferior_left,0.0,0.0,38
211-000553,0,JOY,118,AF7_Alpha,bandpower,AF7,Alpha,,frontal_bilateral,0.0,0.0,38
211-000553,0,JOY,119,AF7_Beta,bandpower,AF7,Beta,,frontal_bilateral,0.0,0.0,38
211-000553,0,JOY,120,AF3_Alpha,bandpower,AF3,Alpha,,frontal_bilateral,0.0,0.0,38
211-000553,0,JOY,121,AF3_Beta,bandpower,AF3,Beta,,frontal_bilateral,0.0,0.0,38
211-000553,0,JOY,122,Fpz_Alpha,bandpower,Fpz,Alpha,,frontal_bilateral,0.0,0.0,38
211-000553,0,JOY,123,Fpz_Beta,bandpower,Fpz,Beta,,frontal_bilateral,0.0,0.0,38
211-000553,0,JOY,124,AlphaAsym_Fp2-Fp1,AlphaAsym,,,Fp2-Fp1,,0.19881586296134016,0.0673447659667568,38
211-000553,0,JOY,125,AlphaAsym_AF8-AF7,AlphaAsym,,,AF8-AF7,,0.04057870483012374,0.00917102178599638,38
211-000553,0,JOY,126,AlphaAsym_AF4-AF3,AlphaAsym,,,AF4-AF3,,0.23207603496207943,0.11596872765490895,38
211-000553,0,JOY,127,AlphaAsym_F8-F7,AlphaAsym,,,F8-F7,,0.0,0.0,38
211-000553,0,JOY,128,AlphaAsym_F6-F5,AlphaAsym,,,F6-F5,,0.026116896759157796,-0.0009647955114962803,38
211-000553,0,JOY,129,AlphaAsym_F4-F3,AlphaAsym,,,F4-F3,,0.33507908588502544,0.1877675337336477,38
211-000553,0,JOY,130,AlphaAsym_F2-F1,AlphaAsym,,,F2-F1,,0.0,0.0,38
211-000553,0,JOY,131,AlphaAsym_FC6-FC5,AlphaAsym,,,FC6-FC5,,0.0,0.0,38
211-000553,0,JOY,132,AlphaAsym_FC4-FC3,AlphaAsym,,,FC4-FC3,,0.0007421475199698382,-0.0001723059437562018,38
211-000553,0,JOY,133,AlphaAsym_FC2-FC1,AlphaAsym,,,FC2-FC1,,0.053941959735872055,0.010774506641394215,38
211-000553,0,JOY,134,AlphaAsym_T8-T7,AlphaAsym,,,T8-T7,,0.0,0.0,38
211-000553,0,JOY,135,AlphaAsym_C6-C5,AlphaAsym,,,C6-C5,,0.0,0.0,38
211-000553,0,JOY,136,AlphaAsym_C4-C3,AlphaAsym,,,C4-C3,,0.47785660200223185,0.42452264844887777,38
211-000553,0,JOY,137,AlphaAsym_C2-C1,AlphaAsym,,,C2-C1,,0.0,0.0,38
211-000553,0,JOY,138,AlphaAsym_TP8-TP7,AlphaAsym,,,TP8-TP7,,0.0,0.0,38
211-000553,0,JOY,139,AlphaAsym_CP6-CP5,AlphaAsym,,,CP6-CP5,,0.0,0.0,38
211-000553,0,JOY,140,AlphaAsym_CP4-CP3,AlphaAsym,,,CP4-CP3,,0.0,0.0,38
211-000553,0,JOY,141,AlphaAsym_CP2-CP1,AlphaAsym,,,CP2-CP1,,0.0,0.0,38
211-000553,0,JOY,142,AlphaAsym_P8-P7,AlphaAsym,,,P8-P7,,0.0,0.0,38
211-000553,0,JOY,143,AlphaAsym_P6-P5,AlphaAsym,,,P6-P5,,0.10304694749417448,0.008689235472322242,38
211-000553,0,JOY,144,AlphaAsym_P4-P3,AlphaAsym,,,P4-P3,,0.0,0.0,38
211-000553,0,JOY,145,AlphaAsym_P2-P1,AlphaAsym,,,P2-P1,,0.0,0.0,38
211-000553,0,JOY,146,AlphaAsym_PO8-PO7,AlphaAsym,,,PO8-PO7,,0.3036246594106469,0.06747489105462934,38
211-000553,0,JOY,147,AlphaAsym_PO6-PO5,AlphaAsym,,,PO6-PO5,,0.0011678188745935887,-0.00016818381380861343,38
211-000553,0,JOY,148,AlphaAsym_PO4-PO3,AlphaAsym,,,PO4-PO3,,0.017721970694462064,-0.008798498804557183,38
211-000553,0,JOY,149,AlphaAsym_O2-O1,AlphaAsym,,,O2-O1,,0.0,0.0,38
211-000553,1,NEUTRO,0,O2_Alpha,bandpower,O2,Alpha,,occipital,0.0,0.0,35
211-000553,1,NEUTRO,1,O2_Beta,bandpower,O2,Beta,,occipital,0.038704992794835795,0.03226981483184557,35
211-000553,1,NEUTRO,2,O1_Alpha,bandpower,O1,Alpha,,occipital,0.00019806005937136732,0.00019806005937136732,35
211-000553,1,NEUTRO,3,O1_Beta,bandpower,O1,Beta,,occipital,0.045613230352170644,0.0432027765820586,35
211-000553,1,NEUTRO,4,Oz_Alpha,bandpower,Oz,Alpha,,occipital,0.0,0.0,35
211-000553,1,NEUTRO,5,Oz_Beta,bandpower,Oz,Beta,,occipital,0.034660786222780536,0.032752056554053895,35
211-000553,1,NEUTRO,6,Pz_Alpha,bandpower,Pz,Alpha,,parietal_midline,0.0,0.0,35
211-000553,1,NEUTRO,7,Pz_Beta,bandpower,Pz,Beta,,parietal_midline,0.007003024453455199,0.006078412705502451,35
211-000553,1,NEUTRO,8,P4_Alpha,bandpower,P4,Alpha,,other,0.0,0.0,35
211-000553,1,NEUTRO,9,P4_Beta,bandpower,P4,Beta,,other,0.05340797494041251,0.05139926690783579,35
211-000553,1,NEUTRO,10,CP4_Alpha,bandpower,CP4,Alpha,,temporal_right,0.0,0.0,35
211-000553,1,NEUTRO,11,CP4_Beta,bandpower,CP4,Beta,,temporal_right,0.038835449756118155,0.036065734092365395,35
211-000553,1,NEUTRO,12,P8_Alpha,bandpower,P8,Alpha,,temporal_right,0.0,0.0,35
211-000553,1,NEUTRO,13,P8_Beta,bandpower,P8,Beta,,temporal_right,0.051630733773245334,0.045839916523255954,35
211-000553,1,NEUTRO,14,C4_Alpha,bandpower,C4,Alpha,,other,0.0,0.0,35
211-000553,1,NEUTRO,15,C4_Beta,bandpower,C4,Beta,,other,0.0,0.0,35
211-000553,1,NEUTRO,16,TP8_Alpha,bandpower,TP8,Alpha,,temporal_right,0.0,0.0,35
211-000553,1,NEUTRO,17,TP8_Beta,bandpower,TP8,Beta,,temporal_right,0.027028955619627204,0.022991284512243405,35
211-000553,1,NEUTRO,18,T8_Alpha,bandpower,T8,Alpha,,temporal_right,0.0,0.0,35
211-000553,1,NEUTRO,19,T8_Beta,bandpower,T8,Beta,,temporal_right,0.04563139862876871,0.03956654629103762,35
211-000553,1,NEUTRO,20,P7_Alpha,bandpower,P7,Alpha,,temporal_left,0.019270526453459513,0.019192915392817776,35
211-000553,1,NEUTRO,21,P7_Beta,bandpower,P7,Beta,,temporal_left,0.04678121447073739,0.042987661600984,35
211-000553,1,NEUTRO,22,P3_Alpha,bandpower,P3,Alpha,,centro_parietal_left,0.05214145861323474,0.03363058627269162,35
211-000553,1,NEUTRO,23,P3_Beta,bandpower,P3,Beta,,centro_parietal_left,0.11192616429504977,0.08792853955018663,35
211-000553,1,NEUTRO,24,CP3_Alpha,bandpower,CP3,Alpha,,temporal_left,0.0,0.0,35
211-000553,1,NEUTRO,25,CP3_Beta,bandpower,CP3,Beta,,temporal_left,0.019527738226395183,0.018536418440664042,35
211-000553,1,NEUTRO,26,CPz_Alpha,bandpower,CPz,Alpha,,parietal_midline,0.0,0.0,35
211-000553,1,NEUTRO,27,CPz_Beta,bandpower,CPz,Beta,,parietal_midline,0.008233839501877322,0.005978393513628373,35
211-000553,1,NEUTRO,28,Cz_Alpha,bandpower,Cz,Alpha,,parietal_midline,0.038083775956491955,0.035505898262420274,35
211-000553,1,NEUTRO,29,Cz_Beta,bandpower,Cz,Beta,,parietal_midline,0.04561666493125847,0.03997278769483252,35
211-000553,1,NEUTRO,30,FC4_Alpha,bandpower,FC4,Alpha,,frontal_bilateral,0.0,0.0,35
211-000553,1,NEUTRO,31,FC4_Beta,bandpower,FC4,Beta,,frontal_bilateral,0.0,0.0,35
211-000553,1,NEUTRO,32,FT8_Alpha,bandpower,FT8,Alpha,,temporal_right,0.010069042802971,0.006317189808974495,35
211-000553,1,NEUTRO,33,FT8_Beta,bandpower,FT8,Beta,,temporal_right,0.05264244935743434,0.04213283759890233,35
211-000553,1,NEUTRO,34,TP7_Alpha,bandpower,TP7,Alpha,,temporal_left,0.0,0.0,35
211-000553,1,NEUTRO,35,TP7_Beta,bandpower,TP7,Beta,,temporal_left,0.018160103833545698,0.016768276340421818,35
211-000553,1,NEUTRO,36,C3_Alpha,bandpower,C3,Alpha,,centro_parietal_left,0.0,0.0,35
211-000553,1,NEUTRO,37,C3_Beta,bandpower,C3,Beta,,centro_parietal_left,0.0,0.0,35
211-000553,1,NEUTRO,38,FCz_Alpha,bandpower,FCz,Alpha,,frontal_bilateral,0.0,0.0,35
211-000553,1,NEUTRO,39,FCz_Beta,bandpower,FCz,Beta,,frontal_bilateral,0.014611510234018788,0.009416740865842805,35
211-000553,1,NEUTRO,40,Fz_Alpha,bandpower,Fz,Alpha,,frontal_bilateral,0.09616772381553339,0.031531781737919366,35
211-000553,1,NEUTRO,41,Fz_Beta,bandpower,Fz,Beta,,frontal_bilateral,0.022449612684771532,0.022449612684771532,35
211-000553,1,NEUTRO,42,F4_Alpha,bandpower,F4,Alpha,,frontal_bilateral,0.0,0.0,35
211-000553,1,NEUTRO,43,F4_Beta,bandpower,F4,Beta,,frontal_bilateral,0.0,0.0,35
211-000553,1,NEUTRO,44,F8_Alpha,bandpower,F8,Alpha,,other,0.04114874330172159,-0.016389284871678143,35
211-000553,1,NEUTRO,45,F8_Beta,bandpower,F8,Beta,,other,0.0012629813730916707,-0.001024861923324033,35
211-000553,1,NEUTRO,46,T7_Alpha,bandpower,T7,Alpha,,temporal_left,0.0,0.0,35
211-000553,1,NEUTRO,47,T7_Beta,bandpower,T7,Beta,,temporal_left,0.0,0.0,35
211-000553,1,NEUTRO,48,FT7_Alpha,bandpower,FT7,Alpha,,temporal_left,0.09300592291223893,0.08353400748080238,35
211-000553,1,NEUTRO,49,FT7_Beta,bandpower,FT7,Beta,,temporal_left,0.02133179008371146,0.02133179008371146,35
211-000553,1,NEUTRO,50,FC3_Alpha,bandpower,FC3,Alpha,,frontal_bilateral,0.03167702778391843,0.011130128139823675,35
211-000553,1,NEUTRO,51,FC3_Beta,bandpower,FC3,Beta,,frontal_bilateral,0.0,0.0,35
211-000553,1,NEUTRO,52,F3_Alpha,bandpower,F3,Alpha,,frontal_bilateral,0.0,0.0,35
211-000553,1,NEUTRO,53,F3_Beta,bandpower,F3,Beta,,frontal_bilateral,0.0,0.0,35
211-000553,1,NEUTRO,54,Fp2_Alpha,bandpower,Fp2,Alpha,,frontal_bilateral,0.010115087271198043,-0.00029627954562572563,35
211-000553,1,NEUTRO,55,Fp2_Beta,bandpower,Fp2,Beta,,frontal_bilateral,0.0,0.0,35
211-000553,1,NEUTRO,56,F7_Alpha,bandpower,F7,Alpha,,frontal_inferior_left,0.18155152753968945,0.004851013793551719,35
211-000553,1,NEUTRO,57,F7_Beta,bandpower,F7,Beta,,frontal_inferior_left,0.0913958121279378,-0.0002836401357901863,35
211-000553,1,NEUTRO,58,Fp1_Alpha,bandpower,Fp1,Alpha,,frontal_bilateral,0.00011633563307070078,-9.173562360944517e-05,35
211-000553,1,NEUTRO,59,Fp1_Beta,bandpower,Fp1,Beta,,frontal_bilateral,0.007739854642871369,0.0023471066180323964,35
211-000553,1,NEUTRO,60,PO5_Alpha,bandpower,PO5,Alpha,,other,0.17538177720036888,0.11535435998205626,35
211-000553,1,NEUTRO,61,PO5_Beta,bandpower,PO5,Beta,,other,0.18823739639002834,0.09611849375620916,35
211-000553,1,NEUTRO,62,PO3_Alpha,bandpower,PO3,Alpha,,occipital,0.024664679425234728,0.004493808990717368,35
211-000553,1,NEUTRO,63,PO3_Beta,bandpower,PO3,Beta,,occipital,0.05140925799397949,-0.01689583900005391,35
211-000553,1,NEUTRO,64,P1_Alpha,bandpower,P1,Alpha,,other,0.39814942959224026,0.04734766602515572,35
211-000553,1,NEUTRO,65,P1_Beta,bandpower,P1,Beta,,other,0.0,0.0,35
211-000553,1,NEUTRO,66,POz_Alpha,bandpower,POz,Alpha,,occipital,0.0,0.0,35
211-000553,1,NEUTRO,67,POz_Beta,bandpower,POz,Beta,,occipital,0.0017897371934562185,0.0017897371934562185,35
211-000553,1,NEUTRO,68,P2_Alpha,bandpower,P2,Alpha,,other,0.05501442549073989,-0.012080786579338214,35
211-000553,1,NEUTRO,69,P2_Beta,bandpower,P2,Beta,,other,0.0,0.0,35
211-000553,1,NEUTRO,70,PO4_Alpha,bandpower,PO4,Alpha,,occipital,0.0,0.0,35
211-000553,1,NEUTRO,71,PO4_Beta,bandpower,PO4,Beta,,occipital,0.0,0.0,35
211-000553,1,NEUTRO,72,CP2_Alpha,bandpower,CP2,Alpha,,other,0.0,0.0,35
211-000553,1,NEUTRO,73,CP2_Beta,bandpower,CP2,Beta,,other,0.0,0.0,35
211-000553,1,NEUTRO,74,P6_Alpha,bandpower,P6,Alpha,,temporal_right,0.11737835561902915,-0.03789408451374062,35
211-000553,1,NEUTRO,75,P6_Beta,bandpower,P6,Beta,,temporal_right,0.0,0.0,35
211-000553,1,NEUTRO,76,PO6_Alpha,bandpower,PO6,Alpha,,other,0.0062763361841036746,-0.0028621732319041417,35
211-000553,1,NEUTRO,77,PO6_Beta,bandpower,PO6,Beta,,other,0.0,0.0,35
211-000553,1,NEUTRO,78,CP6_Alpha,bandpower,CP6,Alpha,,temporal_right,0.0,0.0,35
211-000553,1,NEUTRO,79,CP6_Beta,bandpower,CP6,Beta,,temporal_right,0.0,0.0,35
211-000553,1,NEUTRO,80,C6_Alpha,bandpower,C6,Alpha,,temporal_right,0.0,0.0,35
211-000553,1,NEUTRO,81,C6_Beta,bandpower,C6,Beta,,temporal_right,0.0,0.0,35
211-000553,1,NEUTRO,82,PO8_Alpha,bandpower,PO8,Alpha,,occipital,0.008425447443782494,0.00838961255578283,35
211-000553,1,NEUTRO,83,PO8_Beta,bandpower,PO8,Beta,,occipital,0.055155195457047786,0.052597832166408426,35
211-000553,1,NEUTRO,84,PO7_Alpha,bandpower,PO7,Alpha,,occipital,0.010032727232835626,0.0022714026061065986,35
211-000553,1,NEUTRO,85,PO7_Beta,bandpower,PO7,Beta,,occipital,0.0,0.0,35
211-000553,1,NEUTRO,86,P5_Alpha,bandpower,P5,Alpha,,temporal_left,0.0,0.0,35
211-000553,1,NEUTRO,87,P5_Beta,bandpower,P5,Beta,,temporal_left,0.0,0.0,35
211-000553,1,NEUTRO,88,CP5_Alpha,bandpower,CP5,Alpha,,temporal_left,0.0,0.0,35
211-000553,1,NEUTRO,89,CP5_Beta,bandpower,CP5,Beta,,temporal_left,0.0008986121230577297,0.0008684181283644847,35
211-000553,1,NEUTRO,90,CP1_Alpha,bandpower,CP1,Alpha,,other,0.0,0.0,35
211-000553,1,NEUTRO,91,CP1_Beta,bandpower,CP1,Beta,,other,0.0,0.0,35
211-000553,1,NEUTRO,92,C1_Alpha,bandpower,C1,Alpha,,other,0.0,0.0,35
211-000553,1,NEUTRO,93,C1_Beta,bandpower,C1,Beta,,other,0.041881326547840346,0.03481526307038547,35
211-000553,1,NEUTRO,94,C2_Alpha,bandpower,C2,Alpha,,other,0.0,0.0,35
211-000553,1,NEUTRO,95,C2_Beta,bandpower,C2,Beta,,other,0.0,0.0,35
211-000553,1,NEUTRO,96,FC2_Alpha,bandpower,FC2,Alpha,,other,0.03069111819808858,-0.008061577680996171,35
211-000553,1,NEUTRO,97,FC2_Beta,bandpower,FC2,Beta,,other,0.0,0.0,35
211-000553,1,NEUTRO,98,FC6_Alpha,bandpower,FC6,Alpha,,other,0.0,0.0,35
211-000553,1,NEUTRO,99,FC6_Beta,bandpower,FC6,Beta,,other,0.0,0.0,35
211-000553,1,NEUTRO,100,C5_Alpha,bandpower,C5,Alpha,,temporal_left,0.0,0.0,35
211-000553,1,NEUTRO,101,C5_Beta,bandpower,C5,Beta,,temporal_left,0.00208969956534539,0.0014191062916647933,35
211-000553,1,NEUTRO,102,FC1_Alpha,bandpower,FC1,Alpha,,other,0.0,0.0,35
211-000553,1,NEUTRO,103,FC1_Beta,bandpower,FC1,Beta,,other,0.0,0.0,35
211-000553,1,NEUTRO,104,F2_Alpha,bandpower,F2,Alpha,,frontal_bilateral,0.0,0.0,35
211-000553,1,NEUTRO,105,F2_Beta,bandpower,F2,Beta,,frontal_bilateral,0.062387989377691966,0.06065552490113722,35
211-000553,1,NEUTRO,106,F6_Alpha,bandpower,F6,Alpha,,other,0.0,0.0,35
211-000553,1,NEUTRO,107,F6_Beta,bandpower,F6,Beta,,other,0.0,0.0,35
211-000553,1,NEUTRO,108,FC5_Alpha,bandpower,FC5,Alpha,,frontal_inferior_left,0.056168454431410574,0.043857586387983497,35
211-000553,1,NEUTRO,109,FC5_Beta,bandpower,FC5,Beta,,frontal_inferior_left,0.028335005209802623,0.025137276433623915,35
211-000553,1,NEUTRO,110,F1_Alpha,bandpower,F1,Alpha,,frontal_bilateral,0.0,0.0,35
211-000553,1,NEUTRO,111,F1_Beta,bandpower,F1,Beta,,frontal_bilateral,0.02609273852787769,0.02609273852787769,35
211-000553,1,NEUTRO,112,AF4_Alpha,bandpower,AF4,Alpha,,frontal_bilateral,0.020711441330064955,-0.011326931189255915,35
211-000553,1,NEUTRO,113,AF4_Beta,bandpower,AF4,Beta,,frontal_bilateral,0.0,0.0,35
211-000553,1,NEUTRO,114,AF8_Alpha,bandpower,AF8,Alpha,,frontal_bilateral,0.24434415251397215,0.13497420749879754,35
211-000553,1,NEUTRO,115,AF8_Beta,bandpower,AF8,Beta,,frontal_bilateral,0.10715627315068438,0.1008779615407996,35
211-000553,1,NEUTRO,116,F5_Alpha,bandpower,F5,Alpha,,frontal_inferior_left,0.0,0.0,35
211-000553,1,NEUTRO,117,F5_Beta,bandpower,F5,Beta,,frontal_inferior_left,0.0,0.0,35
211-000553,1,NEUTRO,118,AF7_Alpha,bandpower,AF7,Alpha,,frontal_bilateral,0.0,0.0,35
211-000553,1,NEUTRO,119,AF7_Beta,bandpower,AF7,Beta,,frontal_bilateral,0.0055670201150896615,0.0055670201150896615,35
211-000553,1,NEUTRO,120,AF3_Alpha,bandpower,AF3,Alpha,,frontal_bilateral,0.0,0.0,35
211-000553,1,NEUTRO,121,AF3_Beta,bandpower,AF3,Beta,,frontal_bilateral,0.012784730142246152,0.012784730142246152,35
211-000553,1,NEUTRO,122,Fpz_Alpha,bandpower,Fpz,Alpha,,frontal_bilateral,0.0,0.0,35
211-000553,1,NEUTRO,123,Fpz_Beta,bandpower,Fpz,Beta,,frontal_bilateral,0.0757622452412354,0.07516928940248808,35
211-000553,1,NEUTRO,124,AlphaAsym_Fp2-Fp1,AlphaAsym,,,Fp2-Fp1,,0.0,0.0,35
211-000553,1,NEUTRO,125,AlphaAsym_AF8-AF7,AlphaAsym,,,AF8-AF7,,0.07251785116161018,-0.020913282763274883,35
211-000553,1,NEUTRO,126,AlphaAsym_AF4-AF3,AlphaAsym,,,AF4-AF3,,0.11171343762446499,0.08111641136851495,35
211-000553,1,NEUTRO,127,AlphaAsym_F8-F7,AlphaAsym,,,F8-F7,,0.023269570682884568,0.018475948349183886,35
211-000553,1,NEUTRO,128,AlphaAsym_F6-F5,AlphaAsym,,,F6-F5,,0.030081432287565896,0.003905233209987519,35
211-000553,1,NEUTRO,129,AlphaAsym_F4-F3,AlphaAsym,,,F4-F3,,0.0,0.0,35
211-000553,1,NEUTRO,130,AlphaAsym_F2-F1,AlphaAsym,,,F2-F1,,0.0,0.0,35
211-000553,1,NEUTRO,131,AlphaAsym_FC6-FC5,AlphaAsym,,,FC6-FC5,,0.0427239390536994,0.011585633525469707,35
211-000553,1,NEUTRO,132,AlphaAsym_FC4-FC3,AlphaAsym,,,FC4-FC3,,0.003128673374483413,-0.0015763397798440341,35
211-000553,1,NEUTRO,133,AlphaAsym_FC2-FC1,AlphaAsym,,,FC2-FC1,,0.0670592670150637,0.06488303905709611,35
211-000553,1,NEUTRO,134,AlphaAsym_T8-T7,AlphaAsym,,,T8-T7,,0.0,0.0,35
211-000553,1,NEUTRO,135,AlphaAsym_C6-C5,AlphaAsym,,,C6-C5,,0.0,0.0,35
211-000553,1,NEUTRO,136,AlphaAsym_C4-C3,AlphaAsym,,,C4-C3,,0.0,0.0,35
211-000553,1,NEUTRO,137,AlphaAsym_C2-C1,AlphaAsym,,,C2-C1,,0.0,0.0,35
211-000553,1,NEUTRO,138,AlphaAsym_TP8-TP7,AlphaAsym,,,TP8-TP7,,0.0,0.0,35
211-000553,1,NEUTRO,139,AlphaAsym_CP6-CP5,AlphaAsym,,,CP6-CP5,,0.00920550536042857,0.0014380948409542088,35
211-000553,1,NEUTRO,140,AlphaAsym_CP4-CP3,AlphaAsym,,,CP4-CP3,,0.0,0.0,35
211-000553,1,NEUTRO,141,AlphaAsym_CP2-CP1,AlphaAsym,,,CP2-CP1,,0.09323647697887212,0.02914612256758185,35
211-000553,1,NEUTRO,142,AlphaAsym_P8-P7,AlphaAsym,,,P8-P7,,0.0,0.0,35
211-000553,1,NEUTRO,143,AlphaAsym_P6-P5,AlphaAsym,,,P6-P5,,0.011415532616390894,0.0039091675610414016,35
211-000553,1,NEUTRO,144,AlphaAsym_P4-P3,AlphaAsym,,,P4-P3,,0.0,0.0,35
211-000553,1,NEUTRO,145,AlphaAsym_P2-P1,AlphaAsym,,,P2-P1,,0.0,0.0,35
211-000553,1,NEUTRO,146,AlphaAsym_PO8-PO7,AlphaAsym,,,PO8-PO7,,0.0,0.0,35
211-000553,1,NEUTRO,147,AlphaAsym_PO6-PO5,AlphaAsym,,,PO6-PO5,,0.00868037812691735,0.008236925488489326,35
211-000553,1,NEUTRO,148,AlphaAsym_PO4-PO3,AlphaAsym,,,PO4-PO3,,0.3670415698859992,0.19291366105311414,35
211-000553,1,NEUTRO,149,AlphaAsym_O2-O1,AlphaAsym,,,O2-O1,,0.0,0.0,35
211-000553,2,SAD,0,O2_Alpha,bandpower,O2,Alpha,,occipital,0.0,0.0,31
211-000553,2,SAD,1,O2_Beta,bandpower,O2,Beta,,occipital,0.00048200615337560046,0.0004785556004073912,31
211-000553,2,SAD,2,O1_Alpha,bandpower,O1,Alpha,,occipital,0.0,0.0,31
211-000553,2,SAD,3,O1_Beta,bandpower,O1,Beta,,occipital,0.0,0.0,31
211-000553,2,SAD,4,Oz_Alpha,bandpower,Oz,Alpha,,occipital,0.0,0.0,31
211-000553,2,SAD,5,Oz_Beta,bandpower,Oz,Beta,,occipital,0.0006119627548490555,0.0006119627548490555,31
211-000553,2,SAD,6,Pz_Alpha,bandpower,Pz,Alpha,,parietal_midline,0.0,0.0,31
211-000553,2,SAD,7,Pz_Beta,bandpower,Pz,Beta,,parietal_midline,0.0,0.0,31
211-000553,2,SAD,8,P4_Alpha,bandpower,P4,Alpha,,other,0.0,0.0,31
211-000553,2,SAD,9,P4_Beta,bandpower,P4,Beta,,other,0.0003108309895984924,0.00029804926201594463,31
211-000553,2,SAD,10,CP4_Alpha,bandpower,CP4,Alpha,,temporal_right,0.0,0.0,31
211-000553,2,SAD,11,CP4_Beta,bandpower,CP4,Beta,,temporal_right,0.0,0.0,31
211-000553,2,SAD,12,P8_Alpha,bandpower,P8,Alpha,,temporal_right,0.0,0.0,31
211-000553,2,SAD,13,P8_Beta,bandpower,P8,Beta,,temporal_right,0.0,0.0,31
211-000553,2,SAD,14,C4_Alpha,bandpower,C4,Alpha,,other,0.0,0.0,31
211-000553,2,SAD,15,C4_Beta,bandpower,C4,Beta,,other,0.0,0.0,31
211-000553,2,SAD,16,TP8_Alpha,bandpower,TP8,Alpha,,temporal_right,0.0,0.0,31
211-000553,2,SAD,17,TP8_Beta,bandpower,TP8,Beta,,temporal_right,0.0,0.0,31
211-000553,2,SAD,18,T8_Alpha,bandpower,T8,Alpha,,temporal_right,0.0,0.0,31
211-000553,2,SAD,19,T8_Beta,bandpower,T8,Beta,,temporal_right,0.0,0.0,31
211-000553,2,SAD,20,P7_Alpha,bandpower,P7,Alpha,,temporal_left,0.0,0.0,31
211-000553,2,SAD,21,P7_Beta,bandpower,P7,Beta,,temporal_left,0.0,0.0,31
211-000553,2,SAD,22,P3_Alpha,bandpower,P3,Alpha,,centro_parietal_left,0.0,0.0,31
211-000553,2,SAD,23,P3_Beta,bandpower,P3,Beta,,centro_parietal_left,0.0,0.0,31
211-000553,2,SAD,24,CP3_Alpha,bandpower,CP3,Alpha,,temporal_left,0.0,0.0,31
211-000553,2,SAD,25,CP3_Beta,bandpower,CP3,Beta,,temporal_left,0.0,0.0,31
211-000553,2,SAD,26,CPz_Alpha,bandpower,CPz,Alpha,,parietal_midline,0.0,0.0,31
211-000553,2,SAD,27,CPz_Beta,bandpower,CPz,Beta,,parietal_midline,0.0,0.0,31
211-000553,2,SAD,28,Cz_Alpha,bandpower,Cz,Alpha,,parietal_midline,0.0,0.0,31
211-000553,2,SAD,29,Cz_Beta,bandpower,Cz,Beta,,parietal_midline,0.0,0.0,31
211-000553,2,SAD,30,FC4_Alpha,bandpower,FC4,Alpha,,frontal_bilateral,0.0,0.0,31
211-000553,2,SAD,31,FC4_Beta,bandpower,FC4,Beta,,frontal_bilateral,0.05202578880113106,0.024988449833309015,31
211-000553,2,SAD,32,FT8_Alpha,bandpower,FT8,Alpha,,temporal_right,0.0,0.0,31
211-000553,2,SAD,33,FT8_Beta,bandpower,FT8,Beta,,temporal_right,0.0,0.0,31
211-000553,2,SAD,34,TP7_Alpha,bandpower,TP7,Alpha,,temporal_left,0.0,0.0,31
211-000553,2,SAD,35,TP7_Beta,bandpower,TP7,Beta,,temporal_left,0.0,0.0,31
211-000553,2,SAD,36,C3_Alpha,bandpower,C3,Alpha,,centro_parietal_left,0.08050752074980758,0.05631542662345171,31
211-000553,2,SAD,37,C3_Beta,bandpower,C3,Beta,,centro_parietal_left,0.0,0.0,31
211-000553,2,SAD,38,FCz_Alpha,bandpower,FCz,Alpha,,frontal_bilateral,0.0,0.0,31
211-000553,2,SAD,39,FCz_Beta,bandpower,FCz,Beta,,frontal_bilateral,0.0,0.0,31
211-000553,2,SAD,40,Fz_Alpha,bandpower,Fz,Alpha,,frontal_bilateral,0.0,0.0,31
211-000553,2,SAD,41,Fz_Beta,bandpower,Fz,Beta,,frontal_bilateral,0.0,0.0,31
211-000553,2,SAD,42,F4_Alpha,bandpower,F4,Alpha,,frontal_bilateral,0.0,0.0,31
211-000553,2,SAD,43,F4_Beta,bandpower,F4,Beta,,frontal_bilateral,0.0,0.0,31
211-000553,2,SAD,44,F8_Alpha,bandpower,F8,Alpha,,other,0.0,0.0,31
211-000553,2,SAD,45,F8_Beta,bandpower,F8,Beta,,other,0.0,0.0,31
211-000553,2,SAD,46,T7_Alpha,bandpower,T7,Alpha,,temporal_left,0.0,0.0,31
211-000553,2,SAD,47,T7_Beta,bandpower,T7,Beta,,temporal_left,0.0,0.0,31
211-000553,2,SAD,48,FT7_Alpha,bandpower,FT7,Alpha,,temporal_left,0.0,0.0,31
211-000553,2,SAD,49,FT7_Beta,bandpower,FT7,Beta,,temporal_left,0.0,0.0,31
211-000553,2,SAD,50,FC3_Alpha,bandpower,FC3,Alpha,,frontal_bilateral,0.0,0.0,31
211-000553,2,SAD,51,FC3_Beta,bandpower,FC3,Beta,,frontal_bilateral,0.0013159992659954151,0.0006352362882230904,31
211-000553,2,SAD,52,F3_Alpha,bandpower,F3,Alpha,,frontal_bilateral,0.0006090528800286348,0.00016071477115639767,31
211-000553,2,SAD,53,F3_Beta,bandpower,F3,Beta,,frontal_bilateral,0.0036409103428590717,-0.0005668193674915508,31
211-000553,2,SAD,54,Fp2_Alpha,bandpower,Fp2,Alpha,,frontal_bilateral,0.018518287150526936,0.015367763482828685,31
211-000553,2,SAD,55,Fp2_Beta,bandpower,Fp2,Beta,,frontal_bilateral,0.662355491724451,0.6292042237181223,31
211-000553,2,SAD,56,F7_Alpha,bandpower,F7,Alpha,,frontal_inferior_left,0.0,0.0,31
211-000553,2,SAD,57,F7_Beta,bandpower,F7,Beta,,frontal_inferior_left,0.0,0.0,31
211-000553,2,SAD,58,Fp1_Alpha,bandpower,Fp1,Alpha,,frontal_bilateral,0.0,0.0,31
211-000553,2,SAD,59,Fp1_Beta,bandpower,Fp1,Beta,,frontal_bilateral,0.021746886074333695,-0.0016770255491313877,31
211-000553,2,SAD,60,PO5_Alpha,bandpower,PO5,Alpha,,other,0.8417500299463279,0.8417500299463279,31
211-000553,2,SAD,61,PO5_Beta,bandpower,PO5,Beta,,other,0.9588331652066977,0.9588331652066977,31
211-000553,2,SAD,62,PO3_Alpha,bandpower,PO3,Alpha,,occipital,0.005041350371680836,0.0002864823243443167,31
211-000553,2,SAD,63,PO3_Beta,bandpower,PO3,Beta,,occipital,0.0,0.0,31
211-000553,2,SAD,64,P1_Alpha,bandpower,P1,Alpha,,other,0.0,0.0,31
211-000553,2,SAD,65,P1_Beta,bandpower,P1,Beta,,other,0.012143092363602573,0.005844537365316334,31
211-000553,2,SAD,66,POz_Alpha,bandpower,POz,Alpha,,occipital,0.0,0.0,31
211-000553,2,SAD,67,POz_Beta,bandpower,POz,Beta,,occipital,0.006510690943146295,0.005283856355803259,31
211-000553,2,SAD,68,P2_Alpha,bandpower,P2,Alpha,,other,0.0,0.0,31
211-000553,2,SAD,69,P2_Beta,bandpower,P2,Beta,,other,0.0,0.0,31
211-000553,2,SAD,70,PO4_Alpha,bandpower,PO4,Alpha,,occipital,0.0,0.0,31
211-000553,2,SAD,71,PO4_Beta,bandpower,PO4,Beta,,occipital,0.0,0.0,31
211-000553,2,SAD,72,CP2_Alpha,bandpower,CP2,Alpha,,other,0.0,0.0,31
211-000553,2,SAD,73,CP2_Beta,bandpower,CP2,Beta,,other,0.0,0.0,31
211-000553,2,SAD,74,P6_Alpha,bandpower,P6,Alpha,,temporal_right,0.0,0.0,31
211-000553,2,SAD,75,P6_Beta,bandpower,P6,Beta,,temporal_right,0.0,0.0,31
211-000553,2,SAD,76,PO6_Alpha,bandpower,PO6,Alpha,,other,0.0,0.0,31
211-000553,2,SAD,77,PO6_Beta,bandpower,PO6,Beta,,other,0.0,0.0,31
211-000553,2,SAD,78,CP6_Alpha,bandpower,CP6,Alpha,,temporal_right,0.0,0.0,31
211-000553,2,SAD,79,CP6_Beta,bandpower,CP6,Beta,,temporal_right,0.0,0.0,31
211-000553,2,SAD,80,C6_Alpha,bandpower,C6,Alpha,,temporal_right,0.06494410088765747,0.015120892619911334,31
211-000553,2,SAD,81,C6_Beta,bandpower,C6,Beta,,temporal_right,0.0,0.0,31
211-000553,2,SAD,82,PO8_Alpha,bandpower,PO8,Alpha,,occipital,0.0,0.0,31
211-000553,2,SAD,83,PO8_Beta,bandpower,PO8,Beta,,occipital,0.0,0.0,31
211-000553,2,SAD,84,PO7_Alpha,bandpower,PO7,Alpha,,occipital,0.017632230030613386,0.016305937524537455,31
211-000553,2,SAD,85,PO7_Beta,bandpower,PO7,Beta,,occipital,0.1179692809992868,0.1179692809992868,31
211-000553,2,SAD,86,P5_Alpha,bandpower,P5,Alpha,,temporal_left,0.0,0.0,31
211-000553,2,SAD,87,P5_Beta,bandpower,P5,Beta,,temporal_left,0.0,0.0,31
211-000553,2,SAD,88,CP5_Alpha,bandpower,CP5,Alpha,,temporal_left,0.0,0.0,31
211-000553,2,SAD,89,CP5_Beta,bandpower,CP5,Beta,,temporal_left,0.0,0.0,31
211-000553,2,SAD,90,CP1_Alpha,bandpower,CP1,Alpha,,other,0.0,0.0,31
211-000553,2,SAD,91,CP1_Beta,bandpower,CP1,Beta,,other,0.0,0.0,31
211-000553,2,SAD,92,C1_Alpha,bandpower,C1,Alpha,,other,0.0,0.0,31
211-000553,2,SAD,93,C1_Beta,bandpower,C1,Beta,,other,0.017432599461606784,0.016095106902585702,31
211-000553,2,SAD,94,C2_Alpha,bandpower,C2,Alpha,,other,0.0,0.0,31
211-000553,2,SAD,95,C2_Beta,bandpower,C2,Beta,,other,0.0,0.0,31
211-000553,2,SAD,96,FC2_Alpha,bandpower,FC2,Alpha,,other,0.0,0.0,31
211-000553,2,SAD,97,FC2_Beta,bandpower,FC2,Beta,,other,0.0,0.0,31
211-000553,2,SAD,98,FC6_Alpha,bandpower,FC6,Alpha,,other,0.0,0.0,31
211-000553,2,SAD,99,FC6_Beta,bandpower,FC6,Beta,,other,0.0,0.0,31
211-000553,2,SAD,100,C5_Alpha,bandpower,C5,Alpha,,temporal_left,0.0,0.0,31
211-000553,2,SAD,101,C5_Beta,bandpower,C5,Beta,,temporal_left,0.0,0.0,31
211-000553,2,SAD,102,FC1_Alpha,bandpower,FC1,Alpha,,other,0.0,0.0,31
211-000553,2,SAD,103,FC1_Beta,bandpower,FC1,Beta,,other,0.0030156862344103874,0.0029925364445335264,31
211-000553,2,SAD,104,F2_Alpha,bandpower,F2,Alpha,,frontal_bilateral,0.0,0.0,31
211-000553,2,SAD,105,F2_Beta,bandpower,F2,Beta,,frontal_bilateral,0.005233412007751091,0.005141516355735802,31
211-000553,2,SAD,106,F6_Alpha,bandpower,F6,Alpha,,other,0.0,0.0,31
211-000553,2,SAD,107,F6_Beta,bandpower,F6,Beta,,other,0.0,0.0,31
211-000553,2,SAD,108,FC5_Alpha,bandpower,FC5,Alpha,,frontal_inferior_left,0.0,0.0,31
211-000553,2,SAD,109,FC5_Beta,bandpower,FC5,Beta,,frontal_inferior_left,0.0019802849222856174,0.0019802849222856174,31
211-000553,2,SAD,110,F1_Alpha,bandpower,F1,Alpha,,frontal_bilateral,0.0,0.0,31
211-000553,2,SAD,111,F1_Beta,bandpower,F1,Beta,,frontal_bilateral,0.0,0.0,31
211-000553,2,SAD,112,AF4_Alpha,bandpower,AF4,Alpha,,frontal_bilateral,0.0,0.0,31
211-000553,2,SAD,113,AF4_Beta,bandpower,AF4,Beta,,frontal_bilateral,0.050460021620698736,0.0425248638191175,31
211-000553,2,SAD,114,AF8_Alpha,bandpower,AF8,Alpha,,frontal_bilateral,0.0,0.0,31
211-000553,2,SAD,115,AF8_Beta,bandpower,AF8,Beta,,frontal_bilateral,0.0,0.0,31
211-000553,2,SAD,116,F5_Alpha,bandpower,F5,Alpha,,frontal_inferior_left,0.0,0.0,31
211-000553,2,SAD,117,F5_Beta,bandpower,F5,Beta,,frontal_inferior_left,0.002085325196411049,0.002085325196411049,31
211-000553,2,SAD,118,AF7_Alpha,bandpower,AF7,Alpha,,frontal_bilateral,0.0,0.0,31
211-000553,2,SAD,119,AF7_Beta,bandpower,AF7,Beta,,frontal_bilateral,0.011250608678833715,0.011250608678833715,31
211-000553,2,SAD,120,AF3_Alpha,bandpower,AF3,Alpha,,frontal_bilateral,0.0,0.0,31
211-000553,2,SAD,121,AF3_Beta,bandpower,AF3,Beta,,frontal_bilateral,0.0035415319302164448,0.0035415319302164448,31
211-000553,2,SAD,122,Fpz_Alpha,bandpower,Fpz,Alpha,,frontal_bilateral,0.0,0.0,31
211-000553,2,SAD,123,Fpz_Beta,bandpower,Fpz,Beta,,frontal_bilateral,0.007887151116327843,0.007510952934784127,31
211-000553,2,SAD,124,AlphaAsym_Fp2-Fp1,AlphaAsym,,,Fp2-Fp1,,0.0,0.0,31
211-000553,2,SAD,125,AlphaAsym_AF8-AF7,AlphaAsym,,,AF8-AF7,,0.0,0.0,31
211-000553,2,SAD,126,AlphaAsym_AF4-AF3,AlphaAsym,,,AF4-AF3,,0.0,0.0,31
211-000553,2,SAD,127,AlphaAsym_F8-F7,AlphaAsym,,,F8-F7,,0.03674764342783049,-0.00724621500561301,31
211-000553,2,SAD,128,AlphaAsym_F6-F5,AlphaAsym,,,F6-F5,,0.0,0.0,31
211-000553,2,SAD,129,AlphaAsym_F4-F3,AlphaAsym,,,F4-F3,,0.3466574974483709,0.2619566196488122,31
211-000553,2,SAD,130,AlphaAsym_F2-F1,AlphaAsym,,,F2-F1,,0.0,0.0,31
211-000553,2,SAD,131,AlphaAsym_FC6-FC5,AlphaAsym,,,FC6-FC5,,0.0,0.0,31
211-000553,2,SAD,132,AlphaAsym_FC4-FC3,AlphaAsym,,,FC4-FC3,,0.0,0.0,31
211-000553,2,SAD,133,AlphaAsym_FC2-FC1,AlphaAsym,,,FC2-FC1,,0.0,0.0,31
211-000553,2,SAD,134,AlphaAsym_T8-T7,AlphaAsym,,,T8-T7,,0.0,0.0,31
211-000553,2,SAD,135,AlphaAsym_C6-C5,AlphaAsym,,,C6-C5,,0.029032601815641487,0.018787372018407626,31
211-000553,2,SAD,136,AlphaAsym_C4-C3,AlphaAsym,,,C4-C3,,0.1806317578800777,0.14963272838983638,31
211-000553,2,SAD,137,AlphaAsym_C2-C1,AlphaAsym,,,C2-C1,,0.0,0.0,31
211-000553,2,SAD,138,AlphaAsym_TP8-TP7,AlphaAsym,,,TP8-TP7,,0.0,0.0,31
211-000553,2,SAD,139,AlphaAsym_CP6-CP5,AlphaAsym,,,CP6-CP5,,0.0,0.0,31
211-000553,2,SAD,140,AlphaAsym_CP4-CP3,AlphaAsym,,,CP4-CP3,,0.0,0.0,31
211-000553,2,SAD,141,AlphaAsym_CP2-CP1,AlphaAsym,,,CP2-CP1,,0.0,0.0,31
211-000553,2,SAD,142,AlphaAsym_P8-P7,AlphaAsym,,,P8-P7,,0.0,0.0,31
211-000553,2,SAD,143,AlphaAsym_P6-P5,AlphaAsym,,,P6-P5,,0.0,0.0,31
211-000553,2,SAD,144,AlphaAsym_P4-P3,AlphaAsym,,,P4-P3,,0.0,0.0,31
211-000553,2,SAD,145,AlphaAsym_P2-P1,AlphaAsym,,,P2-P1,,0.0,0.0,31
211-000553,2,SAD,146,AlphaAsym_PO8-PO7,AlphaAsym,,,PO8-PO7,,0.14952277645694176,0.12544426392817934,31
211-000553,2,SAD,147,AlphaAsym_PO6-PO5,AlphaAsym,,,PO6-PO5,,0.17087109439893164,0.16165932434723118,31
211-000553,2,SAD,148,AlphaAsym_PO4-PO3,AlphaAsym,,,PO4-PO3,,0.05820577035742006,0.021421079289773867,31
211-000553,2,SAD,149,AlphaAsym_O2-O1,AlphaAsym,,,O2-O1,,0.0,0.0,31
211-000554,0,JOY,0,O2_Alpha,bandpower,O2,Alpha,,occipital,0.0,0.0,49
211-000554,0,JOY,1,O2_Beta,bandpower,O2,Beta,,occipital,0.07217814187472223,-0.00897682208676533,49
211-000554,0,JOY,2,O1_Alpha,bandpower,O1,Alpha,,occipital,0.0,0.0,49
211-000554,0,JOY,3,O1_Beta,bandpower,O1,Beta,,occipital,0.0,0.0,49
211-000554,0,JOY,4,Oz_Alpha,bandpower,Oz,Alpha,,occipital,0.0,0.0,49
211-000554,0,JOY,5,Oz_Beta,bandpower,Oz,Beta,,occipital,0.0,0.0,49
211-000554,0,JOY,6,Pz_Alpha,bandpower,Pz,Alpha,,parietal_midline,0.0,0.0,49
211-000554,0,JOY,7,Pz_Beta,bandpower,Pz,Beta,,parietal_midline,0.0,0.0,49
211-000554,0,JOY,8,P4_Alpha,bandpower,P4,Alpha,,other,0.0,0.0,49
211-000554,0,JOY,9,P4_Beta,bandpower,P4,Beta,,other,0.0,0.0,49
211-000554,0,JOY,10,CP4_Alpha,bandpower,CP4,Alpha,,temporal_right,0.0,0.0,49
211-000554,0,JOY,11,CP4_Beta,bandpower,CP4,Beta,,temporal_right,0.0,0.0,49
211-000554,0,JOY,12,P8_Alpha,bandpower,P8,Alpha,,temporal_right,0.0,0.0,49
211-000554,0,JOY,13,P8_Beta,bandpower,P8,Beta,,temporal_right,0.0,0.0,49
211-000554,0,JOY,14,C4_Alpha,bandpower,C4,Alpha,,other,0.0,0.0,49
211-000554,0,JOY,15,C4_Beta,bandpower,C4,Beta,,other,0.000494658388979987,0.0001865512800801323,49
211-000554,0,JOY,16,TP8_Alpha,bandpower,TP8,Alpha,,temporal_right,0.0,0.0,49
211-000554,0,JOY,17,TP8_Beta,bandpower,TP8,Beta,,temporal_right,0.0,0.0,49
211-000554,0,JOY,18,T8_Alpha,bandpower,T8,Alpha,,temporal_right,0.0,0.0,49
211-000554,0,JOY,19,T8_Beta,bandpower,T8,Beta,,temporal_right,0.029275403604608383,0.01715502029849699,49
211-000554,0,JOY,20,P7_Alpha,bandpower,P7,Alpha,,temporal_left,0.0,0.0,49
211-000554,0,JOY,21,P7_Beta,bandpower,P7,Beta,,temporal_left,0.5719607981050729,0.1662002382024721,49
211-000554,0,JOY,22,P3_Alpha,bandpower,P3,Alpha,,centro_parietal_left,0.0,0.0,49
211-000554,0,JOY,23,P3_Beta,bandpower,P3,Beta,,centro_parietal_left,0.0,0.0,49
211-000554,0,JOY,24,CP3_Alpha,bandpower,CP3,Alpha,,temporal_left,0.0,0.0,49
211-000554,0,JOY,25,CP3_Beta,bandpower,CP3,Beta,,temporal_left,0.0,0.0,49
211-000554,0,JOY,26,CPz_Alpha,bandpower,CPz,Alpha,,parietal_midline,0.0,0.0,49
211-000554,0,JOY,27,CPz_Beta,bandpower,CPz,Beta,,parietal_midline,0.0,0.0,49
211-000554,0,JOY,28,Cz_Alpha,bandpower,Cz,Alpha,,parietal_midline,0.0,0.0,49
211-000554,0,JOY,29,Cz_Beta,bandpower,Cz,Beta,,parietal_midline,0.11699337906187329,-0.020860092153040695,49
211-000554,0,JOY,30,FC4_Alpha,bandpower,FC4,Alpha,,frontal_bilateral,0.0,0.0,49
211-000554,0,JOY,31,FC4_Beta,bandpower,FC4,Beta,,frontal_bilateral,0.25784755063834996,0.14771220522452125,49
211-000554,0,JOY,32,FT8_Alpha,bandpower,FT8,Alpha,,temporal_right,0.0031110190432717118,0.002265131496595451,49
211-000554,0,JOY,33,FT8_Beta,bandpower,FT8,Beta,,temporal_right,0.2559947954580132,0.2144089381051755,49
211-000554,0,JOY,34,TP7_Alpha,bandpower,TP7,Alpha,,temporal_left,0.0,0.0,49
211-000554,0,JOY,35,TP7_Beta,bandpower,TP7,Beta,,temporal_left,0.0,0.0,49
211-000554,0,JOY,36,C3_Alpha,bandpower,C3,Alpha,,centro_parietal_left,0.0,0.0,49
211-000554,0,JOY,37,C3_Beta,bandpower,C3,Beta,,centro_parietal_left,0.021063537430749884,0.013557988708306535,49
211-000554,0,JOY,38,FCz_Alpha,bandpower,FCz,Alpha,,frontal_bilateral,0.0,0.0,49
211-000554,0,JOY,39,FCz_Beta,bandpower,FCz,Beta,,frontal_bilateral,0.0,0.0,49
211-000554,0,JOY,40,Fz_Alpha,bandpower,Fz,Alpha,,frontal_bilateral,0.0,0.0,49
211-000554,0,JOY,41,Fz_Beta,bandpower,Fz,Beta,,frontal_bilateral,0.1733249275409653,0.03448991962812446,49
211-000554,0,JOY,42,F4_Alpha,bandpower,F4,Alpha,,frontal_bilateral,0.0,0.0,49
211-000554,0,JOY,43,F4_Beta,bandpower,F4,Beta,,frontal_bilateral,0.033352617826196765,0.02559875081163518,49
211-000554,0,JOY,44,F8_Alpha,bandpower,F8,Alpha,,other,0.0,0.0,49
211-000554,0,JOY,45,F8_Beta,bandpower,F8,Beta,,other,0.0,0.0,49
211-000554,0,JOY,46,T7_Alpha,bandpower,T7,Alpha,,temporal_left,0.0,0.0,49
211-000554,0,JOY,47,T7_Beta,bandpower,T7,Beta,,temporal_left,0.0,0.0,49
211-000554,0,JOY,48,FT7_Alpha,bandpower,FT7,Alpha,,temporal_left,0.0,0.0,49
211-000554,0,JOY,49,FT7_Beta,bandpower,FT7,Beta,,temporal_left,0.0,0.0,49
211-000554,0,JOY,50,FC3_Alpha,bandpower,FC3,Alpha,,frontal_bilateral,0.0,0.0,49
211-000554,0,JOY,51,FC3_Beta,bandpower,FC3,Beta,,frontal_bilateral,0.0,0.0,49
211-000554,0,JOY,52,F3_Alpha,bandpower,F3,Alpha,,frontal_bilateral,0.0,0.0,49
211-000554,0,JOY,53,F3_Beta,bandpower,F3,Beta,,frontal_bilateral,0.01742859812921022,0.01742859812921022,49
211-000554,0,JOY,54,Fp2_Alpha,bandpower,Fp2,Alpha,,frontal_bilateral,0.0,0.0,49
211-000554,0,JOY,55,Fp2_Beta,bandpower,Fp2,Beta,,frontal_bilateral,0.0,0.0,49
211-000554,0,JOY,56,F7_Alpha,bandpower,F7,Alpha,,frontal_inferior_left,0.0,0.0,49
211-000554,0,JOY,57,F7_Beta,bandpower,F7,Beta,,frontal_inferior_left,0.29823681230075566,0.28047706516118537,49
211-000554,0,JOY,58,Fp1_Alpha,bandpower,Fp1,Alpha,,frontal_bilateral,0.0,0.0,49
211-000554,0,JOY,59,Fp1_Beta,bandpower,Fp1,Beta,,frontal_bilateral,0.20623128451011596,0.1799879390114013,49
211-000554,0,JOY,60,PO5_Alpha,bandpower,PO5,Alpha,,other,0.0,0.0,49
211-000554,0,JOY,61,PO5_Beta,bandpower,PO5,Beta,,other,0.0,0.0,49
211-000554,0,JOY,62,PO3_Alpha,bandpower,PO3,Alpha,,occipital,0.0,0.0,49
211-000554,0,JOY,63,PO3_Beta,bandpower,PO3,Beta,,occipital,0.0062310568837867075,-0.005274006254510537,49
211-000554,0,JOY,64,P1_Alpha,bandpower,P1,Alpha,,other,0.0,0.0,49
211-000554,0,JOY,65,P1_Beta,bandpower,P1,Beta,,other,0.0,0.0,49
211-000554,0,JOY,66,POz_Alpha,bandpower,POz,Alpha,,occipital,0.0,0.0,49
211-000554,0,JOY,67,POz_Beta,bandpower,POz,Beta,,occipital,0.0,0.0,49
211-000554,0,JOY,68,P2_Alpha,bandpower,P2,Alpha,,other,0.0,0.0,49
211-000554,0,JOY,69,P2_Beta,bandpower,P2,Beta,,other,0.0,0.0,49
211-000554,0,JOY,70,PO4_Alpha,bandpower,PO4,Alpha,,occipital,0.0,0.0,49
211-000554,0,JOY,71,PO4_Beta,bandpower,PO4,Beta,,occipital,0.0,0.0,49
211-000554,0,JOY,72,CP2_Alpha,bandpower,CP2,Alpha,,other,0.0,0.0,49
211-000554,0,JOY,73,CP2_Beta,bandpower,CP2,Beta,,other,0.0,0.0,49
211-000554,0,JOY,74,P6_Alpha,bandpower,P6,Alpha,,temporal_right,0.0,0.0,49
211-000554,0,JOY,75,P6_Beta,bandpower,P6,Beta,,temporal_right,0.0,0.0,49
211-000554,0,JOY,76,PO6_Alpha,bandpower,PO6,Alpha,,other,0.0,0.0,49
211-000554,0,JOY,77,PO6_Beta,bandpower,PO6,Beta,,other,0.0,0.0,49
211-000554,0,JOY,78,CP6_Alpha,bandpower,CP6,Alpha,,temporal_right,0.0,0.0,49
211-000554,0,JOY,79,CP6_Beta,bandpower,CP6,Beta,,temporal_right,0.0,0.0,49
211-000554,0,JOY,80,C6_Alpha,bandpower,C6,Alpha,,temporal_right,0.0,0.0,49
211-000554,0,JOY,81,C6_Beta,bandpower,C6,Beta,,temporal_right,0.3514504167896504,0.33682860963348954,49
211-000554,0,JOY,82,PO8_Alpha,bandpower,PO8,Alpha,,occipital,0.0,0.0,49
211-000554,0,JOY,83,PO8_Beta,bandpower,PO8,Beta,,occipital,0.0,0.0,49
211-000554,0,JOY,84,PO7_Alpha,bandpower,PO7,Alpha,,occipital,0.0,0.0,49
211-000554,0,JOY,85,PO7_Beta,bandpower,PO7,Beta,,occipital,0.0,0.0,49
211-000554,0,JOY,86,P5_Alpha,bandpower,P5,Alpha,,temporal_left,0.0,0.0,49
211-000554,0,JOY,87,P5_Beta,bandpower,P5,Beta,,temporal_left,0.0,0.0,49
211-000554,0,JOY,88,CP5_Alpha,bandpower,CP5,Alpha,,temporal_left,0.0,0.0,49
211-000554,0,JOY,89,CP5_Beta,bandpower,CP5,Beta,,temporal_left,0.0,0.0,49
211-000554,0,JOY,90,CP1_Alpha,bandpower,CP1,Alpha,,other,0.01859787679449011,0.002975028161009657,49
211-000554,0,JOY,91,CP1_Beta,bandpower,CP1,Beta,,other,0.2754169577464222,0.04662378933522246,49
211-000554,0,JOY,92,C1_Alpha,bandpower,C1,Alpha,,other,0.0,0.0,49
211-000554,0,JOY,93,C1_Beta,bandpower,C1,Beta,,other,0.0014076662432403815,-0.0014076662432403815,49
211-000554,0,JOY,94,C2_Alpha,bandpower,C2,Alpha,,other,0.0,0.0,49
211-000554,0,JOY,95,C2_Beta,bandpower,C2,Beta,,other,0.0,0.0,49
211-000554,0,JOY,96,FC2_Alpha,bandpower,FC2,Alpha,,other,0.0,0.0,49
211-000554,0,JOY,97,FC2_Beta,bandpower,FC2,Beta,,other,0.0,0.0,49
211-000554,0,JOY,98,FC6_Alpha,bandpower,FC6,Alpha,,other,0.0,0.0,49
211-000554,0,JOY,99,FC6_Beta,bandpower,FC6,Beta,,other,0.06491858245992164,0.05462917539344273,49
211-000554,0,JOY,100,C5_Alpha,bandpower,C5,Alpha,,temporal_left,0.0,0.0,49
211-000554,0,JOY,101,C5_Beta,bandpower,C5,Beta,,temporal_left,0.0,0.0,49
211-000554,0,JOY,102,FC1_Alpha,bandpower,FC1,Alpha,,other,0.0,0.0,49
211-000554,0,JOY,103,FC1_Beta,bandpower,FC1,Beta,,other,0.0,0.0,49
211-000554,0,JOY,104,F2_Alpha,bandpower,F2,Alpha,,frontal_bilateral,0.0,0.0,49
211-000554,0,JOY,105,F2_Beta,bandpower,F2,Beta,,frontal_bilateral,0.0,0.0,49
211-000554,0,JOY,106,F6_Alpha,bandpower,F6,Alpha,,other,0.0,0.0,49
211-000554,0,JOY,107,F6_Beta,bandpower,F6,Beta,,other,0.6374204747290305,0.5950624112708017,49
211-000554,0,JOY,108,FC5_Alpha,bandpower,FC5,Alpha,,frontal_inferior_left,0.0,0.0,49
211-000554,0,JOY,109,FC5_Beta,bandpower,FC5,Beta,,frontal_inferior_left,0.0,0.0,49
211-000554,0,JOY,110,F1_Alpha,bandpower,F1,Alpha,,frontal_bilateral,0.0,0.0,49
211-000554,0,JOY,111,F1_Beta,bandpower,F1,Beta,,frontal_bilateral,0.0,0.0,49
211-000554,0,JOY,112,AF4_Alpha,bandpower,AF4,Alpha,,frontal_bilateral,0.0,0.0,49
211-000554,0,JOY,113,AF4_Beta,bandpower,AF4,Beta,,frontal_bilateral,0.1848796174528857,0.16628053880300403,49
211-000554,0,JOY,114,AF8_Alpha,bandpower,AF8,Alpha,,frontal_bilateral,0.0031629967252648386,0.003029701610009089,49
211-000554,0,JOY,115,AF8_Beta,bandpower,AF8,Beta,,frontal_bilateral,0.25189947217562125,0.1737078229287575,49
211-000554,0,JOY,116,F5_Alpha,bandpower,F5,Alpha,,frontal_inferior_left,0.0,0.0,49
211-000554,0,JOY,117,F5_Beta,bandpower,F5,Beta,,frontal_inferior_left,0.2702111721150315,0.24995337910311166,49
211-000554,0,JOY,118,AF7_Alpha,bandpower,AF7,Alpha,,frontal_bilateral,0.0,0.0,49
211-000554,0,JOY,119,AF7_Beta,bandpower,AF7,Beta,,frontal_bilateral,0.41000230389039605,0.3544121585647832,49
211-000554,0,JOY,120,AF3_Alpha,bandpower,AF3,Alpha,,frontal_bilateral,0.0,0.0,49
211-000554,0,JOY,121,AF3_Beta,bandpower,AF3,Beta,,frontal_bilateral,0.0,0.0,49
211-000554,0,JOY,122,Fpz_Alpha,bandpower,Fpz,Alpha,,frontal_bilateral,0.0,0.0,49
211-000554,0,JOY,123,Fpz_Beta,bandpower,Fpz,Beta,,frontal_bilateral,0.01648249491934532,0.004270976174435125,49
211-000554,0,JOY,124,AlphaAsym_Fp2-Fp1,AlphaAsym,,,Fp2-Fp1,,0.0,0.0,49
211-000554,0,JOY,125,AlphaAsym_AF8-AF7,AlphaAsym,,,AF8-AF7,,0.017904175583799708,0.011501896213206887,49
211-000554,0,JOY,126,AlphaAsym_AF4-AF3,AlphaAsym,,,AF4-AF3,,0.0,0.0,49
211-000554,0,JOY,127,AlphaAsym_F8-F7,AlphaAsym,,,F8-F7,,0.03763746518514985,0.014953434377030679,49
211-000554,0,JOY,128,AlphaAsym_F6-F5,AlphaAsym,,,F6-F5,,0.0,0.0,49
211-000554,0,JOY,129,AlphaAsym_F4-F3,AlphaAsym,,,F4-F3,,0.0,0.0,49
211-000554,0,JOY,130,AlphaAsym_F2-F1,AlphaAsym,,,F2-F1,,0.0,0.0,49
211-000554,0,JOY,131,AlphaAsym_FC6-FC5,AlphaAsym,,,FC6-FC5,,0.0,0.0,49
211-000554,0,JOY,132,AlphaAsym_FC4-FC3,AlphaAsym,,,FC4-FC3,,0.0,0.0,49
211-000554,0,JOY,133,AlphaAsym_FC2-FC1,AlphaAsym,,,FC2-FC1,,0.0,0.0,49
211-000554,0,JOY,134,AlphaAsym_T8-T7,AlphaAsym,,,T8-T7,,0.0,0.0,49
211-000554,0,JOY,135,AlphaAsym_C6-C5,AlphaAsym,,,C6-C5,,0.00181102639718461,0.0006474731752504169,49
211-000554,0,JOY,136,AlphaAsym_C4-C3,AlphaAsym,,,C4-C3,,0.0,0.0,49
211-000554,0,JOY,137,AlphaAsym_C2-C1,AlphaAsym,,,C2-C1,,0.0,0.0,49
211-000554,0,JOY,138,AlphaAsym_TP8-TP7,AlphaAsym,,,TP8-TP7,,0.0,0.0,49
211-000554,0,JOY,139,AlphaAsym_CP6-CP5,AlphaAsym,,,CP6-CP5,,0.0,0.0,49
211-000554,0,JOY,140,AlphaAsym_CP4-CP3,AlphaAsym,,,CP4-CP3,,0.0,0.0,49
211-000554,0,JOY,141,AlphaAsym_CP2-CP1,AlphaAsym,,,CP2-CP1,,0.0,0.0,49
211-000554,0,JOY,142,AlphaAsym_P8-P7,AlphaAsym,,,P8-P7,,0.0,0.0,49
211-000554,0,JOY,143,AlphaAsym_P6-P5,AlphaAsym,,,P6-P5,,0.0,0.0,49
211-000554,0,JOY,144,AlphaAsym_P4-P3,AlphaAsym,,,P4-P3,,0.0,0.0,49
211-000554,0,JOY,145,AlphaAsym_P2-P1,AlphaAsym,,,P2-P1,,0.0,0.0,49
211-000554,0,JOY,146,AlphaAsym_PO8-PO7,AlphaAsym,,,PO8-PO7,,0.0,0.0,49
211-000554,0,JOY,147,AlphaAsym_PO6-PO5,AlphaAsym,,,PO6-PO5,,0.0,0.0,49
211-000554,0,JOY,148,AlphaAsym_PO4-PO3,AlphaAsym,,,PO4-PO3,,0.0,0.0,49
211-000554,0,JOY,149,AlphaAsym_O2-O1,AlphaAsym,,,O2-O1,,0.0027634350425343934,0.0017204934296470072,49
211-000554,1,NEUTRO,0,O2_Alpha,bandpower,O2,Alpha,,occipital,0.18386725608725343,-0.037205930011015444,44
211-000554,1,NEUTRO,1,O2_Beta,bandpower,O2,Beta,,occipital,0.8179936882915005,0.22189739225473568,44
211-000554,1,NEUTRO,2,O1_Alpha,bandpower,O1,Alpha,,occipital,0.0,0.0,44
211-000554,1,NEUTRO,3,O1_Beta,bandpower,O1,Beta,,occipital,0.00010801772355489657,-7.29844497715947e-05,44
211-000554,1,NEUTRO,4,Oz_Alpha,bandpower,Oz,Alpha,,occipital,0.0,0.0,44
211-000554,1,NEUTRO,5,Oz_Beta,bandpower,Oz,Beta,,occipital,0.277405311107463,0.12397793251229385,44
211-000554,1,NEUTRO,6,Pz_Alpha,bandpower,Pz,Alpha,,parietal_midline,0.0,0.0,44
211-000554,1,NEUTRO,7,Pz_Beta,bandpower,Pz,Beta,,parietal_midline,0.025154338790265886,0.014371624366102282,44
211-000554,1,NEUTRO,8,P4_Alpha,bandpower,P4,Alpha,,other,0.0,0.0,44
211-000554,1,NEUTRO,9,P4_Beta,bandpower,P4,Beta,,other,0.0,0.0,44
211-000554,1,NEUTRO,10,CP4_Alpha,bandpower,CP4,Alpha,,temporal_right,0.0,0.0,44
211-000554,1,NEUTRO,11,CP4_Beta,bandpower,CP4,Beta,,temporal_right,0.0,0.0,44
211-000554,1,NEUTRO,12,P8_Alpha,bandpower,P8,Alpha,,temporal_right,0.017276542099806478,0.004668439189000264,44
211-000554,1,NEUTRO,13,P8_Beta,bandpower,P8,Beta,,temporal_right,0.041549236545934204,-0.0059046152632128614,44
211-000554,1,NEUTRO,14,C4_Alpha,bandpower,C4,Alpha,,other,0.0051132009862817455,0.001034271271829422,44
211-000554,1,NEUTRO,15,C4_Beta,bandpower,C4,Beta,,other,0.033462550189990684,-0.03006670466141934,44
211-000554,1,NEUTRO,16,TP8_Alpha,bandpower,TP8,Alpha,,temporal_right,0.0,0.0,44
211-000554,1,NEUTRO,17,TP8_Beta,bandpower,TP8,Beta,,temporal_right,0.03017773685385,-0.028910815547598622,44
211-000554,1,NEUTRO,18,T8_Alpha,bandpower,T8,Alpha,,temporal_right,0.0,0.0,44
211-000554,1,NEUTRO,19,T8_Beta,bandpower,T8,Beta,,temporal_right,0.008225309937288367,-0.0033719032883865667,44
211-000554,1,NEUTRO,20,P7_Alpha,bandpower,P7,Alpha,,temporal_left,0.0,0.0,44
211-000554,1,NEUTRO,21,P7_Beta,bandpower,P7,Beta,,temporal_left,0.0032855774116911066,0.0026879736663380626,44
211-000554,1,NEUTRO,22,P3_Alpha,bandpower,P3,Alpha,,centro_parietal_left,0.0,0.0,44
211-000554,1,NEUTRO,23,P3_Beta,bandpower,P3,Beta,,centro_parietal_left,0.03295708450416949,-0.007885398306067354,44
211-000554,1,NEUTRO,24,CP3_Alpha,bandpower,CP3,Alpha,,temporal_left,0.0,0.0,44
211-000554,1,NEUTRO,25,CP3_Beta,bandpower,CP3,Beta,,temporal_left,0.0,0.0,44
211-000554,1,NEUTRO,26,CPz_Alpha,bandpower,CPz,Alpha,,parietal_midline,0.0,0.0,44
211-000554,1,NEUTRO,27,CPz_Beta,bandpower,CPz,Beta,,parietal_midline,0.0,0.0,44
211-000554,1,NEUTRO,28,Cz_Alpha,bandpower,Cz,Alpha,,parietal_midline,0.1762757381229809,-0.03153484419281373,44
211-000554,1,NEUTRO,29,Cz_Beta,bandpower,Cz,Beta,,parietal_midline,0.0,0.0,44
211-000554,1,NEUTRO,30,FC4_Alpha,bandpower,FC4,Alpha,,frontal_bilateral,0.3362914629029503,0.22633639059253408,44
211-000554,1,NEUTRO,31,FC4_Beta,bandpower,FC4,Beta,,frontal_bilateral,0.6283264052029276,0.513585614127147,44
211-000554,1,NEUTRO,32,FT8_Alpha,bandpower,FT8,Alpha,,temporal_right,0.0031221291118179654,-0.0012819912867327082,44
211-000554,1,NEUTRO,33,FT8_Beta,bandpower,FT8,Beta,,temporal_right,0.0,0.0,44
211-000554,1,NEUTRO,34,TP7_Alpha,bandpower,TP7,Alpha,,temporal_left,0.017340990432910094,-0.004932492072175749,44
211-000554,1,NEUTRO,35,TP7_Beta,bandpower,TP7,Beta,,temporal_left,0.034813726010102325,-0.028501632395552312,44
211-000554,1,NEUTRO,36,C3_Alpha,bandpower,C3,Alpha,,centro_parietal_left,0.0,0.0,44
211-000554,1,NEUTRO,37,C3_Beta,bandpower,C3,Beta,,centro_parietal_left,0.0,0.0,44
211-000554,1,NEUTRO,38,FCz_Alpha,bandpower,FCz,Alpha,,frontal_bilateral,0.14186339809754778,0.03195999872263083,44
211-000554,1,NEUTRO,39,FCz_Beta,bandpower,FCz,Beta,,frontal_bilateral,0.10019315372116654,0.031141474226227282,44
211-000554,1,NEUTRO,40,Fz_Alpha,bandpower,Fz,Alpha,,frontal_bilateral,0.0,0.0,44
211-000554,1,NEUTRO,41,Fz_Beta,bandpower,Fz,Beta,,frontal_bilateral,0.0,0.0,44
211-000554,1,NEUTRO,42,F4_Alpha,bandpower,F4,Alpha,,frontal_bilateral,0.0,0.0,44
211-000554,1,NEUTRO,43,F4_Beta,bandpower,F4,Beta,,frontal_bilateral,0.0,0.0,44
211-000554,1,NEUTRO,44,F8_Alpha,bandpower,F8,Alpha,,other,0.09984605953570437,-0.0033321080044463654,44
211-000554,1,NEUTRO,45,F8_Beta,bandpower,F8,Beta,,other,0.07124858341352264,-0.023109824112518444,44
211-000554,1,NEUTRO,46,T7_Alpha,bandpower,T7,Alpha,,temporal_left,0.0,0.0,44
211-000554,1,NEUTRO,47,T7_Beta,bandpower,T7,Beta,,temporal_left,0.10839616020437091,0.03636711503193838,44
211-000554,1,NEUTRO,48,FT7_Alpha,bandpower,FT7,Alpha,,temporal_left,0.0,0.0,44
211-000554,1,NEUTRO,49,FT7_Beta,bandpower,FT7,Beta,,temporal_left,0.03790945849234914,-0.019329047764074347,44
211-000554,1,NEUTRO,50,FC3_Alpha,bandpower,FC3,Alpha,,frontal_bilateral,0.0,0.0,44
211-000554,1,NEUTRO,51,FC3_Beta,bandpower,FC3,Beta,,frontal_bilateral,0.22375307698448177,0.08497831040463727,44
211-000554,1,NEUTRO,52,F3_Alpha,bandpower,F3,Alpha,,frontal_bilateral,0.0,0.0,44
211-000554,1,NEUTRO,53,F3_Beta,bandpower,F3,Beta,,frontal_bilateral,0.19523401703478493,0.12167080144552377,44
211-000554,1,NEUTRO,54,Fp2_Alpha,bandpower,Fp2,Alpha,,frontal_bilateral,0.0,0.0,44
211-000554,1,NEUTRO,55,Fp2_Beta,bandpower,Fp2,Beta,,frontal_bilateral,0.03758173375606644,0.00937481243610711,44
211-000554,1,NEUTRO,56,F7_Alpha,bandpower,F7,Alpha,,frontal_inferior_left,0.031181115625816377,-0.017975355894972716,44
211-000554,1,NEUTRO,57,F7_Beta,bandpower,F7,Beta,,frontal_inferior_left,0.0,0.0,44
211-000554,1,NEUTRO,58,Fp1_Alpha,bandpower,Fp1,Alpha,,frontal_bilateral,0.0,0.0,44
211-000554,1,NEUTRO,59,Fp1_Beta,bandpower,Fp1,Beta,,frontal_bilateral,0.0035473771366752904,0.0028482448267318394,44
211-000554,1,NEUTRO,60,PO5_Alpha,bandpower,PO5,Alpha,,other,0.0,0.0,44
211-000554,1,NEUTRO,61,PO5_Beta,bandpower,PO5,Beta,,other,0.0,0.0,44
211-000554,1,NEUTRO,62,PO3_Alpha,bandpower,PO3,Alpha,,occipital,0.0,0.0,44
211-000554,1,NEUTRO,63,PO3_Beta,bandpower,PO3,Beta,,occipital,0.004189527758116214,-0.001753125539146635,44
211-000554,1,NEUTRO,64,P1_Alpha,bandpower,P1,Alpha,,other,0.0,0.0,44
211-000554,1,NEUTRO,65,P1_Beta,bandpower,P1,Beta,,other,0.0884472720810513,-0.012232530243847189,44
211-000554,1,NEUTRO,66,POz_Alpha,bandpower,POz,Alpha,,occipital,0.012228184040448982,-0.01097463463849901,44
211-000554,1,NEUTRO,67,POz_Beta,bandpower,POz,Beta,,occipital,0.0,0.0,44
211-000554,1,NEUTRO,68,P2_Alpha,bandpower,P2,Alpha,,other,0.0,0.0,44
211-000554,1,NEUTRO,69,P2_Beta,bandpower,P2,Beta,,other,0.0,0.0,44
211-000554,1,NEUTRO,70,PO4_Alpha,bandpower,PO4,Alpha,,occipital,0.0,0.0,44
211-000554,1,NEUTRO,71,PO4_Beta,bandpower,PO4,Beta,,occipital,0.006952395574197282,0.0016008920017330545,44
211-000554,1,NEUTRO,72,CP2_Alpha,bandpower,CP2,Alpha,,other,0.0,0.0,44
211-000554,1,NEUTRO,73,CP2_Beta,bandpower,CP2,Beta,,other,0.013148477988306111,-0.013148477988306111,44
211-000554,1,NEUTRO,74,P6_Alpha,bandpower,P6,Alpha,,temporal_right,0.0,0.0,44
211-000554,1,NEUTRO,75,P6_Beta,bandpower,P6,Beta,,temporal_right,0.009184372966706296,0.001965403614699735,44
211-000554,1,NEUTRO,76,PO6_Alpha,bandpower,PO6,Alpha,,other,0.0,0.0,44
211-000554,1,NEUTRO,77,PO6_Beta,bandpower,PO6,Beta,,other,0.0,0.0,44
211-000554,1,NEUTRO,78,CP6_Alpha,bandpower,CP6,Alpha,,temporal_right,0.0,0.0,44
211-000554,1,NEUTRO,79,CP6_Beta,bandpower,CP6,Beta,,temporal_right,0.0,0.0,44
211-000554,1,NEUTRO,80,C6_Alpha,bandpower,C6,Alpha,,temporal_right,0.012568648400321502,0.0006360704379978009,44
211-000554,1,NEUTRO,81,C6_Beta,bandpower,C6,Beta,,temporal_right,0.0,0.0,44
211-000554,1,NEUTRO,82,PO8_Alpha,bandpower,PO8,Alpha,,occipital,0.0,0.0,44
211-000554,1,NEUTRO,83,PO8_Beta,bandpower,PO8,Beta,,occipital,0.0,0.0,44
211-000554,1,NEUTRO,84,PO7_Alpha,bandpower,PO7,Alpha,,occipital,0.0,0.0,44
211-000554,1,NEUTRO,85,PO7_Beta,bandpower,PO7,Beta,,occipital,0.04050110875192967,0.02278008365099594,44
211-000554,1,NEUTRO,86,P5_Alpha,bandpower,P5,Alpha,,temporal_left,0.0,0.0,44
211-000554,1,NEUTRO,87,P5_Beta,bandpower,P5,Beta,,temporal_left,0.0,0.0,44
211-000554,1,NEUTRO,88,CP5_Alpha,bandpower,CP5,Alpha,,temporal_left,0.022829114909560976,0.003514443389468396,44
211-000554,1,NEUTRO,89,CP5_Beta,bandpower,CP5,Beta,,temporal_left,0.016422796256021697,0.0032441394319619064,44
211-000554,1,NEUTRO,90,CP1_Alpha,bandpower,CP1,Alpha,,other,0.0,0.0,44
211-000554,1,NEUTRO,91,CP1_Beta,bandpower,CP1,Beta,,other,0.0,0.0,44
211-000554,1,NEUTRO,92,C1_Alpha,bandpower,C1,Alpha,,other,0.005965779982528338,-0.0001451542464990203,44
211-000554,1,NEUTRO,93,C1_Beta,bandpower,C1,Beta,,other,0.0,0.0,44
211-000554,1,NEUTRO,94,C2_Alpha,bandpower,C2,Alpha,,other,0.0,0.0,44
211-000554,1,NEUTRO,95,C2_Beta,bandpower,C2,Beta,,other,0.08464826177651136,0.01366524381073576,44
211-000554,1,NEUTRO,96,FC2_Alpha,bandpower,FC2,Alpha,,other,0.04649218420108852,-0.002109160909813118,44
211-000554,1,NEUTRO,97,FC2_Beta,bandpower,FC2,Beta,,other,0.1438418109848443,0.06692940216841362,44
211-000554,1,NEUTRO,98,FC6_Alpha,bandpower,FC6,Alpha,,other,0.0,0.0,44
211-000554,1,NEUTRO,99,FC6_Beta,bandpower,FC6,Beta,,other,0.0,0.0,44
211-000554,1,NEUTRO,100,C5_Alpha,bandpower,C5,Alpha,,temporal_left,0.05529644683601953,0.016067051270866165,44
211-000554,1,NEUTRO,101,C5_Beta,bandpower,C5,Beta,,temporal_left,0.0,0.0,44
211-000554,1,NEUTRO,102,FC1_Alpha,bandpower,FC1,Alpha,,other,0.0,0.0,44
211-000554,1,NEUTRO,103,FC1_Beta,bandpower,FC1,Beta,,other,0.01681542458229246,0.010825070988715435,44
211-000554,1,NEUTRO,104,F2_Alpha,bandpower,F2,Alpha,,frontal_bilateral,0.0,0.0,44
211-000554,1,NEUTRO,105,F2_Beta,bandpower,F2,Beta,,frontal_bilateral,0.0,0.0,44
211-000554,1,NEUTRO,106,F6_Alpha,bandpower,F6,Alpha,,other,0.0,0.0,44
211-000554,1,NEUTRO,107,F6_Beta,bandpower,F6,Beta,,other,0.4089649537064432,0.3513011916039846,44
211-000554,1,NEUTRO,108,FC5_Alpha,bandpower,FC5,Alpha,,frontal_inferior_left,0.10617886565465623,-0.02108629808397322,44
211-000554,1,NEUTRO,109,FC5_Beta,bandpower,FC5,Beta,,frontal_inferior_left,0.020095532631980717,0.009063690385557877,44
211-000554,1,NEUTRO,110,F1_Alpha,bandpower,F1,Alpha,,frontal_bilateral,0.0,0.0,44
211-000554,1,NEUTRO,111,F1_Beta,bandpower,F1,Beta,,frontal_bilateral,0.0,0.0,44
211-000554,1,NEUTRO,112,AF4_Alpha,bandpower,AF4,Alpha,,frontal_bilateral,0.0,0.0,44
211-000554,1,NEUTRO,113,AF4_Beta,bandpower,AF4,Beta,,frontal_bilateral,0.0,0.0,44
211-000554,1,NEUTRO,114,AF8_Alpha,bandpower,AF8,Alpha,,frontal_bilateral,0.0,0.0,44
211-000554,1,NEUTRO,115,AF8_Beta,bandpower,AF8,Beta,,frontal_bilateral,0.08342116833203556,0.059482114158252004,44
211-000554,1,NEUTRO,116,F5_Alpha,bandpower,F5,Alpha,,frontal_inferior_left,0.005751534678748216,-0.0031766381995930776,44
211-000554,1,NEUTRO,117,F5_Beta,bandpower,F5,Beta,,frontal_inferior_left,0.0,0.0,44
211-000554,1,NEUTRO,118,AF7_Alpha,bandpower,AF7,Alpha,,frontal_bilateral,0.0,0.0,44
211-000554,1,NEUTRO,119,AF7_Beta,bandpower,AF7,Beta,,frontal_bilateral,0.0014814177168231489,0.0014653829019622819,44
211-000554,1,NEUTRO,120,AF3_Alpha,bandpower,AF3,Alpha,,frontal_bilateral,0.0,0.0,44
211-000554,1,NEUTRO,121,AF3_Beta,bandpower,AF3,Beta,,frontal_bilateral,0.003997270441897629,-0.0018185885111961988,44
211-000554,1,NEUTRO,122,Fpz_Alpha,bandpower,Fpz,Alpha,,frontal_bilateral,0.0,0.0,44
211-000554,1,NEUTRO,123,Fpz_Beta,bandpower,Fpz,Beta,,frontal_bilateral,0.4879048373283885,0.24582425235773026,44
211-000554,1,NEUTRO,124,AlphaAsym_Fp2-Fp1,AlphaAsym,,,Fp2-Fp1,,0.0,0.0,44
211-000554,1,NEUTRO,125,AlphaAsym_AF8-AF7,AlphaAsym,,,AF8-AF7,,0.026054793262058683,0.02008617692385697,44
211-000554,1,NEUTRO,126,AlphaAsym_AF4-AF3,AlphaAsym,,,AF4-AF3,,0.0,0.0,44
211-000554,1,NEUTRO,127,AlphaAsym_F8-F7,AlphaAsym,,,F8-F7,,0.0,0.0,44
211-000554,1,NEUTRO,128,AlphaAsym_F6-F5,AlphaAsym,,,F6-F5,,0.16519575756443097,0.002071928108768654,44
211-000554,1,NEUTRO,129,AlphaAsym_F4-F3,AlphaAsym,,,F4-F3,,0.0,0.0,44
211-000554,1,NEUTRO,130,AlphaAsym_F2-F1,AlphaAsym,,,F2-F1,,0.0,0.0,44
211-000554,1,NEUTRO,131,AlphaAsym_FC6-FC5,AlphaAsym,,,FC6-FC5,,0.09066305734798158,-0.07574058202979984,44
211-000554,1,NEUTRO,132,AlphaAsym_FC4-FC3,AlphaAsym,,,FC4-FC3,,0.22357536122507152,0.15093525858961335,44
211-000554,1,NEUTRO,133,AlphaAsym_FC2-FC1,AlphaAsym,,,FC2-FC1,,0.05291542613885972,-0.015601060843649407,44
211-000554,1,NEUTRO,134,AlphaAsym_T8-T7,AlphaAsym,,,T8-T7,,0.0,0.0,44
211-000554,1,NEUTRO,135,AlphaAsym_C6-C5,AlphaAsym,,,C6-C5,,0.010792897270764913,-0.0021005589363914095,44
211-000554,1,NEUTRO,136,AlphaAsym_C4-C3,AlphaAsym,,,C4-C3,,0.013167216974354573,-0.0025434701902917137,44
211-000554,1,NEUTRO,137,AlphaAsym_C2-C1,AlphaAsym,,,C2-C1,,0.009738565998519197,-0.0006487243426758708,44
211-000554,1,NEUTRO,138,AlphaAsym_TP8-TP7,AlphaAsym,,,TP8-TP7,,0.087285445637919,0.022613935420796042,44
211-000554,1,NEUTRO,139,AlphaAsym_CP6-CP5,AlphaAsym,,,CP6-CP5,,0.0,0.0,44
211-000554,1,NEUTRO,140,AlphaAsym_CP4-CP3,AlphaAsym,,,CP4-CP3,,0.0,0.0,44
211-000554,1,NEUTRO,141,AlphaAsym_CP2-CP1,AlphaAsym,,,CP2-CP1,,0.0,0.0,44
211-000554,1,NEUTRO,142,AlphaAsym_P8-P7,AlphaAsym,,,P8-P7,,0.09496463745079396,0.01306897828788675,44
211-000554,1,NEUTRO,143,AlphaAsym_P6-P5,AlphaAsym,,,P6-P5,,0.0,0.0,44
211-000554,1,NEUTRO,144,AlphaAsym_P4-P3,AlphaAsym,,,P4-P3,,0.0,0.0,44
211-000554,1,NEUTRO,145,AlphaAsym_P2-P1,AlphaAsym,,,P2-P1,,0.0,0.0,44
211-000554,1,NEUTRO,146,AlphaAsym_PO8-PO7,AlphaAsym,,,PO8-PO7,,0.0,0.0,44
211-000554,1,NEUTRO,147,AlphaAsym_PO6-PO5,AlphaAsym,,,PO6-PO5,,0.0,0.0,44
211-000554,1,NEUTRO,148,AlphaAsym_PO4-PO3,AlphaAsym,,,PO4-PO3,,0.0,0.0,44
211-000554,1,NEUTRO,149,AlphaAsym_O2-O1,AlphaAsym,,,O2-O1,,0.0,0.0,44
211-000554,2,SAD,0,O2_Alpha,bandpower,O2,Alpha,,occipital,0.04615829696513585,0.0026914264237634625,44
211-000554,2,SAD,1,O2_Beta,bandpower,O2,Beta,,occipital,0.16220308430838093,0.051875319576928876,44
211-000554,2,SAD,2,O1_Alpha,bandpower,O1,Alpha,,occipital,0.22360063329388327,0.00536830797025459,44
211-000554,2,SAD,3,O1_Beta,bandpower,O1,Beta,,occipital,0.09426498004947009,0.04510676114176546,44
211-000554,2,SAD,4,Oz_Alpha,bandpower,Oz,Alpha,,occipital,0.0,0.0,44
211-000554,2,SAD,5,Oz_Beta,bandpower,Oz,Beta,,occipital,0.13706443530202472,-0.043318784682648444,44
211-000554,2,SAD,6,Pz_Alpha,bandpower,Pz,Alpha,,parietal_midline,0.020398234487150987,-0.006214702251099698,44
211-000554,2,SAD,7,Pz_Beta,bandpower,Pz,Beta,,parietal_midline,0.024772251393923816,-0.012856989224031879,44
211-000554,2,SAD,8,P4_Alpha,bandpower,P4,Alpha,,other,0.0,0.0,44
211-000554,2,SAD,9,P4_Beta,bandpower,P4,Beta,,other,0.0,0.0,44
211-000554,2,SAD,10,CP4_Alpha,bandpower,CP4,Alpha,,temporal_right,0.0051385968435140724,0.0024917201631441096,44
211-000554,2,SAD,11,CP4_Beta,bandpower,CP4,Beta,,temporal_right,0.0,0.0,44
211-000554,2,SAD,12,P8_Alpha,bandpower,P8,Alpha,,temporal_right,0.14443924608685715,0.047144307716618684,44
211-000554,2,SAD,13,P8_Beta,bandpower,P8,Beta,,temporal_right,0.2760173909017424,-0.03743399904283799,44
211-000554,2,SAD,14,C4_Alpha,bandpower,C4,Alpha,,other,0.051438993987093,-0.039972193516367,44
211-000554,2,SAD,15,C4_Beta,bandpower,C4,Beta,,other,0.2350678395434841,0.14155330459823354,44
211-000554,2,SAD,16,TP8_Alpha,bandpower,TP8,Alpha,,temporal_right,0.0,0.0,44
211-000554,2,SAD,17,TP8_Beta,bandpower,TP8,Beta,,temporal_right,0.0023075684592760107,0.0007871460200790637,44
211-000554,2,SAD,18,T8_Alpha,bandpower,T8,Alpha,,temporal_right,0.04717061245603909,-0.009309361667362652,44
211-000554,2,SAD,19,T8_Beta,bandpower,T8,Beta,,temporal_right,0.38329762551418417,0.3172117216435504,44
211-000554,2,SAD,20,P7_Alpha,bandpower,P7,Alpha,,temporal_left,0.0,0.0,44
211-000554,2,SAD,21,P7_Beta,bandpower,P7,Beta,,temporal_left,0.022691396396934828,0.012933049492019379,44
211-000554,2,SAD,22,P3_Alpha,bandpower,P3,Alpha,,centro_parietal_left,0.10419653252286176,-0.026881504879604966,44
211-000554,2,SAD,23,P3_Beta,bandpower,P3,Beta,,centro_parietal_left,0.14453853524717242,0.09384489652651155,44
211-000554,2,SAD,24,CP3_Alpha,bandpower,CP3,Alpha,,temporal_left,0.0,0.0,44
211-000554,2,SAD,25,CP3_Beta,bandpower,CP3,Beta,,temporal_left,0.0,0.0,44
211-000554,2,SAD,26,CPz_Alpha,bandpower,CPz,Alpha,,parietal_midline,0.0,0.0,44
211-000554,2,SAD,27,CPz_Beta,bandpower,CPz,Beta,,parietal_midline,0.0,0.0,44
211-000554,2,SAD,28,Cz_Alpha,bandpower,Cz,Alpha,,parietal_midline,0.03249529056236777,-0.014613503797880985,44
211-000554,2,SAD,29,Cz_Beta,bandpower,Cz,Beta,,parietal_midline,0.11325357363904352,-0.01678884319156152,44
211-000554,2,SAD,30,FC4_Alpha,bandpower,FC4,Alpha,,frontal_bilateral,0.14057623982294923,0.05866452821346693,44
211-000554,2,SAD,31,FC4_Beta,bandpower,FC4,Beta,,frontal_bilateral,0.016478721286672337,-0.01451200124202256,44
211-000554,2,SAD,32,FT8_Alpha,bandpower,FT8,Alpha,,temporal_right,0.05933882622476177,0.017899751932933566,44
211-000554,2,SAD,33,FT8_Beta,bandpower,FT8,Beta,,temporal_right,0.08353197139548336,0.06911833402738003,44
211-000554,2,SAD,34,TP7_Alpha,bandpower,TP7,Alpha,,temporal_left,0.17838837333982444,0.04523121517935222,44
211-000554,2,SAD,35,TP7_Beta,bandpower,TP7,Beta,,temporal_left,0.1516632605628047,0.10930269011346862,44
211-000554,2,SAD,36,C3_Alpha,bandpower,C3,Alpha,,centro_parietal_left,0.0,0.0,44
211-000554,2,SAD,37,C3_Beta,bandpower,C3,Beta,,centro_parietal_left,0.0,0.0,44
211-000554,2,SAD,38,FCz_Alpha,bandpower,FCz,Alpha,,frontal_bilateral,0.4030878081425833,0.05108730061134852,44
211-000554,2,SAD,39,FCz_Beta,bandpower,FCz,Beta,,frontal_bilateral,0.22083452865327427,-0.0736929702821295,44
211-000554,2,SAD,40,Fz_Alpha,bandpower,Fz,Alpha,,frontal_bilateral,0.21804148971987825,0.0791714621652567,44
211-000554,2,SAD,41,Fz_Beta,bandpower,Fz,Beta,,frontal_bilateral,0.0011908768550941515,-0.0003548622152139855,44
211-000554,2,SAD,42,F4_Alpha,bandpower,F4,Alpha,,frontal_bilateral,0.0,0.0,44
211-000554,2,SAD,43,F4_Beta,bandpower,F4,Beta,,frontal_bilateral,0.20271536675070376,0.10922094997813775,44
211-000554,2,SAD,44,F8_Alpha,bandpower,F8,Alpha,,other,0.03785505417694526,-0.019897716347157555,44
211-000554,2,SAD,45,F8_Beta,bandpower,F8,Beta,,other,0.35472040529298077,0.2476593994183851,44
211-000554,2,SAD,46,T7_Alpha,bandpower,T7,Alpha,,temporal_left,0.0,0.0,44
211-000554,2,SAD,47,T7_Beta,bandpower,T7,Beta,,temporal_left,0.0,0.0,44
211-000554,2,SAD,48,FT7_Alpha,bandpower,FT7,Alpha,,temporal_left,0.009000898582596471,0.0026582061594993987,44
211-000554,2,SAD,49,FT7_Beta,bandpower,FT7,Beta,,temporal_left,0.25078172497982726,0.11988827957196646,44
211-000554,2,SAD,50,FC3_Alpha,bandpower,FC3,Alpha,,frontal_bilateral,0.0009513348839056125,0.00024869079561149073,44
211-000554,2,SAD,51,FC3_Beta,bandpower,FC3,Beta,,frontal_bilateral,0.04651346132330063,-0.013765277219268728,44
211-000554,2,SAD,52,F3_Alpha,bandpower,F3,Alpha,,frontal_bilateral,0.0,0.0,44
211-000554,2,SAD,53,F3_Beta,bandpower,F3,Beta,,frontal_bilateral,0.0,0.0,44
211-000554,2,SAD,54,Fp2_Alpha,bandpower,Fp2,Alpha,,frontal_bilateral,0.0,0.0,44
211-000554,2,SAD,55,Fp2_Beta,bandpower,Fp2,Beta,,frontal_bilateral,0.0,0.0,44
211-000554,2,SAD,56,F7_Alpha,bandpower,F7,Alpha,,frontal_inferior_left,0.5197335529818191,0.09006286965821837,44
211-000554,2,SAD,57,F7_Beta,bandpower,F7,Beta,,frontal_inferior_left,0.15774466339524726,0.09163188004806994,44
211-000554,2,SAD,58,Fp1_Alpha,bandpower,Fp1,Alpha,,frontal_bilateral,0.0,0.0,44
211-000554,2,SAD,59,Fp1_Beta,bandpower,Fp1,Beta,,frontal_bilateral,0.05848649830847897,0.011597858032495136,44
211-000554,2,SAD,60,PO5_Alpha,bandpower,PO5,Alpha,,other,0.0,0.0,44
211-000554,2,SAD,61,PO5_Beta,bandpower,PO5,Beta,,other,0.0,0.0,44
211-000554,2,SAD,62,PO3_Alpha,bandpower,PO3,Alpha,,occipital,0.0,0.0,44
211-000554,2,SAD,63,PO3_Beta,bandpower,PO3,Beta,,occipital,0.06406374645133694,-0.007994872655595736,44
211-000554,2,SAD,64,P1_Alpha,bandpower,P1,Alpha,,other,0.0,0.0,44
211-000554,2,SAD,65,P1_Beta,bandpower,P1,Beta,,other,0.025360031080742574,0.015964609352783907,44
211-000554,2,SAD,66,POz_Alpha,bandpower,POz,Alpha,,occipital,0.018391803397606248,0.0035184821977571525,44
211-000554,2,SAD,67,POz_Beta,bandpower,POz,Beta,,occipital,0.0062809855647959715,-0.00223249376032443,44
211-000554,2,SAD,68,P2_Alpha,bandpower,P2,Alpha,,other,0.0,0.0,44
211-000554,2,SAD,69,P2_Beta,bandpower,P2,Beta,,other,0.025833505253757248,-0.010170277155013006,44
211-000554,2,SAD,70,PO4_Alpha,bandpower,PO4,Alpha,,occipital,0.0,0.0,44
211-000554,2,SAD,71,PO4_Beta,bandpower,PO4,Beta,,occipital,0.1786510568490102,-0.08533735753371421,44
211-000554,2,SAD,72,CP2_Alpha,bandpower,CP2,Alpha,,other,0.002138056196424564,-0.0017059201672666863,44
211-000554,2,SAD,73,CP2_Beta,bandpower,CP2,Beta,,other,0.03498659114820898,-0.0057902112169932966,44
211-000554,2,SAD,74,P6_Alpha,bandpower,P6,Alpha,,temporal_right,0.0,0.0,44
211-000554,2,SAD,75,P6_Beta,bandpower,P6,Beta,,temporal_right,0.04540183727957856,-0.014509974599352759,44
211-000554,2,SAD,76,PO6_Alpha,bandpower,PO6,Alpha,,other,0.0,0.0,44
211-000554,2,SAD,77,PO6_Beta,bandpower,PO6,Beta,,other,0.0,0.0,44
211-000554,2,SAD,78,CP6_Alpha,bandpower,CP6,Alpha,,temporal_right,0.025271189088166255,0.0007239086781821693,44
211-000554,2,SAD,79,CP6_Beta,bandpower,CP6,Beta,,temporal_right,0.0541235725339446,-0.02037112284815594,44
211-000554,2,SAD,80,C6_Alpha,bandpower,C6,Alpha,,temporal_right,0.0,0.0,44
211-000554,2,SAD,81,C6_Beta,bandpower,C6,Beta,,temporal_right,0.028981276301894187,0.021319581139670533,44
211-000554,2,SAD,82,PO8_Alpha,bandpower,PO8,Alpha,,occipital,0.0,0.0,44
211-000554,2,SAD,83,PO8_Beta,bandpower,PO8,Beta,,occipital,0.04076645120859584,0.01843028548372806,44
211-000554,2,SAD,84,PO7_Alpha,bandpower,PO7,Alpha,,occipital,0.0,0.0,44
211-000554,2,SAD,85,PO7_Beta,bandpower,PO7,Beta,,occipital,0.0,0.0,44
211-000554,2,SAD,86,P5_Alpha,bandpower,P5,Alpha,,temporal_left,0.0,0.0,44
211-000554,2,SAD,87,P5_Beta,bandpower,P5,Beta,,temporal_left,0.0,0.0,44
211-000554,2,SAD,88,CP5_Alpha,bandpower,CP5,Alpha,,temporal_left,0.24697101632706114,-0.05024052027646882,44
211-000554,2,SAD,89,CP5_Beta,bandpower,CP5,Beta,,temporal_left,0.014200491668894644,-0.008355919565102322,44
211-000554,2,SAD,90,CP1_Alpha,bandpower,CP1,Alpha,,other,0.2015835096815262,0.03273206303153744,44
211-000554,2,SAD,91,CP1_Beta,bandpower,CP1,Beta,,other,0.09390638898200976,0.021160651507353932,44
211-000554,2,SAD,92,C1_Alpha,bandpower,C1,Alpha,,other,0.003174537043181165,-0.0019591122468187606,44
211-000554,2,SAD,93,C1_Beta,bandpower,C1,Beta,,other,0.02607639006239425,-0.009960882106069147,44
211-000554,2,SAD,94,C2_Alpha,bandpower,C2,Alpha,,other,0.0,0.0,44
211-000554,2,SAD,95,C2_Beta,bandpower,C2,Beta,,other,0.08562857515813872,-0.04305121698707922,44
211-000554,2,SAD,96,FC2_Alpha,bandpower,FC2,Alpha,,other,0.3593872915209015,0.061411106909139694,44
211-000554,2,SAD,97,FC2_Beta,bandpower,FC2,Beta,,other,0.24685219234689199,-0.055052344924115794,44
211-000554,2,SAD,98,FC6_Alpha,bandpower,FC6,Alpha,,other,0.008122066559369805,0.0010841267950845287,44
211-000554,2,SAD,99,FC6_Beta,bandpower,FC6,Beta,,other,0.041639907955410484,0.03755864458354655,44
211-000554,2,SAD,100,C5_Alpha,bandpower,C5,Alpha,,temporal_left,0.040107250408295304,-0.034339975434570257,44
211-000554,2,SAD,101,C5_Beta,bandpower,C5,Beta,,temporal_left,0.0,0.0,44
211-000554,2,SAD,102,FC1_Alpha,bandpower,FC1,Alpha,,other,0.023166767587352134,-0.0188442735298116,44
211-000554,2,SAD,103,FC1_Beta,bandpower,FC1,Beta,,other,0.020231753967674047,-0.011842755567479324,44
211-000554,2,SAD,104,F2_Alpha,bandpower,F2,Alpha,,frontal_bilateral,0.0,0.0,44
211-000554,2,SAD,105,F2_Beta,bandpower,F2,Beta,,frontal_bilateral,0.02826836089683117,0.024770581816162186,44
211-000554,2,SAD,106,F6_Alpha,bandpower,F6,Alpha,,other,0.0,0.0,44
211-000554,2,SAD,107,F6_Beta,bandpower,F6,Beta,,other,0.0,0.0,44
211-000554,2,SAD,108,FC5_Alpha,bandpower,FC5,Alpha,,frontal_inferior_left,0.026114390639455965,0.012294632141539929,44
211-000554,2,SAD,109,FC5_Beta,bandpower,FC5,Beta,,frontal_inferior_left,0.0,0.0,44
211-000554,2,SAD,110,F1_Alpha,bandpower,F1,Alpha,,frontal_bilateral,0.0,0.0,44
211-000554,2,SAD,111,F1_Beta,bandpower,F1,Beta,,frontal_bilateral,0.12813520005692522,0.07341216985560374,44
211-000554,2,SAD,112,AF4_Alpha,bandpower,AF4,Alpha,,frontal_bilateral,0.0832499623523275,-0.01775364564560531,44
211-000554,2,SAD,113,AF4_Beta,bandpower,AF4,Beta,,frontal_bilateral,0.4291003412055108,0.31290852539679015,44
211-000554,2,SAD,114,AF8_Alpha,bandpower,AF8,Alpha,,frontal_bilateral,0.006053376086150735,0.003823926023313821,44
211-000554,2,SAD,115,AF8_Beta,bandpower,AF8,Beta,,frontal_bilateral,0.0,0.0,44
211-000554,2,SAD,116,F5_Alpha,bandpower,F5,Alpha,,frontal_inferior_left,0.4449846847213307,0.08199438351512792,44
211-000554,2,SAD,117,F5_Beta,bandpower,F5,Beta,,frontal_inferior_left,0.23160302714872386,0.17724902258718225,44
211-000554,2,SAD,118,AF7_Alpha,bandpower,AF7,Alpha,,frontal_bilateral,0.0,0.0,44
211-000554,2,SAD,119,AF7_Beta,bandpower,AF7,Beta,,frontal_bilateral,0.1321112514349584,0.04916501555250576,44
211-000554,2,SAD,120,AF3_Alpha,bandpower,AF3,Alpha,,frontal_bilateral,0.0,0.0,44
211-000554,2,SAD,121,AF3_Beta,bandpower,AF3,Beta,,frontal_bilateral,0.28577784399747524,0.1749269050548258,44
211-000554,2,SAD,122,Fpz_Alpha,bandpower,Fpz,Alpha,,frontal_bilateral,0.0,0.0,44
211-000554,2,SAD,123,Fpz_Beta,bandpower,Fpz,Beta,,frontal_bilateral,0.07194487517160915,-0.0013891170758587009,44
211-000554,2,SAD,124,AlphaAsym_Fp2-Fp1,AlphaAsym,,,Fp2-Fp1,,0.0,0.0,44
211-000554,2,SAD,125,AlphaAsym_AF8-AF7,AlphaAsym,,,AF8-AF7,,0.0,0.0,44
211-000554,2,SAD,126,AlphaAsym_AF4-AF3,AlphaAsym,,,AF4-AF3,,0.0,0.0,44
211-000554,2,SAD,127,AlphaAsym_F8-F7,AlphaAsym,,,F8-F7,,0.00884668320766624,-0.0016010737101046805,44
211-000554,2,SAD,128,AlphaAsym_F6-F5,AlphaAsym,,,F6-F5,,0.08981069872381776,0.01020098612892924,44
211-000554,2,SAD,129,AlphaAsym_F4-F3,AlphaAsym,,,F4-F3,,0.0,0.0,44
211-000554,2,SAD,130,AlphaAsym_F2-F1,AlphaAsym,,,F2-F1,,0.004615867135318843,0.004044370159650208,44
211-000554,2,SAD,131,AlphaAsym_FC6-FC5,AlphaAsym,,,FC6-FC5,,0.0,0.0,44
211-000554,2,SAD,132,AlphaAsym_FC4-FC3,AlphaAsym,,,FC4-FC3,,0.03073719566767158,-0.023759498472376236,44
211-000554,2,SAD,133,AlphaAsym_FC2-FC1,AlphaAsym,,,FC2-FC1,,0.08453999273589603,-0.037309726651428454,44
211-000554,2,SAD,134,AlphaAsym_T8-T7,AlphaAsym,,,T8-T7,,0.008278464182190082,0.0002488755656013253,44
211-000554,2,SAD,135,AlphaAsym_C6-C5,AlphaAsym,,,C6-C5,,0.0528612503099753,0.032523713466979735,44
211-000554,2,SAD,136,AlphaAsym_C4-C3,AlphaAsym,,,C4-C3,,0.08195683723046981,0.005805945201416704,44
211-000554,2,SAD,137,AlphaAsym_C2-C1,AlphaAsym,,,C2-C1,,0.02827601447732927,-0.007045642956856537,44
211-000554,2,SAD,138,AlphaAsym_TP8-TP7,AlphaAsym,,,TP8-TP7,,0.4792898021968556,0.2842075164785723,44
211-000554,2,SAD,139,AlphaAsym_CP6-CP5,AlphaAsym,,,CP6-CP5,,0.0,0.0,44
211-000554,2,SAD,140,AlphaAsym_CP4-CP3,AlphaAsym,,,CP4-CP3,,0.0,0.0,44
211-000554,2,SAD,141,AlphaAsym_CP2-CP1,AlphaAsym,,,CP2-CP1,,0.0,0.0,44
211-000554,2,SAD,142,AlphaAsym_P8-P7,AlphaAsym,,,P8-P7,,0.5337017125412816,0.32626495238499253,44
211-000554,2,SAD,143,AlphaAsym_P6-P5,AlphaAsym,,,P6-P5,,0.0,0.0,44
211-000554,2,SAD,144,AlphaAsym_P4-P3,AlphaAsym,,,P4-P3,,0.033857160626829835,0.01770713337320105,44
211-000554,2,SAD,145,AlphaAsym_P2-P1,AlphaAsym,,,P2-P1,,0.0,0.0,44
211-000554,2,SAD,146,AlphaAsym_PO8-PO7,AlphaAsym,,,PO8-PO7,,0.0,0.0,44
211-000554,2,SAD,147,AlphaAsym_PO6-PO5,AlphaAsym,,,PO6-PO5,,0.0,0.0,44
211-000554,2,SAD,148,AlphaAsym_PO4-PO3,AlphaAsym,,,PO4-PO3,,0.0,0.0,44
211-000554,2,SAD,149,AlphaAsym_O2-O1,AlphaAsym,,,O2-O1,,0.0,0.0,44
211-000555,0,JOY,0,O2_Alpha,bandpower,O2,Alpha,,occipital,0.0,0.0,42
211-000555,0,JOY,1,O2_Beta,bandpower,O2,Beta,,occipital,0.1538181982512817,0.0931784179575681,42
211-000555,0,JOY,2,O1_Alpha,bandpower,O1,Alpha,,occipital,0.002878632298011655,-0.0012486139436147356,42
211-000555,0,JOY,3,O1_Beta,bandpower,O1,Beta,,occipital,0.5181513795617432,0.3024442927931038,42
211-000555,0,JOY,4,Oz_Alpha,bandpower,Oz,Alpha,,occipital,0.0,0.0,42
211-000555,0,JOY,5,Oz_Beta,bandpower,Oz,Beta,,occipital,0.5104210795001165,0.34572028598497584,42
211-000555,0,JOY,6,Pz_Alpha,bandpower,Pz,Alpha,,parietal_midline,0.0,0.0,42
211-000555,0,JOY,7,Pz_Beta,bandpower,Pz,Beta,,parietal_midline,0.0,0.0,42
211-000555,0,JOY,8,P4_Alpha,bandpower,P4,Alpha,,other,0.0,0.0,42
211-000555,0,JOY,9,P4_Beta,bandpower,P4,Beta,,other,0.0,0.0,42
211-000555,0,JOY,10,CP4_Alpha,bandpower,CP4,Alpha,,temporal_right,0.0,0.0,42
211-000555,0,JOY,11,CP4_Beta,bandpower,CP4,Beta,,temporal_right,0.0,0.0,42
211-000555,0,JOY,12,P8_Alpha,bandpower,P8,Alpha,,temporal_right,0.0,0.0,42
211-000555,0,JOY,13,P8_Beta,bandpower,P8,Beta,,temporal_right,0.0,0.0,42
211-000555,0,JOY,14,C4_Alpha,bandpower,C4,Alpha,,other,0.0,0.0,42
211-000555,0,JOY,15,C4_Beta,bandpower,C4,Beta,,other,0.0,0.0,42
211-000555,0,JOY,16,TP8_Alpha,bandpower,TP8,Alpha,,temporal_right,0.0,0.0,42
211-000555,0,JOY,17,TP8_Beta,bandpower,TP8,Beta,,temporal_right,0.0,0.0,42
211-000555,0,JOY,18,T8_Alpha,bandpower,T8,Alpha,,temporal_right,0.0,0.0,42
211-000555,0,JOY,19,T8_Beta,bandpower,T8,Beta,,temporal_right,0.0,0.0,42
211-000555,0,JOY,20,P7_Alpha,bandpower,P7,Alpha,,temporal_left,0.0,0.0,42
211-000555,0,JOY,21,P7_Beta,bandpower,P7,Beta,,temporal_left,0.277969695708883,0.18076793627340995,42
211-000555,0,JOY,22,P3_Alpha,bandpower,P3,Alpha,,centro_parietal_left,0.0,0.0,42
211-000555,0,JOY,23,P3_Beta,bandpower,P3,Beta,,centro_parietal_left,0.0,0.0,42
211-000555,0,JOY,24,CP3_Alpha,bandpower,CP3,Alpha,,temporal_left,0.0,0.0,42
211-000555,0,JOY,25,CP3_Beta,bandpower,CP3,Beta,,temporal_left,0.0,0.0,42
211-000555,0,JOY,26,CPz_Alpha,bandpower,CPz,Alpha,,parietal_midline,0.0,0.0,42
211-000555,0,JOY,27,CPz_Beta,bandpower,CPz,Beta,,parietal_midline,0.0,0.0,42
211-000555,0,JOY,28,Cz_Alpha,bandpower,Cz,Alpha,,parietal_midline,0.0,0.0,42
211-000555,0,JOY,29,Cz_Beta,bandpower,Cz,Beta,,parietal_midline,0.0,0.0,42
211-000555,0,JOY,30,FC4_Alpha,bandpower,FC4,Alpha,,frontal_bilateral,0.00393760718109527,-0.0032864574052371633,42
211-000555,0,JOY,31,FC4_Beta,bandpower,FC4,Beta,,frontal_bilateral,0.19712435825305205,0.1525594738862239,42
211-000555,0,JOY,32,FT8_Alpha,bandpower,FT8,Alpha,,temporal_right,0.0,0.0,42
211-000555,0,JOY,33,FT8_Beta,bandpower,FT8,Beta,,temporal_right,0.0,0.0,42
211-000555,0,JOY,34,TP7_Alpha,bandpower,TP7,Alpha,,temporal_left,0.0,0.0,42
211-000555,0,JOY,35,TP7_Beta,bandpower,TP7,Beta,,temporal_left,0.0,0.0,42
211-000555,0,JOY,36,C3_Alpha,bandpower,C3,Alpha,,centro_parietal_left,0.0,0.0,42
211-000555,0,JOY,37,C3_Beta,bandpower,C3,Beta,,centro_parietal_left,0.0,0.0,42
211-000555,0,JOY,38,FCz_Alpha,bandpower,FCz,Alpha,,frontal_bilateral,0.01570627425441157,0.013757305437843566,42
211-000555,0,JOY,39,FCz_Beta,bandpower,FCz,Beta,,frontal_bilateral,0.0,0.0,42
211-000555,0,JOY,40,Fz_Alpha,bandpower,Fz,Alpha,,frontal_bilateral,0.030856016303631995,0.030856016303631995,42
211-000555,0,JOY,41,Fz_Beta,bandpower,Fz,Beta,,frontal_bilateral,0.04435947538194796,0.04385538495937839,42
211-000555,0,JOY,42,F4_Alpha,bandpower,F4,Alpha,,frontal_bilateral,0.18213331241745817,0.1188086111710267,42
211-000555,0,JOY,43,F4_Beta,bandpower,F4,Beta,,frontal_bilateral,0.023780640196292266,0.018944248371978407,42
211-000555,0,JOY,44,F8_Alpha,bandpower,F8,Alpha,,other,0.0,0.0,42
211-000555,0,JOY,45,F8_Beta,bandpower,F8,Beta,,other,0.0,0.0,42
211-000555,0,JOY,46,T7_Alpha,bandpower,T7,Alpha,,temporal_left,0.0815783151252859,-0.06279556758621256,42
211-000555,0,JOY,47,T7_Beta,bandpower,T7,Beta,,temporal_left,0.0,0.0,42
211-000555,0,JOY,48,FT7_Alpha,bandpower,FT7,Alpha,,temporal_left,0.0,0.0,42
211-000555,0,JOY,49,FT7_Beta,bandpower,FT7,Beta,,temporal_left,0.0059487865768816746,-0.0059487865768816746,42
211-000555,0,JOY,50,FC3_Alpha,bandpower,FC3,Alpha,,frontal_bilateral,0.0,0.0,42
211-000555,0,JOY,51,FC3_Beta,bandpower,FC3,Beta,,frontal_bilateral,0.07272088779220431,-0.054489248151528606,42
211-000555,0,JOY,52,F3_Alpha,bandpower,F3,Alpha,,frontal_bilateral,0.00901566773091432,0.00901566773091432,42
211-000555,0,JOY,53,F3_Beta,bandpower,F3,Beta,,frontal_bilateral,0.0,0.0,42
211-000555,0,JOY,54,Fp2_Alpha,bandpower,Fp2,Alpha,,frontal_bilateral,0.0,0.0,42
211-000555,0,JOY,55,Fp2_Beta,bandpower,Fp2,Beta,,frontal_bilateral,0.0,0.0,42
211-000555,0,JOY,56,F7_Alpha,bandpower,F7,Alpha,,frontal_inferior_left,0.0,0.0,42
211-000555,0,JOY,57,F7_Beta,bandpower,F7,Beta,,frontal_inferior_left,0.0,0.0,42
211-000555,0,JOY,58,Fp1_Alpha,bandpower,Fp1,Alpha,,frontal_bilateral,0.0,0.0,42
211-000555,0,JOY,59,Fp1_Beta,bandpower,Fp1,Beta,,frontal_bilateral,0.04899853104786932,0.025945474577863233,42
211-000555,0,JOY,60,PO5_Alpha,bandpower,PO5,Alpha,,other,0.09454325254773377,0.06913600021750602,42
211-000555,0,JOY,61,PO5_Beta,bandpower,PO5,Beta,,other,0.42998119263320417,0.3257694393530258,42
211-000555,0,JOY,62,PO3_Alpha,bandpower,PO3,Alpha,,occipital,0.0,0.0,42
211-000555,0,JOY,63,PO3_Beta,bandpower,PO3,Beta,,occipital,0.0,0.0,42
211-000555,0,JOY,64,P1_Alpha,bandpower,P1,Alpha,,other,0.17807949151389751,0.0731388715620757,42
211-000555,0,JOY,65,P1_Beta,bandpower,P1,Beta,,other,0.0,0.0,42
211-000555,0,JOY,66,POz_Alpha,bandpower,POz,Alpha,,occipital,0.04010769817194447,-0.007092252212537039,42
211-000555,0,JOY,67,POz_Beta,bandpower,POz,Beta,,occipital,0.5266708540207389,-0.2790760420119116,42
211-000555,0,JOY,68,P2_Alpha,bandpower,P2,Alpha,,other,0.0,0.0,42
211-000555,0,JOY,69,P2_Beta,bandpower,P2,Beta,,other,0.0,0.0,42
211-000555,0,JOY,70,PO4_Alpha,bandpower,PO4,Alpha,,occipital,0.0,0.0,42
211-000555,0,JOY,71,PO4_Beta,bandpower,PO4,Beta,,occipital,0.0,0.0,42
211-000555,0,JOY,72,CP2_Alpha,bandpower,CP2,Alpha,,other,0.0,0.0,42
211-000555,0,JOY,73,CP2_Beta,bandpower,CP2,Beta,,other,0.0,0.0,42
211-000555,0,JOY,74,P6_Alpha,bandpower,P6,Alpha,,temporal_right,0.0,0.0,42
211-000555,0,JOY,75,P6_Beta,bandpower,P6,Beta,,temporal_right,0.0,0.0,42
211-000555,0,JOY,76,PO6_Alpha,bandpower,PO6,Alpha,,other,0.0,0.0,42
211-000555,0,JOY,77,PO6_Beta,bandpower,PO6,Beta,,other,0.0,0.0,42
211-000555,0,JOY,78,CP6_Alpha,bandpower,CP6,Alpha,,temporal_right,0.25704217764042064,-0.07396474977913428,42
211-000555,0,JOY,79,CP6_Beta,bandpower,CP6,Beta,,temporal_right,0.5589191797015994,-0.13069431682561383,42
211-000555,0,JOY,80,C6_Alpha,bandpower,C6,Alpha,,temporal_right,0.0,0.0,42
211-000555,0,JOY,81,C6_Beta,bandpower,C6,Beta,,temporal_right,0.0,0.0,42
211-000555,0,JOY,82,PO8_Alpha,bandpower,PO8,Alpha,,occipital,0.0,0.0,42
211-000555,0,JOY,83,PO8_Beta,bandpower,PO8,Beta,,occipital,0.0,0.0,42
211-000555,0,JOY,84,PO7_Alpha,bandpower,PO7,Alpha,,occipital,0.015433160365062032,1.8506076035776364e-05,42
211-000555,0,JOY,85,PO7_Beta,bandpower,PO7,Beta,,occipital,0.4289163770784321,0.2941657021402288,42
211-000555,0,JOY,86,P5_Alpha,bandpower,P5,Alpha,,temporal_left,0.0017751423755938715,-0.0004583376886012532,42
211-000555,0,JOY,87,P5_Beta,bandpower,P5,Beta,,temporal_left,0.0,0.0,42
211-000555,0,JOY,88,CP5_Alpha,bandpower,CP5,Alpha,,temporal_left,0.0,0.0,42
211-000555,0,JOY,89,CP5_Beta,bandpower,CP5,Beta,,temporal_left,0.0,0.0,42
211-000555,0,JOY,90,CP1_Alpha,bandpower,CP1,Alpha,,other,0.04109906424098675,-0.033848266838609246,42
211-000555,0,JOY,91,CP1_Beta,bandpower,CP1,Beta,,other,0.14851765335769973,-0.1244406411303591,42
211-000555,0,JOY,92,C1_Alpha,bandpower,C1,Alpha,,other,0.0,0.0,42
211-000555,0,JOY,93,C1_Beta,bandpower,C1,Beta,,other,0.0,0.0,42
211-000555,0,JOY,94,C2_Alpha,bandpower,C2,Alpha,,other,0.0,0.0,42
211-000555,0,JOY,95,C2_Beta,bandpower,C2,Beta,,other,0.0,0.0,42
211-000555,0,JOY,96,FC2_Alpha,bandpower,FC2,Alpha,,other,0.0,0.0,42
211-000555,0,JOY,97,FC2_Beta,bandpower,FC2,Beta,,other,0.0,0.0,42
211-000555,0,JOY,98,FC6_Alpha,bandpower,FC6,Alpha,,other,0.0,0.0,42
211-000555,0,JOY,99,FC6_Beta,bandpower,FC6,Beta,,other,0.0,0.0,42
211-000555,0,JOY,100,C5_Alpha,bandpower,C5,Alpha,,temporal_left,0.0,0.0,42
211-000555,0,JOY,101,C5_Beta,bandpower,C5,Beta,,temporal_left,0.0,0.0,42
211-000555,0,JOY,102,FC1_Alpha,bandpower,FC1,Alpha,,other,0.0,0.0,42
211-000555,0,JOY,103,FC1_Beta,bandpower,FC1,Beta,,other,0.0,0.0,42
211-000555,0,JOY,104,F2_Alpha,bandpower,F2,Alpha,,frontal_bilateral,0.026330264670500148,0.02626392644881636,42
211-000555,0,JOY,105,F2_Beta,bandpower,F2,Beta,,frontal_bilateral,0.005635886458832234,0.004376459662973754,42
211-000555,0,JOY,106,F6_Alpha,bandpower,F6,Alpha,,other,0.0,0.0,42
211-000555,0,JOY,107,F6_Beta,bandpower,F6,Beta,,other,0.0,0.0,42
211-000555,0,JOY,108,FC5_Alpha,bandpower,FC5,Alpha,,frontal_inferior_left,0.0,0.0,42
211-000555,0,JOY,109,FC5_Beta,bandpower,FC5,Beta,,frontal_inferior_left,0.1760335771947338,0.15961213452542222,42
211-000555,0,JOY,110,F1_Alpha,bandpower,F1,Alpha,,frontal_bilateral,0.0,0.0,42
211-000555,0,JOY,111,F1_Beta,bandpower,F1,Beta,,frontal_bilateral,0.0,0.0,42
211-000555,0,JOY,112,AF4_Alpha,bandpower,AF4,Alpha,,frontal_bilateral,0.0921326698928191,0.013240092176770283,42
211-000555,0,JOY,113,AF4_Beta,bandpower,AF4,Beta,,frontal_bilateral,0.09638746952440497,-0.029540930233169626,42
211-000555,0,JOY,114,AF8_Alpha,bandpower,AF8,Alpha,,frontal_bilateral,0.056312037289475605,-0.00842375338128542,42
211-000555,0,JOY,115,AF8_Beta,bandpower,AF8,Beta,,frontal_bilateral,0.11459491744318165,-0.06632359065487307,42
211-000555,0,JOY,116,F5_Alpha,bandpower,F5,Alpha,,frontal_inferior_left,0.0,0.0,42
211-000555,0,JOY,117,F5_Beta,bandpower,F5,Beta,,frontal_inferior_left,0.0,0.0,42
211-000555,0,JOY,118,AF7_Alpha,bandpower,AF7,Alpha,,frontal_bilateral,0.0,0.0,42
211-000555,0,JOY,119,AF7_Beta,bandpower,AF7,Beta,,frontal_bilateral,0.22997687490943652,0.09307658515914981,42
211-000555,0,JOY,120,AF3_Alpha,bandpower,AF3,Alpha,,frontal_bilateral,0.004528573323843426,0.004528573323843426,42
211-000555,0,JOY,121,AF3_Beta,bandpower,AF3,Beta,,frontal_bilateral,0.2793150647046942,0.22872203143486716,42
211-000555,0,JOY,122,Fpz_Alpha,bandpower,Fpz,Alpha,,frontal_bilateral,0.009744742369254615,0.003469981225810389,42
211-000555,0,JOY,123,Fpz_Beta,bandpower,Fpz,Beta,,frontal_bilateral,0.17785062677557356,0.13709557262768288,42
211-000555,0,JOY,124,AlphaAsym_Fp2-Fp1,AlphaAsym,,,Fp2-Fp1,,0.0,0.0,42
211-000555,0,JOY,125,AlphaAsym_AF8-AF7,AlphaAsym,,,AF8-AF7,,0.06117926737798983,0.010322420595365837,42
211-000555,0,JOY,126,AlphaAsym_AF4-AF3,AlphaAsym,,,AF4-AF3,,0.0,0.0,42
211-000555,0,JOY,127,AlphaAsym_F8-F7,AlphaAsym,,,F8-F7,,0.0,0.0,42
211-000555,0,JOY,128,AlphaAsym_F6-F5,AlphaAsym,,,F6-F5,,0.0,0.0,42
211-000555,0,JOY,129,AlphaAsym_F4-F3,AlphaAsym,,,F4-F3,,0.0,0.0,42
211-000555,0,JOY,130,AlphaAsym_F2-F1,AlphaAsym,,,F2-F1,,0.0,0.0,42
211-000555,0,JOY,131,AlphaAsym_FC6-FC5,AlphaAsym,,,FC6-FC5,,0.0,0.0,42
211-000555,0,JOY,132,AlphaAsym_FC4-FC3,AlphaAsym,,,FC4-FC3,,0.02628991477552598,-0.02302980414435335,42
211-000555,0,JOY,133,AlphaAsym_FC2-FC1,AlphaAsym,,,FC2-FC1,,0.0,0.0,42
211-000555,0,JOY,134,AlphaAsym_T8-T7,AlphaAsym,,,T8-T7,,0.011522945324710218,0.008807734727487027,42
211-000555,0,JOY,135,AlphaAsym_C6-C5,AlphaAsym,,,C6-C5,,0.0,0.0,42
211-000555,0,JOY,136,AlphaAsym_C4-C3,AlphaAsym,,,C4-C3,,0.0,0.0,42
211-000555,0,JOY,137,AlphaAsym_C2-C1,AlphaAsym,,,C2-C1,,0.0,0.0,42
211-000555,0,JOY,138,AlphaAsym_TP8-TP7,AlphaAsym,,,TP8-TP7,,0.0,0.0,42
211-000555,0,JOY,139,AlphaAsym_CP6-CP5,AlphaAsym,,,CP6-CP5,,0.07093027738443382,0.044859098967596156,42
211-000555,0,JOY,140,AlphaAsym_CP4-CP3,AlphaAsym,,,CP4-CP3,,0.0,0.0,42
211-000555,0,JOY,141,AlphaAsym_CP2-CP1,AlphaAsym,,,CP2-CP1,,0.0040053373305383826,-0.002785918458047471,42
211-000555,0,JOY,142,AlphaAsym_P8-P7,AlphaAsym,,,P8-P7,,0.0,0.0,42
211-000555,0,JOY,143,AlphaAsym_P6-P5,AlphaAsym,,,P6-P5,,0.0,0.0,42
211-000555,0,JOY,144,AlphaAsym_P4-P3,AlphaAsym,,,P4-P3,,0.0015485404448823323,-0.00045223417402041194,42
211-000555,0,JOY,145,AlphaAsym_P2-P1,AlphaAsym,,,P2-P1,,0.0,0.0,42
211-000555,0,JOY,146,AlphaAsym_PO8-PO7,AlphaAsym,,,PO8-PO7,,0.0,0.0,42
211-000555,0,JOY,147,AlphaAsym_PO6-PO5,AlphaAsym,,,PO6-PO5,,0.0,0.0,42
211-000555,0,JOY,148,AlphaAsym_PO4-PO3,AlphaAsym,,,PO4-PO3,,0.0,0.0,42
211-000555,0,JOY,149,AlphaAsym_O2-O1,AlphaAsym,,,O2-O1,,0.0,0.0,42
211-000555,1,NEUTRO,0,O2_Alpha,bandpower,O2,Alpha,,occipital,0.0,0.0,46
211-000555,1,NEUTRO,1,O2_Beta,bandpower,O2,Beta,,occipital,0.0,0.0,46
211-000555,1,NEUTRO,2,O1_Alpha,bandpower,O1,Alpha,,occipital,0.0,0.0,46
211-000555,1,NEUTRO,3,O1_Beta,bandpower,O1,Beta,,occipital,0.20794736992369528,-0.03533515441075195,46
211-000555,1,NEUTRO,4,Oz_Alpha,bandpower,Oz,Alpha,,occipital,0.0,0.0,46
211-000555,1,NEUTRO,5,Oz_Beta,bandpower,Oz,Beta,,occipital,0.04279608974563654,-0.021942818823551733,46
211-000555,1,NEUTRO,6,Pz_Alpha,bandpower,Pz,Alpha,,parietal_midline,0.0,0.0,46
211-000555,1,NEUTRO,7,Pz_Beta,bandpower,Pz,Beta,,parietal_midline,0.0,0.0,46
211-000555,1,NEUTRO,8,P4_Alpha,bandpower,P4,Alpha,,other,0.0,0.0,46
211-000555,1,NEUTRO,9,P4_Beta,bandpower,P4,Beta,,other,0.0,0.0,46
211-000555,1,NEUTRO,10,CP4_Alpha,bandpower,CP4,Alpha,,temporal_right,0.005415365197647814,0.0014492628308101787,46
211-000555,1,NEUTRO,11,CP4_Beta,bandpower,CP4,Beta,,temporal_right,0.008843568427989416,0.008843568427989416,46
211-000555,1,NEUTRO,12,P8_Alpha,bandpower,P8,Alpha,,temporal_right,0.0,0.0,46
211-000555,1,NEUTRO,13,P8_Beta,bandpower,P8,Beta,,temporal_right,0.0,0.0,46
211-000555,1,NEUTRO,14,C4_Alpha,bandpower,C4,Alpha,,other,0.013661098499981775,0.004401648455778713,46
211-000555,1,NEUTRO,15,C4_Beta,bandpower,C4,Beta,,other,0.09196320603595208,0.06888579947237342,46
211-000555,1,NEUTRO,16,TP8_Alpha,bandpower,TP8,Alpha,,temporal_right,0.0,0.0,46
211-000555,1,NEUTRO,17,TP8_Beta,bandpower,TP8,Beta,,temporal_right,0.0,0.0,46
211-000555,1,NEUTRO,18,T8_Alpha,bandpower,T8,Alpha,,temporal_right,0.0,0.0,46
211-000555,1,NEUTRO,19,T8_Beta,bandpower,T8,Beta,,temporal_right,0.0033905669494733266,0.0013249063973887229,46
211-000555,1,NEUTRO,20,P7_Alpha,bandpower,P7,Alpha,,temporal_left,0.0,0.0,46
211-000555,1,NEUTRO,21,P7_Beta,bandpower,P7,Beta,,temporal_left,0.0,0.0,46
211-000555,1,NEUTRO,22,P3_Alpha,bandpower,P3,Alpha,,centro_parietal_left,0.0,0.0,46
211-000555,1,NEUTRO,23,P3_Beta,bandpower,P3,Beta,,centro_parietal_left,0.0,0.0,46
211-000555,1,NEUTRO,24,CP3_Alpha,bandpower,CP3,Alpha,,temporal_left,0.0,0.0,46
211-000555,1,NEUTRO,25,CP3_Beta,bandpower,CP3,Beta,,temporal_left,0.0,0.0,46
211-000555,1,NEUTRO,26,CPz_Alpha,bandpower,CPz,Alpha,,parietal_midline,0.0,0.0,46
211-000555,1,NEUTRO,27,CPz_Beta,bandpower,CPz,Beta,,parietal_midline,0.007699147176011438,0.0075325231846065386,46
211-000555,1,NEUTRO,28,Cz_Alpha,bandpower,Cz,Alpha,,parietal_midline,0.0,0.0,46
211-000555,1,NEUTRO,29,Cz_Beta,bandpower,Cz,Beta,,parietal_midline,0.014670552726672559,0.012004780741010414,46
211-000555,1,NEUTRO,30,FC4_Alpha,bandpower,FC4,Alpha,,frontal_bilateral,0.0012985442024722304,-0.0004973620539937285,46
211-000555,1,NEUTRO,31,FC4_Beta,bandpower,FC4,Beta,,frontal_bilateral,0.48529278500329354,0.00898870137768858,46
211-000555,1,NEUTRO,32,FT8_Alpha,bandpower,FT8,Alpha,,temporal_right,0.0,0.0,46
211-000555,1,NEUTRO,33,FT8_Beta,bandpower,FT8,Beta,,temporal_right,0.04412506914658179,0.025426233494566148,46
211-000555,1,NEUTRO,34,TP7_Alpha,bandpower,TP7,Alpha,,temporal_left,0.0,0.0,46
211-000555,1,NEUTRO,35,TP7_Beta,bandpower,TP7,Beta,,temporal_left,0.0,0.0,46
211-000555,1,NEUTRO,36,C3_Alpha,bandpower,C3,Alpha,,centro_parietal_left,0.002357246200338257,0.002357246200338257,46
211-000555,1,NEUTRO,37,C3_Beta,bandpower,C3,Beta,,centro_parietal_left,0.008608445163262169,0.0026344959325594465,46
211-000555,1,NEUTRO,38,FCz_Alpha,bandpower,FCz,Alpha,,frontal_bilateral,0.0,0.0,46
211-000555,1,NEUTRO,39,FCz_Beta,bandpower,FCz,Beta,,frontal_bilateral,0.005370593770120949,0.0018564949109956396,46
211-000555,1,NEUTRO,40,Fz_Alpha,bandpower,Fz,Alpha,,frontal_bilateral,0.0,0.0,46
211-000555,1,NEUTRO,41,Fz_Beta,bandpower,Fz,Beta,,frontal_bilateral,0.0,0.0,46
211-000555,1,NEUTRO,42,F4_Alpha,bandpower,F4,Alpha,,frontal_bilateral,0.008802936622900633,-0.006336926021171725,46
211-000555,1,NEUTRO,43,F4_Beta,bandpower,F4,Beta,,frontal_bilateral,0.0,0.0,46
211-000555,1,NEUTRO,44,F8_Alpha,bandpower,F8,Alpha,,other,0.0,0.0,46
211-000555,1,NEUTRO,45,F8_Beta,bandpower,F8,Beta,,other,0.04303879351613014,0.013377837941377937,46
211-000555,1,NEUTRO,46,T7_Alpha,bandpower,T7,Alpha,,temporal_left,0.01307636724704187,-0.009366586574445737,46
211-000555,1,NEUTRO,47,T7_Beta,bandpower,T7,Beta,,temporal_left,0.030454968732099387,0.016942698017674316,46
211-000555,1,NEUTRO,48,FT7_Alpha,bandpower,FT7,Alpha,,temporal_left,0.0,0.0,46
211-000555,1,NEUTRO,49,FT7_Beta,bandpower,FT7,Beta,,temporal_left,0.1439254009713563,0.08352875706049712,46
211-000555,1,NEUTRO,50,FC3_Alpha,bandpower,FC3,Alpha,,frontal_bilateral,0.06920449082342554,0.006411694612424012,46
211-000555,1,NEUTRO,51,FC3_Beta,bandpower,FC3,Beta,,frontal_bilateral,0.0,0.0,46
211-000555,1,NEUTRO,52,F3_Alpha,bandpower,F3,Alpha,,frontal_bilateral,0.0,0.0,46
211-000555,1,NEUTRO,53,F3_Beta,bandpower,F3,Beta,,frontal_bilateral,0.0,0.0,46
211-000555,1,NEUTRO,54,Fp2_Alpha,bandpower,Fp2,Alpha,,frontal_bilateral,0.008453047312317101,0.003568720639364572,46
211-000555,1,NEUTRO,55,Fp2_Beta,bandpower,Fp2,Beta,,frontal_bilateral,0.0,0.0,46
211-000555,1,NEUTRO,56,F7_Alpha,bandpower,F7,Alpha,,frontal_inferior_left,0.04368514421160389,0.008218235671258537,46
211-000555,1,NEUTRO,57,F7_Beta,bandpower,F7,Beta,,frontal_inferior_left,0.22033977040845493,0.11277075677992625,46
211-000555,1,NEUTRO,58,Fp1_Alpha,bandpower,Fp1,Alpha,,frontal_bilateral,0.0,0.0,46
211-000555,1,NEUTRO,59,Fp1_Beta,bandpower,Fp1,Beta,,frontal_bilateral,0.0,0.0,46
211-000555,1,NEUTRO,60,PO5_Alpha,bandpower,PO5,Alpha,,other,0.00029783897617510763,-0.0002832643530296715,46
211-000555,1,NEUTRO,61,PO5_Beta,bandpower,PO5,Beta,,other,0.0,0.0,46
211-000555,1,NEUTRO,62,PO3_Alpha,bandpower,PO3,Alpha,,occipital,0.0,0.0,46
211-000555,1,NEUTRO,63,PO3_Beta,bandpower,PO3,Beta,,occipital,0.0,0.0,46
211-000555,1,NEUTRO,64,P1_Alpha,bandpower,P1,Alpha,,other,0.13892671221319183,-0.043403146167711716,46
211-000555,1,NEUTRO,65,P1_Beta,bandpower,P1,Beta,,other,0.0,0.0,46
211-000555,1,NEUTRO,66,POz_Alpha,bandpower,POz,Alpha,,occipital,0.003523191520789903,-0.0020078203622193353,46
211-000555,1,NEUTRO,67,POz_Beta,bandpower,POz,Beta,,occipital,0.22760446976075946,0.15098716297555198,46
211-000555,1,NEUTRO,68,P2_Alpha,bandpower,P2,Alpha,,other,0.0,0.0,46
211-000555,1,NEUTRO,69,P2_Beta,bandpower,P2,Beta,,other,0.0,0.0,46
211-000555,1,NEUTRO,70,PO4_Alpha,bandpower,PO4,Alpha,,occipital,0.0,0.0,46
211-000555,1,NEUTRO,71,PO4_Beta,bandpower,PO4,Beta,,occipital,0.0,0.0,46
211-000555,1,NEUTRO,72,CP2_Alpha,bandpower,CP2,Alpha,,other,0.0,0.0,46
211-000555,1,NEUTRO,73,CP2_Beta,bandpower,CP2,Beta,,other,0.005751663739054386,0.003406128812319496,46
211-000555,1,NEUTRO,74,P6_Alpha,bandpower,P6,Alpha,,temporal_right,0.0,0.0,46
211-000555,1,NEUTRO,75,P6_Beta,bandpower,P6,Beta,,temporal_right,0.0,0.0,46
211-000555,1,NEUTRO,76,PO6_Alpha,bandpower,PO6,Alpha,,other,0.0,0.0,46
211-000555,1,NEUTRO,77,PO6_Beta,bandpower,PO6,Beta,,other,0.0,0.0,46
211-000555,1,NEUTRO,78,CP6_Alpha,bandpower,CP6,Alpha,,temporal_right,0.0,0.0,46
211-000555,1,NEUTRO,79,CP6_Beta,bandpower,CP6,Beta,,temporal_right,0.012936935144071064,-7.729496139976967e-05,46
211-000555,1,NEUTRO,80,C6_Alpha,bandpower,C6,Alpha,,temporal_right,0.0,0.0,46
211-000555,1,NEUTRO,81,C6_Beta,bandpower,C6,Beta,,temporal_right,0.12558829624088474,0.06668111665225558,46
211-000555,1,NEUTRO,82,PO8_Alpha,bandpower,PO8,Alpha,,occipital,0.0,0.0,46
211-000555,1,NEUTRO,83,PO8_Beta,bandpower,PO8,Beta,,occipital,0.0,0.0,46
211-000555,1,NEUTRO,84,PO7_Alpha,bandpower,PO7,Alpha,,occipital,0.03230808662927096,-0.02449792703388169,46
211-000555,1,NEUTRO,85,PO7_Beta,bandpower,PO7,Beta,,occipital,0.11991232144718221,-0.041539611916382516,46
211-000555,1,NEUTRO,86,P5_Alpha,bandpower,P5,Alpha,,temporal_left,0.0,0.0,46
211-000555,1,NEUTRO,87,P5_Beta,bandpower,P5,Beta,,temporal_left,0.0,0.0,46
211-000555,1,NEUTRO,88,CP5_Alpha,bandpower,CP5,Alpha,,temporal_left,0.0,0.0,46
211-000555,1,NEUTRO,89,CP5_Beta,bandpower,CP5,Beta,,temporal_left,0.0,0.0,46
211-000555,1,NEUTRO,90,CP1_Alpha,bandpower,CP1,Alpha,,other,0.10324016893930307,0.06724764072263524,46
211-000555,1,NEUTRO,91,CP1_Beta,bandpower,CP1,Beta,,other,0.20170461200401502,0.17685583234065413,46
211-000555,1,NEUTRO,92,C1_Alpha,bandpower,C1,Alpha,,other,0.0,0.0,46
211-000555,1,NEUTRO,93,C1_Beta,bandpower,C1,Beta,,other,0.15733647036240117,0.09921141856325462,46
211-000555,1,NEUTRO,94,C2_Alpha,bandpower,C2,Alpha,,other,0.0,0.0,46
211-000555,1,NEUTRO,95,C2_Beta,bandpower,C2,Beta,,other,0.05134241132818704,0.019023985044658825,46
211-000555,1,NEUTRO,96,FC2_Alpha,bandpower,FC2,Alpha,,other,0.0,0.0,46
211-000555,1,NEUTRO,97,FC2_Beta,bandpower,FC2,Beta,,other,0.015497903510911243,0.0054679951417170355,46
211-000555,1,NEUTRO,98,FC6_Alpha,bandpower,FC6,Alpha,,other,0.0,0.0,46
211-000555,1,NEUTRO,99,FC6_Beta,bandpower,FC6,Beta,,other,0.17234726955708163,0.11566144875101475,46
211-000555,1,NEUTRO,100,C5_Alpha,bandpower,C5,Alpha,,temporal_left,0.0,0.0,46
211-000555,1,NEUTRO,101,C5_Beta,bandpower,C5,Beta,,temporal_left,0.03755584276784086,0.01750741510908336,46
211-000555,1,NEUTRO,102,FC1_Alpha,bandpower,FC1,Alpha,,other,0.0,0.0,46
211-000555,1,NEUTRO,103,FC1_Beta,bandpower,FC1,Beta,,other,0.04021760994696218,0.0154740740747223,46
211-000555,1,NEUTRO,104,F2_Alpha,bandpower,F2,Alpha,,frontal_bilateral,0.0,0.0,46
211-000555,1,NEUTRO,105,F2_Beta,bandpower,F2,Beta,,frontal_bilateral,0.0,0.0,46
211-000555,1,NEUTRO,106,F6_Alpha,bandpower,F6,Alpha,,other,0.0,0.0,46
211-000555,1,NEUTRO,107,F6_Beta,bandpower,F6,Beta,,other,0.0,0.0,46
211-000555,1,NEUTRO,108,FC5_Alpha,bandpower,FC5,Alpha,,frontal_inferior_left,0.05919197904406759,0.01592323137754064,46
211-000555,1,NEUTRO,109,FC5_Beta,bandpower,FC5,Beta,,frontal_inferior_left,0.06883306040123674,0.06605472225757458,46
211-000555,1,NEUTRO,110,F1_Alpha,bandpower,F1,Alpha,,frontal_bilateral,0.0,0.0,46
211-000555,1,NEUTRO,111,F1_Beta,bandpower,F1,Beta,,frontal_bilateral,0.0,0.0,46
211-000555,1,NEUTRO,112,AF4_Alpha,bandpower,AF4,Alpha,,frontal_bilateral,0.1004273897984536,0.005737783333820764,46
211-000555,1,NEUTRO,113,AF4_Beta,bandpower,AF4,Beta,,frontal_bilateral,0.027003320165688727,-0.009222053972903196,46
211-000555,1,NEUTRO,114,AF8_Alpha,bandpower,AF8,Alpha,,frontal_bilateral,0.0,0.0,46
211-000555,1,NEUTRO,115,AF8_Beta,bandpower,AF8,Beta,,frontal_bilateral,0.04026489174698023,-0.00866799144790029,46
211-000555,1,NEUTRO,116,F5_Alpha,bandpower,F5,Alpha,,frontal_inferior_left,0.0,0.0,46
211-000555,1,NEUTRO,117,F5_Beta,bandpower,F5,Beta,,frontal_inferior_left,0.12278448474395602,0.08075389597276826,46
211-000555,1,NEUTRO,118,AF7_Alpha,bandpower,AF7,Alpha,,frontal_bilateral,0.0,0.0,46
211-000555,1,NEUTRO,119,AF7_Beta,bandpower,AF7,Beta,,frontal_bilateral,0.4732741953124757,0.042469555975406886,46
211-000555,1,NEUTRO,120,AF3_Alpha,bandpower,AF3,Alpha,,frontal_bilateral,0.0,0.0,46
211-000555,1,NEUTRO,121,AF3_Beta,bandpower,AF3,Beta,,frontal_bilateral,0.0,0.0,46
211-000555,1,NEUTRO,122,Fpz_Alpha,bandpower,Fpz,Alpha,,frontal_bilateral,0.0,0.0,46
211-000555,1,NEUTRO,123,Fpz_Beta,bandpower,Fpz,Beta,,frontal_bilateral,0.001455932009111099,7.770002282806702e-05,46
211-000555,1,NEUTRO,124,AlphaAsym_Fp2-Fp1,AlphaAsym,,,Fp2-Fp1,,0.0,0.0,46
211-000555,1,NEUTRO,125,AlphaAsym_AF8-AF7,AlphaAsym,,,AF8-AF7,,0.01727040795536595,-0.005441301414938598,46
211-000555,1,NEUTRO,126,AlphaAsym_AF4-AF3,AlphaAsym,,,AF4-AF3,,0.0,0.0,46
211-000555,1,NEUTRO,127,AlphaAsym_F8-F7,AlphaAsym,,,F8-F7,,0.036882330518156994,0.007682254348940036,46
211-000555,1,NEUTRO,128,AlphaAsym_F6-F5,AlphaAsym,,,F6-F5,,0.0,0.0,46
211-000555,1,NEUTRO,129,AlphaAsym_F4-F3,AlphaAsym,,,F4-F3,,0.0037520671877686066,-0.0007879734191186936,46
211-000555,1,NEUTRO,130,AlphaAsym_F2-F1,AlphaAsym,,,F2-F1,,0.0,0.0,46
211-000555,1,NEUTRO,131,AlphaAsym_FC6-FC5,AlphaAsym,,,FC6-FC5,,0.006726634150331573,-0.0050384529674297645,46
211-000555,1,NEUTRO,132,AlphaAsym_FC4-FC3,AlphaAsym,,,FC4-FC3,,0.009001522062799704,0.0018753516168256265,46
211-000555,1,NEUTRO,133,AlphaAsym_FC2-FC1,AlphaAsym,,,FC2-FC1,,0.0,0.0,46
211-000555,1,NEUTRO,134,AlphaAsym_T8-T7,AlphaAsym,,,T8-T7,,0.0,0.0,46
211-000555,1,NEUTRO,135,AlphaAsym_C6-C5,AlphaAsym,,,C6-C5,,0.0,0.0,46
211-000555,1,NEUTRO,136,AlphaAsym_C4-C3,AlphaAsym,,,C4-C3,,0.0,0.0,46
211-000555,1,NEUTRO,137,AlphaAsym_C2-C1,AlphaAsym,,,C2-C1,,0.0,0.0,46
211-000555,1,NEUTRO,138,AlphaAsym_TP8-TP7,AlphaAsym,,,TP8-TP7,,0.0,0.0,46
211-000555,1,NEUTRO,139,AlphaAsym_CP6-CP5,AlphaAsym,,,CP6-CP5,,0.00040245120965194144,0.0003887401984027799,46
211-000555,1,NEUTRO,140,AlphaAsym_CP4-CP3,AlphaAsym,,,CP4-CP3,,0.0,0.0,46
211-000555,1,NEUTRO,141,AlphaAsym_CP2-CP1,AlphaAsym,,,CP2-CP1,,0.012936410164539773,-0.012936410164539773,46
211-000555,1,NEUTRO,142,AlphaAsym_P8-P7,AlphaAsym,,,P8-P7,,0.0,0.0,46
211-000555,1,NEUTRO,143,AlphaAsym_P6-P5,AlphaAsym,,,P6-P5,,0.0,0.0,46
211-000555,1,NEUTRO,144,AlphaAsym_P4-P3,AlphaAsym,,,P4-P3,,0.0,0.0,46
211-000555,1,NEUTRO,145,AlphaAsym_P2-P1,AlphaAsym,,,P2-P1,,0.016143747163356637,0.002472481129672618,46
211-000555,1,NEUTRO,146,AlphaAsym_PO8-PO7,AlphaAsym,,,PO8-PO7,,0.0022387164059428787,-0.00047623384946271946,46
211-000555,1,NEUTRO,147,AlphaAsym_PO6-PO5,AlphaAsym,,,PO6-PO5,,0.0,0.0,46
211-000555,1,NEUTRO,148,AlphaAsym_PO4-PO3,AlphaAsym,,,PO4-PO3,,0.0,0.0,46
211-000555,1,NEUTRO,149,AlphaAsym_O2-O1,AlphaAsym,,,O2-O1,,0.011233355172439768,0.010094920695779837,46
211-000555,2,SAD,0,O2_Alpha,bandpower,O2,Alpha,,occipital,0.0,0.0,45
211-000555,2,SAD,1,O2_Beta,bandpower,O2,Beta,,occipital,0.0,0.0,45
211-000555,2,SAD,2,O1_Alpha,bandpower,O1,Alpha,,occipital,0.0,0.0,45
211-000555,2,SAD,3,O1_Beta,bandpower,O1,Beta,,occipital,0.0,0.0,45
211-000555,2,SAD,4,Oz_Alpha,bandpower,Oz,Alpha,,occipital,0.0,0.0,45
211-000555,2,SAD,5,Oz_Beta,bandpower,Oz,Beta,,occipital,0.0,0.0,45
211-000555,2,SAD,6,Pz_Alpha,bandpower,Pz,Alpha,,parietal_midline,0.0,0.0,45
211-000555,2,SAD,7,Pz_Beta,bandpower,Pz,Beta,,parietal_midline,0.0,0.0,45
211-000555,2,SAD,8,P4_Alpha,bandpower,P4,Alpha,,other,0.0,0.0,45
211-000555,2,SAD,9,P4_Beta,bandpower,P4,Beta,,other,0.0,0.0,45
211-000555,2,SAD,10,CP4_Alpha,bandpower,CP4,Alpha,,temporal_right,0.0,0.0,45
211-000555,2,SAD,11,CP4_Beta,bandpower,CP4,Beta,,temporal_right,0.0,0.0,45
211-000555,2,SAD,12,P8_Alpha,bandpower,P8,Alpha,,temporal_right,0.0,0.0,45
211-000555,2,SAD,13,P8_Beta,bandpower,P8,Beta,,temporal_right,0.0,0.0,45
211-000555,2,SAD,14,C4_Alpha,bandpower,C4,Alpha,,other,0.0,0.0,45
211-000555,2,SAD,15,C4_Beta,bandpower,C4,Beta,,other,0.0,0.0,45
211-000555,2,SAD,16,TP8_Alpha,bandpower,TP8,Alpha,,temporal_right,0.0,0.0,45
211-000555,2,SAD,17,TP8_Beta,bandpower,TP8,Beta,,temporal_right,0.0,0.0,45
211-000555,2,SAD,18,T8_Alpha,bandpower,T8,Alpha,,temporal_right,0.0,0.0,45
211-000555,2,SAD,19,T8_Beta,bandpower,T8,Beta,,temporal_right,0.0,0.0,45
211-000555,2,SAD,20,P7_Alpha,bandpower,P7,Alpha,,temporal_left,0.0,0.0,45
211-000555,2,SAD,21,P7_Beta,bandpower,P7,Beta,,temporal_left,0.0,0.0,45
211-000555,2,SAD,22,P3_Alpha,bandpower,P3,Alpha,,centro_parietal_left,0.0,0.0,45
211-000555,2,SAD,23,P3_Beta,bandpower,P3,Beta,,centro_parietal_left,0.0,0.0,45
211-000555,2,SAD,24,CP3_Alpha,bandpower,CP3,Alpha,,temporal_left,0.0,0.0,45
211-000555,2,SAD,25,CP3_Beta,bandpower,CP3,Beta,,temporal_left,0.0,0.0,45
211-000555,2,SAD,26,CPz_Alpha,bandpower,CPz,Alpha,,parietal_midline,0.0,0.0,45
211-000555,2,SAD,27,CPz_Beta,bandpower,CPz,Beta,,parietal_midline,0.0,0.0,45
211-000555,2,SAD,28,Cz_Alpha,bandpower,Cz,Alpha,,parietal_midline,0.0,0.0,45
211-000555,2,SAD,29,Cz_Beta,bandpower,Cz,Beta,,parietal_midline,0.0,0.0,45
211-000555,2,SAD,30,FC4_Alpha,bandpower,FC4,Alpha,,frontal_bilateral,0.0,0.0,45
211-000555,2,SAD,31,FC4_Beta,bandpower,FC4,Beta,,frontal_bilateral,0.013017954859385632,-0.013017954859385632,45
211-000555,2,SAD,32,FT8_Alpha,bandpower,FT8,Alpha,,temporal_right,0.0,0.0,45
211-000555,2,SAD,33,FT8_Beta,bandpower,FT8,Beta,,temporal_right,0.0,0.0,45
211-000555,2,SAD,34,TP7_Alpha,bandpower,TP7,Alpha,,temporal_left,0.0,0.0,45
211-000555,2,SAD,35,TP7_Beta,bandpower,TP7,Beta,,temporal_left,0.0,0.0,45
211-000555,2,SAD,36,C3_Alpha,bandpower,C3,Alpha,,centro_parietal_left,0.0,0.0,45
211-000555,2,SAD,37,C3_Beta,bandpower,C3,Beta,,centro_parietal_left,0.0,0.0,45
211-000555,2,SAD,38,FCz_Alpha,bandpower,FCz,Alpha,,frontal_bilateral,0.0,0.0,45
211-000555,2,SAD,39,FCz_Beta,bandpower,FCz,Beta,,frontal_bilateral,0.0,0.0,45
211-000555,2,SAD,40,Fz_Alpha,bandpower,Fz,Alpha,,frontal_bilateral,0.0,0.0,45
211-000555,2,SAD,41,Fz_Beta,bandpower,Fz,Beta,,frontal_bilateral,0.0,0.0,45
211-000555,2,SAD,42,F4_Alpha,bandpower,F4,Alpha,,frontal_bilateral,0.0,0.0,45
211-000555,2,SAD,43,F4_Beta,bandpower,F4,Beta,,frontal_bilateral,0.0,0.0,45
211-000555,2,SAD,44,F8_Alpha,bandpower,F8,Alpha,,other,0.0,0.0,45
211-000555,2,SAD,45,F8_Beta,bandpower,F8,Beta,,other,0.0,0.0,45
211-000555,2,SAD,46,T7_Alpha,bandpower,T7,Alpha,,temporal_left,0.0,0.0,45
211-000555,2,SAD,47,T7_Beta,bandpower,T7,Beta,,temporal_left,0.0,0.0,45
211-000555,2,SAD,48,FT7_Alpha,bandpower,FT7,Alpha,,temporal_left,0.0,0.0,45
211-000555,2,SAD,49,FT7_Beta,bandpower,FT7,Beta,,temporal_left,0.0,0.0,45
211-000555,2,SAD,50,FC3_Alpha,bandpower,FC3,Alpha,,frontal_bilateral,0.0,0.0,45
211-000555,2,SAD,51,FC3_Beta,bandpower,FC3,Beta,,frontal_bilateral,0.08207870563944807,-0.0817371813708593,45
211-000555,2,SAD,52,F3_Alpha,bandpower,F3,Alpha,,frontal_bilateral,0.0,0.0,45
211-000555,2,SAD,53,F3_Beta,bandpower,F3,Beta,,frontal_bilateral,0.0,0.0,45
211-000555,2,SAD,54,Fp2_Alpha,bandpower,Fp2,Alpha,,frontal_bilateral,0.0,0.0,45
211-000555,2,SAD,55,Fp2_Beta,bandpower,Fp2,Beta,,frontal_bilateral,0.0,0.0,45
211-000555,2,SAD,56,F7_Alpha,bandpower,F7,Alpha,,frontal_inferior_left,0.33816991789263606,0.31521779934531885,45
211-000555,2,SAD,57,F7_Beta,bandpower,F7,Beta,,frontal_inferior_left,0.3725489141432982,0.34145587050047943,45
211-000555,2,SAD,58,Fp1_Alpha,bandpower,Fp1,Alpha,,frontal_bilateral,0.0,0.0,45
211-000555,2,SAD,59,Fp1_Beta,bandpower,Fp1,Beta,,frontal_bilateral,0.0,0.0,45
211-000555,2,SAD,60,PO5_Alpha,bandpower,PO5,Alpha,,other,0.0,0.0,45
211-000555,2,SAD,61,PO5_Beta,bandpower,PO5,Beta,,other,0.0,0.0,45
211-000555,2,SAD,62,PO3_Alpha,bandpower,PO3,Alpha,,occipital,0.0,0.0,45
211-000555,2,SAD,63,PO3_Beta,bandpower,PO3,Beta,,occipital,0.0,0.0,45
211-000555,2,SAD,64,P1_Alpha,bandpower,P1,Alpha,,other,0.0,0.0,45
211-000555,2,SAD,65,P1_Beta,bandpower,P1,Beta,,other,0.0,0.0,45
211-000555,2,SAD,66,POz_Alpha,bandpower,POz,Alpha,,occipital,0.0,0.0,45
211-000555,2,SAD,67,POz_Beta,bandpower,POz,Beta,,occipital,0.0,0.0,45
211-000555,2,SAD,68,P2_Alpha,bandpower,P2,Alpha,,other,0.0,0.0,45
211-000555,2,SAD,69,P2_Beta,bandpower,P2,Beta,,other,0.0,0.0,45
211-000555,2,SAD,70,PO4_Alpha,bandpower,PO4,Alpha,,occipital,0.0,0.0,45
211-000555,2,SAD,71,PO4_Beta,bandpower,PO4,Beta,,occipital,0.0,0.0,45
211-000555,2,SAD,72,CP2_Alpha,bandpower,CP2,Alpha,,other,0.0,0.0,45
211-000555,2,SAD,73,CP2_Beta,bandpower,CP2,Beta,,other,0.0,0.0,45
211-000555,2,SAD,74,P6_Alpha,bandpower,P6,Alpha,,temporal_right,0.0,0.0,45
211-000555,2,SAD,75,P6_Beta,bandpower,P6,Beta,,temporal_right,0.0,0.0,45
211-000555,2,SAD,76,PO6_Alpha,bandpower,PO6,Alpha,,other,0.0,0.0,45
211-000555,2,SAD,77,PO6_Beta,bandpower,PO6,Beta,,other,0.0,0.0,45
211-000555,2,SAD,78,CP6_Alpha,bandpower,CP6,Alpha,,temporal_right,0.3842585030115826,-0.24253058028708388,45
211-000555,2,SAD,79,CP6_Beta,bandpower,CP6,Beta,,temporal_right,0.41296252799733,-0.1958011782988574,45
211-000555,2,SAD,80,C6_Alpha,bandpower,C6,Alpha,,temporal_right,0.0,0.0,45
211-000555,2,SAD,81,C6_Beta,bandpower,C6,Beta,,temporal_right,0.0,0.0,45
211-000555,2,SAD,82,PO8_Alpha,bandpower,PO8,Alpha,,occipital,0.0,0.0,45
211-000555,2,SAD,83,PO8_Beta,bandpower,PO8,Beta,,occipital,0.0,0.0,45
211-000555,2,SAD,84,PO7_Alpha,bandpower,PO7,Alpha,,occipital,0.0,0.0,45
211-000555,2,SAD,85,PO7_Beta,bandpower,PO7,Beta,,occipital,0.0,0.0,45
211-000555,2,SAD,86,P5_Alpha,bandpower,P5,Alpha,,temporal_left,0.0,0.0,45
211-000555,2,SAD,87,P5_Beta,bandpower,P5,Beta,,temporal_left,0.0,0.0,45
211-000555,2,SAD,88,CP5_Alpha,bandpower,CP5,Alpha,,temporal_left,0.0,0.0,45
211-000555,2,SAD,89,CP5_Beta,bandpower,CP5,Beta,,temporal_left,0.0,0.0,45
211-000555,2,SAD,90,CP1_Alpha,bandpower,CP1,Alpha,,other,0.0,0.0,45
211-000555,2,SAD,91,CP1_Beta,bandpower,CP1,Beta,,other,0.0,0.0,45
211-000555,2,SAD,92,C1_Alpha,bandpower,C1,Alpha,,other,0.0,0.0,45
211-000555,2,SAD,93,C1_Beta,bandpower,C1,Beta,,other,0.0,0.0,45
211-000555,2,SAD,94,C2_Alpha,bandpower,C2,Alpha,,other,0.0,0.0,45
211-000555,2,SAD,95,C2_Beta,bandpower,C2,Beta,,other,0.0,0.0,45
211-000555,2,SAD,96,FC2_Alpha,bandpower,FC2,Alpha,,other,0.0,0.0,45
211-000555,2,SAD,97,FC2_Beta,bandpower,FC2,Beta,,other,0.0,0.0,45
211-000555,2,SAD,98,FC6_Alpha,bandpower,FC6,Alpha,,other,0.0,0.0,45
211-000555,2,SAD,99,FC6_Beta,bandpower,FC6,Beta,,other,0.0,0.0,45
211-000555,2,SAD,100,C5_Alpha,bandpower,C5,Alpha,,temporal_left,0.0,0.0,45
211-000555,2,SAD,101,C5_Beta,bandpower,C5,Beta,,temporal_left,0.0,0.0,45
211-000555,2,SAD,102,FC1_Alpha,bandpower,FC1,Alpha,,other,0.0,0.0,45
211-000555,2,SAD,103,FC1_Beta,bandpower,FC1,Beta,,other,0.0,0.0,45
211-000555,2,SAD,104,F2_Alpha,bandpower,F2,Alpha,,frontal_bilateral,0.0,0.0,45
211-000555,2,SAD,105,F2_Beta,bandpower,F2,Beta,,frontal_bilateral,0.0,0.0,45
211-000555,2,SAD,106,F6_Alpha,bandpower,F6,Alpha,,other,0.0,0.0,45
211-000555,2,SAD,107,F6_Beta,bandpower,F6,Beta,,other,0.0,0.0,45
211-000555,2,SAD,108,FC5_Alpha,bandpower,FC5,Alpha,,frontal_inferior_left,0.3359394447768015,0.32723297746127017,45
211-000555,2,SAD,109,FC5_Beta,bandpower,FC5,Beta,,frontal_inferior_left,1.5987410768088683,1.3798820367983418,45
211-000555,2,SAD,110,F1_Alpha,bandpower,F1,Alpha,,frontal_bilateral,0.0,0.0,45
211-000555,2,SAD,111,F1_Beta,bandpower,F1,Beta,,frontal_bilateral,0.007225318083091576,0.001269862653016872,45
211-000555,2,SAD,112,AF4_Alpha,bandpower,AF4,Alpha,,frontal_bilateral,0.020737890083164574,0.01127539801792162,45
211-000555,2,SAD,113,AF4_Beta,bandpower,AF4,Beta,,frontal_bilateral,0.33954328766897385,-0.20937066787010394,45
211-000555,2,SAD,114,AF8_Alpha,bandpower,AF8,Alpha,,frontal_bilateral,0.03763520020690439,-0.03659230083026013,45
211-000555,2,SAD,115,AF8_Beta,bandpower,AF8,Beta,,frontal_bilateral,0.0,0.0,45
211-000555,2,SAD,116,F5_Alpha,bandpower,F5,Alpha,,frontal_inferior_left,0.0,0.0,45
211-000555,2,SAD,117,F5_Beta,bandpower,F5,Beta,,frontal_inferior_left,0.0,0.0,45
211-000555,2,SAD,118,AF7_Alpha,bandpower,AF7,Alpha,,frontal_bilateral,0.0,0.0,45
211-000555,2,SAD,119,AF7_Beta,bandpower,AF7,Beta,,frontal_bilateral,0.0,0.0,45
211-000555,2,SAD,120,AF3_Alpha,bandpower,AF3,Alpha,,frontal_bilateral,0.0,0.0,45
211-000555,2,SAD,121,AF3_Beta,bandpower,AF3,Beta,,frontal_bilateral,0.0,0.0,45
211-000555,2,SAD,122,Fpz_Alpha,bandpower,Fpz,Alpha,,frontal_bilateral,0.0,0.0,45
211-000555,2,SAD,123,Fpz_Beta,bandpower,Fpz,Beta,,frontal_bilateral,0.0,0.0,45
211-000555,2,SAD,124,AlphaAsym_Fp2-Fp1,AlphaAsym,,,Fp2-Fp1,,0.0,0.0,45
211-000555,2,SAD,125,AlphaAsym_AF8-AF7,AlphaAsym,,,AF8-AF7,,0.0,0.0,45
211-000555,2,SAD,126,AlphaAsym_AF4-AF3,AlphaAsym,,,AF4-AF3,,0.07315125698049268,0.03770564918996202,45
211-000555,2,SAD,127,AlphaAsym_F8-F7,AlphaAsym,,,F8-F7,,0.048634000720692246,0.03683704275102782,45
211-000555,2,SAD,128,AlphaAsym_F6-F5,AlphaAsym,,,F6-F5,,0.0,0.0,45
211-000555,2,SAD,129,AlphaAsym_F4-F3,AlphaAsym,,,F4-F3,,0.0,0.0,45
211-000555,2,SAD,130,AlphaAsym_F2-F1,AlphaAsym,,,F2-F1,,0.0,0.0,45
211-000555,2,SAD,131,AlphaAsym_FC6-FC5,AlphaAsym,,,FC6-FC5,,0.00022275329045657376,-0.00013157628366714208,45
211-000555,2,SAD,132,AlphaAsym_FC4-FC3,AlphaAsym,,,FC4-FC3,,0.0,0.0,45
211-000555,2,SAD,133,AlphaAsym_FC2-FC1,AlphaAsym,,,FC2-FC1,,0.0,0.0,45
211-000555,2,SAD,134,AlphaAsym_T8-T7,AlphaAsym,,,T8-T7,,0.0,0.0,45
211-000555,2,SAD,135,AlphaAsym_C6-C5,AlphaAsym,,,C6-C5,,0.0,0.0,45
211-000555,2,SAD,136,AlphaAsym_C4-C3,AlphaAsym,,,C4-C3,,0.0,0.0,45
211-000555,2,SAD,137,AlphaAsym_C2-C1,AlphaAsym,,,C2-C1,,0.0,0.0,45
211-000555,2,SAD,138,AlphaAsym_TP8-TP7,AlphaAsym,,,TP8-TP7,,0.0,0.0,45
211-000555,2,SAD,139,AlphaAsym_CP6-CP5,AlphaAsym,,,CP6-CP5,,0.39500289558800383,0.3436730464967354,45
211-000555,2,SAD,140,AlphaAsym_CP4-CP3,AlphaAsym,,,CP4-CP3,,0.0,0.0,45
211-000555,2,SAD,141,AlphaAsym_CP2-CP1,AlphaAsym,,,CP2-CP1,,0.0,0.0,45
211-000555,2,SAD,142,AlphaAsym_P8-P7,AlphaAsym,,,P8-P7,,0.0,0.0,45
211-000555,2,SAD,143,AlphaAsym_P6-P5,AlphaAsym,,,P6-P5,,0.0,0.0,45
211-000555,2,SAD,144,AlphaAsym_P4-P3,AlphaAsym,,,P4-P3,,0.0,0.0,45
211-000555,2,SAD,145,AlphaAsym_P2-P1,AlphaAsym,,,P2-P1,,0.0,0.0,45
211-000555,2,SAD,146,AlphaAsym_PO8-PO7,AlphaAsym,,,PO8-PO7,,0.0,0.0,45
211-000555,2,SAD,147,AlphaAsym_PO6-PO5,AlphaAsym,,,PO6-PO5,,0.0,0.0,45
211-000555,2,SAD,148,AlphaAsym_PO4-PO3,AlphaAsym,,,PO4-PO3,,0.0,0.0,45
211-000555,2,SAD,149,AlphaAsym_O2-O1,AlphaAsym,,,O2-O1,,0.0,0.0,45
211-000556,0,JOY,0,O2_Alpha,bandpower,O2,Alpha,,occipital,0.0,0.0,39
211-000556,0,JOY,1,O2_Beta,bandpower,O2,Beta,,occipital,0.0,0.0,39
211-000556,0,JOY,2,O1_Alpha,bandpower,O1,Alpha,,occipital,0.0,0.0,39
211-000556,0,JOY,3,O1_Beta,bandpower,O1,Beta,,occipital,0.0,0.0,39
211-000556,0,JOY,4,Oz_Alpha,bandpower,Oz,Alpha,,occipital,0.0,0.0,39
211-000556,0,JOY,5,Oz_Beta,bandpower,Oz,Beta,,occipital,0.0,0.0,39
211-000556,0,JOY,6,Pz_Alpha,bandpower,Pz,Alpha,,parietal_midline,0.0,0.0,39
211-000556,0,JOY,7,Pz_Beta,bandpower,Pz,Beta,,parietal_midline,0.0,0.0,39
211-000556,0,JOY,8,P4_Alpha,bandpower,P4,Alpha,,other,0.0,0.0,39
211-000556,0,JOY,9,P4_Beta,bandpower,P4,Beta,,other,0.0,0.0,39
211-000556,0,JOY,10,CP4_Alpha,bandpower,CP4,Alpha,,temporal_right,0.0,0.0,39
211-000556,0,JOY,11,CP4_Beta,bandpower,CP4,Beta,,temporal_right,0.0,0.0,39
211-000556,0,JOY,12,P8_Alpha,bandpower,P8,Alpha,,temporal_right,0.0,0.0,39
211-000556,0,JOY,13,P8_Beta,bandpower,P8,Beta,,temporal_right,0.0,0.0,39
211-000556,0,JOY,14,C4_Alpha,bandpower,C4,Alpha,,other,0.0,0.0,39
211-000556,0,JOY,15,C4_Beta,bandpower,C4,Beta,,other,0.0,0.0,39
211-000556,0,JOY,16,TP8_Alpha,bandpower,TP8,Alpha,,temporal_right,0.0,0.0,39
211-000556,0,JOY,17,TP8_Beta,bandpower,TP8,Beta,,temporal_right,0.0,0.0,39
211-000556,0,JOY,18,T8_Alpha,bandpower,T8,Alpha,,temporal_right,0.0,0.0,39
211-000556,0,JOY,19,T8_Beta,bandpower,T8,Beta,,temporal_right,0.0,0.0,39
211-000556,0,JOY,20,P7_Alpha,bandpower,P7,Alpha,,temporal_left,0.0,0.0,39
211-000556,0,JOY,21,P7_Beta,bandpower,P7,Beta,,temporal_left,0.0,0.0,39
211-000556,0,JOY,22,P3_Alpha,bandpower,P3,Alpha,,centro_parietal_left,0.0,0.0,39
211-000556,0,JOY,23,P3_Beta,bandpower,P3,Beta,,centro_parietal_left,0.0,0.0,39
211-000556,0,JOY,24,CP3_Alpha,bandpower,CP3,Alpha,,temporal_left,0.0,0.0,39
211-000556,0,JOY,25,CP3_Beta,bandpower,CP3,Beta,,temporal_left,0.0,0.0,39
211-000556,0,JOY,26,CPz_Alpha,bandpower,CPz,Alpha,,parietal_midline,0.0,0.0,39
211-000556,0,JOY,27,CPz_Beta,bandpower,CPz,Beta,,parietal_midline,0.0,0.0,39
211-000556,0,JOY,28,Cz_Alpha,bandpower,Cz,Alpha,,parietal_midline,0.0,0.0,39
211-000556,0,JOY,29,Cz_Beta,bandpower,Cz,Beta,,parietal_midline,0.0,0.0,39
211-000556,0,JOY,30,FC4_Alpha,bandpower,FC4,Alpha,,frontal_bilateral,0.21691573813964304,0.21059715392008263,39
211-000556,0,JOY,31,FC4_Beta,bandpower,FC4,Beta,,frontal_bilateral,0.8045460922013042,0.8045460922013042,39
211-000556,0,JOY,32,FT8_Alpha,bandpower,FT8,Alpha,,temporal_right,0.0,0.0,39
211-000556,0,JOY,33,FT8_Beta,bandpower,FT8,Beta,,temporal_right,0.0,0.0,39
211-000556,0,JOY,34,TP7_Alpha,bandpower,TP7,Alpha,,temporal_left,0.0,0.0,39
211-000556,0,JOY,35,TP7_Beta,bandpower,TP7,Beta,,temporal_left,0.0,0.0,39
211-000556,0,JOY,36,C3_Alpha,bandpower,C3,Alpha,,centro_parietal_left,0.0,0.0,39
211-000556,0,JOY,37,C3_Beta,bandpower,C3,Beta,,centro_parietal_left,0.0,0.0,39
211-000556,0,JOY,38,FCz_Alpha,bandpower,FCz,Alpha,,frontal_bilateral,0.0,0.0,39
211-000556,0,JOY,39,FCz_Beta,bandpower,FCz,Beta,,frontal_bilateral,0.0,0.0,39
211-000556,0,JOY,40,Fz_Alpha,bandpower,Fz,Alpha,,frontal_bilateral,0.0,0.0,39
211-000556,0,JOY,41,Fz_Beta,bandpower,Fz,Beta,,frontal_bilateral,0.0,0.0,39
211-000556,0,JOY,42,F4_Alpha,bandpower,F4,Alpha,,frontal_bilateral,0.0,0.0,39
211-000556,0,JOY,43,F4_Beta,bandpower,F4,Beta,,frontal_bilateral,0.0,0.0,39
211-000556,0,JOY,44,F8_Alpha,bandpower,F8,Alpha,,other,0.0,0.0,39
211-000556,0,JOY,45,F8_Beta,bandpower,F8,Beta,,other,0.0,0.0,39
211-000556,0,JOY,46,T7_Alpha,bandpower,T7,Alpha,,temporal_left,0.0,0.0,39
211-000556,0,JOY,47,T7_Beta,bandpower,T7,Beta,,temporal_left,0.00463571181300936,-0.0014401775154453144,39
211-000556,0,JOY,48,FT7_Alpha,bandpower,FT7,Alpha,,temporal_left,0.0,0.0,39
211-000556,0,JOY,49,FT7_Beta,bandpower,FT7,Beta,,temporal_left,0.0,0.0,39
211-000556,0,JOY,50,FC3_Alpha,bandpower,FC3,Alpha,,frontal_bilateral,0.0,0.0,39
211-000556,0,JOY,51,FC3_Beta,bandpower,FC3,Beta,,frontal_bilateral,0.0,0.0,39
211-000556,0,JOY,52,F3_Alpha,bandpower,F3,Alpha,,frontal_bilateral,0.0,0.0,39
211-000556,0,JOY,53,F3_Beta,bandpower,F3,Beta,,frontal_bilateral,0.006507769408246164,-0.002042298697740248,39
211-000556,0,JOY,54,Fp2_Alpha,bandpower,Fp2,Alpha,,frontal_bilateral,0.0,0.0,39
211-000556,0,JOY,55,Fp2_Beta,bandpower,Fp2,Beta,,frontal_bilateral,0.360477574387554,-0.24719154744559008,39
211-000556,0,JOY,56,F7_Alpha,bandpower,F7,Alpha,,frontal_inferior_left,0.02175705869668631,-0.0061524358383494996,39
211-000556,0,JOY,57,F7_Beta,bandpower,F7,Beta,,frontal_inferior_left,0.02713973501003882,-0.0074375538098407626,39
211-000556,0,JOY,58,Fp1_Alpha,bandpower,Fp1,Alpha,,frontal_bilateral,0.0,0.0,39
211-000556,0,JOY,59,Fp1_Beta,bandpower,Fp1,Beta,,frontal_bilateral,0.0,0.0,39
211-000556,0,JOY,60,PO5_Alpha,bandpower,PO5,Alpha,,other,0.0,0.0,39
211-000556,0,JOY,61,PO5_Beta,bandpower,PO5,Beta,,other,0.0,0.0,39
211-000556,0,JOY,62,PO3_Alpha,bandpower,PO3,Alpha,,occipital,0.0,0.0,39
211-000556,0,JOY,63,PO3_Beta,bandpower,PO3,Beta,,occipital,0.0,0.0,39
211-000556,0,JOY,64,P1_Alpha,bandpower,P1,Alpha,,other,0.0,0.0,39
211-000556,0,JOY,65,P1_Beta,bandpower,P1,Beta,,other,0.0,0.0,39
211-000556,0,JOY,66,POz_Alpha,bandpower,POz,Alpha,,occipital,0.0,0.0,39
211-000556,0,JOY,67,POz_Beta,bandpower,POz,Beta,,occipital,0.0015441783864965043,-0.0005658726126583913,39
211-000556,0,JOY,68,P2_Alpha,bandpower,P2,Alpha,,other,0.0,0.0,39
211-000556,0,JOY,69,P2_Beta,bandpower,P2,Beta,,other,0.0013745032240793332,-0.0004178049024417896,39
211-000556,0,JOY,70,PO4_Alpha,bandpower,PO4,Alpha,,occipital,0.0,0.0,39
211-000556,0,JOY,71,PO4_Beta,bandpower,PO4,Beta,,occipital,0.0,0.0,39
211-000556,0,JOY,72,CP2_Alpha,bandpower,CP2,Alpha,,other,0.0,0.0,39
211-000556,0,JOY,73,CP2_Beta,bandpower,CP2,Beta,,other,0.0,0.0,39
211-000556,0,JOY,74,P6_Alpha,bandpower,P6,Alpha,,temporal_right,0.0,0.0,39
211-000556,0,JOY,75,P6_Beta,bandpower,P6,Beta,,temporal_right,0.0,0.0,39
211-000556,0,JOY,76,PO6_Alpha,bandpower,PO6,Alpha,,other,0.0,0.0,39
211-000556,0,JOY,77,PO6_Beta,bandpower,PO6,Beta,,other,0.0,0.0,39
211-000556,0,JOY,78,CP6_Alpha,bandpower,CP6,Alpha,,temporal_right,0.0,0.0,39
211-000556,0,JOY,79,CP6_Beta,bandpower,CP6,Beta,,temporal_right,0.0,0.0,39
211-000556,0,JOY,80,C6_Alpha,bandpower,C6,Alpha,,temporal_right,0.0,0.0,39
211-000556,0,JOY,81,C6_Beta,bandpower,C6,Beta,,temporal_right,0.0,0.0,39
211-000556,0,JOY,82,PO8_Alpha,bandpower,PO8,Alpha,,occipital,0.0,0.0,39
211-000556,0,JOY,83,PO8_Beta,bandpower,PO8,Beta,,occipital,0.0,0.0,39
211-000556,0,JOY,84,PO7_Alpha,bandpower,PO7,Alpha,,occipital,0.0,0.0,39
211-000556,0,JOY,85,PO7_Beta,bandpower,PO7,Beta,,occipital,0.0,0.0,39
211-000556,0,JOY,86,P5_Alpha,bandpower,P5,Alpha,,temporal_left,0.0,0.0,39
211-000556,0,JOY,87,P5_Beta,bandpower,P5,Beta,,temporal_left,0.0,0.0,39
211-000556,0,JOY,88,CP5_Alpha,bandpower,CP5,Alpha,,temporal_left,0.0,0.0,39
211-000556,0,JOY,89,CP5_Beta,bandpower,CP5,Beta,,temporal_left,0.0,0.0,39
211-000556,0,JOY,90,CP1_Alpha,bandpower,CP1,Alpha,,other,0.0,0.0,39
211-000556,0,JOY,91,CP1_Beta,bandpower,CP1,Beta,,other,0.0,0.0,39
211-000556,0,JOY,92,C1_Alpha,bandpower,C1,Alpha,,other,0.0,0.0,39
211-000556,0,JOY,93,C1_Beta,bandpower,C1,Beta,,other,0.0,0.0,39
211-000556,0,JOY,94,C2_Alpha,bandpower,C2,Alpha,,other,0.0,0.0,39
211-000556,0,JOY,95,C2_Beta,bandpower,C2,Beta,,other,0.0,0.0,39
211-000556,0,JOY,96,FC2_Alpha,bandpower,FC2,Alpha,,other,0.0,0.0,39
211-000556,0,JOY,97,FC2_Beta,bandpower,FC2,Beta,,other,0.0,0.0,39
211-000556,0,JOY,98,FC6_Alpha,bandpower,FC6,Alpha,,other,0.0,0.0,39
211-000556,0,JOY,99,FC6_Beta,bandpower,FC6,Beta,,other,0.0,0.0,39
211-000556,0,JOY,100,C5_Alpha,bandpower,C5,Alpha,,temporal_left,0.0,0.0,39
211-000556,0,JOY,101,C5_Beta,bandpower,C5,Beta,,temporal_left,0.0,0.0,39
211-000556,0,JOY,102,FC1_Alpha,bandpower,FC1,Alpha,,other,0.0,0.0,39
211-000556,0,JOY,103,FC1_Beta,bandpower,FC1,Beta,,other,0.0,0.0,39
211-000556,0,JOY,104,F2_Alpha,bandpower,F2,Alpha,,frontal_bilateral,0.0,0.0,39
211-000556,0,JOY,105,F2_Beta,bandpower,F2,Beta,,frontal_bilateral,0.0,0.0,39
211-000556,0,JOY,106,F6_Alpha,bandpower,F6,Alpha,,other,0.0,0.0,39
211-000556,0,JOY,107,F6_Beta,bandpower,F6,Beta,,other,0.029492308301554047,0.029492308301554047,39
211-000556,0,JOY,108,FC5_Alpha,bandpower,FC5,Alpha,,frontal_inferior_left,0.0,0.0,39
211-000556,0,JOY,109,FC5_Beta,bandpower,FC5,Beta,,frontal_inferior_left,0.0,0.0,39
211-000556,0,JOY,110,F1_Alpha,bandpower,F1,Alpha,,frontal_bilateral,0.0,0.0,39
211-000556,0,JOY,111,F1_Beta,bandpower,F1,Beta,,frontal_bilateral,0.0,0.0,39
211-000556,0,JOY,112,AF4_Alpha,bandpower,AF4,Alpha,,frontal_bilateral,0.0,0.0,39
211-000556,0,JOY,113,AF4_Beta,bandpower,AF4,Beta,,frontal_bilateral,0.03908849755027628,0.03908849755027628,39
211-000556,0,JOY,114,AF8_Alpha,bandpower,AF8,Alpha,,frontal_bilateral,0.08185582529496094,0.07189563077464084,39
211-000556,0,JOY,115,AF8_Beta,bandpower,AF8,Beta,,frontal_bilateral,0.4403163566489447,0.43477330915550777,39
211-000556,0,JOY,116,F5_Alpha,bandpower,F5,Alpha,,frontal_inferior_left,0.0,0.0,39
211-000556,0,JOY,117,F5_Beta,bandpower,F5,Beta,,frontal_inferior_left,0.0,0.0,39
211-000556,0,JOY,118,AF7_Alpha,bandpower,AF7,Alpha,,frontal_bilateral,0.0,0.0,39
211-000556,0,JOY,119,AF7_Beta,bandpower,AF7,Beta,,frontal_bilateral,0.0,0.0,39
211-000556,0,JOY,120,AF3_Alpha,bandpower,AF3,Alpha,,frontal_bilateral,0.0,0.0,39
211-000556,0,JOY,121,AF3_Beta,bandpower,AF3,Beta,,frontal_bilateral,0.0,0.0,39
211-000556,0,JOY,122,Fpz_Alpha,bandpower,Fpz,Alpha,,frontal_bilateral,0.0,0.0,39
211-000556,0,JOY,123,Fpz_Beta,bandpower,Fpz,Beta,,frontal_bilateral,0.0,0.0,39
211-000556,0,JOY,124,AlphaAsym_Fp2-Fp1,AlphaAsym,,,Fp2-Fp1,,0.0,0.0,39
211-000556,0,JOY,125,AlphaAsym_AF8-AF7,AlphaAsym,,,AF8-AF7,,0.0,0.0,39
211-000556,0,JOY,126,AlphaAsym_AF4-AF3,AlphaAsym,,,AF4-AF3,,0.028082758155982743,0.010330289822891038,39
211-000556,0,JOY,127,AlphaAsym_F8-F7,AlphaAsym,,,F8-F7,,0.0,0.0,39
211-000556,0,JOY,128,AlphaAsym_F6-F5,AlphaAsym,,,F6-F5,,0.0,0.0,39
211-000556,0,JOY,129,AlphaAsym_F4-F3,AlphaAsym,,,F4-F3,,0.0,0.0,39
211-000556,0,JOY,130,AlphaAsym_F2-F1,AlphaAsym,,,F2-F1,,0.0,0.0,39
211-000556,0,JOY,131,AlphaAsym_FC6-FC5,AlphaAsym,,,FC6-FC5,,0.0,0.0,39
211-000556,0,JOY,132,AlphaAsym_FC4-FC3,AlphaAsym,,,FC4-FC3,,1.4116362657439745,1.4093633289732086,39
211-000556,0,JOY,133,AlphaAsym_FC2-FC1,AlphaAsym,,,FC2-FC1,,0.0,0.0,39
211-000556,0,JOY,134,AlphaAsym_T8-T7,AlphaAsym,,,T8-T7,,0.0,0.0,39
211-000556,0,JOY,135,AlphaAsym_C6-C5,AlphaAsym,,,C6-C5,,0.0,0.0,39
211-000556,0,JOY,136,AlphaAsym_C4-C3,AlphaAsym,,,C4-C3,,0.0,0.0,39
211-000556,0,JOY,137,AlphaAsym_C2-C1,AlphaAsym,,,C2-C1,,0.0,0.0,39
211-000556,0,JOY,138,AlphaAsym_TP8-TP7,AlphaAsym,,,TP8-TP7,,0.0,0.0,39
211-000556,0,JOY,139,AlphaAsym_CP6-CP5,AlphaAsym,,,CP6-CP5,,0.0,0.0,39
211-000556,0,JOY,140,AlphaAsym_CP4-CP3,AlphaAsym,,,CP4-CP3,,0.0,0.0,39
211-000556,0,JOY,141,AlphaAsym_CP2-CP1,AlphaAsym,,,CP2-CP1,,0.0,0.0,39
211-000556,0,JOY,142,AlphaAsym_P8-P7,AlphaAsym,,,P8-P7,,0.0,0.0,39
211-000556,0,JOY,143,AlphaAsym_P6-P5,AlphaAsym,,,P6-P5,,0.0,0.0,39
211-000556,0,JOY,144,AlphaAsym_P4-P3,AlphaAsym,,,P4-P3,,0.0,0.0,39
211-000556,0,JOY,145,AlphaAsym_P2-P1,AlphaAsym,,,P2-P1,,0.0,0.0,39
211-000556,0,JOY,146,AlphaAsym_PO8-PO7,AlphaAsym,,,PO8-PO7,,0.0,0.0,39
211-000556,0,JOY,147,AlphaAsym_PO6-PO5,AlphaAsym,,,PO6-PO5,,0.0,0.0,39
211-000556,0,JOY,148,AlphaAsym_PO4-PO3,AlphaAsym,,,PO4-PO3,,0.0,0.0,39
211-000556,0,JOY,149,AlphaAsym_O2-O1,AlphaAsym,,,O2-O1,,0.0,0.0,39
211-000556,1,NEUTRO,0,O2_Alpha,bandpower,O2,Alpha,,occipital,0.0,0.0,36
211-000556,1,NEUTRO,1,O2_Beta,bandpower,O2,Beta,,occipital,0.023545702210579594,0.023545702210579594,36
211-000556,1,NEUTRO,2,O1_Alpha,bandpower,O1,Alpha,,occipital,0.0,0.0,36
211-000556,1,NEUTRO,3,O1_Beta,bandpower,O1,Beta,,occipital,0.0,0.0,36
211-000556,1,NEUTRO,4,Oz_Alpha,bandpower,Oz,Alpha,,occipital,0.0,0.0,36
211-000556,1,NEUTRO,5,Oz_Beta,bandpower,Oz,Beta,,occipital,0.0,0.0,36
211-000556,1,NEUTRO,6,Pz_Alpha,bandpower,Pz,Alpha,,parietal_midline,0.0,0.0,36
211-000556,1,NEUTRO,7,Pz_Beta,bandpower,Pz,Beta,,parietal_midline,0.16025654886989515,0.16025654886989515,36
211-000556,1,NEUTRO,8,P4_Alpha,bandpower,P4,Alpha,,other,0.0,0.0,36
211-000556,1,NEUTRO,9,P4_Beta,bandpower,P4,Beta,,other,0.0,0.0,36
211-000556,1,NEUTRO,10,CP4_Alpha,bandpower,CP4,Alpha,,temporal_right,0.0,0.0,36
211-000556,1,NEUTRO,11,CP4_Beta,bandpower,CP4,Beta,,temporal_right,0.009370394133274377,0.009370394133274377,36
211-000556,1,NEUTRO,12,P8_Alpha,bandpower,P8,Alpha,,temporal_right,0.0,0.0,36
211-000556,1,NEUTRO,13,P8_Beta,bandpower,P8,Beta,,temporal_right,0.004500163534286974,0.004500163534286974,36
211-000556,1,NEUTRO,14,C4_Alpha,bandpower,C4,Alpha,,other,0.0,0.0,36
211-000556,1,NEUTRO,15,C4_Beta,bandpower,C4,Beta,,other,0.0,0.0,36
211-000556,1,NEUTRO,16,TP8_Alpha,bandpower,TP8,Alpha,,temporal_right,0.0,0.0,36
211-000556,1,NEUTRO,17,TP8_Beta,bandpower,TP8,Beta,,temporal_right,0.04794147792116261,0.04794147792116261,36
211-000556,1,NEUTRO,18,T8_Alpha,bandpower,T8,Alpha,,temporal_right,0.0,0.0,36
211-000556,1,NEUTRO,19,T8_Beta,bandpower,T8,Beta,,temporal_right,0.0,0.0,36
211-000556,1,NEUTRO,20,P7_Alpha,bandpower,P7,Alpha,,temporal_left,0.0,0.0,36
211-000556,1,NEUTRO,21,P7_Beta,bandpower,P7,Beta,,temporal_left,0.2201675250505708,0.2201675250505708,36
211-000556,1,NEUTRO,22,P3_Alpha,bandpower,P3,Alpha,,centro_parietal_left,0.0,0.0,36
211-000556,1,NEUTRO,23,P3_Beta,bandpower,P3,Beta,,centro_parietal_left,0.23985251101012078,0.23985251101012078,36
211-000556,1,NEUTRO,24,CP3_Alpha,bandpower,CP3,Alpha,,temporal_left,0.0,0.0,36
211-000556,1,NEUTRO,25,CP3_Beta,bandpower,CP3,Beta,,temporal_left,0.22915814888076205,0.22915814888076205,36
211-000556,1,NEUTRO,26,CPz_Alpha,bandpower,CPz,Alpha,,parietal_midline,0.0,0.0,36
211-000556,1,NEUTRO,27,CPz_Beta,bandpower,CPz,Beta,,parietal_midline,0.0,0.0,36
211-000556,1,NEUTRO,28,Cz_Alpha,bandpower,Cz,Alpha,,parietal_midline,0.0,0.0,36
211-000556,1,NEUTRO,29,Cz_Beta,bandpower,Cz,Beta,,parietal_midline,0.36510547130497795,0.36510547130497795,36
211-000556,1,NEUTRO,30,FC4_Alpha,bandpower,FC4,Alpha,,frontal_bilateral,0.4694816615531351,0.3987902807041815,36
211-000556,1,NEUTRO,31,FC4_Beta,bandpower,FC4,Beta,,frontal_bilateral,1.011449399853585,0.936124810655844,36
211-000556,1,NEUTRO,32,FT8_Alpha,bandpower,FT8,Alpha,,temporal_right,0.0,0.0,36
211-000556,1,NEUTRO,33,FT8_Beta,bandpower,FT8,Beta,,temporal_right,0.0,0.0,36
211-000556,1,NEUTRO,34,TP7_Alpha,bandpower,TP7,Alpha,,temporal_left,0.0,0.0,36
211-000556,1,NEUTRO,35,TP7_Beta,bandpower,TP7,Beta,,temporal_left,0.0,0.0,36
211-000556,1,NEUTRO,36,C3_Alpha,bandpower,C3,Alpha,,centro_parietal_left,0.0,0.0,36
211-000556,1,NEUTRO,37,C3_Beta,bandpower,C3,Beta,,centro_parietal_left,0.0,0.0,36
211-000556,1,NEUTRO,38,FCz_Alpha,bandpower,FCz,Alpha,,frontal_bilateral,0.0,0.0,36
211-000556,1,NEUTRO,39,FCz_Beta,bandpower,FCz,Beta,,frontal_bilateral,0.0,0.0,36
211-000556,1,NEUTRO,40,Fz_Alpha,bandpower,Fz,Alpha,,frontal_bilateral,0.0,0.0,36
211-000556,1,NEUTRO,41,Fz_Beta,bandpower,Fz,Beta,,frontal_bilateral,0.0,0.0,36
211-000556,1,NEUTRO,42,F4_Alpha,bandpower,F4,Alpha,,frontal_bilateral,0.0,0.0,36
211-000556,1,NEUTRO,43,F4_Beta,bandpower,F4,Beta,,frontal_bilateral,0.0,0.0,36
211-000556,1,NEUTRO,44,F8_Alpha,bandpower,F8,Alpha,,other,0.0,0.0,36
211-000556,1,NEUTRO,45,F8_Beta,bandpower,F8,Beta,,other,0.0,0.0,36
211-000556,1,NEUTRO,46,T7_Alpha,bandpower,T7,Alpha,,temporal_left,0.0,0.0,36
211-000556,1,NEUTRO,47,T7_Beta,bandpower,T7,Beta,,temporal_left,0.005436816963845332,0.005436816963845332,36
211-000556,1,NEUTRO,48,FT7_Alpha,bandpower,FT7,Alpha,,temporal_left,0.0,0.0,36
211-000556,1,NEUTRO,49,FT7_Beta,bandpower,FT7,Beta,,temporal_left,0.0,0.0,36
211-000556,1,NEUTRO,50,FC3_Alpha,bandpower,FC3,Alpha,,frontal_bilateral,0.0,0.0,36
211-000556,1,NEUTRO,51,FC3_Beta,bandpower,FC3,Beta,,frontal_bilateral,0.0,0.0,36
211-000556,1,NEUTRO,52,F3_Alpha,bandpower,F3,Alpha,,frontal_bilateral,0.0,0.0,36
211-000556,1,NEUTRO,53,F3_Beta,bandpower,F3,Beta,,frontal_bilateral,0.0,0.0,36
211-000556,1,NEUTRO,54,Fp2_Alpha,bandpower,Fp2,Alpha,,frontal_bilateral,0.0,0.0,36
211-000556,1,NEUTRO,55,Fp2_Beta,bandpower,Fp2,Beta,,frontal_bilateral,0.08476403823002776,-0.08260602592635913,36
211-000556,1,NEUTRO,56,F7_Alpha,bandpower,F7,Alpha,,frontal_inferior_left,0.0,0.0,36
211-000556,1,NEUTRO,57,F7_Beta,bandpower,F7,Beta,,frontal_inferior_left,0.0,0.0,36
211-000556,1,NEUTRO,58,Fp1_Alpha,bandpower,Fp1,Alpha,,frontal_bilateral,0.0,0.0,36
211-000556,1,NEUTRO,59,Fp1_Beta,bandpower,Fp1,Beta,,frontal_bilateral,0.11544077058505328,-0.052963051957598956,36
211-000556,1,NEUTRO,60,PO5_Alpha,bandpower,PO5,Alpha,,other,0.20519274051785014,0.2033583911011287,36
211-000556,1,NEUTRO,61,PO5_Beta,bandpower,PO5,Beta,,other,0.05666732785968493,0.05666732785968493,36
211-000556,1,NEUTRO,62,PO3_Alpha,bandpower,PO3,Alpha,,occipital,0.0,0.0,36
211-000556,1,NEUTRO,63,PO3_Beta,bandpower,PO3,Beta,,occipital,0.0,0.0,36
211-000556,1,NEUTRO,64,P1_Alpha,bandpower,P1,Alpha,,other,0.0,0.0,36
211-000556,1,NEUTRO,65,P1_Beta,bandpower,P1,Beta,,other,0.0,0.0,36
211-000556,1,NEUTRO,66,POz_Alpha,bandpower,POz,Alpha,,occipital,0.0,0.0,36
211-000556,1,NEUTRO,67,POz_Beta,bandpower,POz,Beta,,occipital,0.0,0.0,36
211-000556,1,NEUTRO,68,P2_Alpha,bandpower,P2,Alpha,,other,0.0,0.0,36
211-000556,1,NEUTRO,69,P2_Beta,bandpower,P2,Beta,,other,0.0,0.0,36
211-000556,1,NEUTRO,70,PO4_Alpha,bandpower,PO4,Alpha,,occipital,0.0,0.0,36
211-000556,1,NEUTRO,71,PO4_Beta,bandpower,PO4,Beta,,occipital,0.0,0.0,36
211-000556,1,NEUTRO,72,CP2_Alpha,bandpower,CP2,Alpha,,other,0.0,0.0,36
211-000556,1,NEUTRO,73,CP2_Beta,bandpower,CP2,Beta,,other,0.2892133316438863,-0.286099052437353,36
211-000556,1,NEUTRO,74,P6_Alpha,bandpower,P6,Alpha,,temporal_right,0.0,0.0,36
211-000556,1,NEUTRO,75,P6_Beta,bandpower,P6,Beta,,temporal_right,0.0,0.0,36
211-000556,1,NEUTRO,76,PO6_Alpha,bandpower,PO6,Alpha,,other,0.0,0.0,36
211-000556,1,NEUTRO,77,PO6_Beta,bandpower,PO6,Beta,,other,0.0,0.0,36
211-000556,1,NEUTRO,78,CP6_Alpha,bandpower,CP6,Alpha,,temporal_right,0.0,0.0,36
211-000556,1,NEUTRO,79,CP6_Beta,bandpower,CP6,Beta,,temporal_right,0.0,0.0,36
211-000556,1,NEUTRO,80,C6_Alpha,bandpower,C6,Alpha,,temporal_right,0.0,0.0,36
211-000556,1,NEUTRO,81,C6_Beta,bandpower,C6,Beta,,temporal_right,0.05980981840019132,-0.05980981840019132,36
211-000556,1,NEUTRO,82,PO8_Alpha,bandpower,PO8,Alpha,,occipital,0.0,0.0,36
211-000556,1,NEUTRO,83,PO8_Beta,bandpower,PO8,Beta,,occipital,0.0,0.0,36
211-000556,1,NEUTRO,84,PO7_Alpha,bandpower,PO7,Alpha,,occipital,0.0,0.0,36
211-000556,1,NEUTRO,85,PO7_Beta,bandpower,PO7,Beta,,occipital,0.0,0.0,36
211-000556,1,NEUTRO,86,P5_Alpha,bandpower,P5,Alpha,,temporal_left,0.0,0.0,36
211-000556,1,NEUTRO,87,P5_Beta,bandpower,P5,Beta,,temporal_left,0.0,0.0,36
211-000556,1,NEUTRO,88,CP5_Alpha,bandpower,CP5,Alpha,,temporal_left,0.0,0.0,36
211-000556,1,NEUTRO,89,CP5_Beta,bandpower,CP5,Beta,,temporal_left,0.0,0.0,36
211-000556,1,NEUTRO,90,CP1_Alpha,bandpower,CP1,Alpha,,other,0.0,0.0,36
211-000556,1,NEUTRO,91,CP1_Beta,bandpower,CP1,Beta,,other,0.0,0.0,36
211-000556,1,NEUTRO,92,C1_Alpha,bandpower,C1,Alpha,,other,0.0,0.0,36
211-000556,1,NEUTRO,93,C1_Beta,bandpower,C1,Beta,,other,0.0,0.0,36
211-000556,1,NEUTRO,94,C2_Alpha,bandpower,C2,Alpha,,other,0.0,0.0,36
211-000556,1,NEUTRO,95,C2_Beta,bandpower,C2,Beta,,other,0.0,0.0,36
211-000556,1,NEUTRO,96,FC2_Alpha,bandpower,FC2,Alpha,,other,0.0,0.0,36
211-000556,1,NEUTRO,97,FC2_Beta,bandpower,FC2,Beta,,other,0.0,0.0,36
211-000556,1,NEUTRO,98,FC6_Alpha,bandpower,FC6,Alpha,,other,0.0,0.0,36
211-000556,1,NEUTRO,99,FC6_Beta,bandpower,FC6,Beta,,other,0.0,0.0,36
211-000556,1,NEUTRO,100,C5_Alpha,bandpower,C5,Alpha,,temporal_left,0.0019479633239189661,0.0019479633239189661,36
211-000556,1,NEUTRO,101,C5_Beta,bandpower,C5,Beta,,temporal_left,0.0,0.0,36
211-000556,1,NEUTRO,102,FC1_Alpha,bandpower,FC1,Alpha,,other,0.0,0.0,36
211-000556,1,NEUTRO,103,FC1_Beta,bandpower,FC1,Beta,,other,0.0,0.0,36
211-000556,1,NEUTRO,104,F2_Alpha,bandpower,F2,Alpha,,frontal_bilateral,0.13884499847931492,0.13718598649093947,36
211-000556,1,NEUTRO,105,F2_Beta,bandpower,F2,Beta,,frontal_bilateral,0.012666094680020524,0.012666094680020524,36
211-000556,1,NEUTRO,106,F6_Alpha,bandpower,F6,Alpha,,other,0.0,0.0,36
211-000556,1,NEUTRO,107,F6_Beta,bandpower,F6,Beta,,other,0.007380158135272504,-0.007380158135272504,36
211-000556,1,NEUTRO,108,FC5_Alpha,bandpower,FC5,Alpha,,frontal_inferior_left,0.0,0.0,36
211-000556,1,NEUTRO,109,FC5_Beta,bandpower,FC5,Beta,,frontal_inferior_left,0.17055729193922592,0.17055729193922592,36
211-000556,1,NEUTRO,110,F1_Alpha,bandpower,F1,Alpha,,frontal_bilateral,0.16622746728959836,0.16613240809427018,36
211-000556,1,NEUTRO,111,F1_Beta,bandpower,F1,Beta,,frontal_bilateral,0.025614536053004566,0.025614536053004566,36
211-000556,1,NEUTRO,112,AF4_Alpha,bandpower,AF4,Alpha,,frontal_bilateral,0.0,0.0,36
211-000556,1,NEUTRO,113,AF4_Beta,bandpower,AF4,Beta,,frontal_bilateral,0.0,0.0,36
211-000556,1,NEUTRO,114,AF8_Alpha,bandpower,AF8,Alpha,,frontal_bilateral,0.01937299804907672,0.010249403280116745,36
211-000556,1,NEUTRO,115,AF8_Beta,bandpower,AF8,Beta,,frontal_bilateral,0.0,0.0,36
211-000556,1,NEUTRO,116,F5_Alpha,bandpower,F5,Alpha,,frontal_inferior_left,0.009719139456489898,0.009719139456489898,36
211-000556,1,NEUTRO,117,F5_Beta,bandpower,F5,Beta,,frontal_inferior_left,0.0,0.0,36
211-000556,1,NEUTRO,118,AF7_Alpha,bandpower,AF7,Alpha,,frontal_bilateral,0.0,0.0,36
211-000556,1,NEUTRO,119,AF7_Beta,bandpower,AF7,Beta,,frontal_bilateral,0.0,0.0,36
211-000556,1,NEUTRO,120,AF3_Alpha,bandpower,AF3,Alpha,,frontal_bilateral,0.01514357608370287,0.004998396830096692,36
211-000556,1,NEUTRO,121,AF3_Beta,bandpower,AF3,Beta,,frontal_bilateral,1.1283826314743193,1.0215949481389144,36
211-000556,1,NEUTRO,122,Fpz_Alpha,bandpower,Fpz,Alpha,,frontal_bilateral,0.0024083106132484844,0.0020963786943396434,36
211-000556,1,NEUTRO,123,Fpz_Beta,bandpower,Fpz,Beta,,frontal_bilateral,0.0,0.0,36
211-000556,1,NEUTRO,124,AlphaAsym_Fp2-Fp1,AlphaAsym,,,Fp2-Fp1,,0.0,0.0,36
211-000556,1,NEUTRO,125,AlphaAsym_AF8-AF7,AlphaAsym,,,AF8-AF7,,0.00041711354019620546,-6.31590347405308e-05,36
211-000556,1,NEUTRO,126,AlphaAsym_AF4-AF3,AlphaAsym,,,AF4-AF3,,0.014033187534783621,-0.012576527176310545,36
211-000556,1,NEUTRO,127,AlphaAsym_F8-F7,AlphaAsym,,,F8-F7,,0.0,0.0,36
211-000556,1,NEUTRO,128,AlphaAsym_F6-F5,AlphaAsym,,,F6-F5,,0.004558813154458687,-0.0024807084459253998,36
211-000556,1,NEUTRO,129,AlphaAsym_F4-F3,AlphaAsym,,,F4-F3,,0.0,0.0,36
211-000556,1,NEUTRO,130,AlphaAsym_F2-F1,AlphaAsym,,,F2-F1,,0.0,0.0,36
211-000556,1,NEUTRO,131,AlphaAsym_FC6-FC5,AlphaAsym,,,FC6-FC5,,0.0,0.0,36
211-000556,1,NEUTRO,132,AlphaAsym_FC4-FC3,AlphaAsym,,,FC4-FC3,,1.01307119773039,1.01307119773039,36
211-000556,1,NEUTRO,133,AlphaAsym_FC2-FC1,AlphaAsym,,,FC2-FC1,,0.0,0.0,36
211-000556,1,NEUTRO,134,AlphaAsym_T8-T7,AlphaAsym,,,T8-T7,,0.0,0.0,36
211-000556,1,NEUTRO,135,AlphaAsym_C6-C5,AlphaAsym,,,C6-C5,,0.0,0.0,36
211-000556,1,NEUTRO,136,AlphaAsym_C4-C3,AlphaAsym,,,C4-C3,,0.0,0.0,36
211-000556,1,NEUTRO,137,AlphaAsym_C2-C1,AlphaAsym,,,C2-C1,,0.0,0.0,36
211-000556,1,NEUTRO,138,AlphaAsym_TP8-TP7,AlphaAsym,,,TP8-TP7,,0.0,0.0,36
211-000556,1,NEUTRO,139,AlphaAsym_CP6-CP5,AlphaAsym,,,CP6-CP5,,0.0,0.0,36
211-000556,1,NEUTRO,140,AlphaAsym_CP4-CP3,AlphaAsym,,,CP4-CP3,,0.0,0.0,36
211-000556,1,NEUTRO,141,AlphaAsym_CP2-CP1,AlphaAsym,,,CP2-CP1,,0.0,0.0,36
211-000556,1,NEUTRO,142,AlphaAsym_P8-P7,AlphaAsym,,,P8-P7,,0.0,0.0,36
211-000556,1,NEUTRO,143,AlphaAsym_P6-P5,AlphaAsym,,,P6-P5,,0.0,0.0,36
211-000556,1,NEUTRO,144,AlphaAsym_P4-P3,AlphaAsym,,,P4-P3,,0.0,0.0,36
211-000556,1,NEUTRO,145,AlphaAsym_P2-P1,AlphaAsym,,,P2-P1,,0.0,0.0,36
211-000556,1,NEUTRO,146,AlphaAsym_PO8-PO7,AlphaAsym,,,PO8-PO7,,0.0,0.0,36
211-000556,1,NEUTRO,147,AlphaAsym_PO6-PO5,AlphaAsym,,,PO6-PO5,,0.0026075252028101357,0.0003003272598357088,36
211-000556,1,NEUTRO,148,AlphaAsym_PO4-PO3,AlphaAsym,,,PO4-PO3,,0.0,0.0,36
211-000556,1,NEUTRO,149,AlphaAsym_O2-O1,AlphaAsym,,,O2-O1,,0.0,0.0,36
211-000556,2,SAD,0,O2_Alpha,bandpower,O2,Alpha,,occipital,0.0,0.0,27
211-000556,2,SAD,1,O2_Beta,bandpower,O2,Beta,,occipital,0.0,0.0,27
211-000556,2,SAD,2,O1_Alpha,bandpower,O1,Alpha,,occipital,0.0,0.0,27
211-000556,2,SAD,3,O1_Beta,bandpower,O1,Beta,,occipital,0.0,0.0,27
211-000556,2,SAD,4,Oz_Alpha,bandpower,Oz,Alpha,,occipital,0.0,0.0,27
211-000556,2,SAD,5,Oz_Beta,bandpower,Oz,Beta,,occipital,0.0,0.0,27
211-000556,2,SAD,6,Pz_Alpha,bandpower,Pz,Alpha,,parietal_midline,0.0,0.0,27
211-000556,2,SAD,7,Pz_Beta,bandpower,Pz,Beta,,parietal_midline,0.007665726642658018,-0.006191776424492058,27
211-000556,2,SAD,8,P4_Alpha,bandpower,P4,Alpha,,other,0.0,0.0,27
211-000556,2,SAD,9,P4_Beta,bandpower,P4,Beta,,other,0.0,0.0,27
211-000556,2,SAD,10,CP4_Alpha,bandpower,CP4,Alpha,,temporal_right,0.0,0.0,27
211-000556,2,SAD,11,CP4_Beta,bandpower,CP4,Beta,,temporal_right,0.0,0.0,27
211-000556,2,SAD,12,P8_Alpha,bandpower,P8,Alpha,,temporal_right,0.0,0.0,27
211-000556,2,SAD,13,P8_Beta,bandpower,P8,Beta,,temporal_right,0.0,0.0,27
211-000556,2,SAD,14,C4_Alpha,bandpower,C4,Alpha,,other,0.12337853420327621,0.11478851350461863,27
211-000556,2,SAD,15,C4_Beta,bandpower,C4,Beta,,other,0.0,0.0,27
211-000556,2,SAD,16,TP8_Alpha,bandpower,TP8,Alpha,,temporal_right,0.0,0.0,27
211-000556,2,SAD,17,TP8_Beta,bandpower,TP8,Beta,,temporal_right,0.0,0.0,27
211-000556,2,SAD,18,T8_Alpha,bandpower,T8,Alpha,,temporal_right,0.01682095285903687,0.016523675935089008,27
211-000556,2,SAD,19,T8_Beta,bandpower,T8,Beta,,temporal_right,0.0,0.0,27
211-000556,2,SAD,20,P7_Alpha,bandpower,P7,Alpha,,temporal_left,0.0,0.0,27
211-000556,2,SAD,21,P7_Beta,bandpower,P7,Beta,,temporal_left,0.02741850493448185,-0.022957417409988787,27
211-000556,2,SAD,22,P3_Alpha,bandpower,P3,Alpha,,centro_parietal_left,0.0,0.0,27
211-000556,2,SAD,23,P3_Beta,bandpower,P3,Beta,,centro_parietal_left,0.06896019698483775,-0.05700203155831954,27
211-000556,2,SAD,24,CP3_Alpha,bandpower,CP3,Alpha,,temporal_left,0.018823565623831272,0.018652955009216418,27
211-000556,2,SAD,25,CP3_Beta,bandpower,CP3,Beta,,temporal_left,0.002388583618782935,-0.002057381855059993,27
211-000556,2,SAD,26,CPz_Alpha,bandpower,CPz,Alpha,,parietal_midline,0.0,0.0,27
211-000556,2,SAD,27,CPz_Beta,bandpower,CPz,Beta,,parietal_midline,0.0,0.0,27
211-000556,2,SAD,28,Cz_Alpha,bandpower,Cz,Alpha,,parietal_midline,0.0,0.0,27
211-000556,2,SAD,29,Cz_Beta,bandpower,Cz,Beta,,parietal_midline,0.05907755256969373,-0.04840964216116724,27
211-000556,2,SAD,30,FC4_Alpha,bandpower,FC4,Alpha,,frontal_bilateral,0.0,0.0,27
211-000556,2,SAD,31,FC4_Beta,bandpower,FC4,Beta,,frontal_bilateral,0.023493580936984036,-0.009632584608703951,27
211-000556,2,SAD,32,FT8_Alpha,bandpower,FT8,Alpha,,temporal_right,0.023966703312245437,0.02114000872338416,27
211-000556,2,SAD,33,FT8_Beta,bandpower,FT8,Beta,,temporal_right,0.0,0.0,27
211-000556,2,SAD,34,TP7_Alpha,bandpower,TP7,Alpha,,temporal_left,0.0,0.0,27
211-000556,2,SAD,35,TP7_Beta,bandpower,TP7,Beta,,temporal_left,0.0,0.0,27
211-000556,2,SAD,36,C3_Alpha,bandpower,C3,Alpha,,centro_parietal_left,0.0,0.0,27
211-000556,2,SAD,37,C3_Beta,bandpower,C3,Beta,,centro_parietal_left,0.0,0.0,27
211-000556,2,SAD,38,FCz_Alpha,bandpower,FCz,Alpha,,frontal_bilateral,0.0,0.0,27
211-000556,2,SAD,39,FCz_Beta,bandpower,FCz,Beta,,frontal_bilateral,0.0,0.0,27
211-000556,2,SAD,40,Fz_Alpha,bandpower,Fz,Alpha,,frontal_bilateral,0.0,0.0,27
211-000556,2,SAD,41,Fz_Beta,bandpower,Fz,Beta,,frontal_bilateral,0.0,0.0,27
211-000556,2,SAD,42,F4_Alpha,bandpower,F4,Alpha,,frontal_bilateral,0.0,0.0,27
211-000556,2,SAD,43,F4_Beta,bandpower,F4,Beta,,frontal_bilateral,0.0,0.0,27
211-000556,2,SAD,44,F8_Alpha,bandpower,F8,Alpha,,other,0.0,0.0,27
211-000556,2,SAD,45,F8_Beta,bandpower,F8,Beta,,other,0.004314577599317366,0.004314577599317366,27
211-000556,2,SAD,46,T7_Alpha,bandpower,T7,Alpha,,temporal_left,0.0,0.0,27
211-000556,2,SAD,47,T7_Beta,bandpower,T7,Beta,,temporal_left,0.0013447050237440361,-0.0013447050237440361,27
211-000556,2,SAD,48,FT7_Alpha,bandpower,FT7,Alpha,,temporal_left,0.0,0.0,27
211-000556,2,SAD,49,FT7_Beta,bandpower,FT7,Beta,,temporal_left,0.0,0.0,27
211-000556,2,SAD,50,FC3_Alpha,bandpower,FC3,Alpha,,frontal_bilateral,0.0,0.0,27
211-000556,2,SAD,51,FC3_Beta,bandpower,FC3,Beta,,frontal_bilateral,0.03490186804548703,0.03490186804548703,27
211-000556,2,SAD,52,F3_Alpha,bandpower,F3,Alpha,,frontal_bilateral,0.0,0.0,27
211-000556,2,SAD,53,F3_Beta,bandpower,F3,Beta,,frontal_bilateral,0.005120571575864422,0.005120571575864422,27
211-000556,2,SAD,54,Fp2_Alpha,bandpower,Fp2,Alpha,,frontal_bilateral,0.0,0.0,27
211-000556,2,SAD,55,Fp2_Beta,bandpower,Fp2,Beta,,frontal_bilateral,0.00399320836865248,-0.0009718252181898985,27
211-000556,2,SAD,56,F7_Alpha,bandpower,F7,Alpha,,frontal_inferior_left,0.0,0.0,27
211-000556,2,SAD,57,F7_Beta,bandpower,F7,Beta,,frontal_inferior_left,0.019646900955791448,0.019646900955791448,27
211-000556,2,SAD,58,Fp1_Alpha,bandpower,Fp1,Alpha,,frontal_bilateral,0.012575775125041341,0.0103243181387814,27
211-000556,2,SAD,59,Fp1_Beta,bandpower,Fp1,Beta,,frontal_bilateral,0.04133470340970645,0.02241643614411469,27
211-000556,2,SAD,60,PO5_Alpha,bandpower,PO5,Alpha,,other,0.035140469950261495,-0.035140469950261495,27
211-000556,2,SAD,61,PO5_Beta,bandpower,PO5,Beta,,other,0.0,0.0,27
211-000556,2,SAD,62,PO3_Alpha,bandpower,PO3,Alpha,,occipital,0.0,0.0,27
211-000556,2,SAD,63,PO3_Beta,bandpower,PO3,Beta,,occipital,0.005853565802117176,0.005853565802117176,27
211-000556,2,SAD,64,P1_Alpha,bandpower,P1,Alpha,,other,0.0,0.0,27
211-000556,2,SAD,65,P1_Beta,bandpower,P1,Beta,,other,0.0,0.0,27
211-000556,2,SAD,66,POz_Alpha,bandpower,POz,Alpha,,occipital,0.0,0.0,27
211-000556,2,SAD,67,POz_Beta,bandpower,POz,Beta,,occipital,0.0,0.0,27
211-000556,2,SAD,68,P2_Alpha,bandpower,P2,Alpha,,other,0.0,0.0,27
211-000556,2,SAD,69,P2_Beta,bandpower,P2,Beta,,other,0.06235607504881,0.06235607504881,27
211-000556,2,SAD,70,PO4_Alpha,bandpower,PO4,Alpha,,occipital,0.0,0.0,27
211-000556,2,SAD,71,PO4_Beta,bandpower,PO4,Beta,,occipital,0.0,0.0,27
211-000556,2,SAD,72,CP2_Alpha,bandpower,CP2,Alpha,,other,0.004342298078068944,0.004342298078068944,27
211-000556,2,SAD,73,CP2_Beta,bandpower,CP2,Beta,,other,0.7548523406057219,0.7548523406057219,27
211-000556,2,SAD,74,P6_Alpha,bandpower,P6,Alpha,,temporal_right,0.0,0.0,27
211-000556,2,SAD,75,P6_Beta,bandpower,P6,Beta,,temporal_right,0.04683389776223366,0.04683389776223366,27
211-000556,2,SAD,76,PO6_Alpha,bandpower,PO6,Alpha,,other,0.0,0.0,27
211-000556,2,SAD,77,PO6_Beta,bandpower,PO6,Beta,,other,0.0,0.0,27
211-000556,2,SAD,78,CP6_Alpha,bandpower,CP6,Alpha,,temporal_right,0.0,0.0,27
211-000556,2,SAD,79,CP6_Beta,bandpower,CP6,Beta,,temporal_right,0.0,0.0,27
211-000556,2,SAD,80,C6_Alpha,bandpower,C6,Alpha,,temporal_right,0.0,0.0,27
211-000556,2,SAD,81,C6_Beta,bandpower,C6,Beta,,temporal_right,0.5525261192526746,0.5525261192526746,27
211-000556,2,SAD,82,PO8_Alpha,bandpower,PO8,Alpha,,occipital,0.0,0.0,27
211-000556,2,SAD,83,PO8_Beta,bandpower,PO8,Beta,,occipital,0.0,0.0,27
211-000556,2,SAD,84,PO7_Alpha,bandpower,PO7,Alpha,,occipital,0.0,0.0,27
211-000556,2,SAD,85,PO7_Beta,bandpower,PO7,Beta,,occipital,0.0,0.0,27
211-000556,2,SAD,86,P5_Alpha,bandpower,P5,Alpha,,temporal_left,0.0,0.0,27
211-000556,2,SAD,87,P5_Beta,bandpower,P5,Beta,,temporal_left,0.0,0.0,27
211-000556,2,SAD,88,CP5_Alpha,bandpower,CP5,Alpha,,temporal_left,0.0,0.0,27
211-000556,2,SAD,89,CP5_Beta,bandpower,CP5,Beta,,temporal_left,0.0,0.0,27
211-000556,2,SAD,90,CP1_Alpha,bandpower,CP1,Alpha,,other,0.0,0.0,27
211-000556,2,SAD,91,CP1_Beta,bandpower,CP1,Beta,,other,0.0,0.0,27
211-000556,2,SAD,92,C1_Alpha,bandpower,C1,Alpha,,other,0.0,0.0,27
211-000556,2,SAD,93,C1_Beta,bandpower,C1,Beta,,other,0.0,0.0,27
211-000556,2,SAD,94,C2_Alpha,bandpower,C2,Alpha,,other,0.0,0.0,27
211-000556,2,SAD,95,C2_Beta,bandpower,C2,Beta,,other,0.0,0.0,27
211-000556,2,SAD,96,FC2_Alpha,bandpower,FC2,Alpha,,other,0.0,0.0,27
211-000556,2,SAD,97,FC2_Beta,bandpower,FC2,Beta,,other,0.0,0.0,27
211-000556,2,SAD,98,FC6_Alpha,bandpower,FC6,Alpha,,other,0.0,0.0,27
211-000556,2,SAD,99,FC6_Beta,bandpower,FC6,Beta,,other,0.0,0.0,27
211-000556,2,SAD,100,C5_Alpha,bandpower,C5,Alpha,,temporal_left,0.0,0.0,27
211-000556,2,SAD,101,C5_Beta,bandpower,C5,Beta,,temporal_left,0.0,0.0,27
211-000556,2,SAD,102,FC1_Alpha,bandpower,FC1,Alpha,,other,0.0,0.0,27
211-000556,2,SAD,103,FC1_Beta,bandpower,FC1,Beta,,other,0.0,0.0,27
211-000556,2,SAD,104,F2_Alpha,bandpower,F2,Alpha,,frontal_bilateral,0.0,0.0,27
211-000556,2,SAD,105,F2_Beta,bandpower,F2,Beta,,frontal_bilateral,0.0,0.0,27
211-000556,2,SAD,106,F6_Alpha,bandpower,F6,Alpha,,other,0.0,0.0,27
211-000556,2,SAD,107,F6_Beta,bandpower,F6,Beta,,other,0.5409752744643287,0.5316531636602507,27
211-000556,2,SAD,108,FC5_Alpha,bandpower,FC5,Alpha,,frontal_inferior_left,0.0,0.0,27
211-000556,2,SAD,109,FC5_Beta,bandpower,FC5,Beta,,frontal_inferior_left,1.242063986199518e-05,-1.1902943027495845e-05,27
211-000556,2,SAD,110,F1_Alpha,bandpower,F1,Alpha,,frontal_bilateral,0.0,0.0,27
211-000556,2,SAD,111,F1_Beta,bandpower,F1,Beta,,frontal_bilateral,0.0,0.0,27
211-000556,2,SAD,112,AF4_Alpha,bandpower,AF4,Alpha,,frontal_bilateral,0.0,0.0,27
211-000556,2,SAD,113,AF4_Beta,bandpower,AF4,Beta,,frontal_bilateral,0.07059291730485698,0.052406072711911736,27
211-000556,2,SAD,114,AF8_Alpha,bandpower,AF8,Alpha,,frontal_bilateral,0.0,0.0,27
211-000556,2,SAD,115,AF8_Beta,bandpower,AF8,Beta,,frontal_bilateral,0.3090833407770282,0.27768355257460237,27
211-000556,2,SAD,116,F5_Alpha,bandpower,F5,Alpha,,frontal_inferior_left,0.0,0.0,27
211-000556,2,SAD,117,F5_Beta,bandpower,F5,Beta,,frontal_inferior_left,0.0,0.0,27
211-000556,2,SAD,118,AF7_Alpha,bandpower,AF7,Alpha,,frontal_bilateral,0.0,0.0,27
211-000556,2,SAD,119,AF7_Beta,bandpower,AF7,Beta,,frontal_bilateral,0.0,0.0,27
211-000556,2,SAD,120,AF3_Alpha,bandpower,AF3,Alpha,,frontal_bilateral,0.0,0.0,27
211-000556,2,SAD,121,AF3_Beta,bandpower,AF3,Beta,,frontal_bilateral,0.7640281095721418,0.06920873885708788,27
211-000556,2,SAD,122,Fpz_Alpha,bandpower,Fpz,Alpha,,frontal_bilateral,0.0,0.0,27
211-000556,2,SAD,123,Fpz_Beta,bandpower,Fpz,Beta,,frontal_bilateral,0.0,0.0,27
211-000556,2,SAD,124,AlphaAsym_Fp2-Fp1,AlphaAsym,,,Fp2-Fp1,,0.06573738942654647,-0.02404377050993356,27
211-000556,2,SAD,125,AlphaAsym_AF8-AF7,AlphaAsym,,,AF8-AF7,,0.0,0.0,27
211-000556,2,SAD,126,AlphaAsym_AF4-AF3,AlphaAsym,,,AF4-AF3,,0.17127590096919168,0.1204067759559355,27
211-000556,2,SAD,127,AlphaAsym_F8-F7,AlphaAsym,,,F8-F7,,0.0,0.0,27
211-000556,2,SAD,128,AlphaAsym_F6-F5,AlphaAsym,,,F6-F5,,0.032983278789327816,0.015523250451965901,27
211-000556,2,SAD,129,AlphaAsym_F4-F3,AlphaAsym,,,F4-F3,,0.0,0.0,27
211-000556,2,SAD,130,AlphaAsym_F2-F1,AlphaAsym,,,F2-F1,,0.0,0.0,27
211-000556,2,SAD,131,AlphaAsym_FC6-FC5,AlphaAsym,,,FC6-FC5,,0.0,0.0,27
211-000556,2,SAD,132,AlphaAsym_FC4-FC3,AlphaAsym,,,FC4-FC3,,0.0,0.0,27
211-000556,2,SAD,133,AlphaAsym_FC2-FC1,AlphaAsym,,,FC2-FC1,,0.0,0.0,27
211-000556,2,SAD,134,AlphaAsym_T8-T7,AlphaAsym,,,T8-T7,,0.010168627029417374,-0.009128278186763813,27
211-000556,2,SAD,135,AlphaAsym_C6-C5,AlphaAsym,,,C6-C5,,0.0026619940290273547,-0.0001865920810851893,27
211-000556,2,SAD,136,AlphaAsym_C4-C3,AlphaAsym,,,C4-C3,,0.0024524079094844172,-0.0024524079094844172,27
211-000556,2,SAD,137,AlphaAsym_C2-C1,AlphaAsym,,,C2-C1,,0.0,0.0,27
211-000556,2,SAD,138,AlphaAsym_TP8-TP7,AlphaAsym,,,TP8-TP7,,0.0,0.0,27
211-000556,2,SAD,139,AlphaAsym_CP6-CP5,AlphaAsym,,,CP6-CP5,,0.0,0.0,27
211-000556,2,SAD,140,AlphaAsym_CP4-CP3,AlphaAsym,,,CP4-CP3,,0.0,0.0,27
211-000556,2,SAD,141,AlphaAsym_CP2-CP1,AlphaAsym,,,CP2-CP1,,0.08691894654401908,0.04861963447965624,27
211-000556,2,SAD,142,AlphaAsym_P8-P7,AlphaAsym,,,P8-P7,,0.0,0.0,27
211-000556,2,SAD,143,AlphaAsym_P6-P5,AlphaAsym,,,P6-P5,,0.0,0.0,27
211-000556,2,SAD,144,AlphaAsym_P4-P3,AlphaAsym,,,P4-P3,,0.0,0.0,27
211-000556,2,SAD,145,AlphaAsym_P2-P1,AlphaAsym,,,P2-P1,,0.0,0.0,27
211-000556,2,SAD,146,AlphaAsym_PO8-PO7,AlphaAsym,,,PO8-PO7,,0.0,0.0,27
211-000556,2,SAD,147,AlphaAsym_PO6-PO5,AlphaAsym,,,PO6-PO5,,0.01585098533484623,0.015148066576569814,27
211-000556,2,SAD,148,AlphaAsym_PO4-PO3,AlphaAsym,,,PO4-PO3,,0.0,0.0,27
211-000556,2,SAD,149,AlphaAsym_O2-O1,AlphaAsym,,,O2-O1,,0.0,0.0,27
211-000557,0,JOY,0,O2_Alpha,bandpower,O2,Alpha,,occipital,0.0,0.0,45
211-000557,0,JOY,1,O2_Beta,bandpower,O2,Beta,,occipital,0.0011679045721398492,0.0011333466578219381,45
211-000557,0,JOY,2,O1_Alpha,bandpower,O1,Alpha,,occipital,0.011675124314213714,-0.008470439288709122,45
211-000557,0,JOY,3,O1_Beta,bandpower,O1,Beta,,occipital,0.6165918520597053,0.5950195310781103,45
211-000557,0,JOY,4,Oz_Alpha,bandpower,Oz,Alpha,,occipital,0.0,0.0,45
211-000557,0,JOY,5,Oz_Beta,bandpower,Oz,Beta,,occipital,0.00736059638835935,0.006898498187419687,45
211-000557,0,JOY,6,Pz_Alpha,bandpower,Pz,Alpha,,parietal_midline,0.027764488184672784,0.02081364063346845,45
211-000557,0,JOY,7,Pz_Beta,bandpower,Pz,Beta,,parietal_midline,0.030672058111948758,0.029031767818626254,45
211-000557,0,JOY,8,P4_Alpha,bandpower,P4,Alpha,,other,0.0,0.0,45
211-000557,0,JOY,9,P4_Beta,bandpower,P4,Beta,,other,0.0,0.0,45
211-000557,0,JOY,10,CP4_Alpha,bandpower,CP4,Alpha,,temporal_right,0.0,0.0,45
211-000557,0,JOY,11,CP4_Beta,bandpower,CP4,Beta,,temporal_right,0.009259149912850307,0.004618377728379238,45
211-000557,0,JOY,12,P8_Alpha,bandpower,P8,Alpha,,temporal_right,0.0,0.0,45
211-000557,0,JOY,13,P8_Beta,bandpower,P8,Beta,,temporal_right,0.0,0.0,45
211-000557,0,JOY,14,C4_Alpha,bandpower,C4,Alpha,,other,0.0,0.0,45
211-000557,0,JOY,15,C4_Beta,bandpower,C4,Beta,,other,0.0,0.0,45
211-000557,0,JOY,16,TP8_Alpha,bandpower,TP8,Alpha,,temporal_right,0.0,0.0,45
211-000557,0,JOY,17,TP8_Beta,bandpower,TP8,Beta,,temporal_right,0.0,0.0,45
211-000557,0,JOY,18,T8_Alpha,bandpower,T8,Alpha,,temporal_right,0.010928968469519879,0.005273780505259548,45
211-000557,0,JOY,19,T8_Beta,bandpower,T8,Beta,,temporal_right,0.0,0.0,45
211-000557,0,JOY,20,P7_Alpha,bandpower,P7,Alpha,,temporal_left,0.003035086283421429,0.0026319920640360656,45
211-000557,0,JOY,21,P7_Beta,bandpower,P7,Beta,,temporal_left,0.3638532148850844,0.35501226952810794,45
211-000557,0,JOY,22,P3_Alpha,bandpower,P3,Alpha,,centro_parietal_left,0.0,0.0,45
211-000557,0,JOY,23,P3_Beta,bandpower,P3,Beta,,centro_parietal_left,0.12269735114211318,0.11419870332693294,45
211-000557,0,JOY,24,CP3_Alpha,bandpower,CP3,Alpha,,temporal_left,0.0,0.0,45
211-000557,0,JOY,25,CP3_Beta,bandpower,CP3,Beta,,temporal_left,0.0031915886122185033,0.0024281944205444563,45
211-000557,0,JOY,26,CPz_Alpha,bandpower,CPz,Alpha,,parietal_midline,0.0,0.0,45
211-000557,0,JOY,27,CPz_Beta,bandpower,CPz,Beta,,parietal_midline,0.15805660145122769,0.14648312787083387,45
211-000557,0,JOY,28,Cz_Alpha,bandpower,Cz,Alpha,,parietal_midline,0.05922079161904553,-0.053331893779038346,45
211-000557,0,JOY,29,Cz_Beta,bandpower,Cz,Beta,,parietal_midline,0.2512457964823156,0.10533133322647896,45
211-000557,0,JOY,30,FC4_Alpha,bandpower,FC4,Alpha,,frontal_bilateral,0.0012159339898492442,0.0011806595614580321,45
211-000557,0,JOY,31,FC4_Beta,bandpower,FC4,Beta,,frontal_bilateral,0.21253362639947176,0.1833549794402075,45
211-000557,0,JOY,32,FT8_Alpha,bandpower,FT8,Alpha,,temporal_right,0.144945721765087,0.11813296730215962,45
211-000557,0,JOY,33,FT8_Beta,bandpower,FT8,Beta,,temporal_right,0.0,0.0,45
211-000557,0,JOY,34,TP7_Alpha,bandpower,TP7,Alpha,,temporal_left,0.07134783039475892,0.06525248547659575,45
211-000557,0,JOY,35,TP7_Beta,bandpower,TP7,Beta,,temporal_left,0.15215746921324166,0.13550108787049608,45
211-000557,0,JOY,36,C3_Alpha,bandpower,C3,Alpha,,centro_parietal_left,0.0008046675515011454,4.563432055024232e-05,45
211-000557,0,JOY,37,C3_Beta,bandpower,C3,Beta,,centro_parietal_left,0.02514183680144957,0.020216892320835657,45
211-000557,0,JOY,38,FCz_Alpha,bandpower,FCz,Alpha,,frontal_bilateral,0.0,0.0,45
211-000557,0,JOY,39,FCz_Beta,bandpower,FCz,Beta,,frontal_bilateral,0.0027107656604816732,-4.6363943897601935e-06,45
211-000557,0,JOY,40,Fz_Alpha,bandpower,Fz,Alpha,,frontal_bilateral,0.015382866364268813,0.006095328348086208,45
211-000557,0,JOY,41,Fz_Beta,bandpower,Fz,Beta,,frontal_bilateral,0.007510295843755063,0.002211331458979734,45
211-000557,0,JOY,42,F4_Alpha,bandpower,F4,Alpha,,frontal_bilateral,0.0,0.0,45
211-000557,0,JOY,43,F4_Beta,bandpower,F4,Beta,,frontal_bilateral,0.0,0.0,45
211-000557,0,JOY,44,F8_Alpha,bandpower,F8,Alpha,,other,0.08936721475928822,0.049385891817647104,45
211-000557,0,JOY,45,F8_Beta,bandpower,F8,Beta,,other,0.10438655924780019,0.08420668396696082,45
211-000557,0,JOY,46,T7_Alpha,bandpower,T7,Alpha,,temporal_left,0.04327729711067101,0.03280628369181834,45
211-000557,0,JOY,47,T7_Beta,bandpower,T7,Beta,,temporal_left,0.05041469209907417,0.037050747506579135,45
211-000557,0,JOY,48,FT7_Alpha,bandpower,FT7,Alpha,,temporal_left,0.02224150321380501,0.00810163661868317,45
211-000557,0,JOY,49,FT7_Beta,bandpower,FT7,Beta,,temporal_left,0.019242533537206525,0.008698913597918304,45
211-000557,0,JOY,50,FC3_Alpha,bandpower,FC3,Alpha,,frontal_bilateral,0.0,0.0,45
211-000557,0,JOY,51,FC3_Beta,bandpower,FC3,Beta,,frontal_bilateral,0.0,0.0,45
211-000557,0,JOY,52,F3_Alpha,bandpower,F3,Alpha,,frontal_bilateral,0.0,0.0,45
211-000557,0,JOY,53,F3_Beta,bandpower,F3,Beta,,frontal_bilateral,0.0,0.0,45
211-000557,0,JOY,54,Fp2_Alpha,bandpower,Fp2,Alpha,,frontal_bilateral,0.0,0.0,45
211-000557,0,JOY,55,Fp2_Beta,bandpower,Fp2,Beta,,frontal_bilateral,0.11565578288006605,-0.010752071081773137,45
211-000557,0,JOY,56,F7_Alpha,bandpower,F7,Alpha,,frontal_inferior_left,0.0,0.0,45
211-000557,0,JOY,57,F7_Beta,bandpower,F7,Beta,,frontal_inferior_left,0.0,0.0,45
211-000557,0,JOY,58,Fp1_Alpha,bandpower,Fp1,Alpha,,frontal_bilateral,0.012382717810931261,0.012238826519905285,45
211-000557,0,JOY,59,Fp1_Beta,bandpower,Fp1,Beta,,frontal_bilateral,0.1100185747844019,0.10008973712499783,45
211-000557,0,JOY,60,PO5_Alpha,bandpower,PO5,Alpha,,other,0.0,0.0,45
211-000557,0,JOY,61,PO5_Beta,bandpower,PO5,Beta,,other,0.02068128511915455,0.01733611702323767,45
211-000557,0,JOY,62,PO3_Alpha,bandpower,PO3,Alpha,,occipital,0.0,0.0,45
211-000557,0,JOY,63,PO3_Beta,bandpower,PO3,Beta,,occipital,0.048914523728532076,0.043689943812028384,45
211-000557,0,JOY,64,P1_Alpha,bandpower,P1,Alpha,,other,0.0018868339377224098,0.0013955422892733104,45
211-000557,0,JOY,65,P1_Beta,bandpower,P1,Beta,,other,0.1139406798242314,0.09501105530197174,45
211-000557,0,JOY,66,POz_Alpha,bandpower,POz,Alpha,,occipital,0.0,0.0,45
211-000557,0,JOY,67,POz_Beta,bandpower,POz,Beta,,occipital,0.0,0.0,45
211-000557,0,JOY,68,P2_Alpha,bandpower,P2,Alpha,,other,0.0,0.0,45
211-000557,0,JOY,69,P2_Beta,bandpower,P2,Beta,,other,0.0,0.0,45
211-000557,0,JOY,70,PO4_Alpha,bandpower,PO4,Alpha,,occipital,0.0,0.0,45
211-000557,0,JOY,71,PO4_Beta,bandpower,PO4,Beta,,occipital,0.0,0.0,45
211-000557,0,JOY,72,CP2_Alpha,bandpower,CP2,Alpha,,other,0.0,0.0,45
211-000557,0,JOY,73,CP2_Beta,bandpower,CP2,Beta,,other,0.0,0.0,45
211-000557,0,JOY,74,P6_Alpha,bandpower,P6,Alpha,,temporal_right,0.0,0.0,45
211-000557,0,JOY,75,P6_Beta,bandpower,P6,Beta,,temporal_right,0.0,0.0,45
211-000557,0,JOY,76,PO6_Alpha,bandpower,PO6,Alpha,,other,0.0,0.0,45
211-000557,0,JOY,77,PO6_Beta,bandpower,PO6,Beta,,other,0.0,0.0,45
211-000557,0,JOY,78,CP6_Alpha,bandpower,CP6,Alpha,,temporal_right,0.0,0.0,45
211-000557,0,JOY,79,CP6_Beta,bandpower,CP6,Beta,,temporal_right,0.0,0.0,45
211-000557,0,JOY,80,C6_Alpha,bandpower,C6,Alpha,,temporal_right,0.0,0.0,45
211-000557,0,JOY,81,C6_Beta,bandpower,C6,Beta,,temporal_right,0.0,0.0,45
211-000557,0,JOY,82,PO8_Alpha,bandpower,PO8,Alpha,,occipital,0.0,0.0,45
211-000557,0,JOY,83,PO8_Beta,bandpower,PO8,Beta,,occipital,0.0,0.0,45
211-000557,0,JOY,84,PO7_Alpha,bandpower,PO7,Alpha,,occipital,0.0,0.0,45
211-000557,0,JOY,85,PO7_Beta,bandpower,PO7,Beta,,occipital,0.0,0.0,45
211-000557,0,JOY,86,P5_Alpha,bandpower,P5,Alpha,,temporal_left,0.0,0.0,45
211-000557,0,JOY,87,P5_Beta,bandpower,P5,Beta,,temporal_left,0.0,0.0,45
211-000557,0,JOY,88,CP5_Alpha,bandpower,CP5,Alpha,,temporal_left,0.0,0.0,45
211-000557,0,JOY,89,CP5_Beta,bandpower,CP5,Beta,,temporal_left,0.021632637392866482,0.012868176567510334,45
211-000557,0,JOY,90,CP1_Alpha,bandpower,CP1,Alpha,,other,0.0,0.0,45
211-000557,0,JOY,91,CP1_Beta,bandpower,CP1,Beta,,other,0.0,0.0,45
211-000557,0,JOY,92,C1_Alpha,bandpower,C1,Alpha,,other,0.0,0.0,45
211-000557,0,JOY,93,C1_Beta,bandpower,C1,Beta,,other,0.0,0.0,45
211-000557,0,JOY,94,C2_Alpha,bandpower,C2,Alpha,,other,0.0,0.0,45
211-000557,0,JOY,95,C2_Beta,bandpower,C2,Beta,,other,0.07897612687315664,0.05889661981095124,45
211-000557,0,JOY,96,FC2_Alpha,bandpower,FC2,Alpha,,other,0.0,0.0,45
211-000557,0,JOY,97,FC2_Beta,bandpower,FC2,Beta,,other,0.0,0.0,45
211-000557,0,JOY,98,FC6_Alpha,bandpower,FC6,Alpha,,other,0.0,0.0,45
211-000557,0,JOY,99,FC6_Beta,bandpower,FC6,Beta,,other,0.024442196432015888,0.0163258859313988,45
211-000557,0,JOY,100,C5_Alpha,bandpower,C5,Alpha,,temporal_left,0.0,0.0,45
211-000557,0,JOY,101,C5_Beta,bandpower,C5,Beta,,temporal_left,0.0,0.0,45
211-000557,0,JOY,102,FC1_Alpha,bandpower,FC1,Alpha,,other,0.0,0.0,45
211-000557,0,JOY,103,FC1_Beta,bandpower,FC1,Beta,,other,0.0,0.0,45
211-000557,0,JOY,104,F2_Alpha,bandpower,F2,Alpha,,frontal_bilateral,0.044287732238005924,0.04356990645765013,45
211-000557,0,JOY,105,F2_Beta,bandpower,F2,Beta,,frontal_bilateral,0.331524721951756,0.331524721951756,45
211-000557,0,JOY,106,F6_Alpha,bandpower,F6,Alpha,,other,0.0,0.0,45
211-000557,0,JOY,107,F6_Beta,bandpower,F6,Beta,,other,0.0,0.0,45
211-000557,0,JOY,108,FC5_Alpha,bandpower,FC5,Alpha,,frontal_inferior_left,0.0,0.0,45
211-000557,0,JOY,109,FC5_Beta,bandpower,FC5,Beta,,frontal_inferior_left,0.0,0.0,45
211-000557,0,JOY,110,F1_Alpha,bandpower,F1,Alpha,,frontal_bilateral,0.0,0.0,45
211-000557,0,JOY,111,F1_Beta,bandpower,F1,Beta,,frontal_bilateral,0.0,0.0,45
211-000557,0,JOY,112,AF4_Alpha,bandpower,AF4,Alpha,,frontal_bilateral,0.0,0.0,45
211-000557,0,JOY,113,AF4_Beta,bandpower,AF4,Beta,,frontal_bilateral,0.00799088308400305,0.0017871554202037565,45
211-000557,0,JOY,114,AF8_Alpha,bandpower,AF8,Alpha,,frontal_bilateral,0.0,0.0,45
211-000557,0,JOY,115,AF8_Beta,bandpower,AF8,Beta,,frontal_bilateral,0.06751355539665897,0.012236744007573814,45
211-000557,0,JOY,116,F5_Alpha,bandpower,F5,Alpha,,frontal_inferior_left,0.0,0.0,45
211-000557,0,JOY,117,F5_Beta,bandpower,F5,Beta,,frontal_inferior_left,0.0,0.0,45
211-000557,0,JOY,118,AF7_Alpha,bandpower,AF7,Alpha,,frontal_bilateral,0.0,0.0,45
211-000557,0,JOY,119,AF7_Beta,bandpower,AF7,Beta,,frontal_bilateral,0.14311638734045787,0.1345507903078817,45
211-000557,0,JOY,120,AF3_Alpha,bandpower,AF3,Alpha,,frontal_bilateral,0.0,0.0,45
211-000557,0,JOY,121,AF3_Beta,bandpower,AF3,Beta,,frontal_bilateral,0.0,0.0,45
211-000557,0,JOY,122,Fpz_Alpha,bandpower,Fpz,Alpha,,frontal_bilateral,0.004890777011735594,-1.2306101221345086e-05,45
211-000557,0,JOY,123,Fpz_Beta,bandpower,Fpz,Beta,,frontal_bilateral,0.0,0.0,45
211-000557,0,JOY,124,AlphaAsym_Fp2-Fp1,AlphaAsym,,,Fp2-Fp1,,0.11861103408951591,0.07562240007759004,45
211-000557,0,JOY,125,AlphaAsym_AF8-AF7,AlphaAsym,,,AF8-AF7,,0.0,0.0,45
211-000557,0,JOY,126,AlphaAsym_AF4-AF3,AlphaAsym,,,AF4-AF3,,0.0,0.0,45
211-000557,0,JOY,127,AlphaAsym_F8-F7,AlphaAsym,,,F8-F7,,0.0906145056724487,0.06116666140601196,45
211-000557,0,JOY,128,AlphaAsym_F6-F5,AlphaAsym,,,F6-F5,,0.0,0.0,45
211-000557,0,JOY,129,AlphaAsym_F4-F3,AlphaAsym,,,F4-F3,,0.0,0.0,45
211-000557,0,JOY,130,AlphaAsym_F2-F1,AlphaAsym,,,F2-F1,,0.11936504447880916,0.06294887367994814,45
211-000557,0,JOY,131,AlphaAsym_FC6-FC5,AlphaAsym,,,FC6-FC5,,0.0,0.0,45
211-000557,0,JOY,132,AlphaAsym_FC4-FC3,AlphaAsym,,,FC4-FC3,,0.2654090897200113,0.2540244336197319,45
211-000557,0,JOY,133,AlphaAsym_FC2-FC1,AlphaAsym,,,FC2-FC1,,0.0,0.0,45
211-000557,0,JOY,134,AlphaAsym_T8-T7,AlphaAsym,,,T8-T7,,0.0,0.0,45
211-000557,0,JOY,135,AlphaAsym_C6-C5,AlphaAsym,,,C6-C5,,0.0,0.0,45
211-000557,0,JOY,136,AlphaAsym_C4-C3,AlphaAsym,,,C4-C3,,0.0,0.0,45
211-000557,0,JOY,137,AlphaAsym_C2-C1,AlphaAsym,,,C2-C1,,0.0,0.0,45
211-000557,0,JOY,138,AlphaAsym_TP8-TP7,AlphaAsym,,,TP8-TP7,,0.005882497527436809,-0.0017941309118254256,45
211-000557,0,JOY,139,AlphaAsym_CP6-CP5,AlphaAsym,,,CP6-CP5,,0.0,0.0,45
211-000557,0,JOY,140,AlphaAsym_CP4-CP3,AlphaAsym,,,CP4-CP3,,0.0,0.0,45
211-000557,0,JOY,141,AlphaAsym_CP2-CP1,AlphaAsym,,,CP2-CP1,,0.027470305289715214,0.0148799345215707,45
211-000557,0,JOY,142,AlphaAsym_P8-P7,AlphaAsym,,,P8-P7,,0.0,0.0,45
211-000557,0,JOY,143,AlphaAsym_P6-P5,AlphaAsym,,,P6-P5,,0.0,0.0,45
211-000557,0,JOY,144,AlphaAsym_P4-P3,AlphaAsym,,,P4-P3,,0.0,0.0,45
211-000557,0,JOY,145,AlphaAsym_P2-P1,AlphaAsym,,,P2-P1,,0.0,0.0,45
211-000557,0,JOY,146,AlphaAsym_PO8-PO7,AlphaAsym,,,PO8-PO7,,0.0,0.0,45
211-000557,0,JOY,147,AlphaAsym_PO6-PO5,AlphaAsym,,,PO6-PO5,,0.0,0.0,45
211-000557,0,JOY,148,AlphaAsym_PO4-PO3,AlphaAsym,,,PO4-PO3,,0.0,0.0,45
211-000557,0,JOY,149,AlphaAsym_O2-O1,AlphaAsym,,,O2-O1,,0.3685882770794343,0.31165288037025013,45
211-000557,1,NEUTRO,0,O2_Alpha,bandpower,O2,Alpha,,occipital,0.0,0.0,43
211-000557,1,NEUTRO,1,O2_Beta,bandpower,O2,Beta,,occipital,0.0,0.0,43
211-000557,1,NEUTRO,2,O1_Alpha,bandpower,O1,Alpha,,occipital,0.006709572197898498,0.006541316292607063,43
211-000557,1,NEUTRO,3,O1_Beta,bandpower,O1,Beta,,occipital,0.09473347490815529,0.08823602103715521,43
211-000557,1,NEUTRO,4,Oz_Alpha,bandpower,Oz,Alpha,,occipital,0.0,0.0,43
211-000557,1,NEUTRO,5,Oz_Beta,bandpower,Oz,Beta,,occipital,0.0,0.0,43
211-000557,1,NEUTRO,6,Pz_Alpha,bandpower,Pz,Alpha,,parietal_midline,0.0,0.0,43
211-000557,1,NEUTRO,7,Pz_Beta,bandpower,Pz,Beta,,parietal_midline,0.0,0.0,43
211-000557,1,NEUTRO,8,P4_Alpha,bandpower,P4,Alpha,,other,0.0,0.0,43
211-000557,1,NEUTRO,9,P4_Beta,bandpower,P4,Beta,,other,0.0,0.0,43
211-000557,1,NEUTRO,10,CP4_Alpha,bandpower,CP4,Alpha,,temporal_right,0.0,0.0,43
211-000557,1,NEUTRO,11,CP4_Beta,bandpower,CP4,Beta,,temporal_right,0.0,0.0,43
211-000557,1,NEUTRO,12,P8_Alpha,bandpower,P8,Alpha,,temporal_right,0.0,0.0,43
211-000557,1,NEUTRO,13,P8_Beta,bandpower,P8,Beta,,temporal_right,0.0,0.0,43
211-000557,1,NEUTRO,14,C4_Alpha,bandpower,C4,Alpha,,other,0.0,0.0,43
211-000557,1,NEUTRO,15,C4_Beta,bandpower,C4,Beta,,other,0.0,0.0,43
211-000557,1,NEUTRO,16,TP8_Alpha,bandpower,TP8,Alpha,,temporal_right,0.0,0.0,43
211-000557,1,NEUTRO,17,TP8_Beta,bandpower,TP8,Beta,,temporal_right,0.0,0.0,43
211-000557,1,NEUTRO,18,T8_Alpha,bandpower,T8,Alpha,,temporal_right,0.0,0.0,43
211-000557,1,NEUTRO,19,T8_Beta,bandpower,T8,Beta,,temporal_right,0.0,0.0,43
211-000557,1,NEUTRO,20,P7_Alpha,bandpower,P7,Alpha,,temporal_left,0.0,0.0,43
211-000557,1,NEUTRO,21,P7_Beta,bandpower,P7,Beta,,temporal_left,0.0,0.0,43
211-000557,1,NEUTRO,22,P3_Alpha,bandpower,P3,Alpha,,centro_parietal_left,0.0,0.0,43
211-000557,1,NEUTRO,23,P3_Beta,bandpower,P3,Beta,,centro_parietal_left,0.0,0.0,43
211-000557,1,NEUTRO,24,CP3_Alpha,bandpower,CP3,Alpha,,temporal_left,0.0,0.0,43
211-000557,1,NEUTRO,25,CP3_Beta,bandpower,CP3,Beta,,temporal_left,0.0,0.0,43
211-000557,1,NEUTRO,26,CPz_Alpha,bandpower,CPz,Alpha,,parietal_midline,0.0,0.0,43
211-000557,1,NEUTRO,27,CPz_Beta,bandpower,CPz,Beta,,parietal_midline,0.0,0.0,43
211-000557,1,NEUTRO,28,Cz_Alpha,bandpower,Cz,Alpha,,parietal_midline,0.0,0.0,43
211-000557,1,NEUTRO,29,Cz_Beta,bandpower,Cz,Beta,,parietal_midline,0.0036985193971677296,0.0009071647665289699,43
211-000557,1,NEUTRO,30,FC4_Alpha,bandpower,FC4,Alpha,,frontal_bilateral,0.0,0.0,43
211-000557,1,NEUTRO,31,FC4_Beta,bandpower,FC4,Beta,,frontal_bilateral,0.05163463545821696,-0.009053797722464908,43
211-000557,1,NEUTRO,32,FT8_Alpha,bandpower,FT8,Alpha,,temporal_right,0.03993272321983761,0.011747755142278986,43
211-000557,1,NEUTRO,33,FT8_Beta,bandpower,FT8,Beta,,temporal_right,0.0,0.0,43
211-000557,1,NEUTRO,34,TP7_Alpha,bandpower,TP7,Alpha,,temporal_left,0.0,0.0,43
211-000557,1,NEUTRO,35,TP7_Beta,bandpower,TP7,Beta,,temporal_left,0.0,0.0,43
211-000557,1,NEUTRO,36,C3_Alpha,bandpower,C3,Alpha,,centro_parietal_left,0.0,0.0,43
211-000557,1,NEUTRO,37,C3_Beta,bandpower,C3,Beta,,centro_parietal_left,0.0,0.0,43
211-000557,1,NEUTRO,38,FCz_Alpha,bandpower,FCz,Alpha,,frontal_bilateral,0.0,0.0,43
211-000557,1,NEUTRO,39,FCz_Beta,bandpower,FCz,Beta,,frontal_bilateral,0.0,0.0,43
211-000557,1,NEUTRO,40,Fz_Alpha,bandpower,Fz,Alpha,,frontal_bilateral,0.0,0.0,43
211-000557,1,NEUTRO,41,Fz_Beta,bandpower,Fz,Beta,,frontal_bilateral,0.0,0.0,43
211-000557,1,NEUTRO,42,F4_Alpha,bandpower,F4,Alpha,,frontal_bilateral,0.0,0.0,43
211-000557,1,NEUTRO,43,F4_Beta,bandpower,F4,Beta,,frontal_bilateral,0.0,0.0,43
211-000557,1,NEUTRO,44,F8_Alpha,bandpower,F8,Alpha,,other,0.0,0.0,43
211-000557,1,NEUTRO,45,F8_Beta,bandpower,F8,Beta,,other,0.0,0.0,43
211-000557,1,NEUTRO,46,T7_Alpha,bandpower,T7,Alpha,,temporal_left,0.0,0.0,43
211-000557,1,NEUTRO,47,T7_Beta,bandpower,T7,Beta,,temporal_left,0.0,0.0,43
211-000557,1,NEUTRO,48,FT7_Alpha,bandpower,FT7,Alpha,,temporal_left,0.0,0.0,43
211-000557,1,NEUTRO,49,FT7_Beta,bandpower,FT7,Beta,,temporal_left,0.0,0.0,43
211-000557,1,NEUTRO,50,FC3_Alpha,bandpower,FC3,Alpha,,frontal_bilateral,0.0,0.0,43
211-000557,1,NEUTRO,51,FC3_Beta,bandpower,FC3,Beta,,frontal_bilateral,0.0,0.0,43
211-000557,1,NEUTRO,52,F3_Alpha,bandpower,F3,Alpha,,frontal_bilateral,0.0,0.0,43
211-000557,1,NEUTRO,53,F3_Beta,bandpower,F3,Beta,,frontal_bilateral,0.0,0.0,43
211-000557,1,NEUTRO,54,Fp2_Alpha,bandpower,Fp2,Alpha,,frontal_bilateral,0.0,0.0,43
211-000557,1,NEUTRO,55,Fp2_Beta,bandpower,Fp2,Beta,,frontal_bilateral,0.0,0.0,43
211-000557,1,NEUTRO,56,F7_Alpha,bandpower,F7,Alpha,,frontal_inferior_left,0.0,0.0,43
211-000557,1,NEUTRO,57,F7_Beta,bandpower,F7,Beta,,frontal_inferior_left,0.0,0.0,43
211-000557,1,NEUTRO,58,Fp1_Alpha,bandpower,Fp1,Alpha,,frontal_bilateral,0.0,0.0,43
211-000557,1,NEUTRO,59,Fp1_Beta,bandpower,Fp1,Beta,,frontal_bilateral,0.0,0.0,43
211-000557,1,NEUTRO,60,PO5_Alpha,bandpower,PO5,Alpha,,other,0.0,0.0,43
211-000557,1,NEUTRO,61,PO5_Beta,bandpower,PO5,Beta,,other,0.0,0.0,43
211-000557,1,NEUTRO,62,PO3_Alpha,bandpower,PO3,Alpha,,occipital,0.0,0.0,43
211-000557,1,NEUTRO,63,PO3_Beta,bandpower,PO3,Beta,,occipital,0.0,0.0,43
211-000557,1,NEUTRO,64,P1_Alpha,bandpower,P1,Alpha,,other,0.0,0.0,43
211-000557,1,NEUTRO,65,P1_Beta,bandpower,P1,Beta,,other,0.0,0.0,43
211-000557,1,NEUTRO,66,POz_Alpha,bandpower,POz,Alpha,,occipital,0.0,0.0,43
211-000557,1,NEUTRO,67,POz_Beta,bandpower,POz,Beta,,occipital,0.0,0.0,43
211-000557,1,NEUTRO,68,P2_Alpha,bandpower,P2,Alpha,,other,0.0,0.0,43
211-000557,1,NEUTRO,69,P2_Beta,bandpower,P2,Beta,,other,0.0,0.0,43
211-000557,1,NEUTRO,70,PO4_Alpha,bandpower,PO4,Alpha,,occipital,0.0,0.0,43
211-000557,1,NEUTRO,71,PO4_Beta,bandpower,PO4,Beta,,occipital,0.0,0.0,43
211-000557,1,NEUTRO,72,CP2_Alpha,bandpower,CP2,Alpha,,other,0.0,0.0,43
211-000557,1,NEUTRO,73,CP2_Beta,bandpower,CP2,Beta,,other,0.0,0.0,43
211-000557,1,NEUTRO,74,P6_Alpha,bandpower,P6,Alpha,,temporal_right,0.0,0.0,43
211-000557,1,NEUTRO,75,P6_Beta,bandpower,P6,Beta,,temporal_right,0.0,0.0,43
211-000557,1,NEUTRO,76,PO6_Alpha,bandpower,PO6,Alpha,,other,0.0,0.0,43
211-000557,1,NEUTRO,77,PO6_Beta,bandpower,PO6,Beta,,other,0.0,0.0,43
211-000557,1,NEUTRO,78,CP6_Alpha,bandpower,CP6,Alpha,,temporal_right,0.0,0.0,43
211-000557,1,NEUTRO,79,CP6_Beta,bandpower,CP6,Beta,,temporal_right,0.0,0.0,43
211-000557,1,NEUTRO,80,C6_Alpha,bandpower,C6,Alpha,,temporal_right,0.0,0.0,43
211-000557,1,NEUTRO,81,C6_Beta,bandpower,C6,Beta,,temporal_right,0.0,0.0,43
211-000557,1,NEUTRO,82,PO8_Alpha,bandpower,PO8,Alpha,,occipital,0.0,0.0,43
211-000557,1,NEUTRO,83,PO8_Beta,bandpower,PO8,Beta,,occipital,0.0,0.0,43
211-000557,1,NEUTRO,84,PO7_Alpha,bandpower,PO7,Alpha,,occipital,0.0,0.0,43
211-000557,1,NEUTRO,85,PO7_Beta,bandpower,PO7,Beta,,occipital,0.07224507991440053,0.0717923190137024,43
211-000557,1,NEUTRO,86,P5_Alpha,bandpower,P5,Alpha,,temporal_left,0.0,0.0,43
211-000557,1,NEUTRO,87,P5_Beta,bandpower,P5,Beta,,temporal_left,0.0,0.0,43
211-000557,1,NEUTRO,88,CP5_Alpha,bandpower,CP5,Alpha,,temporal_left,0.0,0.0,43
211-000557,1,NEUTRO,89,CP5_Beta,bandpower,CP5,Beta,,temporal_left,0.0,0.0,43
211-000557,1,NEUTRO,90,CP1_Alpha,bandpower,CP1,Alpha,,other,0.0,0.0,43
211-000557,1,NEUTRO,91,CP1_Beta,bandpower,CP1,Beta,,other,0.0,0.0,43
211-000557,1,NEUTRO,92,C1_Alpha,bandpower,C1,Alpha,,other,0.0,0.0,43
211-000557,1,NEUTRO,93,C1_Beta,bandpower,C1,Beta,,other,0.0,0.0,43
211-000557,1,NEUTRO,94,C2_Alpha,bandpower,C2,Alpha,,other,0.0,0.0,43
211-000557,1,NEUTRO,95,C2_Beta,bandpower,C2,Beta,,other,0.0,0.0,43
211-000557,1,NEUTRO,96,FC2_Alpha,bandpower,FC2,Alpha,,other,0.0,0.0,43
211-000557,1,NEUTRO,97,FC2_Beta,bandpower,FC2,Beta,,other,0.0,0.0,43
211-000557,1,NEUTRO,98,FC6_Alpha,bandpower,FC6,Alpha,,other,0.0,0.0,43
211-000557,1,NEUTRO,99,FC6_Beta,bandpower,FC6,Beta,,other,0.0,0.0,43
211-000557,1,NEUTRO,100,C5_Alpha,bandpower,C5,Alpha,,temporal_left,0.0,0.0,43
211-000557,1,NEUTRO,101,C5_Beta,bandpower,C5,Beta,,temporal_left,0.0,0.0,43
211-000557,1,NEUTRO,102,FC1_Alpha,bandpower,FC1,Alpha,,other,0.0,0.0,43
211-000557,1,NEUTRO,103,FC1_Beta,bandpower,FC1,Beta,,other,0.0,0.0,43
211-000557,1,NEUTRO,104,F2_Alpha,bandpower,F2,Alpha,,frontal_bilateral,0.3554628066188383,0.3499751089417634,43
211-000557,1,NEUTRO,105,F2_Beta,bandpower,F2,Beta,,frontal_bilateral,0.6490128977213637,0.6490128977213637,43
211-000557,1,NEUTRO,106,F6_Alpha,bandpower,F6,Alpha,,other,0.0,0.0,43
211-000557,1,NEUTRO,107,F6_Beta,bandpower,F6,Beta,,other,0.0,0.0,43
211-000557,1,NEUTRO,108,FC5_Alpha,bandpower,FC5,Alpha,,frontal_inferior_left,0.40656829392256993,0.4038649422917679,43
211-000557,1,NEUTRO,109,FC5_Beta,bandpower,FC5,Beta,,frontal_inferior_left,0.6624702477782671,0.6624702477782671,43
211-000557,1,NEUTRO,110,F1_Alpha,bandpower,F1,Alpha,,frontal_bilateral,0.0,0.0,43
211-000557,1,NEUTRO,111,F1_Beta,bandpower,F1,Beta,,frontal_bilateral,0.0,0.0,43
211-000557,1,NEUTRO,112,AF4_Alpha,bandpower,AF4,Alpha,,frontal_bilateral,0.0,0.0,43
211-000557,1,NEUTRO,113,AF4_Beta,bandpower,AF4,Beta,,frontal_bilateral,0.0,0.0,43
211-000557,1,NEUTRO,114,AF8_Alpha,bandpower,AF8,Alpha,,frontal_bilateral,0.0,0.0,43
211-000557,1,NEUTRO,115,AF8_Beta,bandpower,AF8,Beta,,frontal_bilateral,0.0,0.0,43
211-000557,1,NEUTRO,116,F5_Alpha,bandpower,F5,Alpha,,frontal_inferior_left,0.0,0.0,43
211-000557,1,NEUTRO,117,F5_Beta,bandpower,F5,Beta,,frontal_inferior_left,0.0,0.0,43
211-000557,1,NEUTRO,118,AF7_Alpha,bandpower,AF7,Alpha,,frontal_bilateral,0.021610107166013075,0.006444172345659016,43
211-000557,1,NEUTRO,119,AF7_Beta,bandpower,AF7,Beta,,frontal_bilateral,0.603214612208324,0.5864636850870808,43
211-000557,1,NEUTRO,120,AF3_Alpha,bandpower,AF3,Alpha,,frontal_bilateral,0.0,0.0,43
211-000557,1,NEUTRO,121,AF3_Beta,bandpower,AF3,Beta,,frontal_bilateral,0.0,0.0,43
211-000557,1,NEUTRO,122,Fpz_Alpha,bandpower,Fpz,Alpha,,frontal_bilateral,0.0,0.0,43
211-000557,1,NEUTRO,123,Fpz_Beta,bandpower,Fpz,Beta,,frontal_bilateral,0.0,0.0,43
211-000557,1,NEUTRO,124,AlphaAsym_Fp2-Fp1,AlphaAsym,,,Fp2-Fp1,,0.0,0.0,43
211-000557,1,NEUTRO,125,AlphaAsym_AF8-AF7,AlphaAsym,,,AF8-AF7,,0.2411703970435281,0.13776526709299736,43
211-000557,1,NEUTRO,126,AlphaAsym_AF4-AF3,AlphaAsym,,,AF4-AF3,,0.0,0.0,43
211-000557,1,NEUTRO,127,AlphaAsym_F8-F7,AlphaAsym,,,F8-F7,,0.0,0.0,43
211-000557,1,NEUTRO,128,AlphaAsym_F6-F5,AlphaAsym,,,F6-F5,,0.0,0.0,43
211-000557,1,NEUTRO,129,AlphaAsym_F4-F3,AlphaAsym,,,F4-F3,,0.0,0.0,43
211-000557,1,NEUTRO,130,AlphaAsym_F2-F1,AlphaAsym,,,F2-F1,,0.6092945843961608,0.5722044170262478,43
211-000557,1,NEUTRO,131,AlphaAsym_FC6-FC5,AlphaAsym,,,FC6-FC5,,0.04360826424824261,0.02843348285744908,43
211-000557,1,NEUTRO,132,AlphaAsym_FC4-FC3,AlphaAsym,,,FC4-FC3,,0.0,0.0,43
211-000557,1,NEUTRO,133,AlphaAsym_FC2-FC1,AlphaAsym,,,FC2-FC1,,0.0,0.0,43
211-000557,1,NEUTRO,134,AlphaAsym_T8-T7,AlphaAsym,,,T8-T7,,0.0,0.0,43
211-000557,1,NEUTRO,135,AlphaAsym_C6-C5,AlphaAsym,,,C6-C5,,0.0,0.0,43
211-000557,1,NEUTRO,136,AlphaAsym_C4-C3,AlphaAsym,,,C4-C3,,0.0,0.0,43
211-000557,1,NEUTRO,137,AlphaAsym_C2-C1,AlphaAsym,,,C2-C1,,0.0,0.0,43
211-000557,1,NEUTRO,138,AlphaAsym_TP8-TP7,AlphaAsym,,,TP8-TP7,,0.0,0.0,43
211-000557,1,NEUTRO,139,AlphaAsym_CP6-CP5,AlphaAsym,,,CP6-CP5,,0.0,0.0,43
211-000557,1,NEUTRO,140,AlphaAsym_CP4-CP3,AlphaAsym,,,CP4-CP3,,0.0,0.0,43
211-000557,1,NEUTRO,141,AlphaAsym_CP2-CP1,AlphaAsym,,,CP2-CP1,,0.0,0.0,43
211-000557,1,NEUTRO,142,AlphaAsym_P8-P7,AlphaAsym,,,P8-P7,,0.0,0.0,43
211-000557,1,NEUTRO,143,AlphaAsym_P6-P5,AlphaAsym,,,P6-P5,,0.0,0.0,43
211-000557,1,NEUTRO,144,AlphaAsym_P4-P3,AlphaAsym,,,P4-P3,,0.0,0.0,43
211-000557,1,NEUTRO,145,AlphaAsym_P2-P1,AlphaAsym,,,P2-P1,,0.0,0.0,43
211-000557,1,NEUTRO,146,AlphaAsym_PO8-PO7,AlphaAsym,,,PO8-PO7,,0.0,0.0,43
211-000557,1,NEUTRO,147,AlphaAsym_PO6-PO5,AlphaAsym,,,PO6-PO5,,0.0,0.0,43
211-000557,1,NEUTRO,148,AlphaAsym_PO4-PO3,AlphaAsym,,,PO4-PO3,,0.0,0.0,43
211-000557,1,NEUTRO,149,AlphaAsym_O2-O1,AlphaAsym,,,O2-O1,,0.0,0.0,43
211-000557,2,SAD,0,O2_Alpha,bandpower,O2,Alpha,,occipital,0.0,0.0,45
211-000557,2,SAD,1,O2_Beta,bandpower,O2,Beta,,occipital,0.017495357189010616,0.0136531916317453,45
211-000557,2,SAD,2,O1_Alpha,bandpower,O1,Alpha,,occipital,0.0,0.0,45
211-000557,2,SAD,3,O1_Beta,bandpower,O1,Beta,,occipital,0.0,0.0,45
211-000557,2,SAD,4,Oz_Alpha,bandpower,Oz,Alpha,,occipital,0.054333947999367006,0.04221276700613895,45
211-000557,2,SAD,5,Oz_Beta,bandpower,Oz,Beta,,occipital,0.028149569057340187,0.0171171076691379,45
211-000557,2,SAD,6,Pz_Alpha,bandpower,Pz,Alpha,,parietal_midline,0.0047995598243761135,0.003178716717037933,45
211-000557,2,SAD,7,Pz_Beta,bandpower,Pz,Beta,,parietal_midline,0.07421772508272138,0.061482130432070924,45
211-000557,2,SAD,8,P4_Alpha,bandpower,P4,Alpha,,other,0.0,0.0,45
211-000557,2,SAD,9,P4_Beta,bandpower,P4,Beta,,other,0.0,0.0,45
211-000557,2,SAD,10,CP4_Alpha,bandpower,CP4,Alpha,,temporal_right,0.0,0.0,45
211-000557,2,SAD,11,CP4_Beta,bandpower,CP4,Beta,,temporal_right,0.0,0.0,45
211-000557,2,SAD,12,P8_Alpha,bandpower,P8,Alpha,,temporal_right,0.05245468473836302,0.0272212526401116,45
211-000557,2,SAD,13,P8_Beta,bandpower,P8,Beta,,temporal_right,0.0,0.0,45
211-000557,2,SAD,14,C4_Alpha,bandpower,C4,Alpha,,other,0.0,0.0,45
211-000557,2,SAD,15,C4_Beta,bandpower,C4,Beta,,other,0.0,0.0,45
211-000557,2,SAD,16,TP8_Alpha,bandpower,TP8,Alpha,,temporal_right,0.0,0.0,45
211-000557,2,SAD,17,TP8_Beta,bandpower,TP8,Beta,,temporal_right,0.0,0.0,45
211-000557,2,SAD,18,T8_Alpha,bandpower,T8,Alpha,,temporal_right,0.0,0.0,45
211-000557,2,SAD,19,T8_Beta,bandpower,T8,Beta,,temporal_right,0.0,0.0,45
211-000557,2,SAD,20,P7_Alpha,bandpower,P7,Alpha,,temporal_left,0.017839508282742604,0.014143721977201743,45
211-000557,2,SAD,21,P7_Beta,bandpower,P7,Beta,,temporal_left,0.11511357343249037,0.1022637462838813,45
211-000557,2,SAD,22,P3_Alpha,bandpower,P3,Alpha,,centro_parietal_left,0.07526681709235122,0.061118691835357106,45
211-000557,2,SAD,23,P3_Beta,bandpower,P3,Beta,,centro_parietal_left,0.005314035571732206,0.00484276927837168,45
211-000557,2,SAD,24,CP3_Alpha,bandpower,CP3,Alpha,,temporal_left,0.0039326113603709335,0.0039326113603709335,45
211-000557,2,SAD,25,CP3_Beta,bandpower,CP3,Beta,,temporal_left,0.0,0.0,45
211-000557,2,SAD,26,CPz_Alpha,bandpower,CPz,Alpha,,parietal_midline,0.006468121780518804,0.0006289904423587081,45
211-000557,2,SAD,27,CPz_Beta,bandpower,CPz,Beta,,parietal_midline,0.037355910687822354,0.025509777479119602,45
211-000557,2,SAD,28,Cz_Alpha,bandpower,Cz,Alpha,,parietal_midline,0.0,0.0,45
211-000557,2,SAD,29,Cz_Beta,bandpower,Cz,Beta,,parietal_midline,0.0,0.0,45
211-000557,2,SAD,30,FC4_Alpha,bandpower,FC4,Alpha,,frontal_bilateral,0.0,0.0,45
211-000557,2,SAD,31,FC4_Beta,bandpower,FC4,Beta,,frontal_bilateral,0.0,0.0,45
211-000557,2,SAD,32,FT8_Alpha,bandpower,FT8,Alpha,,temporal_right,0.0,0.0,45
211-000557,2,SAD,33,FT8_Beta,bandpower,FT8,Beta,,temporal_right,0.0,0.0,45
211-000557,2,SAD,34,TP7_Alpha,bandpower,TP7,Alpha,,temporal_left,0.010598593499581515,0.0032517770902737455,45
211-000557,2,SAD,35,TP7_Beta,bandpower,TP7,Beta,,temporal_left,0.015601755783945789,0.012408193832024668,45
211-000557,2,SAD,36,C3_Alpha,bandpower,C3,Alpha,,centro_parietal_left,0.0,0.0,45
211-000557,2,SAD,37,C3_Beta,bandpower,C3,Beta,,centro_parietal_left,0.024403730350062693,0.022814677872849833,45
211-000557,2,SAD,38,FCz_Alpha,bandpower,FCz,Alpha,,frontal_bilateral,0.0,0.0,45
211-000557,2,SAD,39,FCz_Beta,bandpower,FCz,Beta,,frontal_bilateral,0.0,0.0,45
211-000557,2,SAD,40,Fz_Alpha,bandpower,Fz,Alpha,,frontal_bilateral,0.0,0.0,45
211-000557,2,SAD,41,Fz_Beta,bandpower,Fz,Beta,,frontal_bilateral,0.0,0.0,45
211-000557,2,SAD,42,F4_Alpha,bandpower,F4,Alpha,,frontal_bilateral,0.0,0.0,45
211-000557,2,SAD,43,F4_Beta,bandpower,F4,Beta,,frontal_bilateral,0.0,0.0,45
211-000557,2,SAD,44,F8_Alpha,bandpower,F8,Alpha,,other,0.0,0.0,45
211-000557,2,SAD,45,F8_Beta,bandpower,F8,Beta,,other,0.0,0.0,45
211-000557,2,SAD,46,T7_Alpha,bandpower,T7,Alpha,,temporal_left,0.0,0.0,45
211-000557,2,SAD,47,T7_Beta,bandpower,T7,Beta,,temporal_left,0.0,0.0,45
211-000557,2,SAD,48,FT7_Alpha,bandpower,FT7,Alpha,,temporal_left,0.0,0.0,45
211-000557,2,SAD,49,FT7_Beta,bandpower,FT7,Beta,,temporal_left,0.0,0.0,45
211-000557,2,SAD,50,FC3_Alpha,bandpower,FC3,Alpha,,frontal_bilateral,0.0,0.0,45
211-000557,2,SAD,51,FC3_Beta,bandpower,FC3,Beta,,frontal_bilateral,0.0,0.0,45
211-000557,2,SAD,52,F3_Alpha,bandpower,F3,Alpha,,frontal_bilateral,0.0,0.0,45
211-000557,2,SAD,53,F3_Beta,bandpower,F3,Beta,,frontal_bilateral,0.0,0.0,45
211-000557,2,SAD,54,Fp2_Alpha,bandpower,Fp2,Alpha,,frontal_bilateral,0.0,0.0,45
211-000557,2,SAD,55,Fp2_Beta,bandpower,Fp2,Beta,,frontal_bilateral,0.0,0.0,45
211-000557,2,SAD,56,F7_Alpha,bandpower,F7,Alpha,,frontal_inferior_left,0.0,0.0,45
211-000557,2,SAD,57,F7_Beta,bandpower,F7,Beta,,frontal_inferior_left,0.0,0.0,45
211-000557,2,SAD,58,Fp1_Alpha,bandpower,Fp1,Alpha,,frontal_bilateral,0.0,0.0,45
211-000557,2,SAD,59,Fp1_Beta,bandpower,Fp1,Beta,,frontal_bilateral,0.0,0.0,45
211-000557,2,SAD,60,PO5_Alpha,bandpower,PO5,Alpha,,other,0.007851200085893772,0.007249874668589186,45
211-000557,2,SAD,61,PO5_Beta,bandpower,PO5,Beta,,other,0.0,0.0,45
211-000557,2,SAD,62,PO3_Alpha,bandpower,PO3,Alpha,,occipital,0.034778013383626426,0.0243410276053139,45
211-000557,2,SAD,63,PO3_Beta,bandpower,PO3,Beta,,occipital,0.00553922591465561,0.004673017862846167,45
211-000557,2,SAD,64,P1_Alpha,bandpower,P1,Alpha,,other,0.0012386627052224394,0.0009243464845672714,45
211-000557,2,SAD,65,P1_Beta,bandpower,P1,Beta,,other,0.0,0.0,45
211-000557,2,SAD,66,POz_Alpha,bandpower,POz,Alpha,,occipital,0.0026276601919486705,0.002185396783245231,45
211-000557,2,SAD,67,POz_Beta,bandpower,POz,Beta,,occipital,0.0,0.0,45
211-000557,2,SAD,68,P2_Alpha,bandpower,P2,Alpha,,other,0.00922442120140283,0.005038219803570045,45
211-000557,2,SAD,69,P2_Beta,bandpower,P2,Beta,,other,0.0,0.0,45
211-000557,2,SAD,70,PO4_Alpha,bandpower,PO4,Alpha,,occipital,0.0070401236915510704,0.002382684777067418,45
211-000557,2,SAD,71,PO4_Beta,bandpower,PO4,Beta,,occipital,0.0,0.0,45
211-000557,2,SAD,72,CP2_Alpha,bandpower,CP2,Alpha,,other,0.0,0.0,45
211-000557,2,SAD,73,CP2_Beta,bandpower,CP2,Beta,,other,0.0,0.0,45
211-000557,2,SAD,74,P6_Alpha,bandpower,P6,Alpha,,temporal_right,0.0,0.0,45
211-000557,2,SAD,75,P6_Beta,bandpower,P6,Beta,,temporal_right,0.0,0.0,45
211-000557,2,SAD,76,PO6_Alpha,bandpower,PO6,Alpha,,other,0.0002125277158523235,9.46338638928382e-05,45
211-000557,2,SAD,77,PO6_Beta,bandpower,PO6,Beta,,other,0.0,0.0,45
211-000557,2,SAD,78,CP6_Alpha,bandpower,CP6,Alpha,,temporal_right,0.0,0.0,45
211-000557,2,SAD,79,CP6_Beta,bandpower,CP6,Beta,,temporal_right,0.0,0.0,45
211-000557,2,SAD,80,C6_Alpha,bandpower,C6,Alpha,,temporal_right,0.0,0.0,45
211-000557,2,SAD,81,C6_Beta,bandpower,C6,Beta,,temporal_right,0.0,0.0,45
211-000557,2,SAD,82,PO8_Alpha,bandpower,PO8,Alpha,,occipital,0.020411352510645523,0.008809383711724352,45
211-000557,2,SAD,83,PO8_Beta,bandpower,PO8,Beta,,occipital,0.0,0.0,45
211-000557,2,SAD,84,PO7_Alpha,bandpower,PO7,Alpha,,occipital,0.08815817452875264,0.07526151512430362,45
211-000557,2,SAD,85,PO7_Beta,bandpower,PO7,Beta,,occipital,0.4007306064680701,0.37041826294022906,45
211-000557,2,SAD,86,P5_Alpha,bandpower,P5,Alpha,,temporal_left,0.004399629399741419,0.003518858363866231,45
211-000557,2,SAD,87,P5_Beta,bandpower,P5,Beta,,temporal_left,0.0,0.0,45
211-000557,2,SAD,88,CP5_Alpha,bandpower,CP5,Alpha,,temporal_left,0.0,0.0,45
211-000557,2,SAD,89,CP5_Beta,bandpower,CP5,Beta,,temporal_left,0.0,0.0,45
211-000557,2,SAD,90,CP1_Alpha,bandpower,CP1,Alpha,,other,0.0,0.0,45
211-000557,2,SAD,91,CP1_Beta,bandpower,CP1,Beta,,other,0.0,0.0,45
211-000557,2,SAD,92,C1_Alpha,bandpower,C1,Alpha,,other,0.0,0.0,45
211-000557,2,SAD,93,C1_Beta,bandpower,C1,Beta,,other,0.0,0.0,45
211-000557,2,SAD,94,C2_Alpha,bandpower,C2,Alpha,,other,0.0,0.0,45
211-000557,2,SAD,95,C2_Beta,bandpower,C2,Beta,,other,0.0,0.0,45
211-000557,2,SAD,96,FC2_Alpha,bandpower,FC2,Alpha,,other,0.0,0.0,45
211-000557,2,SAD,97,FC2_Beta,bandpower,FC2,Beta,,other,0.0,0.0,45
211-000557,2,SAD,98,FC6_Alpha,bandpower,FC6,Alpha,,other,0.0,0.0,45
211-000557,2,SAD,99,FC6_Beta,bandpower,FC6,Beta,,other,0.0,0.0,45
211-000557,2,SAD,100,C5_Alpha,bandpower,C5,Alpha,,temporal_left,0.0,0.0,45
211-000557,2,SAD,101,C5_Beta,bandpower,C5,Beta,,temporal_left,0.0,0.0,45
211-000557,2,SAD,102,FC1_Alpha,bandpower,FC1,Alpha,,other,0.0,0.0,45
211-000557,2,SAD,103,FC1_Beta,bandpower,FC1,Beta,,other,0.0,0.0,45
211-000557,2,SAD,104,F2_Alpha,bandpower,F2,Alpha,,frontal_bilateral,0.0,0.0,45
211-000557,2,SAD,105,F2_Beta,bandpower,F2,Beta,,frontal_bilateral,0.0,0.0,45
211-000557,2,SAD,106,F6_Alpha,bandpower,F6,Alpha,,other,0.0,0.0,45
211-000557,2,SAD,107,F6_Beta,bandpower,F6,Beta,,other,0.0,0.0,45
211-000557,2,SAD,108,FC5_Alpha,bandpower,FC5,Alpha,,frontal_inferior_left,0.3978416541354717,0.3865442872626894,45
211-000557,2,SAD,109,FC5_Beta,bandpower,FC5,Beta,,frontal_inferior_left,1.2453139147774193,1.2453139147774193,45
211-000557,2,SAD,110,F1_Alpha,bandpower,F1,Alpha,,frontal_bilateral,0.0,0.0,45
211-000557,2,SAD,111,F1_Beta,bandpower,F1,Beta,,frontal_bilateral,0.0,0.0,45
211-000557,2,SAD,112,AF4_Alpha,bandpower,AF4,Alpha,,frontal_bilateral,0.0,0.0,45
211-000557,2,SAD,113,AF4_Beta,bandpower,AF4,Beta,,frontal_bilateral,0.06980448288716572,-0.023232146263396727,45
211-000557,2,SAD,114,AF8_Alpha,bandpower,AF8,Alpha,,frontal_bilateral,0.0,0.0,45
211-000557,2,SAD,115,AF8_Beta,bandpower,AF8,Beta,,frontal_bilateral,0.020645084446533332,-0.0024913472138004926,45
211-000557,2,SAD,116,F5_Alpha,bandpower,F5,Alpha,,frontal_inferior_left,0.0,0.0,45
211-000557,2,SAD,117,F5_Beta,bandpower,F5,Beta,,frontal_inferior_left,0.0,0.0,45
211-000557,2,SAD,118,AF7_Alpha,bandpower,AF7,Alpha,,frontal_bilateral,0.0,0.0,45
211-000557,2,SAD,119,AF7_Beta,bandpower,AF7,Beta,,frontal_bilateral,0.0,0.0,45
211-000557,2,SAD,120,AF3_Alpha,bandpower,AF3,Alpha,,frontal_bilateral,0.0,0.0,45
211-000557,2,SAD,121,AF3_Beta,bandpower,AF3,Beta,,frontal_bilateral,0.0,0.0,45
211-000557,2,SAD,122,Fpz_Alpha,bandpower,Fpz,Alpha,,frontal_bilateral,0.0,0.0,45
211-000557,2,SAD,123,Fpz_Beta,bandpower,Fpz,Beta,,frontal_bilateral,0.0,0.0,45
211-000557,2,SAD,124,AlphaAsym_Fp2-Fp1,AlphaAsym,,,Fp2-Fp1,,0.0,0.0,45
211-000557,2,SAD,125,AlphaAsym_AF8-AF7,AlphaAsym,,,AF8-AF7,,0.008179832518507447,0.007402635636197807,45
211-000557,2,SAD,126,AlphaAsym_AF4-AF3,AlphaAsym,,,AF4-AF3,,0.0021312445529396936,0.001495462416829384,45
211-000557,2,SAD,127,AlphaAsym_F8-F7,AlphaAsym,,,F8-F7,,0.0,0.0,45
211-000557,2,SAD,128,AlphaAsym_F6-F5,AlphaAsym,,,F6-F5,,0.0,0.0,45
211-000557,2,SAD,129,AlphaAsym_F4-F3,AlphaAsym,,,F4-F3,,0.0,0.0,45
211-000557,2,SAD,130,AlphaAsym_F2-F1,AlphaAsym,,,F2-F1,,0.0,0.0,45
211-000557,2,SAD,131,AlphaAsym_FC6-FC5,AlphaAsym,,,FC6-FC5,,0.7600852763737039,0.718292691506218,45
211-000557,2,SAD,132,AlphaAsym_FC4-FC3,AlphaAsym,,,FC4-FC3,,0.017488677130728547,-0.004433303269990141,45
211-000557,2,SAD,133,AlphaAsym_FC2-FC1,AlphaAsym,,,FC2-FC1,,0.0,0.0,45
211-000557,2,SAD,134,AlphaAsym_T8-T7,AlphaAsym,,,T8-T7,,0.0,0.0,45
211-000557,2,SAD,135,AlphaAsym_C6-C5,AlphaAsym,,,C6-C5,,0.0,0.0,45
211-000557,2,SAD,136,AlphaAsym_C4-C3,AlphaAsym,,,C4-C3,,0.0,0.0,45
211-000557,2,SAD,137,AlphaAsym_C2-C1,AlphaAsym,,,C2-C1,,0.0,0.0,45
211-000557,2,SAD,138,AlphaAsym_TP8-TP7,AlphaAsym,,,TP8-TP7,,0.0,0.0,45
211-000557,2,SAD,139,AlphaAsym_CP6-CP5,AlphaAsym,,,CP6-CP5,,0.0,0.0,45
211-000557,2,SAD,140,AlphaAsym_CP4-CP3,AlphaAsym,,,CP4-CP3,,0.0,0.0,45
211-000557,2,SAD,141,AlphaAsym_CP2-CP1,AlphaAsym,,,CP2-CP1,,0.04183694118713773,0.021720940798847555,45
211-000557,2,SAD,142,AlphaAsym_P8-P7,AlphaAsym,,,P8-P7,,0.0,0.0,45
211-000557,2,SAD,143,AlphaAsym_P6-P5,AlphaAsym,,,P6-P5,,0.0,0.0,45
211-000557,2,SAD,144,AlphaAsym_P4-P3,AlphaAsym,,,P4-P3,,0.0,0.0,45
211-000557,2,SAD,145,AlphaAsym_P2-P1,AlphaAsym,,,P2-P1,,0.0,0.0,45
211-000557,2,SAD,146,AlphaAsym_PO8-PO7,AlphaAsym,,,PO8-PO7,,0.0,0.0,45
211-000557,2,SAD,147,AlphaAsym_PO6-PO5,AlphaAsym,,,PO6-PO5,,0.0,0.0,45
211-000557,2,SAD,148,AlphaAsym_PO4-PO3,AlphaAsym,,,PO4-PO3,,0.0,0.0,45
211-000557,2,SAD,149,AlphaAsym_O2-O1,AlphaAsym,,,O2-O1,,0.004330992466769137,0.003140130121059344,45
