class_label,condition,feature_idx,feature_name,feature_type,channel,band,pair,mean_abs_shap,std_abs_shap,mean_signed_shap,std_signed_shap,n_subjects
0,JOY,0,O2_Delta,bandpower,O2,Delta,,0.00521410611203351,0.025005974457987832,0.0044560062837908304,0.02137025540388363,23
0,JOY,1,O2_Theta,bandpower,O2,Theta,,0.008880182153322709,0.02977752170690606,0.007493863791181299,0.02526072050912405,23
0,JOY,2,O2_Alpha,bandpower,O2,Alpha,,0.00458385962203515,0.0219834184737965,0.004307923132124591,0.02066007355705118,23
0,JOY,3,O2_Beta,bandpower,O2,Beta,,0.012456097892853464,0.0413660599857169,0.008288703905008325,0.032443506978512254,23
0,JOY,4,O2_Gamma,bandpower,O2,Gamma,,0.03155246145639221,0.07473558376605907,0.02439196291361935,0.06468546445725942,23
0,JOY,5,O1_Delta,bandpower,O1,Delta,,0.006159983177625153,0.029542241506330766,0.006159983177625153,0.029542241506330766,23
0,JOY,6,O1_Theta,bandpower,O1,Theta,,0.011601610981918977,0.051719359403198925,0.011411031466532617,0.05170026822935344,23
0,JOY,7,O1_Alpha,bandpower,O1,Alpha,,0.008057291350670211,0.028056600997246883,0.007674997155225569,0.027309262439870544,23
0,JOY,8,O1_Beta,bandpower,O1,Beta,,0.04518239196207345,0.07598768890952907,0.036044313377723944,0.062361685304148824,23
0,JOY,9,O1_Gamma,bandpower,O1,Gamma,,0.052226410171834305,0.12950482427993143,0.04571228870132209,0.11906978160379962,23
0,JOY,10,Oz_Delta,bandpower,Oz,Delta,,0.0014537108566961417,0.006971752352325296,0.001452140535935984,0.006964221358522019,23
0,JOY,11,Oz_Theta,bandpower,Oz,Theta,,0.006745925675286307,0.027684918320825574,0.006034291802143713,0.025145969694969034,23
0,JOY,12,Oz_Alpha,bandpower,Oz,Alpha,,0.018512745634893236,0.06486049840688038,0.016465684607314044,0.06226087329280852,23
0,JOY,13,Oz_Beta,bandpower,Oz,Beta,,0.04382922580081015,0.12579059078440724,0.04076690570351814,0.1216722623628069,23
0,JOY,14,Oz_Gamma,bandpower,Oz,Gamma,,0.030014234928285588,0.0962912902537339,0.02592026683308345,0.07985725069643765,23
0,JOY,15,Pz_Delta,bandpower,Pz,Delta,,0.009273182678148473,0.044472621809301914,0.009273182678148473,0.044472621809301914,23
0,JOY,16,Pz_Theta,bandpower,Pz,Theta,,0.004633984186732505,0.022223807441264405,0.004633984186732505,0.022223807441264405,23
0,JOY,17,Pz_Alpha,bandpower,Pz,Alpha,,0.003127058113194548,0.009965940055797805,0.0024010609636726347,0.007878452744447135,23
0,JOY,18,Pz_Beta,bandpower,Pz,Beta,,0.013785242089338066,0.0564143754700657,0.013624718635423496,0.056315668004536884,23
0,JOY,19,Pz_Gamma,bandpower,Pz,Gamma,,0.011568306807918647,0.05547965046076939,0.011568306807918647,0.05547965046076939,23
0,JOY,20,P4_Delta,bandpower,P4,Delta,,0.0,0.0,0.0,0.0,23
0,JOY,21,P4_Theta,bandpower,P4,Theta,,0.0,0.0,0.0,0.0,23
0,JOY,22,P4_Alpha,bandpower,P4,Alpha,,0.0007057006751759508,0.003384421544031895,0.00044713534673700514,0.0021443857910686923,23
0,JOY,23,P4_Beta,bandpower,P4,Beta,,0.002893284086893363,0.013875703029822248,0.0027109010452870184,0.013001024689568886,23
0,JOY,24,P4_Gamma,bandpower,P4,Gamma,,0.003078037827238708,0.011993705723533272,0.0025027132054374263,0.009851895030988711,23
0,JOY,25,CP4_Delta,bandpower,CP4,Delta,,0.005074432848890763,0.02433612501964389,0.005074432848890763,0.02433612501964389,23
0,JOY,26,CP4_Theta,bandpower,CP4,Theta,,0.00422153259690373,0.015987832933034962,0.003483310609243127,0.012652153122977093,23
0,JOY,27,CP4_Alpha,bandpower,CP4,Alpha,,0.0,0.0,0.0,0.0,23
0,JOY,28,CP4_Beta,bandpower,CP4,Beta,,0.00929441449481463,0.04457444602496667,0.00929441449481463,0.04457444602496667,23
0,JOY,29,CP4_Gamma,bandpower,CP4,Gamma,,0.010759584209153879,0.03844375805666669,0.009828193470148513,0.03702445840273485,23
0,JOY,30,P8_Delta,bandpower,P8,Delta,,0.008264858516373801,0.039636869008545066,0.008008127428263387,0.038405629963170776,23
0,JOY,31,P8_Theta,bandpower,P8,Theta,,0.003438041369447031,0.0164882671780473,0.0032886913723450774,0.015772009753939092,23
0,JOY,32,P8_Alpha,bandpower,P8,Alpha,,0.0,0.0,0.0,0.0,23
0,JOY,33,P8_Beta,bandpower,P8,Beta,,0.01355205566953849,0.05878302910079806,0.012491308839267764,0.05384762390775627,23
0,JOY,34,P8_Gamma,bandpower,P8,Gamma,,0.01227472227321567,0.03548175520315802,0.010339990728773158,0.030440893184158043,23
0,JOY,35,C4_Delta,bandpower,C4,Delta,,0.0096183406998086,0.04612794153010381,0.009273008408626927,0.044471786042036936,23
0,JOY,36,C4_Theta,bandpower,C4,Theta,,0.003903265322365255,0.013847362007116122,0.00299360501725464,0.012728790965967497,23
0,JOY,37,C4_Alpha,bandpower,C4,Alpha,,0.0003126853783354325,0.001499586394300031,5.323940580373145e-05,0.00025532722063597343,23
0,JOY,38,C4_Beta,bandpower,C4,Beta,,0.01053693068315035,0.034914919511348154,0.008249546846297848,0.027367374869505485,23
0,JOY,39,C4_Gamma,bandpower,C4,Gamma,,0.018653718289555896,0.06273548348739448,-0.006065287133020394,0.03742244154786529,23
0,JOY,40,TP8_Delta,bandpower,TP8,Delta,,0.0,0.0,0.0,0.0,23
0,JOY,41,TP8_Theta,bandpower,TP8,Theta,,0.002878469881476387,0.012655035561841697,0.0028220888119936515,0.01238578138168963,23
0,JOY,42,TP8_Alpha,bandpower,TP8,Alpha,,0.011862225501480788,0.05400546823133712,0.011610077196117044,0.053231248465234964,23
0,JOY,43,TP8_Beta,bandpower,TP8,Beta,,0.012785973327429078,0.03824229459898013,0.010243105409977681,0.03009631329548073,23
0,JOY,44,TP8_Gamma,bandpower,TP8,Gamma,,0.004534861674900855,0.021748432574352234,0.003136037383789042,0.015039906943462633,23
0,JOY,45,T8_Delta,bandpower,T8,Delta,,0.00376467723155276,0.016710672653346605,0.003356990333015249,0.015923151281979225,23
0,JOY,46,T8_Theta,bandpower,T8,Theta,,0.014575613973754332,0.03565888156346796,0.013463266455542921,0.033578147461562936,23
0,JOY,47,T8_Alpha,bandpower,T8,Alpha,,0.0038389403487495808,0.013831250883709598,0.0035941346798923014,0.01336516029392368,23
0,JOY,48,T8_Beta,bandpower,T8,Beta,,0.02983296119519782,0.09796691057901062,0.02961523046678395,0.09751170344001962,23
0,JOY,49,T8_Gamma,bandpower,T8,Gamma,,0.013245424688085292,0.0598515534394747,0.012772922510221458,0.05917090449254195,23
0,JOY,50,P7_Delta,bandpower,P7,Delta,,0.004517440674189552,0.014981976826797428,0.003814180729342113,0.01280678104367998,23
0,JOY,51,P7_Theta,bandpower,P7,Theta,,0.003565655574612264,0.017100283406001223,0.0030631262684979684,0.014690237518349818,23
0,JOY,52,P7_Alpha,bandpower,P7,Alpha,,0.0005343026716214562,0.0025624255955523844,4.8512614661632084e-05,0.000232658326672578,23
0,JOY,53,P7_Beta,bandpower,P7,Beta,,0.013635722253078863,0.03861608250006187,0.009499200242965845,0.03005791053942962,23
0,JOY,54,P7_Gamma,bandpower,P7,Gamma,,0.006608926400558309,0.03148446908731287,0.00510867414067572,0.024344926234322543,23
0,JOY,55,P3_Delta,bandpower,P3,Delta,,0.01009953656873026,0.0378759633562788,0.006609314980619639,0.02336092611122013,23
0,JOY,56,P3_Theta,bandpower,P3,Theta,,0.005856645975903137,0.022350892231098762,0.005722535373706197,0.022204688850928814,23
0,JOY,57,P3_Alpha,bandpower,P3,Alpha,,0.0,0.0,0.0,0.0,23
0,JOY,58,P3_Beta,bandpower,P3,Beta,,0.008165781002347036,0.020661790655261074,0.0068858611007068275,0.018887999452147024,23
0,JOY,59,P3_Gamma,bandpower,P3,Gamma,,0.0003665694115551822,0.0017580051394185368,-1.8171258039737113e-05,8.714629212522094e-05,23
0,JOY,60,CP3_Delta,bandpower,CP3,Delta,,0.0,0.0,0.0,0.0,23
0,JOY,61,CP3_Theta,bandpower,CP3,Theta,,0.0104972536654476,0.04515912996245365,0.008758027739953544,0.041094845004883696,23
0,JOY,62,CP3_Alpha,bandpower,CP3,Alpha,,0.0024103597365832882,0.011559679207229879,0.0021991470880704015,0.010546738929369406,23
0,JOY,63,CP3_Beta,bandpower,CP3,Beta,,0.005825124932175402,0.027773797180976317,0.0057518273606625555,0.027523351633697093,23
0,JOY,64,CP3_Gamma,bandpower,CP3,Gamma,,0.0,0.0,0.0,0.0,23
0,JOY,65,CPz_Delta,bandpower,CPz,Delta,,0.002850053658739833,0.01366837717971724,0.000495209830573111,0.0023749429161168765,23
0,JOY,66,CPz_Theta,bandpower,CPz,Theta,,0.0015360575273014928,0.005297068316900775,0.0008785468893724311,0.00419585713600714,23
0,JOY,67,CPz_Alpha,bandpower,CPz,Alpha,,0.00490008255994584,0.018435248167532024,0.0019620514681838426,0.008279433925890206,23
0,JOY,68,CPz_Beta,bandpower,CPz,Beta,,0.012018145686975268,0.03246705808642828,0.005175736035085571,0.014892584087265221,23
0,JOY,69,CPz_Gamma,bandpower,CPz,Gamma,,0.0009938169748259736,0.0038128582893716292,-6.285981040577573e-05,0.0014791743614179247,23
0,JOY,70,Cz_Delta,bandpower,Cz,Delta,,0.014066021340954379,0.05251884598229426,0.011603848798073106,0.043794584656211444,23
0,JOY,71,Cz_Theta,bandpower,Cz,Theta,,0.011065932444523802,0.050047876824516425,0.009650969045566938,0.04452046142710145,23
0,JOY,72,Cz_Alpha,bandpower,Cz,Alpha,,0.0013491387410514567,0.006470242103657013,0.000716119971798807,0.0034343907352265344,23
0,JOY,73,Cz_Beta,bandpower,Cz,Beta,,0.005573794195998856,0.01549708458044776,0.002323445306782071,0.007595818614024365,23
0,JOY,74,Cz_Gamma,bandpower,Cz,Gamma,,0.004831815058933626,0.014548806385945363,0.0010284069520432176,0.011213280829804039,23
0,JOY,75,FC4_Delta,bandpower,FC4,Delta,,0.009210636663220839,0.043932874524861484,0.009189198049124742,0.04393713101175256,23
0,JOY,76,FC4_Theta,bandpower,FC4,Theta,,0.033879311767973735,0.08377823040508871,0.03183389920491081,0.0799978690286476,23
0,JOY,77,FC4_Alpha,bandpower,FC4,Alpha,,0.03079971260469225,0.0816734339903784,0.030470594919015322,0.08080431692319581,23
0,JOY,78,FC4_Beta,bandpower,FC4,Beta,,0.051307680447712924,0.10041213104089831,0.048310394873446336,0.09825396986086428,23
0,JOY,79,FC4_Gamma,bandpower,FC4,Gamma,,0.07108153431961585,0.16843636482879712,0.062358185377529435,0.17053904724024793,23
0,JOY,80,FT8_Delta,bandpower,FT8,Delta,,0.004432630612493884,0.021258149622599132,0.001195551486965182,0.005733663508931015,23
0,JOY,81,FT8_Theta,bandpower,FT8,Theta,,0.006153657611907703,0.02048163254564871,0.005615323987602082,0.018754854110591995,23
0,JOY,82,FT8_Alpha,bandpower,FT8,Alpha,,0.0011751011093281475,0.005635586943195676,0.0009349282443589596,0.004483758346332116,23
0,JOY,83,FT8_Beta,bandpower,FT8,Beta,,0.0,0.0,0.0,0.0,23
0,JOY,84,FT8_Gamma,bandpower,FT8,Gamma,,0.0,0.0,0.0,0.0,23
0,JOY,85,TP7_Delta,bandpower,TP7,Delta,,0.00506629648659167,0.024297104396844807,0.004899742222915801,0.023498338208765932,23
0,JOY,86,TP7_Theta,bandpower,TP7,Theta,,0.0007390384378861854,0.0035443038373543572,0.0006300313215084399,0.003021524072364547,23
0,JOY,87,TP7_Alpha,bandpower,TP7,Alpha,,0.0025592885860937324,0.012273916878442759,0.0023700290604496623,0.011366260079271719,23
0,JOY,88,TP7_Beta,bandpower,TP7,Beta,,0.003577128948726556,0.01205223696860251,0.002981001938117423,0.010662045197203143,23
0,JOY,89,TP7_Gamma,bandpower,TP7,Gamma,,0.0,0.0,0.0,0.0,23
0,JOY,90,C3_Delta,bandpower,C3,Delta,,0.009741212108999609,0.0467172121076159,0.007636701737684252,0.036624334927723164,23
0,JOY,91,C3_Theta,bandpower,C3,Theta,,0.013326569206385018,0.053579948129211435,0.01169146497490183,0.047198403719721845,23
0,JOY,92,C3_Alpha,bandpower,C3,Alpha,,0.0015352964251285765,0.006767823209799297,0.0013117388616711537,0.005873218022083655,23
0,JOY,93,C3_Beta,bandpower,C3,Beta,,0.0042703755354575245,0.011713583935269,0.001711827272838195,0.007953795636608928,23
0,JOY,94,C3_Gamma,bandpower,C3,Gamma,,0.0031808649999282256,0.013430073443121008,-0.0009468147717442056,0.0035640654110186154,23
0,JOY,95,FCz_Delta,bandpower,FCz,Delta,,0.0,0.0,0.0,0.0,23
0,JOY,96,FCz_Theta,bandpower,FCz,Theta,,0.0,0.0,0.0,0.0,23
0,JOY,97,FCz_Alpha,bandpower,FCz,Alpha,,0.008629750110723502,0.028725607644668336,0.007405793059918293,0.02463331827832465,23
0,JOY,98,FCz_Beta,bandpower,FCz,Beta,,0.0012603286851155223,0.00504591413389049,0.0007297491813320001,0.0026553295926693924,23
0,JOY,99,FCz_Gamma,bandpower,FCz,Gamma,,0.0025841499404135517,0.011220920127383852,0.0018912232604552687,0.007992715379688823,23
0,JOY,100,Fz_Delta,bandpower,Fz,Delta,,0.0,0.0,0.0,0.0,23
0,JOY,101,Fz_Theta,bandpower,Fz,Theta,,0.0017699381630414373,0.006243218615079012,0.0013320918648314437,0.004472994052661705,23
0,JOY,102,Fz_Alpha,bandpower,Fz,Alpha,,0.004223945351859217,0.02025733027119667,0.003233712420376931,0.015508339962971558,23
0,JOY,103,Fz_Beta,bandpower,Fz,Beta,,0.005920630944753124,0.028394348522747796,0.00570054687405582,0.027338862398718678,23
0,JOY,104,Fz_Gamma,bandpower,Fz,Gamma,,0.024986488527245387,0.06617830531549375,0.017052697811103346,0.04604629329921896,23
0,JOY,105,F4_Delta,bandpower,F4,Delta,,0.02081784720199431,0.09778709328225312,0.017673260040214224,0.08356103800855266,23
0,JOY,106,F4_Theta,bandpower,F4,Theta,,0.013152165289193904,0.04327661284863981,0.00963299087489631,0.03374583333740749,23
0,JOY,107,F4_Alpha,bandpower,F4,Alpha,,0.004017038837449693,0.015676016093001927,0.0025593528109959453,0.010269246375946561,23
0,JOY,108,F4_Beta,bandpower,F4,Beta,,0.019274548021543634,0.042165803270114086,0.0156461665420375,0.03548997332010055,23
0,JOY,109,F4_Gamma,bandpower,F4,Gamma,,0.006844492363737699,0.022825789988341314,0.005954865792012376,0.01999612870295187,23
0,JOY,110,F8_Delta,bandpower,F8,Delta,,0.0011720818461184626,0.005621107065517492,0.0008021840098244866,0.0038471393618136726,23
0,JOY,111,F8_Theta,bandpower,F8,Theta,,0.004859062513232192,0.013928779216694203,0.004478626503593044,0.01344389463777154,23
0,JOY,112,F8_Alpha,bandpower,F8,Alpha,,0.0012025146074562609,0.005767057461682756,0.0009237299213464321,0.004430053075820398,23
0,JOY,113,F8_Beta,bandpower,F8,Beta,,0.005051119649165855,0.01887171511534304,0.0032573495437508413,0.011474829725754027,23
0,JOY,114,F8_Gamma,bandpower,F8,Gamma,,0.0,0.0,0.0,0.0,23
0,JOY,115,T7_Delta,bandpower,T7,Delta,,0.004247917173423948,0.015741918355014897,0.003953614512320624,0.014784217808247431,23
0,JOY,116,T7_Theta,bandpower,T7,Theta,,0.002293687157176413,0.011000137173004177,0.0003740476491056994,0.0017938695068021276,23
0,JOY,117,T7_Alpha,bandpower,T7,Alpha,,0.00840986881892851,0.024481745122939335,0.0014886621526376165,0.01752881254206795,23
0,JOY,118,T7_Beta,bandpower,T7,Beta,,0.020906570257087097,0.039460001883261486,0.016302506390241434,0.032937785354254207,23
0,JOY,119,T7_Gamma,bandpower,T7,Gamma,,0.03313494384768166,0.08233068703493604,0.02886524550219843,0.07902570038653392,23
0,JOY,120,FT7_Delta,bandpower,FT7,Delta,,0.0011139046750585338,0.005342099154611128,0.0010146473444041485,0.004866077719338952,23
0,JOY,121,FT7_Theta,bandpower,FT7,Theta,,0.006412837346533468,0.0307548875003823,0.00410291017468489,0.01967686595307429,23
0,JOY,122,FT7_Alpha,bandpower,FT7,Alpha,,0.005462144118206523,0.025917235914968643,0.0035673071708327716,0.016833274497262993,23
0,JOY,123,FT7_Beta,bandpower,FT7,Beta,,0.03551605925977574,0.10143965512972045,0.030197561268785814,0.08257840744396029,23
0,JOY,124,FT7_Gamma,bandpower,FT7,Gamma,,0.028183753596051683,0.07885787765271889,0.025548381642847756,0.07692729641298732,23
0,JOY,125,FC3_Delta,bandpower,FC3,Delta,,0.02094731394527636,0.1004597885474845,0.008334310617805618,0.03996994958595209,23
0,JOY,126,FC3_Theta,bandpower,FC3,Theta,,0.009021871735684764,0.034124850777668435,-0.0009257215251480586,0.015558207370360937,23
0,JOY,127,FC3_Alpha,bandpower,FC3,Alpha,,0.0013685274129362646,0.006563226907477342,0.0010835298022818338,0.005196426382232016,23
0,JOY,128,FC3_Beta,bandpower,FC3,Beta,,0.015247302873974035,0.0731234957685013,-0.006057225791452786,0.02904943439447211,23
0,JOY,129,FC3_Gamma,bandpower,FC3,Gamma,,0.005319475987371814,0.018130457114024723,-0.0003731888380573613,0.010394792782255202,23
0,JOY,130,F3_Delta,bandpower,F3,Delta,,0.010800025336527172,0.04482252205361772,0.009890780112360262,0.04452739415228349,23
0,JOY,131,F3_Theta,bandpower,F3,Theta,,0.016392683986850388,0.05098004072831033,0.015645074593069908,0.05056976769772197,23
0,JOY,132,F3_Alpha,bandpower,F3,Alpha,,0.012556907480519996,0.045486321127532814,0.012113430222419909,0.04495287721929325,23
0,JOY,133,F3_Beta,bandpower,F3,Beta,,0.039191018246063726,0.08733267327136851,0.03839098571947059,0.08560033451366325,23
0,JOY,134,F3_Gamma,bandpower,F3,Gamma,,0.024667186103066542,0.05030079136075875,0.017052278101930263,0.04366296119806931,23
0,JOY,135,Fp2_Delta,bandpower,Fp2,Delta,,0.011852028335748799,0.03227879669543106,0.00901429277359254,0.024008564517386307,23
0,JOY,136,Fp2_Theta,bandpower,Fp2,Theta,,0.004730619356113813,0.01970853961092002,0.003992175297747197,0.017461039238180282,23
0,JOY,137,Fp2_Alpha,bandpower,Fp2,Alpha,,0.012743077390832844,0.03477735309758845,0.0114617160367733,0.03200327584321347,23
0,JOY,138,Fp2_Beta,bandpower,Fp2,Beta,,0.0563203722599538,0.13890021796534663,0.047059108355703906,0.13577595997661498,23
0,JOY,139,Fp2_Gamma,bandpower,Fp2,Gamma,,0.08398447912239042,0.1603692967168974,0.0701003179152658,0.15333773480438082,23
0,JOY,140,F7_Delta,bandpower,F7,Delta,,0.00016914847005016967,0.0008112075647867212,8.974484573308205e-05,0.0004304011602215519,23
0,JOY,141,F7_Theta,bandpower,F7,Theta,,0.0,0.0,0.0,0.0,23
0,JOY,142,F7_Alpha,bandpower,F7,Alpha,,0.0,0.0,0.0,0.0,23
0,JOY,143,F7_Beta,bandpower,F7,Beta,,0.008995297036821797,0.04313992909075147,0.008391181092193153,0.04024269079976558,23
0,JOY,144,F7_Gamma,bandpower,F7,Gamma,,0.0037231667096179247,0.010883379383053038,0.0030200876911332646,0.00904664618726972,23
0,JOY,145,Fp1_Delta,bandpower,Fp1,Delta,,0.0020536188268703063,0.0098488099067731,0.001863639626210304,0.00893770166747411,23
0,JOY,146,Fp1_Theta,bandpower,Fp1,Theta,,0.005038111450539207,0.0241619337124587,0.004353470475069231,0.020878510940148223,23
0,JOY,147,Fp1_Alpha,bandpower,Fp1,Alpha,,0.00037938368772337386,0.0018194602490143855,0.00036028472048157706,0.001727864819853459,23
0,JOY,148,Fp1_Beta,bandpower,Fp1,Beta,,0.055022706646248115,0.17635695669174964,0.05244670703220082,0.17523463133272532,23
0,JOY,149,Fp1_Gamma,bandpower,Fp1,Gamma,,0.07430519836900287,0.19683288284080505,0.07145555188148195,0.1956390515114946,23
0,JOY,150,PO5_Delta,bandpower,PO5,Delta,,0.016194149927950593,0.054322864631087604,0.012981875455279174,0.04143297186077446,23
0,JOY,151,PO5_Theta,bandpower,PO5,Theta,,0.01850347587211717,0.06524931393436303,0.01448919098796253,0.04873858334665544,23
0,JOY,152,PO5_Alpha,bandpower,PO5,Alpha,,0.009532948188965898,0.04355793030360745,0.00927268436798713,0.043020585690056574,23
0,JOY,153,PO5_Beta,bandpower,PO5,Beta,,0.014707832323631853,0.03974845454697009,0.006642798547257038,0.022575187701067,23
0,JOY,154,PO5_Gamma,bandpower,PO5,Gamma,,0.028074674780376754,0.09176963291414217,0.023209072792154967,0.07429476584241321,23
0,JOY,155,PO3_Delta,bandpower,PO3,Delta,,0.0,0.0,0.0,0.0,23
0,JOY,156,PO3_Theta,bandpower,PO3,Theta,,0.0033971826999816346,0.016151769383474558,0.0011752250738407432,0.005519385947118348,23
0,JOY,157,PO3_Alpha,bandpower,PO3,Alpha,,0.002746445378821093,0.013171489324806742,0.001844008345721439,0.008843553353662617,23
0,JOY,158,PO3_Beta,bandpower,PO3,Beta,,0.007236654429284454,0.03400411775194772,0.007055793248208595,0.03319419764618999,23
0,JOY,159,PO3_Gamma,bandpower,PO3,Gamma,,0.0076158232953052515,0.02047876585269009,0.0033075274166222885,0.012693612490228424,23
0,JOY,160,P1_Delta,bandpower,P1,Delta,,0.01854992281478713,0.08896230459017393,0.011664122046358291,0.05593916420169196,23
0,JOY,161,P1_Theta,bandpower,P1,Theta,,0.0008115229043763687,0.003725058097781348,0.0007238031398325653,0.0033048222777341814,23
0,JOY,162,P1_Alpha,bandpower,P1,Alpha,,0.008624301384190704,0.03181411309178194,0.007480054765697723,0.031438903976087215,23
0,JOY,163,P1_Beta,bandpower,P1,Beta,,0.013681160963026375,0.03200029926403168,0.011274747856785979,0.027612576024760582,23
0,JOY,164,P1_Gamma,bandpower,P1,Gamma,,0.005650430724462535,0.020111690595584156,0.005461451551644425,0.019752810814398804,23
0,JOY,165,POz_Delta,bandpower,POz,Delta,,0.0,0.0,0.0,0.0,23
0,JOY,166,POz_Theta,bandpower,POz,Theta,,0.0,0.0,0.0,0.0,23
0,JOY,167,POz_Alpha,bandpower,POz,Alpha,,0.005614986303115066,0.026928528315448383,-0.0026366348789322517,0.012644856667849109,23
0,JOY,168,POz_Beta,bandpower,POz,Beta,,0.05427485916519975,0.1335266071695654,0.023621930520336783,0.10573263108732772,23
0,JOY,169,POz_Gamma,bandpower,POz,Gamma,,0.04003243636069775,0.12795955803856635,-0.0011079085828360287,0.07304748223257201,23
0,JOY,170,P2_Delta,bandpower,P2,Delta,,0.0,0.0,0.0,0.0,23
0,JOY,171,P2_Theta,bandpower,P2,Theta,,0.0,0.0,0.0,0.0,23
0,JOY,172,P2_Alpha,bandpower,P2,Alpha,,0.0010823331067694446,0.00406115313351606,0.0006572415123232423,0.0033133618798863976,23
0,JOY,173,P2_Beta,bandpower,P2,Beta,,0.008577501490306411,0.04113625203847332,0.007860896060191781,0.03769953312695251,23
0,JOY,174,P2_Gamma,bandpower,P2,Gamma,,0.0006684890839855805,0.0032059610219684915,0.00041636952496345637,0.0019968380931664866,23
0,JOY,175,PO4_Delta,bandpower,PO4,Delta,,0.0049970114347615705,0.023964824961183667,0.0047753083715597645,0.02290157442186545,23
0,JOY,176,PO4_Theta,bandpower,PO4,Theta,,0.004496353435652605,0.021563753546658213,0.004453398144485829,0.02135774720718751,23
0,JOY,177,PO4_Alpha,bandpower,PO4,Alpha,,0.000479824763460125,0.002301158726268136,0.0003765272875693429,0.001805761435112488,23
0,JOY,178,PO4_Beta,bandpower,PO4,Beta,,0.02405414500334651,0.07613516276736225,0.023458876780844524,0.07410894883784502,23
0,JOY,179,PO4_Gamma,bandpower,PO4,Gamma,,0.015208330969006546,0.0504613509081926,0.014580352760777356,0.04954831551610322,23
0,JOY,180,CP2_Delta,bandpower,CP2,Delta,,0.01190188667253568,0.05579033215926188,0.011672736459289157,0.05582658460329315,23
0,JOY,181,CP2_Theta,bandpower,CP2,Theta,,0.009238886243748301,0.039667221819052,0.008961905270960078,0.03959205930855324,23
0,JOY,182,CP2_Alpha,bandpower,CP2,Alpha,,0.004952596101006452,0.019250139922061812,0.004537884378945481,0.01919632557481574,23
0,JOY,183,CP2_Beta,bandpower,CP2,Beta,,0.055023394076157826,0.17434144868795964,0.052774781607906544,0.17446431098852674,23
0,JOY,184,CP2_Gamma,bandpower,CP2,Gamma,,0.02320791725750556,0.07515385706955752,0.02276081796871291,0.0745385748077868,23
0,JOY,185,P6_Delta,bandpower,P6,Delta,,0.00719584745312294,0.03244884117829652,0.006812894796641418,0.030985413878958284,23
0,JOY,186,P6_Theta,bandpower,P6,Theta,,0.016088356059114108,0.047799243516167114,0.01151191447809236,0.03961175555243346,23
0,JOY,187,P6_Alpha,bandpower,P6,Alpha,,0.010080139307163831,0.031998117849360325,0.008476426240638074,0.0310366494654112,23
0,JOY,188,P6_Beta,bandpower,P6,Beta,,0.022967480216740836,0.07675365006593031,0.02249253760010086,0.07560311868518757,23
0,JOY,189,P6_Gamma,bandpower,P6,Gamma,,0.001395940329672694,0.0066946946377078554,0.0010089613663058158,0.004838808726334103,23
0,JOY,190,PO6_Delta,bandpower,PO6,Delta,,0.0,0.0,0.0,0.0,23
0,JOY,191,PO6_Theta,bandpower,PO6,Theta,,0.0,0.0,0.0,0.0,23
0,JOY,192,PO6_Alpha,bandpower,PO6,Alpha,,0.004771449401383227,0.02288306745104528,0.0043189578888009035,0.02071299439097152,23
0,JOY,193,PO6_Beta,bandpower,PO6,Beta,,0.018333603791142464,0.05091775378085206,0.017496318559920666,0.04886824367541447,23
0,JOY,194,PO6_Gamma,bandpower,PO6,Gamma,,0.016012886381240113,0.048437984343460874,0.014807537668940288,0.04610530783509159,23
0,JOY,195,CP6_Delta,bandpower,CP6,Delta,,0.0,0.0,0.0,0.0,23
0,JOY,196,CP6_Theta,bandpower,CP6,Theta,,0.003388964892693435,0.016252904663779284,-0.0010509514415731607,0.00504018605296751,23
0,JOY,197,CP6_Alpha,bandpower,CP6,Alpha,,0.005899401199821207,0.028292534242771426,-0.001720615521310434,0.008251782156601727,23
0,JOY,198,CP6_Beta,bandpower,CP6,Beta,,0.025989450266929635,0.09645889559231723,0.002293313310729477,0.039431790093587916,23
0,JOY,199,CP6_Gamma,bandpower,CP6,Gamma,,0.032999871000470075,0.14756175099328184,-0.006030407300997582,0.04020736032147473,23
0,JOY,200,C6_Delta,bandpower,C6,Delta,,0.0034608778291650433,0.012193157279453838,0.002124343305337588,0.007038547017188645,23
0,JOY,201,C6_Theta,bandpower,C6,Theta,,0.0036932527874851792,0.01367423238773651,0.001679130769290842,0.0053200298989298685,23
0,JOY,202,C6_Alpha,bandpower,C6,Alpha,,0.004806002902633701,0.013510631507209271,0.002778087711914085,0.009619022729168744,23
0,JOY,203,C6_Beta,bandpower,C6,Beta,,0.023302852275409906,0.057876553466746083,0.01807512782388163,0.043096467770388926,23
0,JOY,204,C6_Gamma,bandpower,C6,Gamma,,0.01769397771058434,0.05195436400547241,-0.002268904555115681,0.0282463671948154,23
0,JOY,205,PO8_Delta,bandpower,PO8,Delta,,0.005227589557991712,0.018900351468765775,0.005162938814151988,0.01861471220390524,23
0,JOY,206,PO8_Theta,bandpower,PO8,Theta,,0.01713819964589611,0.07385397220896639,0.01703809699485019,0.07352088715439,23
0,JOY,207,PO8_Alpha,bandpower,PO8,Alpha,,0.0028448479195198125,0.013643411331463724,0.0025799839870179636,0.012373168534582783,23
0,JOY,208,PO8_Beta,bandpower,PO8,Beta,,0.013223773189592615,0.04524352126940921,0.0121532384565219,0.04097243676275953,23
0,JOY,209,PO8_Gamma,bandpower,PO8,Gamma,,0.025631225441403525,0.08209544311266717,0.02233339034331044,0.07261149172670192,23
0,JOY,210,PO7_Delta,bandpower,PO7,Delta,,0.0363982922720299,0.0982874387996897,0.031006739542851432,0.08030600445712403,23
0,JOY,211,PO7_Theta,bandpower,PO7,Theta,,0.03375227543495398,0.07815814768893327,0.029593690950015173,0.06847431361786895,23
0,JOY,212,PO7_Alpha,bandpower,PO7,Alpha,,0.041337773237936436,0.08415336824480259,0.03482087788705799,0.07431535978696946,23
0,JOY,213,PO7_Beta,bandpower,PO7,Beta,,0.09990998293073516,0.2189989984665741,0.08720286453889306,0.18592730527166054,23
0,JOY,214,PO7_Gamma,bandpower,PO7,Gamma,,0.09442895157328207,0.19993004863386662,0.08491075810392419,0.1865286818563757,23
0,JOY,215,P5_Delta,bandpower,P5,Delta,,0.0,0.0,0.0,0.0,23
0,JOY,216,P5_Theta,bandpower,P5,Theta,,0.002404816131263527,0.008106285112173707,0.0015387929026720267,0.006345114919111051,23
0,JOY,217,P5_Alpha,bandpower,P5,Alpha,,0.004197414087597414,0.02013009079769658,0.0018054861644228655,0.00865880746224415,23
0,JOY,218,P5_Beta,bandpower,P5,Beta,,0.0015832193135989479,0.007592853092475362,0.0005239489528151217,0.0025127709045174498,23
0,JOY,219,P5_Gamma,bandpower,P5,Gamma,,0.0,0.0,0.0,0.0,23
0,JOY,220,CP5_Delta,bandpower,CP5,Delta,,0.0,0.0,0.0,0.0,23
0,JOY,221,CP5_Theta,bandpower,CP5,Theta,,0.005422756036490862,0.02424620908915325,0.005196629225101497,0.02316467662946266,23
0,JOY,222,CP5_Alpha,bandpower,CP5,Alpha,,0.0025558054879422495,0.012257212526529086,0.0022430313218138264,0.010757200320932546,23
0,JOY,223,CP5_Beta,bandpower,CP5,Beta,,0.012740373466929845,0.0542061686624152,0.008195021885017664,0.03324296874080261,23
0,JOY,224,CP5_Gamma,bandpower,CP5,Gamma,,0.0,0.0,0.0,0.0,23
0,JOY,225,CP1_Delta,bandpower,CP1,Delta,,0.00028601528361398617,0.0013716811133051828,0.0002615522083056816,0.0012543603255844424,23
0,JOY,226,CP1_Theta,bandpower,CP1,Theta,,0.00024033706102146826,0.00115261605346709,0.00021962901317810698,0.0010533037448336303,23
0,JOY,227,CP1_Alpha,bandpower,CP1,Alpha,,0.0,0.0,0.0,0.0,23
0,JOY,228,CP1_Beta,bandpower,CP1,Beta,,0.001090671958784312,0.0037890010114855154,0.0004698032083062526,0.0034498330354533167,23
0,JOY,229,CP1_Gamma,bandpower,CP1,Gamma,,0.0027880511717705515,0.013371023698186178,0.0023390552659753733,0.011217714979335313,23
0,JOY,230,C1_Delta,bandpower,C1,Delta,,0.0018681420689916016,0.008959294624496567,0.0013077532307015224,0.006271764168512412,23
0,JOY,231,C1_Theta,bandpower,C1,Theta,,0.0,0.0,0.0,0.0,23
0,JOY,232,C1_Alpha,bandpower,C1,Alpha,,0.007970648129531183,0.027054691048545913,0.0020989856548374887,0.007013667275195954,23
0,JOY,233,C1_Beta,bandpower,C1,Beta,,0.0003766180097990058,0.0018061965236413709,0.00011731370438084115,0.0005626167615862275,23
0,JOY,234,C1_Gamma,bandpower,C1,Gamma,,0.0,0.0,0.0,0.0,23
0,JOY,235,C2_Delta,bandpower,C2,Delta,,0.0005891115423583314,0.0028252797055894627,0.00042969563893911316,0.002060747890654199,23
0,JOY,236,C2_Theta,bandpower,C2,Theta,,0.006944552584715042,0.033304904201079226,0.006643889934687911,0.031862976786196366,23
0,JOY,237,C2_Alpha,bandpower,C2,Alpha,,0.0060860770292301015,0.02918780007009115,0.005869012333924167,0.02814679436174468,23
0,JOY,238,C2_Beta,bandpower,C2,Beta,,0.007929662586845859,0.03352055344436455,0.00749556660612633,0.03293814465144755,23
0,JOY,239,C2_Gamma,bandpower,C2,Gamma,,0.0,0.0,0.0,0.0,23
0,JOY,240,FC2_Delta,bandpower,FC2,Delta,,0.01179023380793859,0.04529288798531914,0.006887513922064089,0.0244980692491657,23
0,JOY,241,FC2_Theta,bandpower,FC2,Theta,,4.0779621244783356e-05,0.0001955721930744851,3.466076019063884e-05,0.00016622716634424832,23
0,JOY,242,FC2_Alpha,bandpower,FC2,Alpha,,0.00019133632203534475,0.0009176167647718204,0.0001701385475635397,0.0008159558097358642,23
0,JOY,243,FC2_Beta,bandpower,FC2,Beta,,0.0008872589549944075,0.004255144465703681,0.0007193427478838596,0.003449846626367808,23
0,JOY,244,FC2_Gamma,bandpower,FC2,Gamma,,0.0,0.0,0.0,0.0,23
0,JOY,245,FC6_Delta,bandpower,FC6,Delta,,0.006552698264364188,0.021899685010304645,0.0034082733163495562,0.016765675153958586,23
0,JOY,246,FC6_Theta,bandpower,FC6,Theta,,0.00217635145582644,0.006363303323074804,0.0020080066329717567,0.005996316034409565,23
0,JOY,247,FC6_Alpha,bandpower,FC6,Alpha,,0.00419605484289977,0.018155327579177188,0.0015434329918235872,0.005682829799597208,23
0,JOY,248,FC6_Beta,bandpower,FC6,Beta,,0.00856074838269165,0.028635106257668613,0.006388417343935178,0.028157222763265835,23
0,JOY,249,FC6_Gamma,bandpower,FC6,Gamma,,0.01602229884327019,0.04310050127223015,0.012705893812206812,0.03260582771043879,23
0,JOY,250,C5_Delta,bandpower,C5,Delta,,0.009524856786726906,0.04567960843282399,0.00584505237410362,0.028031886431139998,23
0,JOY,251,C5_Theta,bandpower,C5,Theta,,0.0057245868462099505,0.022955647535995896,0.0031714222541477668,0.012682311404141992,23
0,JOY,252,C5_Alpha,bandpower,C5,Alpha,,0.0,0.0,0.0,0.0,23
0,JOY,253,C5_Beta,bandpower,C5,Beta,,0.0,0.0,0.0,0.0,23
0,JOY,254,C5_Gamma,bandpower,C5,Gamma,,0.01863833412557448,0.06496940109474673,0.014075229568027458,0.05432798169278011,23
0,JOY,255,FC1_Delta,bandpower,FC1,Delta,,0.001261833091150706,0.004199512733389178,0.001132271659588429,0.003800141305707429,23
0,JOY,256,FC1_Theta,bandpower,FC1,Theta,,0.026353852195405984,0.10508513887809867,0.022749684710643002,0.09731552484829482,23
0,JOY,257,FC1_Alpha,bandpower,FC1,Alpha,,0.019301555163526253,0.047788831814939675,0.015595254630631543,0.04377053035660625,23
0,JOY,258,FC1_Beta,bandpower,FC1,Beta,,0.04292252325284343,0.10211353720758307,0.031173388926510497,0.07848042423983179,23
0,JOY,259,FC1_Gamma,bandpower,FC1,Gamma,,0.016716016604299663,0.04301495904094827,0.0130370063618177,0.03665863503758448,23
0,JOY,260,F2_Delta,bandpower,F2,Delta,,0.005270524054381906,0.018807518364843824,0.004327889162356533,0.016897661144283004,23
0,JOY,261,F2_Theta,bandpower,F2,Theta,,0.004482632077590255,0.021497948225120134,0.004380904578572698,0.021010080278543973,23
0,JOY,262,F2_Alpha,bandpower,F2,Alpha,,4.170583979666755e-05,0.00020001418120308838,4.072970695592975e-05,0.00019533281255453724,23
0,JOY,263,F2_Beta,bandpower,F2,Beta,,0.009759105634044956,0.027661201443284628,0.008718913421393939,0.026555137264859783,23
0,JOY,264,F2_Gamma,bandpower,F2,Gamma,,0.009931161150032916,0.04219543187668389,0.008760620508822729,0.04147939164279243,23
0,JOY,265,F6_Delta,bandpower,F6,Delta,,0.01485990199619543,0.034305786222562584,0.008531580130720659,0.022058849619551964,23
0,JOY,266,F6_Theta,bandpower,F6,Theta,,0.009005733901898665,0.023272784727405408,0.006168901464619817,0.015869484147030263,23
0,JOY,267,F6_Alpha,bandpower,F6,Alpha,,0.0056912390284662405,0.02729422353942605,0.0056912390284662405,0.02729422353942605,23
0,JOY,268,F6_Beta,bandpower,F6,Beta,,0.03310096726122162,0.08113869998775475,0.01806075423547043,0.06287666059033635,23
0,JOY,269,F6_Gamma,bandpower,F6,Gamma,,0.009117722859209549,0.04206896894939317,0.00817308148528428,0.03754435134054006,23
0,JOY,270,FC5_Delta,bandpower,FC5,Delta,,0.015776784652336204,0.07566280117219028,0.011389139202759645,0.0546203928119914,23
0,JOY,271,FC5_Theta,bandpower,FC5,Theta,,0.00536706219909499,0.02573952608199984,0.004458463348237884,0.021382039071013617,23
0,JOY,272,FC5_Alpha,bandpower,FC5,Alpha,,0.01075801876297654,0.046321196394883704,0.005417729701294454,0.021755688564027948,23
0,JOY,273,FC5_Beta,bandpower,FC5,Beta,,0.03810495949990216,0.10798732266237604,0.03092787840056622,0.08419079303119813,23
0,JOY,274,FC5_Gamma,bandpower,FC5,Gamma,,0.008695040575465014,0.02917749824131995,0.004199334695290023,0.01927950241282987,23
0,JOY,275,F1_Delta,bandpower,F1,Delta,,0.0,0.0,0.0,0.0,23
0,JOY,276,F1_Theta,bandpower,F1,Theta,,0.0,0.0,0.0,0.0,23
0,JOY,277,F1_Alpha,bandpower,F1,Alpha,,0.0,0.0,0.0,0.0,23
0,JOY,278,F1_Beta,bandpower,F1,Beta,,0.0,0.0,0.0,0.0,23
0,JOY,279,F1_Gamma,bandpower,F1,Gamma,,0.004096387014393403,0.01964558197531676,0.00029247596782357394,0.0014026654662996922,23
0,JOY,280,AF4_Delta,bandpower,AF4,Delta,,0.019937100668613678,0.0709861877874245,0.0120224537132137,0.05548629103368952,23
0,JOY,281,AF4_Theta,bandpower,AF4,Theta,,0.01087353900102631,0.03127615313900366,0.00276860711341314,0.016803379779366367,23
0,JOY,282,AF4_Alpha,bandpower,AF4,Alpha,,0.0,0.0,0.0,0.0,23
0,JOY,283,AF4_Beta,bandpower,AF4,Beta,,0.025749129545867323,0.05199814615148434,0.011909502297481526,0.033257651418179435,23
0,JOY,284,AF4_Gamma,bandpower,AF4,Gamma,,0.026880144042575632,0.06782423279319641,0.014957802740725515,0.035464083898709586,23
0,JOY,285,AF8_Delta,bandpower,AF8,Delta,,0.025102780050299076,0.05747696831925293,0.009579532072623836,0.039294443367636364,23
0,JOY,286,AF8_Theta,bandpower,AF8,Theta,,0.012102091226401476,0.032660944462321116,0.009887416667854068,0.02669246570421093,23
0,JOY,287,AF8_Alpha,bandpower,AF8,Alpha,,0.009001737018318861,0.035033255123940094,0.0038131256162689496,0.022704881219129606,23
0,JOY,288,AF8_Beta,bandpower,AF8,Beta,,0.07317208845777239,0.11463714195121509,0.052917391534172846,0.11171573453493884,23
0,JOY,289,AF8_Gamma,bandpower,AF8,Gamma,,0.03740516574162693,0.10581615051184086,0.033407528849951,0.09640663001235336,23
0,JOY,290,F5_Delta,bandpower,F5,Delta,,0.0,0.0,0.0,0.0,23
0,JOY,291,F5_Theta,bandpower,F5,Theta,,0.0,0.0,0.0,0.0,23
0,JOY,292,F5_Alpha,bandpower,F5,Alpha,,0.0,0.0,0.0,0.0,23
0,JOY,293,F5_Beta,bandpower,F5,Beta,,0.023886146839012443,0.05176067484985188,0.021427564317037223,0.04759306281344649,23
0,JOY,294,F5_Gamma,bandpower,F5,Gamma,,0.021109476730191267,0.042790974180423616,0.017417571292575124,0.03987213860926519,23
0,JOY,295,AF7_Delta,bandpower,AF7,Delta,,0.03495888238381732,0.09289302999168698,0.030095864966167615,0.0817205205527141,23
0,JOY,296,AF7_Theta,bandpower,AF7,Theta,,0.043300381555187686,0.09774063658978678,0.04104276668714356,0.09619305622437997,23
0,JOY,297,AF7_Alpha,bandpower,AF7,Alpha,,0.033337255105415846,0.07807166418507151,0.030934136073583366,0.0741582375440668,23
0,JOY,298,AF7_Beta,bandpower,AF7,Beta,,0.11988384419956166,0.21048431268159548,0.11567858417189565,0.20806844362803623,23
0,JOY,299,AF7_Gamma,bandpower,AF7,Gamma,,0.10657848170456599,0.16936237123130407,0.09901448856044869,0.1677704831640625,23
0,JOY,300,AF3_Delta,bandpower,AF3,Delta,,7.332310307155006e-05,0.00035164524909764755,6.621472529398103e-05,0.00031755466687236636,23
0,JOY,301,AF3_Theta,bandpower,AF3,Theta,,0.0,0.0,0.0,0.0,23
0,JOY,302,AF3_Alpha,bandpower,AF3,Alpha,,0.0,0.0,0.0,0.0,23
0,JOY,303,AF3_Beta,bandpower,AF3,Beta,,0.003742573885138715,0.01245468044357818,0.0032917008533790066,0.011031271144833737,23
0,JOY,304,AF3_Gamma,bandpower,AF3,Gamma,,0.017643700751282323,0.05075188721233168,0.015441966089254959,0.04663917016227104,23
0,JOY,305,Fpz_Delta,bandpower,Fpz,Delta,,0.01507035834162735,0.05751930579867216,0.011767984225599585,0.04388695085312448,23
0,JOY,306,Fpz_Theta,bandpower,Fpz,Theta,,0.013492228282634921,0.06470645371759198,0.010837663604574738,0.051975608753878494,23
0,JOY,307,Fpz_Alpha,bandpower,Fpz,Alpha,,0.010482670876104662,0.035198661060341016,0.00725796873973566,0.02410917590934626,23
0,JOY,308,Fpz_Beta,bandpower,Fpz,Beta,,0.05047912809189241,0.12878469165174927,0.044719174198186044,0.1122129069312828,23
0,JOY,309,Fpz_Gamma,bandpower,Fpz,Gamma,,0.044736846021700194,0.10653729606098945,0.031074392948853,0.09571928215967143,23
0,JOY,310,ThetaAlphaRatio_O2,ThetaAlphaRatio,O2,,,0.001236738499528615,0.005931189482133804,0.0009700000062552607,0.004651956607612514,23
0,JOY,311,ThetaAlphaRatio_O1,ThetaAlphaRatio,O1,,,0.0,0.0,0.0,0.0,23
0,JOY,312,ThetaAlphaRatio_Oz,ThetaAlphaRatio,Oz,,,0.0,0.0,0.0,0.0,23
0,JOY,313,ThetaAlphaRatio_Pz,ThetaAlphaRatio,Pz,,,9.902631409143026e-05,0.0004749135187571478,5.771776215687744e-05,0.0002768046632070187,23
0,JOY,314,ThetaAlphaRatio_P4,ThetaAlphaRatio,P4,,,0.0,0.0,0.0,0.0,23
0,JOY,315,ThetaAlphaRatio_CP4,ThetaAlphaRatio,CP4,,,0.0,0.0,0.0,0.0,23
0,JOY,316,ThetaAlphaRatio_P8,ThetaAlphaRatio,P8,,,0.0,0.0,0.0,0.0,23
0,JOY,317,ThetaAlphaRatio_C4,ThetaAlphaRatio,C4,,,0.0,0.0,0.0,0.0,23
0,JOY,318,ThetaAlphaRatio_TP8,ThetaAlphaRatio,TP8,,,0.0,0.0,0.0,0.0,23
0,JOY,319,ThetaAlphaRatio_T8,ThetaAlphaRatio,T8,,,0.0,0.0,0.0,0.0,23
0,JOY,320,ThetaAlphaRatio_P7,ThetaAlphaRatio,P7,,,0.005805228355920536,0.027840897149352582,0.0004208796174860699,0.0020184677370594937,23
0,JOY,321,ThetaAlphaRatio_P3,ThetaAlphaRatio,P3,,,0.003096824942794129,0.014851850682833194,0.0007878349174334729,0.003778323532193923,23
0,JOY,322,ThetaAlphaRatio_CP3,ThetaAlphaRatio,CP3,,,0.0,0.0,0.0,0.0,23
0,JOY,323,ThetaAlphaRatio_CPz,ThetaAlphaRatio,CPz,,,0.0,0.0,0.0,0.0,23
0,JOY,324,ThetaAlphaRatio_Cz,ThetaAlphaRatio,Cz,,,0.0,0.0,0.0,0.0,23
0,JOY,325,ThetaAlphaRatio_FC4,ThetaAlphaRatio,FC4,,,0.005609292111852292,0.0269012199334906,0.0009374680286182501,0.004495938723745234,23
0,JOY,326,ThetaAlphaRatio_FT8,ThetaAlphaRatio,FT8,,,0.0,0.0,0.0,0.0,23
0,JOY,327,ThetaAlphaRatio_TP7,ThetaAlphaRatio,TP7,,,0.0,0.0,0.0,0.0,23
0,JOY,328,ThetaAlphaRatio_C3,ThetaAlphaRatio,C3,,,0.0,0.0,0.0,0.0,23
0,JOY,329,ThetaAlphaRatio_FCz,ThetaAlphaRatio,FCz,,,0.0,0.0,0.0,0.0,23
0,JOY,330,ThetaAlphaRatio_Fz,ThetaAlphaRatio,Fz,,,0.0,0.0,0.0,0.0,23
0,JOY,331,ThetaAlphaRatio_F4,ThetaAlphaRatio,F4,,,0.0020111115566715646,0.008514478683503107,0.000988379396269847,0.004607837839702624,23
0,JOY,332,ThetaAlphaRatio_F8,ThetaAlphaRatio,F8,,,0.0,0.0,0.0,0.0,23
0,JOY,333,ThetaAlphaRatio_T7,ThetaAlphaRatio,T7,,,0.0,0.0,0.0,0.0,23
0,JOY,334,ThetaAlphaRatio_FT7,ThetaAlphaRatio,FT7,,,0.002040577378433442,0.009786265317249928,0.00024392183627984114,0.0011698080316551863,23
0,JOY,335,ThetaAlphaRatio_FC3,ThetaAlphaRatio,FC3,,,0.001513534215462156,0.007258655102125792,-0.00010299390026669468,0.0004939413936079406,23
0,JOY,336,ThetaAlphaRatio_F3,ThetaAlphaRatio,F3,,,0.0,0.0,0.0,0.0,23
0,JOY,337,ThetaAlphaRatio_Fp2,ThetaAlphaRatio,Fp2,,,0.0,0.0,0.0,0.0,23
0,JOY,338,ThetaAlphaRatio_F7,ThetaAlphaRatio,F7,,,0.0,0.0,0.0,0.0,23
0,JOY,339,ThetaAlphaRatio_Fp1,ThetaAlphaRatio,Fp1,,,0.004924321346777038,0.017699477189791472,0.0008646193895774294,0.0026890664663923275,23
0,JOY,340,ThetaAlphaRatio_PO5,ThetaAlphaRatio,PO5,,,0.0,0.0,0.0,0.0,23
0,JOY,341,ThetaAlphaRatio_PO3,ThetaAlphaRatio,PO3,,,0.0014219599862575452,0.006819480526983257,0.000548457202607673,0.002630308341453789,23
0,JOY,342,ThetaAlphaRatio_P1,ThetaAlphaRatio,P1,,,0.003960479663042988,0.0189937932154605,0.0005959425068240813,0.002858039860308935,23
0,JOY,343,ThetaAlphaRatio_POz,ThetaAlphaRatio,POz,,,0.004581592095620262,0.015347467386147113,0.0013994383707026032,0.004874303011896178,23
0,JOY,344,ThetaAlphaRatio_P2,ThetaAlphaRatio,P2,,,0.00759624022942193,0.03643028835091793,0.0021849928619209285,0.010478857645413666,23
0,JOY,345,ThetaAlphaRatio_PO4,ThetaAlphaRatio,PO4,,,0.0,0.0,0.0,0.0,23
0,JOY,346,ThetaAlphaRatio_CP2,ThetaAlphaRatio,CP2,,,0.0,0.0,0.0,0.0,23
0,JOY,347,ThetaAlphaRatio_P6,ThetaAlphaRatio,P6,,,0.0,0.0,0.0,0.0,23
0,JOY,348,ThetaAlphaRatio_PO6,ThetaAlphaRatio,PO6,,,0.0,0.0,0.0,0.0,23
0,JOY,349,ThetaAlphaRatio_CP6,ThetaAlphaRatio,CP6,,,0.0,0.0,0.0,0.0,23
0,JOY,350,ThetaAlphaRatio_C6,ThetaAlphaRatio,C6,,,0.0,0.0,0.0,0.0,23
0,JOY,351,ThetaAlphaRatio_PO8,ThetaAlphaRatio,PO8,,,0.01826461282891293,0.08759400596600256,0.01669837318795778,0.08008258452284785,23
0,JOY,352,ThetaAlphaRatio_PO7,ThetaAlphaRatio,PO7,,,0.002804817190990273,0.013451430701680585,-8.623876732696485e-05,0.000413586598878289,23
0,JOY,353,ThetaAlphaRatio_P5,ThetaAlphaRatio,P5,,,0.0026595600482274898,0.01275480191743249,0.00018664848934443263,0.0008951347089767282,23
0,JOY,354,ThetaAlphaRatio_CP5,ThetaAlphaRatio,CP5,,,0.0,0.0,0.0,0.0,23
0,JOY,355,ThetaAlphaRatio_CP1,ThetaAlphaRatio,CP1,,,0.0,0.0,0.0,0.0,23
0,JOY,356,ThetaAlphaRatio_C1,ThetaAlphaRatio,C1,,,0.0008331220994997415,0.003995513227549337,9.715276479775447e-05,0.00046592829199405714,23
0,JOY,357,ThetaAlphaRatio_C2,ThetaAlphaRatio,C2,,,0.0,0.0,0.0,0.0,23
0,JOY,358,ThetaAlphaRatio_FC2,ThetaAlphaRatio,FC2,,,1.2231114910513959e-05,5.865836645310308e-05,5.880723236323686e-06,2.820295787663873e-05,23
0,JOY,359,ThetaAlphaRatio_FC6,ThetaAlphaRatio,FC6,,,0.0,0.0,0.0,0.0,23
0,JOY,360,ThetaAlphaRatio_C5,ThetaAlphaRatio,C5,,,0.0005464480814045087,0.0022277008943500046,8.632884558305908e-05,0.000321688223191083,23
0,JOY,361,ThetaAlphaRatio_FC1,ThetaAlphaRatio,FC1,,,0.0,0.0,0.0,0.0,23
0,JOY,362,ThetaAlphaRatio_F2,ThetaAlphaRatio,F2,,,0.0,0.0,0.0,0.0,23
0,JOY,363,ThetaAlphaRatio_F6,ThetaAlphaRatio,F6,,,0.0,0.0,0.0,0.0,23
0,JOY,364,ThetaAlphaRatio_FC5,ThetaAlphaRatio,FC5,,,0.0,0.0,0.0,0.0,23
0,JOY,365,ThetaAlphaRatio_F1,ThetaAlphaRatio,F1,,,0.002038959069318568,0.009778504179382355,0.001076698305651089,0.005163663675338886,23
0,JOY,366,ThetaAlphaRatio_AF4,ThetaAlphaRatio,AF4,,,0.0119323791711961,0.05585329620222529,0.0010692323123597243,0.0046350838614999754,23
0,JOY,367,ThetaAlphaRatio_AF8,ThetaAlphaRatio,AF8,,,0.004564612037838973,0.02189111030276086,0.0024628265340354747,0.011811301128378337,23
0,JOY,368,ThetaAlphaRatio_F5,ThetaAlphaRatio,F5,,,0.0,0.0,0.0,0.0,23
0,JOY,369,ThetaAlphaRatio_AF7,ThetaAlphaRatio,AF7,,,0.004060744948239457,0.015540786871349358,0.001131502405901677,0.0037595688820443703,23
0,JOY,370,ThetaAlphaRatio_AF3,ThetaAlphaRatio,AF3,,,0.0031970722674481773,0.015332619962536844,0.0016863449877703438,0.008087426451529416,23
0,JOY,371,ThetaAlphaRatio_Fpz,ThetaAlphaRatio,Fpz,,,0.0,0.0,0.0,0.0,23
0,JOY,372,AlphaAsym_Fp2-Fp1,AlphaAsym,,,Fp2-Fp1,0.002361273269716691,0.006784777973224708,0.0017131128703122603,0.005198534265829998,23
0,JOY,373,AlphaAsym_AF8-AF7,AlphaAsym,,,AF8-AF7,0.03058072942174492,0.10551647854442579,0.02935530692271009,0.10355201613612205,23
0,JOY,374,AlphaAsym_AF4-AF3,AlphaAsym,,,AF4-AF3,0.004366466708954907,0.02094083868830149,0.002964565451995044,0.014217556447601653,23
0,JOY,375,AlphaAsym_F8-F7,AlphaAsym,,,F8-F7,0.0050062903677044876,0.01735956223662828,0.0029220559300963335,0.010046009071621839,23
0,JOY,376,AlphaAsym_F6-F5,AlphaAsym,,,F6-F5,0.020737881445731344,0.07996677429824704,0.018077335409307206,0.07640514060833004,23
0,JOY,377,AlphaAsym_F4-F3,AlphaAsym,,,F4-F3,0.01479615025846672,0.04470188046474357,0.011775028254026586,0.037984575456827714,23
0,JOY,378,AlphaAsym_F2-F1,AlphaAsym,,,F2-F1,0.0013109402137644077,0.006287048402349661,0.0008007313978188702,0.0038401728793659956,23
0,JOY,379,AlphaAsym_FC6-FC5,AlphaAsym,,,FC6-FC5,0.01624664498903203,0.0449241597050392,0.012742943622256529,0.03384049416823104,23
0,JOY,380,AlphaAsym_FC4-FC3,AlphaAsym,,,FC4-FC3,0.06003342231009181,0.1919999314924924,0.05679116125183599,0.19140820605623837,23
0,JOY,381,AlphaAsym_FC2-FC1,AlphaAsym,,,FC2-FC1,0.029500592958115645,0.10202447441782753,0.02266814923062382,0.08624430237262101,23
0,JOY,382,AlphaAsym_T8-T7,AlphaAsym,,,T8-T7,0.008658435036867146,0.01806017572581164,0.0052544327440626854,0.011744363963270098,23
0,JOY,383,AlphaAsym_C6-C5,AlphaAsym,,,C6-C5,0.0,0.0,0.0,0.0,23
0,JOY,384,AlphaAsym_C4-C3,AlphaAsym,,,C4-C3,0.01065839728742506,0.029530902559005277,0.009601622121167408,0.02696381362537291,23
0,JOY,385,AlphaAsym_C2-C1,AlphaAsym,,,C2-C1,0.011232109355380375,0.040854586487796635,0.008014551089431948,0.033372217778650924,23
0,JOY,386,AlphaAsym_TP8-TP7,AlphaAsym,,,TP8-TP7,0.0030590961728946494,0.014670909858813455,0.0018976213908172748,0.009100672485394012,23
0,JOY,387,AlphaAsym_CP6-CP5,AlphaAsym,,,CP6-CP5,0.007673723329645582,0.027928931794674434,0.005906862596486197,0.021779423534826595,23
0,JOY,388,AlphaAsym_CP4-CP3,AlphaAsym,,,CP4-CP3,0.019865177811066784,0.08372866646020037,0.019278144678479377,0.08365897245540856,23
0,JOY,389,AlphaAsym_CP2-CP1,AlphaAsym,,,CP2-CP1,0.00482106476936086,0.01969367107822186,0.00420128654650722,0.019508630860309524,23
0,JOY,390,AlphaAsym_P8-P7,AlphaAsym,,,P8-P7,0.01549816807213445,0.07055962862474607,0.013805643454870663,0.06519519030144905,23
0,JOY,391,AlphaAsym_P6-P5,AlphaAsym,,,P6-P5,0.011156548530999044,0.03810471723189132,0.0080206398388581,0.02956348298415007,23
0,JOY,392,AlphaAsym_P4-P3,AlphaAsym,,,P4-P3,0.0008067629426766657,0.0038690991523292863,0.0007889317079270581,0.003783583554617528,23
0,JOY,393,AlphaAsym_P2-P1,AlphaAsym,,,P2-P1,0.0016947422694066387,0.005778112896370402,0.0010705808718242931,0.004044113503008464,23
0,JOY,394,AlphaAsym_PO8-PO7,AlphaAsym,,,PO8-PO7,0.03363522381864383,0.10423551889791355,0.02737371272652081,0.09667820241585096,23
0,JOY,395,AlphaAsym_PO6-PO5,AlphaAsym,,,PO6-PO5,0.005030474363043286,0.017651113199277847,0.00437932967772813,0.015507318404190633,23
0,JOY,396,AlphaAsym_PO4-PO3,AlphaAsym,,,PO4-PO3,0.00650568142194637,0.031200152044000316,0.005513494600136633,0.026441791206949727,23
0,JOY,397,AlphaAsym_O2-O1,AlphaAsym,,,O2-O1,0.04222912615342817,0.12184619794598547,0.03986920791559073,0.1170220295600148,23
1,NEUTRO,0,O2_Delta,bandpower,O2,Delta,,0.003206060976129926,0.01537572829498665,0.0026568371546679954,0.012741743378665245,23
1,NEUTRO,1,O2_Theta,bandpower,O2,Theta,,0.02767294069132927,0.10280812689878717,0.023468418712768183,0.09911747252526555,23
1,NEUTRO,2,O2_Alpha,bandpower,O2,Alpha,,0.0071561217654951045,0.034319554347625694,0.006589735214974019,0.03160325987425633,23
1,NEUTRO,3,O2_Beta,bandpower,O2,Beta,,0.015034005489432312,0.044734396475826325,0.009699359398505275,0.0329194481244211,23
1,NEUTRO,4,O2_Gamma,bandpower,O2,Gamma,,0.009922746791936728,0.03142822240377732,0.00834651388479886,0.026524491103454156,23
1,NEUTRO,5,O1_Delta,bandpower,O1,Delta,,0.0004158496406987043,0.001994344815821114,3.0298645378171345e-05,0.00014530719861830738,23
1,NEUTRO,6,O1_Theta,bandpower,O1,Theta,,0.008323777604762798,0.0272404075225014,0.003728899047794844,0.015874090529360813,23
1,NEUTRO,7,O1_Alpha,bandpower,O1,Alpha,,0.004375711755057715,0.01462422070754603,0.003168060571196174,0.010584407090267742,23
1,NEUTRO,8,O1_Beta,bandpower,O1,Beta,,0.027992572313509354,0.06608231321390677,0.016877904126214666,0.05182568745544254,23
1,NEUTRO,9,O1_Gamma,bandpower,O1,Gamma,,0.012164542090950647,0.028427862147762165,0.006117445991025494,0.01851078143837616,23
1,NEUTRO,10,Oz_Delta,bandpower,Oz,Delta,,0.0,0.0,0.0,0.0,23
1,NEUTRO,11,Oz_Theta,bandpower,Oz,Theta,,0.0001833776605295777,0.0008794483650390875,0.0001104621205521889,0.0005297577198761573,23
1,NEUTRO,12,Oz_Alpha,bandpower,Oz,Alpha,,0.013165099167747185,0.06313759759622,0.008025095109182267,0.038487004102199046,23
1,NEUTRO,13,Oz_Beta,bandpower,Oz,Beta,,0.03552445951536785,0.1041840569624089,0.024756286440730423,0.07228812692689292,23
1,NEUTRO,14,Oz_Gamma,bandpower,Oz,Gamma,,0.02716612215367266,0.08554580605626297,0.01990117373983425,0.08311790423978303,23
1,NEUTRO,15,Pz_Delta,bandpower,Pz,Delta,,0.01537859463351894,0.06501527657995233,0.015021842064869851,0.06487967511243237,23
1,NEUTRO,16,Pz_Theta,bandpower,Pz,Theta,,0.028499059170939495,0.1366766863567461,0.028499059170939495,0.1366766863567461,23
1,NEUTRO,17,Pz_Alpha,bandpower,Pz,Alpha,,0.029025512155270532,0.11582103581251946,0.025067067633498506,0.11431410573339924,23
1,NEUTRO,18,Pz_Beta,bandpower,Pz,Beta,,0.055983446587846555,0.2595141726365522,0.05545364028375962,0.2595970568520244,23
1,NEUTRO,19,Pz_Gamma,bandpower,Pz,Gamma,,0.041209052296133454,0.18442984263882037,0.041209052296133454,0.18442984263882037,23
1,NEUTRO,20,P4_Delta,bandpower,P4,Delta,,0.0,0.0,0.0,0.0,23
1,NEUTRO,21,P4_Theta,bandpower,P4,Theta,,0.0,0.0,0.0,0.0,23
1,NEUTRO,22,P4_Alpha,bandpower,P4,Alpha,,0.0,0.0,0.0,0.0,23
1,NEUTRO,23,P4_Beta,bandpower,P4,Beta,,0.006480707102908142,0.0238629790230477,0.005838259168334886,0.021576520398958816,23
1,NEUTRO,24,P4_Gamma,bandpower,P4,Gamma,,0.0,0.0,0.0,0.0,23
1,NEUTRO,25,CP4_Delta,bandpower,CP4,Delta,,0.0,0.0,0.0,0.0,23
1,NEUTRO,26,CP4_Theta,bandpower,CP4,Theta,,0.0031223013071031546,0.014974031033885817,0.002021652767957853,0.009695506073764687,23
1,NEUTRO,27,CP4_Alpha,bandpower,CP4,Alpha,,0.0,0.0,0.0,0.0,23
1,NEUTRO,28,CP4_Beta,bandpower,CP4,Beta,,0.0025956654328975854,0.009166888698091775,0.0019985936491296688,0.00681713026416234,23
1,NEUTRO,29,CP4_Gamma,bandpower,CP4,Gamma,,0.0013201507884143709,0.005632498708283664,0.0007219800748219901,0.003134814638386463,23
1,NEUTRO,30,P8_Delta,bandpower,P8,Delta,,0.011266098924431258,0.04140415980498034,0.00942202084186259,0.03422759183808068,23
1,NEUTRO,31,P8_Theta,bandpower,P8,Theta,,0.0,0.0,0.0,0.0,23
1,NEUTRO,32,P8_Alpha,bandpower,P8,Alpha,,0.0,0.0,0.0,0.0,23
1,NEUTRO,33,P8_Beta,bandpower,P8,Beta,,0.019482303116437217,0.07547517571397645,0.014591297026419973,0.056727960489124,23
1,NEUTRO,34,P8_Gamma,bandpower,P8,Gamma,,0.008533389456308544,0.02828464029895735,0.006717731980044852,0.021410769644886463,23
1,NEUTRO,35,C4_Delta,bandpower,C4,Delta,,0.021548041935295165,0.07162348159840984,0.012330914479888018,0.04394374393534942,23
1,NEUTRO,36,C4_Theta,bandpower,C4,Theta,,0.008110080815427337,0.02769088812340545,0.003870604730096772,0.01289365356169128,23
1,NEUTRO,37,C4_Alpha,bandpower,C4,Alpha,,0.0,0.0,0.0,0.0,23
1,NEUTRO,38,C4_Beta,bandpower,C4,Beta,,0.011880901047480845,0.036154656103034664,0.00841563225194771,0.027803081445310372,23
1,NEUTRO,39,C4_Gamma,bandpower,C4,Gamma,,0.024588986116262705,0.0625769705766755,0.01909339937925624,0.05534133881445682,23
1,NEUTRO,40,TP8_Delta,bandpower,TP8,Delta,,0.0,0.0,0.0,0.0,23
1,NEUTRO,41,TP8_Theta,bandpower,TP8,Theta,,0.005903487495341966,0.028312131427643453,0.004320633424136071,0.02072102997615034,23
1,NEUTRO,42,TP8_Alpha,bandpower,TP8,Alpha,,0.0,0.0,0.0,0.0,23
1,NEUTRO,43,TP8_Beta,bandpower,TP8,Beta,,0.00591987119257545,0.01446576347172344,0.004252403866056136,0.009215188507442686,23
1,NEUTRO,44,TP8_Gamma,bandpower,TP8,Gamma,,0.00916726533519533,0.02548898310318106,0.007102219488616036,0.02231548765623277,23
1,NEUTRO,45,T8_Delta,bandpower,T8,Delta,,0.0026245415630400423,0.012586859162271872,0.0007589910131375791,0.00363999302671626,23
1,NEUTRO,46,T8_Theta,bandpower,T8,Theta,,0.0032561846235112553,0.013179072343687993,0.0031088936537345263,0.013091568864244707,23
1,NEUTRO,47,T8_Alpha,bandpower,T8,Alpha,,0.004772501509660112,0.022888113185085508,0.0018330082703949752,0.008790798845653147,23
1,NEUTRO,48,T8_Beta,bandpower,T8,Beta,,0.006102065732068408,0.016311022476604743,0.005204888382121239,0.014135578332195907,23
1,NEUTRO,49,T8_Gamma,bandpower,T8,Gamma,,0.008726126408423657,0.026495926045578586,0.006104421587059351,0.01756174098011267,23
1,NEUTRO,50,P7_Delta,bandpower,P7,Delta,,0.006070475010536584,0.018658525108152867,0.004062979410963872,0.013056568576309293,23
1,NEUTRO,51,P7_Theta,bandpower,P7,Theta,,0.002134208519657295,0.010235304495895029,0.001706621324705912,0.008184668347382325,23
1,NEUTRO,52,P7_Alpha,bandpower,P7,Alpha,,0.0042720452139159955,0.020488009105915563,0.0033063747740972485,0.015856816369501554,23
1,NEUTRO,53,P7_Beta,bandpower,P7,Beta,,0.002064184051007524,0.006936986312939164,0.0019063350634281647,0.006409652917697816,23
1,NEUTRO,54,P7_Gamma,bandpower,P7,Gamma,,0.008551518876224056,0.03260665932444722,0.007852179118018986,0.03195953959413274,23
1,NEUTRO,55,P3_Delta,bandpower,P3,Delta,,0.0015585751121012276,0.007474663654065722,0.001183112645474977,0.0056740089207988,23
1,NEUTRO,56,P3_Theta,bandpower,P3,Theta,,0.0008223778837452469,0.0036507802038263292,-0.0002901566416728974,0.0016387987759749559,23
1,NEUTRO,57,P3_Alpha,bandpower,P3,Alpha,,0.006192535879705619,0.018883557489859877,0.00244515309546106,0.006512586104528907,23
1,NEUTRO,58,P3_Beta,bandpower,P3,Beta,,0.015008500660616653,0.05237993507394459,0.002069842527939933,0.023900421321647623,23
1,NEUTRO,59,P3_Gamma,bandpower,P3,Gamma,,0.004848743116890655,0.02037405449021578,0.004102769631886397,0.020330145791387238,23
1,NEUTRO,60,CP3_Delta,bandpower,CP3,Delta,,0.0036270927816422368,0.01739492590017986,0.0028788049983235783,0.013806263760430438,23
1,NEUTRO,61,CP3_Theta,bandpower,CP3,Theta,,0.0041260378294478125,0.013859122314779464,0.000654551688463613,0.006794081732182238,23
1,NEUTRO,62,CP3_Alpha,bandpower,CP3,Alpha,,0.004085115332048292,0.016674033732277733,0.0015893960181127596,0.0057889603702988715,23
1,NEUTRO,63,CP3_Beta,bandpower,CP3,Beta,,0.0065494687953498686,0.020465063228764183,0.005527343125160166,0.01832162471865521,23
1,NEUTRO,64,CP3_Gamma,bandpower,CP3,Gamma,,0.008738784474964217,0.03163250805038568,0.00690385083467781,0.031060514539442544,23
1,NEUTRO,65,CPz_Delta,bandpower,CPz,Delta,,0.0,0.0,0.0,0.0,23
1,NEUTRO,66,CPz_Theta,bandpower,CPz,Theta,,0.00016719337022288492,0.0008018312354038056,0.00010947208707136577,0.0005250096860996907,23
1,NEUTRO,67,CPz_Alpha,bandpower,CPz,Alpha,,0.0,0.0,0.0,0.0,23
1,NEUTRO,68,CPz_Beta,bandpower,CPz,Beta,,0.009069740588237687,0.027811052266248644,0.007040868890645184,0.024500319082637948,23
1,NEUTRO,69,CPz_Gamma,bandpower,CPz,Gamma,,0.012904460651694472,0.03065897443871179,0.008644012057223505,0.02804440891593737,23
1,NEUTRO,70,Cz_Delta,bandpower,Cz,Delta,,0.00612910454981091,0.027996727680734065,0.005171495359763813,0.023907267522782973,23
1,NEUTRO,71,Cz_Theta,bandpower,Cz,Theta,,0.004203781848679913,0.0140915710723068,0.0029421059644952636,0.009750193727235899,23
1,NEUTRO,72,Cz_Alpha,bandpower,Cz,Alpha,,0.004257395671325081,0.014162999751946546,0.0019370812553045345,0.009183007146155279,23
1,NEUTRO,73,Cz_Beta,bandpower,Cz,Beta,,0.009022800006269125,0.03727040444765777,0.007371699052310415,0.029882815631776298,23
1,NEUTRO,74,Cz_Gamma,bandpower,Cz,Gamma,,0.0303889670104458,0.10497991835628444,0.027471122810143026,0.10299561964944122,23
1,NEUTRO,75,FC4_Delta,bandpower,FC4,Delta,,0.014876768611569785,0.0643881698603382,0.00957946902523916,0.039232206658669735,23
1,NEUTRO,76,FC4_Theta,bandpower,FC4,Theta,,0.04796541144769637,0.12451952521825196,0.03370519196793204,0.09867401785250773,23
1,NEUTRO,77,FC4_Alpha,bandpower,FC4,Alpha,,0.046077956537286704,0.11959922814407366,0.04090099470479908,0.11667480458389973,23
1,NEUTRO,78,FC4_Beta,bandpower,FC4,Beta,,0.13534979777873765,0.34354305725970885,0.11669353590361901,0.3323899503957903,23
1,NEUTRO,79,FC4_Gamma,bandpower,FC4,Gamma,,0.09005145389750051,0.29422454670000553,0.08712098157527697,0.29211867407382597,23
1,NEUTRO,80,FT8_Delta,bandpower,FT8,Delta,,0.0032072376420803042,0.014996787718427405,0.001256815150298474,0.005770576327247134,23
1,NEUTRO,81,FT8_Theta,bandpower,FT8,Theta,,0.004582357514319064,0.021976214618260284,0.0012970760271113265,0.006220558098953723,23
1,NEUTRO,82,FT8_Alpha,bandpower,FT8,Alpha,,0.01585809633809958,0.03687673778627028,0.009602864349607164,0.022464830329550496,23
1,NEUTRO,83,FT8_Beta,bandpower,FT8,Beta,,0.020232983099885263,0.04312664302341677,0.013780797656738045,0.03119172803555398,23
1,NEUTRO,84,FT8_Gamma,bandpower,FT8,Gamma,,0.03489361631605652,0.09237027879951296,0.03148331045986667,0.0854058299682542,23
1,NEUTRO,85,TP7_Delta,bandpower,TP7,Delta,,0.0,0.0,0.0,0.0,23
1,NEUTRO,86,TP7_Theta,bandpower,TP7,Theta,,0.0007311795013871328,0.003506613701952488,0.0002756319421710889,0.0013218843570960166,23
1,NEUTRO,87,TP7_Alpha,bandpower,TP7,Alpha,,0.005233991654662216,0.02510134217018476,0.004130060595064946,0.019807074795004154,23
1,NEUTRO,88,TP7_Beta,bandpower,TP7,Beta,,0.019723757927957615,0.04531463731977115,0.01731168957183657,0.04281684074280699,23
1,NEUTRO,89,TP7_Gamma,bandpower,TP7,Gamma,,0.017845961902870505,0.05158802986135848,0.015315587462892417,0.04472211738918466,23
1,NEUTRO,90,C3_Delta,bandpower,C3,Delta,,0.0,0.0,0.0,0.0,23
1,NEUTRO,91,C3_Theta,bandpower,C3,Theta,,0.0021660803495239093,0.010388156422274995,-0.00033895658708219456,0.0016255786853632817,23
1,NEUTRO,92,C3_Alpha,bandpower,C3,Alpha,,0.0004803133593261899,0.002303501949724771,0.00011802643898977744,0.0005660349166915201,23
1,NEUTRO,93,C3_Beta,bandpower,C3,Beta,,0.0037425650786184193,0.01794871158208756,0.0035032146953333475,0.01680082746881203,23
1,NEUTRO,94,C3_Gamma,bandpower,C3,Gamma,,0.008665041098659503,0.024299902372677557,0.006643607500437287,0.019655717481894933,23
1,NEUTRO,95,FCz_Delta,bandpower,FCz,Delta,,0.007937673089505541,0.03355174694561956,0.005686104459371664,0.02331398530866299,23
1,NEUTRO,96,FCz_Theta,bandpower,FCz,Theta,,0.00751277341420584,0.034682792999614194,0.005305134287781967,0.024229145098997398,23
1,NEUTRO,97,FCz_Alpha,bandpower,FCz,Alpha,,0.010908101147610127,0.0394853000510979,0.008110988333160417,0.02880342282044206,23
1,NEUTRO,98,FCz_Beta,bandpower,FCz,Beta,,0.01619234720346733,0.04722416457946127,0.0112115633008946,0.032434337697839266,23
1,NEUTRO,99,FCz_Gamma,bandpower,FCz,Gamma,,0.018354260072039736,0.05969714241484264,0.012591561373621885,0.039749003575581456,23
1,NEUTRO,100,Fz_Delta,bandpower,Fz,Delta,,0.0020969061550679376,0.008101758720839182,0.0010869467482075273,0.003948565015330381,23
1,NEUTRO,101,Fz_Theta,bandpower,Fz,Theta,,0.0,0.0,0.0,0.0,23
1,NEUTRO,102,Fz_Alpha,bandpower,Fz,Alpha,,0.007353965009161291,0.030000007870378965,0.005161972673091991,0.021954918429463455,23
1,NEUTRO,103,Fz_Beta,bandpower,Fz,Beta,,0.003908601212530494,0.015622763503251211,-0.0002674209212127988,0.0022776484430853876,23
1,NEUTRO,104,Fz_Gamma,bandpower,Fz,Gamma,,0.0029654562748103962,0.00818511603797809,0.0011791628808571345,0.004741787346652763,23
1,NEUTRO,105,F4_Delta,bandpower,F4,Delta,,0.01669675199360513,0.0503956608770519,0.007009558542766387,0.02178604105540454,23
1,NEUTRO,106,F4_Theta,bandpower,F4,Theta,,0.002481359116618862,0.008232522811718242,0.001921457239821798,0.006382866608799864,23
1,NEUTRO,107,F4_Alpha,bandpower,F4,Alpha,,0.004827709364655631,0.023152880756407496,0.004483697979635887,0.02150306011175134,23
1,NEUTRO,108,F4_Beta,bandpower,F4,Beta,,0.014009567382743771,0.05330928391731327,0.012208430874075207,0.051168871441849346,23
1,NEUTRO,109,F4_Gamma,bandpower,F4,Gamma,,0.01837127951378518,0.05540892136166031,0.015624587519098999,0.04743191276633207,23
1,NEUTRO,110,F8_Delta,bandpower,F8,Delta,,0.0,0.0,0.0,0.0,23
1,NEUTRO,111,F8_Theta,bandpower,F8,Theta,,0.005543714903825449,0.026586722692024632,0.0033218916786042574,0.015931232829280502,23
1,NEUTRO,112,F8_Alpha,bandpower,F8,Alpha,,0.0,0.0,0.0,0.0,23
1,NEUTRO,113,F8_Beta,bandpower,F8,Beta,,0.016493070136813014,0.03777994463202462,0.004921596850814158,0.01398930393368723,23
1,NEUTRO,114,F8_Gamma,bandpower,F8,Gamma,,0.010115705168466983,0.042450949270607954,0.006546554496033854,0.028897305210593322,23
1,NEUTRO,115,T7_Delta,bandpower,T7,Delta,,0.017737381368039744,0.06381937577522921,0.014695701514368362,0.054071200818522465,23
1,NEUTRO,116,T7_Theta,bandpower,T7,Theta,,0.009159838618971487,0.032218435070649504,0.0063223477245168145,0.024341700469600634,23
1,NEUTRO,117,T7_Alpha,bandpower,T7,Alpha,,0.0,0.0,0.0,0.0,23
1,NEUTRO,118,T7_Beta,bandpower,T7,Beta,,0.030154193312724925,0.08815616479978278,0.029088788221024356,0.0878829261937792,23
1,NEUTRO,119,T7_Gamma,bandpower,T7,Gamma,,0.04928176975828336,0.10170838262486227,0.042078564955812504,0.09617281198224287,23
1,NEUTRO,120,FT7_Delta,bandpower,FT7,Delta,,0.0015924042630600529,0.007636902562640962,0.0015924042630600529,0.007636902562640962,23
1,NEUTRO,121,FT7_Theta,bandpower,FT7,Theta,,0.006140918059103072,0.02414353230781842,0.005211210000108949,0.023201984267372473,23
1,NEUTRO,122,FT7_Alpha,bandpower,FT7,Alpha,,0.0045167889507567284,0.015358254397421252,0.003996915558893859,0.013345036907635095,23
1,NEUTRO,123,FT7_Beta,bandpower,FT7,Beta,,0.06928461319534301,0.14418905547777,0.05912700200408221,0.13699379082207416,23
1,NEUTRO,124,FT7_Gamma,bandpower,FT7,Gamma,,0.07775028720516734,0.14260970398846032,0.06776799334521548,0.1356939518716309,23
1,NEUTRO,125,FC3_Delta,bandpower,FC3,Delta,,0.02097920432307574,0.07974078439028623,0.006504262817097657,0.0254714278207088,23
1,NEUTRO,126,FC3_Theta,bandpower,FC3,Theta,,0.0,0.0,0.0,0.0,23
1,NEUTRO,127,FC3_Alpha,bandpower,FC3,Alpha,,0.024074156621723828,0.061376833117387286,0.016135940188297927,0.04640432926138099,23
1,NEUTRO,128,FC3_Beta,bandpower,FC3,Beta,,0.0150808894782353,0.05021385321546011,0.01332190420653529,0.0445082724003504,23
1,NEUTRO,129,FC3_Gamma,bandpower,FC3,Gamma,,0.027643195160925303,0.0740855091335784,0.023825598426803665,0.06643754326407418,23
1,NEUTRO,130,F3_Delta,bandpower,F3,Delta,,0.0021540974689622733,0.00982822093855362,0.0020283521224316588,0.00962791169816561,23
1,NEUTRO,131,F3_Theta,bandpower,F3,Theta,,0.0032312616837146613,0.015496586642831307,0.0032312616837146613,0.015496586642831307,23
1,NEUTRO,132,F3_Alpha,bandpower,F3,Alpha,,0.022082975372824748,0.053055017292735665,0.01906938827225371,0.04707090085929775,23
1,NEUTRO,133,F3_Beta,bandpower,F3,Beta,,0.015559676955066054,0.04207290147916821,0.013134674573389672,0.036986231291252426,23
1,NEUTRO,134,F3_Gamma,bandpower,F3,Gamma,,0.02962409790854522,0.10682578639195302,0.020198284942117315,0.07985455820000625,23
1,NEUTRO,135,Fp2_Delta,bandpower,Fp2,Delta,,0.013162186758738433,0.056280566802511395,0.009293266320496422,0.04391475129500256,23
1,NEUTRO,136,Fp2_Theta,bandpower,Fp2,Theta,,0.013315053035598868,0.03998698071412456,0.007506393360735661,0.024096394526814075,23
1,NEUTRO,137,Fp2_Alpha,bandpower,Fp2,Alpha,,0.0059642243097632885,0.019767396351588046,0.004351058997204044,0.014459087259969909,23
1,NEUTRO,138,Fp2_Beta,bandpower,Fp2,Beta,,0.04431826788359639,0.1011948296175649,0.04233337972962412,0.09761237203160351,23
1,NEUTRO,139,Fp2_Gamma,bandpower,Fp2,Gamma,,0.07240403623349093,0.10914154111443151,0.05577676666329672,0.10533613495568533,23
1,NEUTRO,140,F7_Delta,bandpower,F7,Delta,,0.015084757735134558,0.043212519663193685,0.00922272154057317,0.02669257248249899,23
1,NEUTRO,141,F7_Theta,bandpower,F7,Theta,,0.008581380606634392,0.02892753835803799,0.0054288710523418,0.020288958528923737,23
1,NEUTRO,142,F7_Alpha,bandpower,F7,Alpha,,0.003938469856123074,0.01863687196830502,0.0030793214522339503,0.014655247038297776,23
1,NEUTRO,143,F7_Beta,bandpower,F7,Beta,,0.04015815947350201,0.10862152806290169,0.03411754607970496,0.10380966524945578,23
1,NEUTRO,144,F7_Gamma,bandpower,F7,Gamma,,0.017218736340131432,0.0472330027306096,0.013771607671839096,0.03964515027006556,23
1,NEUTRO,145,Fp1_Delta,bandpower,Fp1,Delta,,0.015028909483922584,0.06378575262979164,0.0131812219239125,0.05698730417348144,23
1,NEUTRO,146,Fp1_Theta,bandpower,Fp1,Theta,,0.0018291195817165063,0.006954976663238343,0.0015188385758034037,0.006107657126817198,23
1,NEUTRO,147,Fp1_Alpha,bandpower,Fp1,Alpha,,0.019153613441222246,0.051819157086366766,0.013643042308782395,0.03830966845137401,23
1,NEUTRO,148,Fp1_Beta,bandpower,Fp1,Beta,,0.04536343852030155,0.0992003789326145,0.039641205040071334,0.08992502724956859,23
1,NEUTRO,149,Fp1_Gamma,bandpower,Fp1,Gamma,,0.047080347327028475,0.09970602820939894,0.030600791979080746,0.05899414573064557,23
1,NEUTRO,150,PO5_Delta,bandpower,PO5,Delta,,0.020393114295256275,0.05792387373280142,0.01764734107528693,0.05243675401191542,23
1,NEUTRO,151,PO5_Theta,bandpower,PO5,Theta,,0.020684384963903076,0.05171970146590899,0.014485080762676869,0.040949062059068723,23
1,NEUTRO,152,PO5_Alpha,bandpower,PO5,Alpha,,0.006494746245576915,0.022551775781547805,0.004641423423296661,0.01615009145423079,23
1,NEUTRO,153,PO5_Beta,bandpower,PO5,Beta,,0.013536789502913772,0.0556470263587408,0.008968676038057432,0.03907940229416223,23
1,NEUTRO,154,PO5_Gamma,bandpower,PO5,Gamma,,0.03883045146691648,0.10997895665947852,0.030645062443688673,0.1035255087534458,23
1,NEUTRO,155,PO3_Delta,bandpower,PO3,Delta,,0.0,0.0,0.0,0.0,23
1,NEUTRO,156,PO3_Theta,bandpower,PO3,Theta,,0.0,0.0,0.0,0.0,23
1,NEUTRO,157,PO3_Alpha,bandpower,PO3,Alpha,,0.0037051273206342543,0.01776916640218495,0.0012588764409082439,0.0060373593192634785,23
1,NEUTRO,158,PO3_Beta,bandpower,PO3,Beta,,0.0,0.0,0.0,0.0,23
1,NEUTRO,159,PO3_Gamma,bandpower,PO3,Gamma,,0.017453749752119437,0.052461612551971765,0.004296570231916655,0.019135087466243976,23
1,NEUTRO,160,P1_Delta,bandpower,P1,Delta,,0.01779118454880591,0.05437377856684633,0.007985212817330499,0.0326938834285497,23
1,NEUTRO,161,P1_Theta,bandpower,P1,Theta,,0.004844575721306511,0.021705865681281588,0.0033032586149130488,0.01502971884379726,23
1,NEUTRO,162,P1_Alpha,bandpower,P1,Alpha,,0.00929256218452913,0.030824097113196374,-0.0011534365797119725,0.006760177260911445,23
1,NEUTRO,163,P1_Beta,bandpower,P1,Beta,,0.03132812331177514,0.05794506115732532,0.01718746707566214,0.036969343368593165,23
1,NEUTRO,164,P1_Gamma,bandpower,P1,Gamma,,0.02106024384804846,0.06619959169768375,0.01736282108791857,0.05533598479953185,23
1,NEUTRO,165,POz_Delta,bandpower,POz,Delta,,0.004273719769461895,0.020496039992190122,0.0037350274415103193,0.017912562344433246,23
1,NEUTRO,166,POz_Theta,bandpower,POz,Theta,,0.004036351408261339,0.019357661322907418,0.0038860768589292936,0.018636969902069183,23
1,NEUTRO,167,POz_Alpha,bandpower,POz,Alpha,,0.0021944081330611616,0.010524011699548533,0.0011064726734100435,0.005306456526823986,23
1,NEUTRO,168,POz_Beta,bandpower,POz,Beta,,0.00701403742965843,0.03363814181085122,0.004515046151624567,0.02165340066317288,23
1,NEUTRO,169,POz_Gamma,bandpower,POz,Gamma,,0.015464617138201785,0.03960364515231304,0.006941812685513003,0.03330953443616355,23
1,NEUTRO,170,P2_Delta,bandpower,P2,Delta,,0.005414856069870333,0.01537584504252569,0.004256325740407151,0.01328911347744132,23
1,NEUTRO,171,P2_Theta,bandpower,P2,Theta,,0.01649927308878436,0.060952429841558096,0.009619641172080274,0.032882780253168716,23
1,NEUTRO,172,P2_Alpha,bandpower,P2,Alpha,,0.0011965956127023088,0.0057386709600554305,8.373711991770055e-05,0.0004015891193727258,23
1,NEUTRO,173,P2_Beta,bandpower,P2,Beta,,0.0025875839091019986,0.01240961648048812,0.0018235712650581804,0.008745540557973275,23
1,NEUTRO,174,P2_Gamma,bandpower,P2,Gamma,,0.001061908131091964,0.005092732489952937,-0.0002504265517059722,0.001201003550946004,23
1,NEUTRO,175,PO4_Delta,bandpower,PO4,Delta,,0.0019610852236555242,0.006557305254804689,0.00048590385584839637,0.0028892783267689282,23
1,NEUTRO,176,PO4_Theta,bandpower,PO4,Theta,,0.008716302791386635,0.03773195782081743,0.008357793486547197,0.03766199620753381,23
1,NEUTRO,177,PO4_Alpha,bandpower,PO4,Alpha,,0.0033873770766743153,0.01624528976566157,0.0024854778437549204,0.011919932993575175,23
1,NEUTRO,178,PO4_Beta,bandpower,PO4,Beta,,0.01867466589595263,0.06188530888255363,0.013920568077809125,0.045914675708274205,23
1,NEUTRO,179,PO4_Gamma,bandpower,PO4,Gamma,,0.014587674897015193,0.06526502900164297,0.0111058539227716,0.05325459752000206,23
1,NEUTRO,180,CP2_Delta,bandpower,CP2,Delta,,0.004603967744635476,0.019323477193002446,0.004080713304492513,0.017564495905466312,23
1,NEUTRO,181,CP2_Theta,bandpower,CP2,Theta,,0.012094114458781237,0.03582559395873971,0.008639511130404448,0.02491015900131376,23
1,NEUTRO,182,CP2_Alpha,bandpower,CP2,Alpha,,0.015001447484595507,0.05031952650626557,0.007373884427247744,0.03573515091011965,23
1,NEUTRO,183,CP2_Beta,bandpower,CP2,Beta,,0.025221543025773258,0.09768008781470841,0.02367050617501714,0.09319505749602634,23
1,NEUTRO,184,CP2_Gamma,bandpower,CP2,Gamma,,0.023229715791108232,0.06426476493940042,0.006833638873712733,0.06476389462864779,23
1,NEUTRO,185,P6_Delta,bandpower,P6,Delta,,0.0028817422211741745,0.013561054198450623,0.002289585977401778,0.010759915761309462,23
1,NEUTRO,186,P6_Theta,bandpower,P6,Theta,,0.005629600477183235,0.01495293728225931,0.0035622721777362697,0.010022866713532481,23
1,NEUTRO,187,P6_Alpha,bandpower,P6,Alpha,,0.0005508954360803637,0.0026420016984033154,0.0004764220002132804,0.002284839647022549,23
1,NEUTRO,188,P6_Beta,bandpower,P6,Beta,,8.446777230096559e-05,0.0004050932051049718,5.262306902601436e-05,0.0002523713732884209,23
1,NEUTRO,189,P6_Gamma,bandpower,P6,Gamma,,0.0028793936846365086,0.013809087000807333,0.002678836860221176,0.012847250260060783,23
1,NEUTRO,190,PO6_Delta,bandpower,PO6,Delta,,0.004567720534127176,0.02190601812724992,0.001732024394778333,0.008306497191624566,23
1,NEUTRO,191,PO6_Theta,bandpower,PO6,Theta,,0.003454068104386489,0.016565128698685733,0.0017274715857066355,0.008284662686358892,23
1,NEUTRO,192,PO6_Alpha,bandpower,PO6,Alpha,,0.0,0.0,0.0,0.0,23
1,NEUTRO,193,PO6_Beta,bandpower,PO6,Beta,,0.009051325118750142,0.03129683546934717,0.005622961360755942,0.019485488965633704,23
1,NEUTRO,194,PO6_Gamma,bandpower,PO6,Gamma,,0.02249952156671427,0.06352910865220689,0.012539840070787726,0.03360593054219138,23
1,NEUTRO,195,CP6_Delta,bandpower,CP6,Delta,,0.0,0.0,0.0,0.0,23
1,NEUTRO,196,CP6_Theta,bandpower,CP6,Theta,,0.004907893133783234,0.019179871398031175,0.0033691227592979457,0.013003808321771374,23
1,NEUTRO,197,CP6_Alpha,bandpower,CP6,Alpha,,4.1023466215052095e-05,0.00019674163246970118,9.437917071682435e-06,4.526266020678589e-05,23
1,NEUTRO,198,CP6_Beta,bandpower,CP6,Beta,,0.0020061305911959824,0.006906281661824132,0.0015114849068846457,0.005981992757912769,23
1,NEUTRO,199,CP6_Gamma,bandpower,CP6,Gamma,,0.0014121766288445125,0.006772561193097998,0.001161896432207187,0.005572259536403808,23
1,NEUTRO,200,C6_Delta,bandpower,C6,Delta,,0.013207600492386822,0.037735430391599566,0.007584844752299353,0.0256988534233752,23
1,NEUTRO,201,C6_Theta,bandpower,C6,Theta,,0.008268632218433065,0.02726648823279975,0.0008003256612538629,0.010468593250265522,23
1,NEUTRO,202,C6_Alpha,bandpower,C6,Alpha,,0.0043663038081077,0.020940057443283276,0.004338292546874039,0.020805720153651137,23
1,NEUTRO,203,C6_Beta,bandpower,C6,Beta,,0.01451346166413392,0.04993944242563801,0.005082308224634474,0.01429863120173724,23
1,NEUTRO,204,C6_Gamma,bandpower,C6,Gamma,,0.05129286088366558,0.09612545688089807,0.020371167405593183,0.07899297161507168,23
1,NEUTRO,205,PO8_Delta,bandpower,PO8,Delta,,0.00451860550031444,0.021670470699822232,0.00078693177758263,0.003773992225627291,23
1,NEUTRO,206,PO8_Theta,bandpower,PO8,Theta,,0.012034188757977482,0.035280570418767684,0.008674335870615555,0.027564449644819917,23
1,NEUTRO,207,PO8_Alpha,bandpower,PO8,Alpha,,0.015830733786173935,0.05726351034742818,0.012903014911977225,0.04602935011840504,23
1,NEUTRO,208,PO8_Beta,bandpower,PO8,Beta,,0.009841889153995339,0.04098125751646129,0.008315480168616272,0.0343918248591708,23
1,NEUTRO,209,PO8_Gamma,bandpower,PO8,Gamma,,0.021999552835683518,0.09472469526370676,0.011544247726353188,0.047217729747975695,23
1,NEUTRO,210,PO7_Delta,bandpower,PO7,Delta,,0.0018652709333021199,0.008945525141449244,0.0006960968904378042,0.0033383634104415818,23
1,NEUTRO,211,PO7_Theta,bandpower,PO7,Theta,,0.0008585049733172171,0.0031089556952848107,0.0004089408087042791,0.0014361708519478183,23
1,NEUTRO,212,PO7_Alpha,bandpower,PO7,Alpha,,0.007865683654430272,0.03772249362232229,0.0057561470831286885,0.02760551163409312,23
1,NEUTRO,213,PO7_Beta,bandpower,PO7,Beta,,0.023524180067747848,0.08218066833984167,0.015391418287834606,0.05485264432633171,23
1,NEUTRO,214,PO7_Gamma,bandpower,PO7,Gamma,,0.03162173336861585,0.07030634016815202,0.018563033396103143,0.041507268055638945,23
1,NEUTRO,215,P5_Delta,bandpower,P5,Delta,,0.010223202319395684,0.03184501485753278,0.006259607749015252,0.0172140133134799,23
1,NEUTRO,216,P5_Theta,bandpower,P5,Theta,,0.00023004927920173643,0.0011032775851110568,0.00018493571576378887,0.0008869205354463798,23
1,NEUTRO,217,P5_Alpha,bandpower,P5,Alpha,,0.00658525955545636,0.025485732793527234,0.006083271611559416,0.024547808026606256,23
1,NEUTRO,218,P5_Beta,bandpower,P5,Beta,,0.008142249884451964,0.03240714742191745,0.007794036239507621,0.03215787477503868,23
1,NEUTRO,219,P5_Gamma,bandpower,P5,Gamma,,0.0008910381444247183,0.004273268821506136,0.00016602593586036304,0.0007962324168866246,23
1,NEUTRO,220,CP5_Delta,bandpower,CP5,Delta,,0.0005901283649656769,0.0028301562155033863,0.0003444733939049598,0.0016520363614319258,23
1,NEUTRO,221,CP5_Theta,bandpower,CP5,Theta,,0.016562093963158286,0.06059527789733825,0.00875737615034607,0.034398221704242136,23
1,NEUTRO,222,CP5_Alpha,bandpower,CP5,Alpha,,0.0006651062078057788,0.003189737317745935,0.000282308177863831,0.0013539024586883349,23
1,NEUTRO,223,CP5_Beta,bandpower,CP5,Beta,,0.023017978015745504,0.06711617250087669,0.009744978075862698,0.04321442845012248,23
1,NEUTRO,224,CP5_Gamma,bandpower,CP5,Gamma,,0.01653269873311456,0.04297248785420628,0.007234013714890074,0.022226738475729646,23
1,NEUTRO,225,CP1_Delta,bandpower,CP1,Delta,,0.009509047319686097,0.023557987034189994,0.003429072796466229,0.01110720071910107,23
1,NEUTRO,226,CP1_Theta,bandpower,CP1,Theta,,0.0,0.0,0.0,0.0,23
1,NEUTRO,227,CP1_Alpha,bandpower,CP1,Alpha,,0.0014876928947050838,0.007134724481434991,0.0009752253915768355,0.004677016675259178,23
1,NEUTRO,228,CP1_Beta,bandpower,CP1,Beta,,0.008417488987314412,0.033103178134466185,0.006272599386575497,0.024550442257398997,23
1,NEUTRO,229,CP1_Gamma,bandpower,CP1,Gamma,,0.0014397636077389587,0.006904863696112948,0.0008121999440483896,0.003895174094900094,23
1,NEUTRO,230,C1_Delta,bandpower,C1,Delta,,0.0,0.0,0.0,0.0,23
1,NEUTRO,231,C1_Theta,bandpower,C1,Theta,,0.0029588742660334425,0.014190262478561966,0.0010028075029144192,0.004809295834291483,23
1,NEUTRO,232,C1_Alpha,bandpower,C1,Alpha,,0.005406032783902089,0.025926422441099654,0.004148787875692117,0.01989688767778187,23
1,NEUTRO,233,C1_Beta,bandpower,C1,Beta,,0.008854173201038774,0.02521778330713228,0.006558607773780939,0.019312161238816225,23
1,NEUTRO,234,C1_Gamma,bandpower,C1,Gamma,,0.01461767677031967,0.03692919202071146,0.012895064486452768,0.03432453300298553,23
1,NEUTRO,235,C2_Delta,bandpower,C2,Delta,,0.005351998915469751,0.025667285111545316,0.004514986732421666,0.021653115698686522,23
1,NEUTRO,236,C2_Theta,bandpower,C2,Theta,,0.000975543954910307,0.004678544451336013,0.0005021269083706565,0.0024081160558675515,23
1,NEUTRO,237,C2_Alpha,bandpower,C2,Alpha,,0.0015356079562654072,0.007364517044107461,0.0009471775342503743,0.0045425038769315584,23
1,NEUTRO,238,C2_Beta,bandpower,C2,Beta,,0.007994643041139478,0.022429463542580477,0.004787527554419111,0.013848250193573707,23
1,NEUTRO,239,C2_Gamma,bandpower,C2,Gamma,,0.005798087101186381,0.02780664889478251,0.004086800411038421,0.01959960624074544,23
1,NEUTRO,240,FC2_Delta,bandpower,FC2,Delta,,0.005333531454866327,0.017899410713119287,0.0034650365808081393,0.013533432456342118,23
1,NEUTRO,241,FC2_Theta,bandpower,FC2,Theta,,0.0,0.0,0.0,0.0,23
1,NEUTRO,242,FC2_Alpha,bandpower,FC2,Alpha,,0.0,0.0,0.0,0.0,23
1,NEUTRO,243,FC2_Beta,bandpower,FC2,Beta,,0.004945952919756944,0.0148552511129273,0.002875212690464768,0.008598041344181372,23
1,NEUTRO,244,FC2_Gamma,bandpower,FC2,Gamma,,0.008243902066018069,0.03953636540331232,0.00729298364765991,0.034975920876451586,23
1,NEUTRO,245,FC6_Delta,bandpower,FC6,Delta,,0.008593185616179957,0.02766591290029155,0.0012683243940297673,0.006987191480804467,23
1,NEUTRO,246,FC6_Theta,bandpower,FC6,Theta,,0.0008085676473718783,0.0038777542119968565,-0.00021944990625316196,0.001052444778196935,23
1,NEUTRO,247,FC6_Alpha,bandpower,FC6,Alpha,,0.0,0.0,0.0,0.0,23
1,NEUTRO,248,FC6_Beta,bandpower,FC6,Beta,,0.006415791062967915,0.03076905302676955,0.004753138875652816,0.022795253254538954,23
1,NEUTRO,249,FC6_Gamma,bandpower,FC6,Gamma,,0.015802825308214828,0.040990386023141014,0.01287535608933127,0.03381233273150513,23
1,NEUTRO,250,C5_Delta,bandpower,C5,Delta,,0.0007629850897415655,0.0036591479452001844,9.341428793245323e-05,0.00044799918679427013,23
1,NEUTRO,251,C5_Theta,bandpower,C5,Theta,,0.014522223889200537,0.05955555332959931,0.010533514112823873,0.04681658127405736,23
1,NEUTRO,252,C5_Alpha,bandpower,C5,Alpha,,0.0024936567172269657,0.0074527659882366,0.0015622362618739356,0.00541498485655972,23
1,NEUTRO,253,C5_Beta,bandpower,C5,Beta,,0.03700901142637429,0.09927571386367519,0.028594877369483095,0.07876210365747571,23
1,NEUTRO,254,C5_Gamma,bandpower,C5,Gamma,,0.0216786880178996,0.06433117562185313,0.013548057620921546,0.041988767517262576,23
1,NEUTRO,255,FC1_Delta,bandpower,FC1,Delta,,0.00206173287288275,0.007275814755103756,0.0008192765902388042,0.0027152783509924723,23
1,NEUTRO,256,FC1_Theta,bandpower,FC1,Theta,,0.002016603982939256,0.00967129295141807,0.0010081260651345445,0.004834802762645459,23
1,NEUTRO,257,FC1_Alpha,bandpower,FC1,Alpha,,0.0010105518802118857,0.0048464365630631005,0.00043670621719720236,0.002094369442860995,23
1,NEUTRO,258,FC1_Beta,bandpower,FC1,Beta,,0.006175143363893016,0.02083076775428285,0.004716168351491004,0.0173772166831709,23
1,NEUTRO,259,FC1_Gamma,bandpower,FC1,Gamma,,0.02363979408103389,0.06642146729612666,0.01759397278407443,0.04863957624890033,23
1,NEUTRO,260,F2_Delta,bandpower,F2,Delta,,0.0202297057773769,0.05378600544001122,0.01522177487688852,0.048513006524433175,23
1,NEUTRO,261,F2_Theta,bandpower,F2,Theta,,0.018615849124096338,0.062370847538583386,0.013354940063794193,0.0521035905012292,23
1,NEUTRO,262,F2_Alpha,bandpower,F2,Alpha,,0.005435779330299545,0.02606908186602226,0.005370716706089501,0.02575705248184628,23
1,NEUTRO,263,F2_Beta,bandpower,F2,Beta,,0.00962103282814481,0.03587922374663457,0.008961039068806891,0.035838208778712854,23
1,NEUTRO,264,F2_Gamma,bandpower,F2,Gamma,,0.029780473655467855,0.07780899040436975,0.02740430129874032,0.07418211695410772,23
1,NEUTRO,265,F6_Delta,bandpower,F6,Delta,,0.019229904637673302,0.07845383638623271,0.012362350396173019,0.05826916532643726,23
1,NEUTRO,266,F6_Theta,bandpower,F6,Theta,,0.003410744931463952,0.011377044510699152,0.0016542465477056968,0.006350744514533887,23
1,NEUTRO,267,F6_Alpha,bandpower,F6,Alpha,,0.005779767803718756,0.021054141002843387,0.0036874256392056192,0.014016939930931708,23
1,NEUTRO,268,F6_Beta,bandpower,F6,Beta,,0.017773185977932583,0.07265818670207146,0.014280962241297997,0.06314301974593038,23
1,NEUTRO,269,F6_Gamma,bandpower,F6,Gamma,,0.03303067435344412,0.07735083578702939,0.03156952283208197,0.07454736173062677,23
1,NEUTRO,270,FC5_Delta,bandpower,FC5,Delta,,0.012280588790144377,0.03635599326784422,0.0099058091765164,0.030508052099447312,23
1,NEUTRO,271,FC5_Theta,bandpower,FC5,Theta,,0.015052881135518547,0.05032077536255223,0.012817098995540597,0.04485648993685489,23
1,NEUTRO,272,FC5_Alpha,bandpower,FC5,Alpha,,0.016097376783431535,0.046066028596662395,0.011829918146164867,0.041045204148510706,23
1,NEUTRO,273,FC5_Beta,bandpower,FC5,Beta,,0.042750862180747785,0.0997273458826992,0.038807927481325645,0.09919182895381336,23
1,NEUTRO,274,FC5_Gamma,bandpower,FC5,Gamma,,0.057276183476861975,0.1255427114416008,0.05294384105914352,0.12451211135740978,23
1,NEUTRO,275,F1_Delta,bandpower,F1,Delta,,0.00313312694213988,0.015025948955654823,0.0021939314090250587,0.010521725411388268,23
1,NEUTRO,276,F1_Theta,bandpower,F1,Theta,,0.0002989849399563381,0.001433881400038367,9.573193464199437e-05,0.00045911422994378954,23
1,NEUTRO,277,F1_Alpha,bandpower,F1,Alpha,,0.0,0.0,0.0,0.0,23
1,NEUTRO,278,F1_Beta,bandpower,F1,Beta,,0.0031872146510769175,0.008661966779101296,0.00243644908309735,0.00651915831505265,23
1,NEUTRO,279,F1_Gamma,bandpower,F1,Gamma,,0.0036389389786755442,0.01040952715478857,0.002056522953365315,0.005482500268835761,23
1,NEUTRO,280,AF4_Delta,bandpower,AF4,Delta,,0.017372745355484352,0.04139230756948802,0.004714230268293342,0.014496215799860287,23
1,NEUTRO,281,AF4_Theta,bandpower,AF4,Theta,,0.0016221117075332745,0.005153933656730253,0.0012164282451812025,0.003996539156485787,23
1,NEUTRO,282,AF4_Alpha,bandpower,AF4,Alpha,,0.009621545536754407,0.032118598784204436,0.007428466230439079,0.024796729734134555,23
1,NEUTRO,283,AF4_Beta,bandpower,AF4,Beta,,0.03165309407462518,0.09008883331343708,0.030765186885657884,0.08905363009460072,23
1,NEUTRO,284,AF4_Gamma,bandpower,AF4,Gamma,,0.03874979054663754,0.09756111923702415,0.027678542427721883,0.08707623704711155,23
1,NEUTRO,285,AF8_Delta,bandpower,AF8,Delta,,0.051131379611346395,0.09825017526483926,0.03593066827466512,0.07882842371733674,23
1,NEUTRO,286,AF8_Theta,bandpower,AF8,Theta,,0.051585942621468026,0.11328554760143848,0.0430204119448076,0.10097076905014171,23
1,NEUTRO,287,AF8_Alpha,bandpower,AF8,Alpha,,0.01450146918688615,0.050799572977864894,0.011787076753024274,0.04476245970301885,23
1,NEUTRO,288,AF8_Beta,bandpower,AF8,Beta,,0.046236501720798066,0.18531986872307024,0.04373868627696854,0.1850090416653005,23
1,NEUTRO,289,AF8_Gamma,bandpower,AF8,Gamma,,0.03425127453017335,0.13267857618673606,0.030483326266139824,0.13019156054519407,23
1,NEUTRO,290,F5_Delta,bandpower,F5,Delta,,0.01895915663772461,0.061140878665273596,0.01271353945695093,0.04354044604140006,23
1,NEUTRO,291,F5_Theta,bandpower,F5,Theta,,0.024407350826543255,0.08042308085091038,0.018929738925066667,0.0669800735397767,23
1,NEUTRO,292,F5_Alpha,bandpower,F5,Alpha,,0.008083967704980937,0.03876934715298956,0.007294249767713831,0.034981992974918476,23
1,NEUTRO,293,F5_Beta,bandpower,F5,Beta,,0.06636951420528417,0.1655709277853212,0.061687040833608965,0.15565736651984774,23
1,NEUTRO,294,F5_Gamma,bandpower,F5,Gamma,,0.045264531423146216,0.1124361389896365,0.041615520941751305,0.10414474701723264,23
1,NEUTRO,295,AF7_Delta,bandpower,AF7,Delta,,0.012107147990174311,0.03447977684924059,0.00963629820012689,0.028678743690014902,23
1,NEUTRO,296,AF7_Theta,bandpower,AF7,Theta,,0.014701586770385825,0.04919981774308611,0.00903381572157215,0.03878636487388458,23
1,NEUTRO,297,AF7_Alpha,bandpower,AF7,Alpha,,0.003346712794988655,0.011093849154223094,0.0030003810124301566,0.010000526136415874,23
1,NEUTRO,298,AF7_Beta,bandpower,AF7,Beta,,0.049442411636102,0.12062875720158073,0.0430983623712752,0.1190871933858159,23
1,NEUTRO,299,AF7_Gamma,bandpower,AF7,Gamma,,0.03323920580545255,0.06469239805835288,0.02427669473438713,0.04958134730306566,23
1,NEUTRO,300,AF3_Delta,bandpower,AF3,Delta,,0.001431978377790479,0.006867527044909791,0.0007292945075123431,0.0034975735889065207,23
1,NEUTRO,301,AF3_Theta,bandpower,AF3,Theta,,0.011043974393820665,0.04797281189772805,0.006392856273479151,0.02752211278465589,23
1,NEUTRO,302,AF3_Alpha,bandpower,AF3,Alpha,,0.0030975881306958926,0.014855510803430684,0.0021926035059935934,0.010515357012170063,23
1,NEUTRO,303,AF3_Beta,bandpower,AF3,Beta,,0.025116311759702276,0.1060782472386199,0.022891578960020576,0.09973407242468399,23
1,NEUTRO,304,AF3_Gamma,bandpower,AF3,Gamma,,0.04772198772593403,0.12289189882499121,0.03746018198394261,0.10424466855703937,23
1,NEUTRO,305,Fpz_Delta,bandpower,Fpz,Delta,,0.03277043049339735,0.1017794977638794,0.02377233303039335,0.07647534356114843,23
1,NEUTRO,306,Fpz_Theta,bandpower,Fpz,Theta,,0.008704490969363248,0.026477672974361977,0.007623675575772985,0.02364726185955101,23
1,NEUTRO,307,Fpz_Alpha,bandpower,Fpz,Alpha,,0.015213033652709486,0.055622022323526164,0.013025656798443684,0.04676324204721213,23
1,NEUTRO,308,Fpz_Beta,bandpower,Fpz,Beta,,0.07424651120852999,0.16389303188171983,0.06852047335627613,0.16105169230214775,23
1,NEUTRO,309,Fpz_Gamma,bandpower,Fpz,Gamma,,0.053188514885973766,0.10462086405258704,0.0455613670422173,0.0965759465359631,23
1,NEUTRO,310,ThetaAlphaRatio_O2,ThetaAlphaRatio,O2,,,0.0,0.0,0.0,0.0,23
1,NEUTRO,311,ThetaAlphaRatio_O1,ThetaAlphaRatio,O1,,,0.00032770930403804894,0.0015716386107885475,0.00012084747601303547,0.0005795641349760932,23
1,NEUTRO,312,ThetaAlphaRatio_Oz,ThetaAlphaRatio,Oz,,,0.0,0.0,0.0,0.0,23
1,NEUTRO,313,ThetaAlphaRatio_Pz,ThetaAlphaRatio,Pz,,,0.004525389270717918,0.021703004519770145,0.0026581794786835152,0.012748180938493373,23
1,NEUTRO,314,ThetaAlphaRatio_P4,ThetaAlphaRatio,P4,,,0.002022363258959752,0.009698913468908625,0.000917891104020096,0.004402051091627892,23
1,NEUTRO,315,ThetaAlphaRatio_CP4,ThetaAlphaRatio,CP4,,,0.0,0.0,0.0,0.0,23
1,NEUTRO,316,ThetaAlphaRatio_P8,ThetaAlphaRatio,P8,,,0.00018991398754396075,0.0009107954881813462,3.038775640819972e-05,0.00014573456010519233,23
1,NEUTRO,317,ThetaAlphaRatio_C4,ThetaAlphaRatio,C4,,,0.0035057158765438687,0.016812822712506968,0.0018179915029830434,0.008718780959120749,23
1,NEUTRO,318,ThetaAlphaRatio_TP8,ThetaAlphaRatio,TP8,,,0.0,0.0,0.0,0.0,23
1,NEUTRO,319,ThetaAlphaRatio_T8,ThetaAlphaRatio,T8,,,0.0,0.0,0.0,0.0,23
1,NEUTRO,320,ThetaAlphaRatio_P7,ThetaAlphaRatio,P7,,,0.000405041133656775,0.0019425090370294824,0.0001426143341388768,0.0006839543193394787,23
1,NEUTRO,321,ThetaAlphaRatio_P3,ThetaAlphaRatio,P3,,,0.0034645096662102364,0.013631749814764765,0.0007264212530673551,0.0025550395888518786,23
1,NEUTRO,322,ThetaAlphaRatio_CP3,ThetaAlphaRatio,CP3,,,0.0,0.0,0.0,0.0,23
1,NEUTRO,323,ThetaAlphaRatio_CPz,ThetaAlphaRatio,CPz,,,0.016297513599351242,0.07025615948599644,0.008695880656291621,0.0378798045970659,23
1,NEUTRO,324,ThetaAlphaRatio_Cz,ThetaAlphaRatio,Cz,,,0.005175384349047301,0.024820271406420326,-0.0004904333411710868,0.0023520356776718797,23
1,NEUTRO,325,ThetaAlphaRatio_FC4,ThetaAlphaRatio,FC4,,,0.006186320218284644,0.029668549516156318,-0.0020522947264295373,0.00984245974413923,23
1,NEUTRO,326,ThetaAlphaRatio_FT8,ThetaAlphaRatio,FT8,,,0.006646680350855175,0.024896710360069452,0.0027886304140368515,0.00993445433463418,23
1,NEUTRO,327,ThetaAlphaRatio_TP7,ThetaAlphaRatio,TP7,,,0.0004282274172513862,0.002053706546800987,0.00013949386243548918,0.0006689890627767671,23
1,NEUTRO,328,ThetaAlphaRatio_C3,ThetaAlphaRatio,C3,,,0.0,0.0,0.0,0.0,23
1,NEUTRO,329,ThetaAlphaRatio_FCz,ThetaAlphaRatio,FCz,,,0.005193415358829002,0.02490674509152857,0.0018202782842008142,0.008729747976571854,23
1,NEUTRO,330,ThetaAlphaRatio_Fz,ThetaAlphaRatio,Fz,,,0.01064466482622975,0.038088095556020524,0.004361069279345144,0.014512392363133465,23
1,NEUTRO,331,ThetaAlphaRatio_F4,ThetaAlphaRatio,F4,,,0.011120222148030958,0.04270718463787515,0.0050901132932352185,0.03085723815605286,23
1,NEUTRO,332,ThetaAlphaRatio_F8,ThetaAlphaRatio,F8,,,0.012514773682347446,0.06001874613292628,0.005991196994254514,0.02873277140742221,23
1,NEUTRO,333,ThetaAlphaRatio_T7,ThetaAlphaRatio,T7,,,0.01636083479198639,0.054711693133628926,0.009284658738414397,0.03039314772477234,23
1,NEUTRO,334,ThetaAlphaRatio_FT7,ThetaAlphaRatio,FT7,,,0.0,0.0,0.0,0.0,23
1,NEUTRO,335,ThetaAlphaRatio_FC3,ThetaAlphaRatio,FC3,,,0.005117411034008865,0.021076597339587614,0.0014198723241765877,0.007711737204036488,23
1,NEUTRO,336,ThetaAlphaRatio_F3,ThetaAlphaRatio,F3,,,0.0,0.0,0.0,0.0,23
1,NEUTRO,337,ThetaAlphaRatio_Fp2,ThetaAlphaRatio,Fp2,,,0.006926107525795588,0.03321644480606395,0.002848495019610517,0.013660902209047402,23
1,NEUTRO,338,ThetaAlphaRatio_F7,ThetaAlphaRatio,F7,,,0.0008559324444493318,0.004104907798916219,0.0003202600916628338,0.0015359134432556395,23
1,NEUTRO,339,ThetaAlphaRatio_Fp1,ThetaAlphaRatio,Fp1,,,0.010250382619753548,0.02706123953670541,0.0034590347467495404,0.01143691252520031,23
1,NEUTRO,340,ThetaAlphaRatio_PO5,ThetaAlphaRatio,PO5,,,0.00025257115981583943,0.0012112887301244577,0.00014202504600267958,0.0006811281927195899,23
1,NEUTRO,341,ThetaAlphaRatio_PO3,ThetaAlphaRatio,PO3,,,0.00014992591033322834,0.0007190194069374526,3.1359826686661044e-05,0.00015039644538951253,23
1,NEUTRO,342,ThetaAlphaRatio_P1,ThetaAlphaRatio,P1,,,0.006318438287976308,0.02472835885408095,0.0006865663072992446,0.004254628434602257,23
1,NEUTRO,343,ThetaAlphaRatio_POz,ThetaAlphaRatio,POz,,,0.012138254652598757,0.037570010183738504,0.006313051552047837,0.02992701734193745,23
1,NEUTRO,344,ThetaAlphaRatio_P2,ThetaAlphaRatio,P2,,,0.0007575164656440062,0.0036329213453639617,0.0003867083205102697,0.0018545879538304701,23
1,NEUTRO,345,ThetaAlphaRatio_PO4,ThetaAlphaRatio,PO4,,,0.013364236344398402,0.0640926259454674,0.013364236344398402,0.0640926259454674,23
1,NEUTRO,346,ThetaAlphaRatio_CP2,ThetaAlphaRatio,CP2,,,0.006197450303838643,0.02972192753131336,0.0027047115127847763,0.012971340734480065,23
1,NEUTRO,347,ThetaAlphaRatio_P6,ThetaAlphaRatio,P6,,,0.0,0.0,0.0,0.0,23
1,NEUTRO,348,ThetaAlphaRatio_PO6,ThetaAlphaRatio,PO6,,,0.004726773885550382,0.019606443485003195,0.0019650173295231556,0.008403058153869856,23
1,NEUTRO,349,ThetaAlphaRatio_CP6,ThetaAlphaRatio,CP6,,,0.0,0.0,0.0,0.0,23
1,NEUTRO,350,ThetaAlphaRatio_C6,ThetaAlphaRatio,C6,,,0.0,0.0,0.0,0.0,23
1,NEUTRO,351,ThetaAlphaRatio_PO8,ThetaAlphaRatio,PO8,,,0.01683700908444344,0.0483558401695737,0.010660679982416248,0.03171146464367376,23
1,NEUTRO,352,ThetaAlphaRatio_PO7,ThetaAlphaRatio,PO7,,,0.008615222025859291,0.04131715337195406,0.00524664346649513,0.025162018128200066,23
1,NEUTRO,353,ThetaAlphaRatio_P5,ThetaAlphaRatio,P5,,,0.002600886896196015,0.012473415365347825,0.0015623329515268868,0.0074926856188428466,23
1,NEUTRO,354,ThetaAlphaRatio_CP5,ThetaAlphaRatio,CP5,,,0.0033998312204691385,0.016305017741068652,0.0010526958695596129,0.005048552035695086,23
1,NEUTRO,355,ThetaAlphaRatio_CP1,ThetaAlphaRatio,CP1,,,0.0,0.0,0.0,0.0,23
1,NEUTRO,356,ThetaAlphaRatio_C1,ThetaAlphaRatio,C1,,,0.00031317396533593194,0.0015019295752389072,8.211838054074588e-05,0.0003938259180406989,23
1,NEUTRO,357,ThetaAlphaRatio_C2,ThetaAlphaRatio,C2,,,0.0,0.0,0.0,0.0,23
1,NEUTRO,358,ThetaAlphaRatio_FC2,ThetaAlphaRatio,FC2,,,0.0,0.0,0.0,0.0,23
1,NEUTRO,359,ThetaAlphaRatio_FC6,ThetaAlphaRatio,FC6,,,0.0015917829867097887,0.007633923025935676,-0.0006372485008129985,0.003056136448382749,23
1,NEUTRO,360,ThetaAlphaRatio_C5,ThetaAlphaRatio,C5,,,0.004443808718106014,0.01675898916808814,0.0025373461739685126,0.009799886812150129,23
1,NEUTRO,361,ThetaAlphaRatio_FC1,ThetaAlphaRatio,FC1,,,0.0,0.0,0.0,0.0,23
1,NEUTRO,362,ThetaAlphaRatio_F2,ThetaAlphaRatio,F2,,,0.0,0.0,0.0,0.0,23
1,NEUTRO,363,ThetaAlphaRatio_F6,ThetaAlphaRatio,F6,,,0.0,0.0,0.0,0.0,23
1,NEUTRO,364,ThetaAlphaRatio_FC5,ThetaAlphaRatio,FC5,,,0.002637314342597764,0.012648115261115117,1.1243286659723994e-05,5.39209085883457e-05,23
1,NEUTRO,365,ThetaAlphaRatio_F1,ThetaAlphaRatio,F1,,,0.006560308306129833,0.022955350026113788,0.001741030144018201,0.006562540231100863,23
1,NEUTRO,366,ThetaAlphaRatio_AF4,ThetaAlphaRatio,AF4,,,0.012862113993463467,0.04327729566965915,0.0009408881462034491,0.014344252031304539,23
1,NEUTRO,367,ThetaAlphaRatio_AF8,ThetaAlphaRatio,AF8,,,0.019671286175176213,0.07712218732321652,0.013137935261417998,0.050676603376854465,23
1,NEUTRO,368,ThetaAlphaRatio_F5,ThetaAlphaRatio,F5,,,0.004010206242632082,0.019232273513400393,0.00193516099337959,0.009280706094734996,23
1,NEUTRO,369,ThetaAlphaRatio_AF7,ThetaAlphaRatio,AF7,,,0.00430416704446467,0.0206420599934474,-0.0006283271871549074,0.0030133513311119157,23
1,NEUTRO,370,ThetaAlphaRatio_AF3,ThetaAlphaRatio,AF3,,,0.0,0.0,0.0,0.0,23
1,NEUTRO,371,ThetaAlphaRatio_Fpz,ThetaAlphaRatio,Fpz,,,0.0,0.0,0.0,0.0,23
1,NEUTRO,372,AlphaAsym_Fp2-Fp1,AlphaAsym,,,Fp2-Fp1,0.010600393422595668,0.05083770093560112,0.007584786317592138,0.036375357319499375,23
1,NEUTRO,373,AlphaAsym_AF8-AF7,AlphaAsym,,,AF8-AF7,0.026976027672077695,0.08742479591279895,0.02353288451072488,0.08480221742957939,23
1,NEUTRO,374,AlphaAsym_AF4-AF3,AlphaAsym,,,AF4-AF3,0.005851967299307416,0.021234887263921833,0.003604677755294217,0.01715548133812388,23
1,NEUTRO,375,AlphaAsym_F8-F7,AlphaAsym,,,F8-F7,0.0067196095518902805,0.024708538479239,0.004530996095168857,0.01600704231658616,23
1,NEUTRO,376,AlphaAsym_F6-F5,AlphaAsym,,,F6-F5,0.012337523627482338,0.034700723648128956,0.008557466008650077,0.02521222114722894,23
1,NEUTRO,377,AlphaAsym_F4-F3,AlphaAsym,,,F4-F3,0.006468642270013267,0.02144561620546103,0.0043941008631426266,0.014832381031784091,23
1,NEUTRO,378,AlphaAsym_F2-F1,AlphaAsym,,,F2-F1,0.013156638015798677,0.06309701933698181,0.012242311650419965,0.05871206413130264,23
1,NEUTRO,379,AlphaAsym_FC6-FC5,AlphaAsym,,,FC6-FC5,0.010087479873101912,0.03177785854414587,0.004856396172789289,0.019525775310507032,23
1,NEUTRO,380,AlphaAsym_FC4-FC3,AlphaAsym,,,FC4-FC3,0.048850965939281295,0.12494678264734317,0.043094233988041235,0.11979115192084205,23
1,NEUTRO,381,AlphaAsym_FC2-FC1,AlphaAsym,,,FC2-FC1,0.00423398551488038,0.015267441043476514,0.0019209568026580333,0.00646793669687451,23
1,NEUTRO,382,AlphaAsym_T8-T7,AlphaAsym,,,T8-T7,0.0015607120895755394,0.007484912238001636,0.0001005652522101855,0.00048229400669950177,23
1,NEUTRO,383,AlphaAsym_C6-C5,AlphaAsym,,,C6-C5,0.022100664053754892,0.07523930982741374,0.009440781434815682,0.03590359622759273,23
1,NEUTRO,384,AlphaAsym_C4-C3,AlphaAsym,,,C4-C3,0.0014471738614744813,0.005141449656551054,0.00023923198179766022,0.0010318309947138038,23
1,NEUTRO,385,AlphaAsym_C2-C1,AlphaAsym,,,C2-C1,0.007058405192335337,0.033850922125715985,0.005971554654396505,0.028638570054739555,23
1,NEUTRO,386,AlphaAsym_TP8-TP7,AlphaAsym,,,TP8-TP7,0.030439959918269133,0.08477444674201351,0.021287055105141638,0.07087136092443519,23
1,NEUTRO,387,AlphaAsym_CP6-CP5,AlphaAsym,,,CP6-CP5,0.01237086398254577,0.03420191830554674,0.006246223095660352,0.016322767002255895,23
1,NEUTRO,388,AlphaAsym_CP4-CP3,AlphaAsym,,,CP4-CP3,0.0005087867354551474,0.0016872307458917826,0.0002587540843118443,0.0008779910690714581,23
1,NEUTRO,389,AlphaAsym_CP2-CP1,AlphaAsym,,,CP2-CP1,0.01981681916263604,0.05476687702521165,0.013039906337078317,0.034646138051254285,23
1,NEUTRO,390,AlphaAsym_P8-P7,AlphaAsym,,,P8-P7,0.0052958583631829625,0.021255155831549813,0.003013233576522089,0.011418611972743853,23
1,NEUTRO,391,AlphaAsym_P6-P5,AlphaAsym,,,P6-P5,0.0014629400387664603,0.005174991805475861,0.0011753235966180467,0.004106334434965079,23
1,NEUTRO,392,AlphaAsym_P4-P3,AlphaAsym,,,P4-P3,0.0006948395728834713,0.0033323335272796976,0.0002970149232753477,0.0014244335319382212,23
1,NEUTRO,393,AlphaAsym_P2-P1,AlphaAsym,,,P2-P1,0.003976212649868765,0.013272340468896823,0.0019362471669561632,0.006147310297162946,23
1,NEUTRO,394,AlphaAsym_PO8-PO7,AlphaAsym,,,PO8-PO7,0.001535603323798342,0.007364494827575879,0.0008979758170432875,0.004306540730548694,23
1,NEUTRO,395,AlphaAsym_PO6-PO5,AlphaAsym,,,PO6-PO5,0.017411561948460684,0.06113683279221349,0.013951823366218386,0.050076293975093826,23
1,NEUTRO,396,AlphaAsym_PO4-PO3,AlphaAsym,,,PO4-PO3,0.011338827835688365,0.03997164818814523,0.006803822204901987,0.023088306330269925,23
1,NEUTRO,397,AlphaAsym_O2-O1,AlphaAsym,,,O2-O1,0.0023639407445031077,0.008781754610896753,0.001764702419288175,0.006546435612342904,23
2,SAD,0,O2_Delta,bandpower,O2,Delta,,0.0,0.0,0.0,0.0,23
2,SAD,1,O2_Theta,bandpower,O2,Theta,,0.01626925576730922,0.054067149627676586,0.010991158304397383,0.03648788624657994,23
2,SAD,2,O2_Alpha,bandpower,O2,Alpha,,0.0038030828243650412,0.015050395558924285,0.002500955317954121,0.009129191667229712,23
2,SAD,3,O2_Beta,bandpower,O2,Beta,,0.042917442977115985,0.143421213185303,0.03663834940010617,0.13301611858028803,23
2,SAD,4,O2_Gamma,bandpower,O2,Gamma,,0.023951523069667486,0.09285069650702758,0.02056635177449885,0.07737480003803165,23
2,SAD,5,O1_Delta,bandpower,O1,Delta,,0.0077875937426297335,0.027585966004800185,0.00546728242574084,0.018195117553596304,23
2,SAD,6,O1_Theta,bandpower,O1,Theta,,0.02304728594641702,0.05473128187762855,0.018796943847502513,0.04944755925704172,23
2,SAD,7,O1_Alpha,bandpower,O1,Alpha,,0.010340615970603604,0.0352045987258709,0.0099522304808556,0.03365782109799548,23
2,SAD,8,O1_Beta,bandpower,O1,Beta,,0.04196127817602528,0.11810747265693614,0.03614134745808408,0.10012993747201383,23
2,SAD,9,O1_Gamma,bandpower,O1,Gamma,,0.05317998511570268,0.12489230500892852,0.04885851150092524,0.11525590709830053,23
2,SAD,10,Oz_Delta,bandpower,Oz,Delta,,0.000447773231467332,0.002147444978766634,0.0003197209106408019,0.001533327621913407,23
2,SAD,11,Oz_Theta,bandpower,Oz,Theta,,0.006726917033422317,0.03226116076359604,0.004431997328318904,0.02125511249838956,23
2,SAD,12,Oz_Alpha,bandpower,Oz,Alpha,,0.004474676711374662,0.012821008538874325,0.0032535577968980183,0.009747714597418923,23
2,SAD,13,Oz_Beta,bandpower,Oz,Beta,,0.00624117086858706,0.015377195477661074,0.0038800076223513063,0.011776635103115569,23
2,SAD,14,Oz_Gamma,bandpower,Oz,Gamma,,0.006746258661605183,0.022209379210401628,0.006549125270319217,0.022035557541146417,23
2,SAD,15,Pz_Delta,bandpower,Pz,Delta,,0.0,0.0,0.0,0.0,23
2,SAD,16,Pz_Theta,bandpower,Pz,Theta,,0.0,0.0,0.0,0.0,23
2,SAD,17,Pz_Alpha,bandpower,Pz,Alpha,,0.0007891003295477277,0.0037843922355014488,0.0003215368321563187,0.0015420364755613842,23
2,SAD,18,Pz_Beta,bandpower,Pz,Beta,,0.001847091545241054,0.008858339859111448,0.0016123560959996602,0.007732588192000599,23
2,SAD,19,Pz_Gamma,bandpower,Pz,Gamma,,0.002929584908350203,0.01062948494133223,0.0017810584553385662,0.007956829064933772,23
2,SAD,20,P4_Delta,bandpower,P4,Delta,,0.002539101792657601,0.012177104418127159,0.002312528950089905,0.011090499237414434,23
2,SAD,21,P4_Theta,bandpower,P4,Theta,,0.0004220514029242436,0.0020240874226024456,0.0002931061474014783,0.0014056877013847542,23
2,SAD,22,P4_Alpha,bandpower,P4,Alpha,,0.009966089301220086,0.047795685234940925,0.008590575146696856,0.04119895109191557,23
2,SAD,23,P4_Beta,bandpower,P4,Beta,,0.005038811424817675,0.024165290671168883,0.004896461705780466,0.023482605401275534,23
2,SAD,24,P4_Gamma,bandpower,P4,Gamma,,0.0005439657649580432,0.002608768163188701,0.0004745766126880773,0.0022759894793564525,23
2,SAD,25,CP4_Delta,bandpower,CP4,Delta,,0.0046493533022880585,0.02229751513013116,0.0046281470320027,0.022195813430604755,23
2,SAD,26,CP4_Theta,bandpower,CP4,Theta,,0.01589122801330396,0.049080450096222965,0.014235772115628143,0.04791188470683824,23
2,SAD,27,CP4_Alpha,bandpower,CP4,Alpha,,0.007471363225687758,0.03583139927987276,0.007346622429579552,0.0352331634376539,23
2,SAD,28,CP4_Beta,bandpower,CP4,Beta,,0.012495333388181129,0.05050541663151875,0.012477355791829398,0.050420890412325954,23
2,SAD,29,CP4_Gamma,bandpower,CP4,Gamma,,0.005383530275027182,0.014555602380967269,0.004248896445133104,0.011499181106824966,23
2,SAD,30,P8_Delta,bandpower,P8,Delta,,0.0,0.0,0.0,0.0,23
2,SAD,31,P8_Theta,bandpower,P8,Theta,,0.0,0.0,0.0,0.0,23
2,SAD,32,P8_Alpha,bandpower,P8,Alpha,,0.005845141231286825,0.022542698773818492,0.0022004443608883745,0.007571495473814198,23
2,SAD,33,P8_Beta,bandpower,P8,Beta,,0.0032996244134846932,0.015824442777282132,-0.00015992362773480627,0.0007669667752131122,23
2,SAD,34,P8_Gamma,bandpower,P8,Gamma,,0.0026187331131243847,0.01255900281506478,0.0017216586926501656,0.008256785030597028,23
2,SAD,35,C4_Delta,bandpower,C4,Delta,,0.0008539866793985878,0.0040955762375489,-0.00014949233051436952,0.0007169400311742973,23
2,SAD,36,C4_Theta,bandpower,C4,Theta,,0.016257109575049035,0.06084929356732584,0.012763008047127693,0.05612866166382746,23
2,SAD,37,C4_Alpha,bandpower,C4,Alpha,,0.0,0.0,0.0,0.0,23
2,SAD,38,C4_Beta,bandpower,C4,Beta,,0.011654271530135455,0.03837787077374223,0.010561917920959075,0.0363741937612035,23
2,SAD,39,C4_Gamma,bandpower,C4,Gamma,,0.0031929838539096105,0.015313012620008244,0.001653077312082016,0.007927880283755991,23
2,SAD,40,TP8_Delta,bandpower,TP8,Delta,,0.001452004397335627,0.004813745666286348,0.0008874743358827907,0.0031348316778289516,23
2,SAD,41,TP8_Theta,bandpower,TP8,Theta,,0.00020996754705916495,0.0010069689810589901,0.00020607801360232196,0.000988315433895683,23
2,SAD,42,TP8_Alpha,bandpower,TP8,Alpha,,0.0,0.0,0.0,0.0,23
2,SAD,43,TP8_Beta,bandpower,TP8,Beta,,0.004843149926369096,0.01436332295685556,0.0038537446520689298,0.011599298361016953,23
2,SAD,44,TP8_Gamma,bandpower,TP8,Gamma,,0.0052206782446873375,0.017302549971612166,0.0027837662277855916,0.012220320182541955,23
2,SAD,45,T8_Delta,bandpower,T8,Delta,,0.0068660307764818644,0.03223192894017956,0.00311324566188092,0.01434117005439469,23
2,SAD,46,T8_Theta,bandpower,T8,Theta,,0.008440445234528504,0.03836178453793248,0.008189303113045342,0.03825595008866487,23
2,SAD,47,T8_Alpha,bandpower,T8,Alpha,,0.0,0.0,0.0,0.0,23
2,SAD,48,T8_Beta,bandpower,T8,Beta,,0.00983358801320992,0.03204145631612443,0.00890385855967315,0.02995053034573626,23
2,SAD,49,T8_Gamma,bandpower,T8,Gamma,,0.012222607506091707,0.03547664957452193,0.008853969391431054,0.030570552993438364,23
2,SAD,50,P7_Delta,bandpower,P7,Delta,,0.004186362590868911,0.009452498915222823,0.0017448377175910469,0.005769724124089455,23
2,SAD,51,P7_Theta,bandpower,P7,Theta,,0.0,0.0,0.0,0.0,23
2,SAD,52,P7_Alpha,bandpower,P7,Alpha,,0.0,0.0,0.0,0.0,23
2,SAD,53,P7_Beta,bandpower,P7,Beta,,0.006158532892360575,0.019182302896224107,0.0024942372196947358,0.01334562342219722,23
2,SAD,54,P7_Gamma,bandpower,P7,Gamma,,0.01703047369596439,0.05935482348465269,0.0150823574684526,0.05843616119867905,23
2,SAD,55,P3_Delta,bandpower,P3,Delta,,0.007098616334432286,0.02477603365563311,0.005743377895254518,0.020416787580638186,23
2,SAD,56,P3_Theta,bandpower,P3,Theta,,0.0,0.0,0.0,0.0,23
2,SAD,57,P3_Alpha,bandpower,P3,Alpha,,0.0057269571188721885,0.0199071070030698,0.0052247187444970635,0.01868607692606224,23
2,SAD,58,P3_Beta,bandpower,P3,Beta,,0.011463517356826502,0.028803702085445946,0.009163939317938017,0.02314607793593124,23
2,SAD,59,P3_Gamma,bandpower,P3,Gamma,,0.006287693640801568,0.029698208772153782,0.003231024997260387,0.015212177249914366,23
2,SAD,60,CP3_Delta,bandpower,CP3,Delta,,0.00828305417795895,0.02841201275033664,0.006989744639366145,0.027097218898242032,23
2,SAD,61,CP3_Theta,bandpower,CP3,Theta,,0.0178417889772639,0.039696136931854274,0.015080331964508722,0.03479439494535778,23
2,SAD,62,CP3_Alpha,bandpower,CP3,Alpha,,0.009100804532445274,0.03405905807670382,0.007711508066164144,0.03067140391763473,23
2,SAD,63,CP3_Beta,bandpower,CP3,Beta,,0.023566913914438017,0.06567409227907982,0.02147356978239173,0.06169994776272963,23
2,SAD,64,CP3_Gamma,bandpower,CP3,Gamma,,0.014324003203037844,0.04018702827198694,0.013039590305989892,0.03630494125774395,23
2,SAD,65,CPz_Delta,bandpower,CPz,Delta,,0.00887455481140542,0.03373957184687876,0.005365504690569576,0.017897865978113665,23
2,SAD,66,CPz_Theta,bandpower,CPz,Theta,,0.009328740549562859,0.025882986044641964,0.005027412113971825,0.017989056718635318,23
2,SAD,67,CPz_Alpha,bandpower,CPz,Alpha,,0.010541561046131197,0.050555550769961405,0.00541903877952218,0.025988797004886557,23
2,SAD,68,CPz_Beta,bandpower,CPz,Beta,,0.007360175197555614,0.027630812699269366,0.004351565667000004,0.01517191377831667,23
2,SAD,69,CPz_Gamma,bandpower,CPz,Gamma,,0.006364099414526416,0.024263442102295734,0.004763967493075429,0.01809972621528164,23
2,SAD,70,Cz_Delta,bandpower,Cz,Delta,,0.00802116957188832,0.021815596546071445,0.005574514370299609,0.0196465643211791,23
2,SAD,71,Cz_Theta,bandpower,Cz,Theta,,0.0020879493593230743,0.006399484294038829,0.0019549888152040474,0.006159280474452173,23
2,SAD,72,Cz_Alpha,bandpower,Cz,Alpha,,0.003941048597933954,0.018160284439059874,0.0018234526274116365,0.008877040128674357,23
2,SAD,73,Cz_Beta,bandpower,Cz,Beta,,0.014889399340462522,0.06628352146033824,0.01182493937919983,0.05236048428539543,23
2,SAD,74,Cz_Gamma,bandpower,Cz,Gamma,,0.01683057339983465,0.045176607800771484,0.00656559426587367,0.027811364898032948,23
2,SAD,75,FC4_Delta,bandpower,FC4,Delta,,0.025100558531720822,0.051042698815382134,0.015113799300472299,0.031767458185098185,23
2,SAD,76,FC4_Theta,bandpower,FC4,Theta,,0.006726504745464136,0.02291494883593239,0.0031706738722323273,0.013639124313780015,23
2,SAD,77,FC4_Alpha,bandpower,FC4,Alpha,,0.001190713194832753,0.0057104598750033165,0.0010866940205606554,0.005211601440000232,23
2,SAD,78,FC4_Beta,bandpower,FC4,Beta,,0.031518248822754516,0.09712341698120772,0.026972441654613086,0.08841133660053806,23
2,SAD,79,FC4_Gamma,bandpower,FC4,Gamma,,0.05205069657917141,0.1079918222238692,0.035844716506005646,0.08746269538609072,23
2,SAD,80,FT8_Delta,bandpower,FT8,Delta,,0.011637935265188512,0.0373392192277686,0.009720741701727516,0.035123705588773896,23
2,SAD,81,FT8_Theta,bandpower,FT8,Theta,,0.03663301698695505,0.10670306765097043,0.034674697168697685,0.10672751597956927,23
2,SAD,82,FT8_Alpha,bandpower,FT8,Alpha,,0.029406149070136108,0.12498896055558141,0.028159986066811665,0.12490848432864687,23
2,SAD,83,FT8_Beta,bandpower,FT8,Beta,,0.06868070784063694,0.16882025736788134,0.06343471485127486,0.16567947416680637,23
2,SAD,84,FT8_Gamma,bandpower,FT8,Gamma,,0.032056686854615886,0.087330207526919,0.02736057651921585,0.08455973570529934,23
2,SAD,85,TP7_Delta,bandpower,TP7,Delta,,0.003752900943246583,0.017998280647492003,0.003447036993841428,0.016531408677089833,23
2,SAD,86,TP7_Theta,bandpower,TP7,Theta,,0.00075573659600505,0.003624385390442069,0.0005968166061098314,0.0028622318932180397,23
2,SAD,87,TP7_Alpha,bandpower,TP7,Alpha,,0.004091584263298115,0.014330355005526148,0.0023198383594854534,0.0075515520155259724,23
2,SAD,88,TP7_Beta,bandpower,TP7,Beta,,0.016187244588679175,0.05738180974726462,0.004527769501574383,0.012371529862724084,23
2,SAD,89,TP7_Gamma,bandpower,TP7,Gamma,,0.0033603133255489465,0.011332267150862932,0.001312914805119195,0.006616293815981472,23
2,SAD,90,C3_Delta,bandpower,C3,Delta,,0.004980513295669054,0.01598377665037013,0.004345312880436386,0.015323638194268142,23
2,SAD,91,C3_Theta,bandpower,C3,Theta,,0.019609889359721144,0.06982799859968453,0.0195532247279733,0.0698284851971049,23
2,SAD,92,C3_Alpha,bandpower,C3,Alpha,,0.0005363145302116707,0.002572074130399782,0.00045277054541383065,0.0021714112545231424,23
2,SAD,93,C3_Beta,bandpower,C3,Beta,,0.0035582402236592975,0.011982366360135107,0.003220125329917167,0.010807160746829457,23
2,SAD,94,C3_Gamma,bandpower,C3,Gamma,,0.0,0.0,0.0,0.0,23
2,SAD,95,FCz_Delta,bandpower,FCz,Delta,,0.014336430878345255,0.051019642716023376,0.013713807260874997,0.04996356728185198,23
2,SAD,96,FCz_Theta,bandpower,FCz,Theta,,0.016366749385948634,0.05211377851614962,0.014733141375055894,0.049182274692609024,23
2,SAD,97,FCz_Alpha,bandpower,FCz,Alpha,,0.015248038469138745,0.05963529715675998,0.012590159921576496,0.05825804801111642,23
2,SAD,98,FCz_Beta,bandpower,FCz,Beta,,0.021675902425048688,0.06523688429240901,0.014147110414106545,0.059211463553261415,23
2,SAD,99,FCz_Gamma,bandpower,FCz,Gamma,,0.015334045482118986,0.05971548714891897,0.013626570938441928,0.058564159430974295,23
2,SAD,100,Fz_Delta,bandpower,Fz,Delta,,0.007750732441298911,0.026248206414223076,0.005307785937151587,0.019661926398048188,23
2,SAD,101,Fz_Theta,bandpower,Fz,Theta,,0.0,0.0,0.0,0.0,23
2,SAD,102,Fz_Alpha,bandpower,Fz,Alpha,,0.006449414182687562,0.023039507148778195,0.0025080997758603124,0.00833682759641054,23
2,SAD,103,Fz_Beta,bandpower,Fz,Beta,,0.011126887969039856,0.04634015700408042,0.008090304263332026,0.037742829342912204,23
2,SAD,104,Fz_Gamma,bandpower,Fz,Gamma,,0.0,0.0,0.0,0.0,23
2,SAD,105,F4_Delta,bandpower,F4,Delta,,0.012053339528608731,0.03344415556682966,0.003681920495657251,0.015578911476275322,23
2,SAD,106,F4_Theta,bandpower,F4,Theta,,0.0021330646761385736,0.009539579940029706,0.001993500365353764,0.00926225273176195,23
2,SAD,107,F4_Alpha,bandpower,F4,Alpha,,0.004161753966162035,0.016714688141565126,0.003080818327048747,0.01571922709868675,23
2,SAD,108,F4_Beta,bandpower,F4,Beta,,0.014644356492171513,0.042532397571578257,0.011925867000794177,0.03331205500559231,23
2,SAD,109,F4_Gamma,bandpower,F4,Gamma,,0.007618146778908307,0.01957059157783842,0.0033336876398815615,0.0075415235451615275,23
2,SAD,110,F8_Delta,bandpower,F8,Delta,,0.015210602908985382,0.04292362301155815,0.009472367000578064,0.030614538290596995,23
2,SAD,111,F8_Theta,bandpower,F8,Theta,,0.009806202720963367,0.04620492200029182,0.008197484594181601,0.03865352451046134,23
2,SAD,112,F8_Alpha,bandpower,F8,Alpha,,0.006629792573300417,0.03179536821605869,0.005665440093512597,0.027170496193907472,23
2,SAD,113,F8_Beta,bandpower,F8,Beta,,0.02595902173612858,0.08036353869792373,0.01695791867053642,0.052873207789828285,23
2,SAD,114,F8_Gamma,bandpower,F8,Gamma,,0.022991022431768343,0.06363738417680115,0.01174084797056646,0.03798808324041652,23
2,SAD,115,T7_Delta,bandpower,T7,Delta,,0.01896764778384226,0.06813913050233482,0.01820649703733834,0.06652421826113451,23
2,SAD,116,T7_Theta,bandpower,T7,Theta,,0.016542505570749867,0.04010532406839195,0.010095386524907981,0.030576051130523814,23
2,SAD,117,T7_Alpha,bandpower,T7,Alpha,,0.010470599219964714,0.036803970704102455,0.009101259616304968,0.031133744814595868,23
2,SAD,118,T7_Beta,bandpower,T7,Beta,,0.04477135317299239,0.09629704235274973,0.03632172520436011,0.07375251168613398,23
2,SAD,119,T7_Gamma,bandpower,T7,Gamma,,0.062132718382950765,0.2446289488321129,0.04384104671206757,0.15860841716650492,23
2,SAD,120,FT7_Delta,bandpower,FT7,Delta,,0.008416839370671902,0.031085271337091776,0.0072291750608080236,0.026688015324816298,23
2,SAD,121,FT7_Theta,bandpower,FT7,Theta,,0.010885886047625668,0.03048805724340465,0.0072752500822338565,0.024246554438269185,23
2,SAD,122,FT7_Alpha,bandpower,FT7,Alpha,,0.017517708022307538,0.05886926372601127,0.01312742708136137,0.05019606141610526,23
2,SAD,123,FT7_Beta,bandpower,FT7,Beta,,0.011442742476717048,0.027531527458304762,0.0100692774811873,0.02535225489011284,23
2,SAD,124,FT7_Gamma,bandpower,FT7,Gamma,,0.0032911215503268554,0.015783664478111366,0.0018730415765995077,0.008982791837531274,23
2,SAD,125,FC3_Delta,bandpower,FC3,Delta,,0.006453094592195242,0.030947954468168778,0.00567040887324552,0.027194325624383023,23
2,SAD,126,FC3_Theta,bandpower,FC3,Theta,,0.004187124520851008,0.011517866412669626,0.0010544784480050104,0.009224588995951397,23
2,SAD,127,FC3_Alpha,bandpower,FC3,Alpha,,0.0,0.0,0.0,0.0,23
2,SAD,128,FC3_Beta,bandpower,FC3,Beta,,0.005539261128695799,0.020777612584072413,0.0036998416647116826,0.012676554705094352,23
2,SAD,129,FC3_Gamma,bandpower,FC3,Gamma,,0.011866628206195502,0.03868247756871485,0.008633623630738553,0.028611047024798813,23
2,SAD,130,F3_Delta,bandpower,F3,Delta,,0.0,0.0,0.0,0.0,23
2,SAD,131,F3_Theta,bandpower,F3,Theta,,0.00188186460565039,0.00901883716702464,0.0009473513010720849,0.0045389431920176936,23
2,SAD,132,F3_Alpha,bandpower,F3,Alpha,,0.006411134290770282,0.030746719931867252,0.006181387784105744,0.02964489439283449,23
2,SAD,133,F3_Beta,bandpower,F3,Beta,,0.0,0.0,0.0,0.0,23
2,SAD,134,F3_Gamma,bandpower,F3,Gamma,,0.01678313456173262,0.047435859716813654,0.010131111007141489,0.030917432490952888,23
2,SAD,135,Fp2_Delta,bandpower,Fp2,Delta,,0.023942895069660252,0.05925524538699314,0.008245885776842675,0.021410784986205984,23
2,SAD,136,Fp2_Theta,bandpower,Fp2,Theta,,0.00885335290066428,0.025054219378562347,0.004008567089827736,0.01634377875775924,23
2,SAD,137,Fp2_Alpha,bandpower,Fp2,Alpha,,0.0023454312575299755,0.011248293160625247,0.001961786180949907,0.009408396008598836,23
2,SAD,138,Fp2_Beta,bandpower,Fp2,Beta,,0.06358915050794232,0.1227922269382456,0.05448496977294469,0.11932957260378124,23
2,SAD,139,Fp2_Gamma,bandpower,Fp2,Gamma,,0.056003552158623834,0.11021553913404736,0.05311989276919311,0.10542480300451382,23
2,SAD,140,F7_Delta,bandpower,F7,Delta,,0.025349451427360913,0.08188783983282659,0.022591908041891203,0.07477831250065643,23
2,SAD,141,F7_Theta,bandpower,F7,Theta,,0.0226728028303231,0.07252211893144991,0.018705665396235603,0.060140618103470336,23
2,SAD,142,F7_Alpha,bandpower,F7,Alpha,,0.024364449224000294,0.06154610994015542,0.015773902639373553,0.04646723152273104,23
2,SAD,143,F7_Beta,bandpower,F7,Beta,,0.014331852103423108,0.06026891742487226,0.014064431103685951,0.060155422292468,23
2,SAD,144,F7_Gamma,bandpower,F7,Gamma,,0.014293798934632087,0.06208206878420257,0.01337153382400948,0.058571154544746096,23
2,SAD,145,Fp1_Delta,bandpower,Fp1,Delta,,0.02281953786104707,0.05657805655892082,0.016524237184575356,0.04588996659977484,23
2,SAD,146,Fp1_Theta,bandpower,Fp1,Theta,,0.038330098442018005,0.11576381717878051,0.0365067363013361,0.11275234691959324,23
2,SAD,147,Fp1_Alpha,bandpower,Fp1,Alpha,,0.04556726493675934,0.15002018880816484,0.04506023242661383,0.1486755569971879,23
2,SAD,148,Fp1_Beta,bandpower,Fp1,Beta,,0.045281976712715964,0.11719811725898063,0.039633579797212895,0.10960067205757056,23
2,SAD,149,Fp1_Gamma,bandpower,Fp1,Gamma,,0.040080708784740966,0.09362579436829249,0.027237469586089393,0.06184333238261372,23
2,SAD,150,PO5_Delta,bandpower,PO5,Delta,,0.02044120395494172,0.04270605114471182,0.015190563380544532,0.039915569302349393,23
2,SAD,151,PO5_Theta,bandpower,PO5,Theta,,0.0169519373937383,0.07509724044435181,0.016666574396824504,0.0739080002497098,23
2,SAD,152,PO5_Alpha,bandpower,PO5,Alpha,,0.023444030263705933,0.0924661536571794,0.02255108416842361,0.09245057759846936,23
2,SAD,153,PO5_Beta,bandpower,PO5,Beta,,0.0437236134371911,0.12568667560625793,0.0321750856882607,0.1056122158038258,23
2,SAD,154,PO5_Gamma,bandpower,PO5,Gamma,,0.021656850343997076,0.1015555934260022,0.01961036743475971,0.09254474326333818,23
2,SAD,155,PO3_Delta,bandpower,PO3,Delta,,0.008289212602403017,0.02746751310245046,0.004382872383808273,0.01579820477893615,23
2,SAD,156,PO3_Theta,bandpower,PO3,Theta,,0.016579622430166002,0.055190502004254044,0.01135699801633259,0.03805324557526043,23
2,SAD,157,PO3_Alpha,bandpower,PO3,Alpha,,0.004684605733951801,0.013503180476720432,0.004070627225232795,0.012324977747624932,23
2,SAD,158,PO3_Beta,bandpower,PO3,Beta,,0.0332722931882558,0.07733552430894734,0.028253717622358634,0.07406172248131217,23
2,SAD,159,PO3_Gamma,bandpower,PO3,Gamma,,0.046666540548823666,0.11686832535549017,0.03199765060037783,0.09815520330109322,23
2,SAD,160,P1_Delta,bandpower,P1,Delta,,0.006607716441103617,0.030862218565852976,0.0027631739049464115,0.013232159098061474,23
2,SAD,161,P1_Theta,bandpower,P1,Theta,,0.0038358967172463015,0.012893047867074783,0.0023431742264744698,0.00914994304126514,23
2,SAD,162,P1_Alpha,bandpower,P1,Alpha,,0.00320677902071114,0.012362212187179105,0.0025756303867076114,0.010464984278632808,23
2,SAD,163,P1_Beta,bandpower,P1,Beta,,0.023702429179287138,0.06192883831703867,0.013220828516005773,0.031828184655841536,23
2,SAD,164,P1_Gamma,bandpower,P1,Gamma,,0.014047652135275576,0.04080091317251509,0.009259930645062515,0.028137866359250478,23
2,SAD,165,POz_Delta,bandpower,POz,Delta,,0.012162170465674624,0.0583277205111853,0.00861978648730138,0.04133904376002497,23
2,SAD,166,POz_Theta,bandpower,POz,Theta,,0.0012938109600567347,0.006204899387447582,0.0009044458714118125,0.004337570021246814,23
2,SAD,167,POz_Alpha,bandpower,POz,Alpha,,0.002265264945153414,0.009271107007053945,0.0011375650090020152,0.004367619614091514,23
2,SAD,168,POz_Beta,bandpower,POz,Beta,,0.014699254978644686,0.039418034597158716,0.01003695043043294,0.02804709904584175,23
2,SAD,169,POz_Gamma,bandpower,POz,Gamma,,0.037008155111642856,0.11361944493679484,0.028636119703028557,0.08714247109396958,23
2,SAD,170,P2_Delta,bandpower,P2,Delta,,0.010750040866574053,0.05155538486481582,0.00794738206362041,0.03811430542852085,23
2,SAD,171,P2_Theta,bandpower,P2,Theta,,0.0,0.0,0.0,0.0,23
2,SAD,172,P2_Alpha,bandpower,P2,Alpha,,0.006999030751958053,0.032624735255247755,0.006698888676779612,0.03143338676128805,23
2,SAD,173,P2_Beta,bandpower,P2,Beta,,0.0,0.0,0.0,0.0,23
2,SAD,174,P2_Gamma,bandpower,P2,Gamma,,0.03212905844778882,0.0991057543502543,0.015178222775760076,0.05413924020774502,23
2,SAD,175,PO4_Delta,bandpower,PO4,Delta,,0.0,0.0,0.0,0.0,23
2,SAD,176,PO4_Theta,bandpower,PO4,Theta,,0.0,0.0,0.0,0.0,23
2,SAD,177,PO4_Alpha,bandpower,PO4,Alpha,,0.0066137560952076,0.02199468421265459,0.004766757822627667,0.01698315744504983,23
2,SAD,178,PO4_Beta,bandpower,PO4,Beta,,0.006775122756246491,0.018300962582574597,0.003672833980637989,0.01384545444426425,23
2,SAD,179,PO4_Gamma,bandpower,PO4,Gamma,,0.012930151843486629,0.04451343741872212,0.01148681083695389,0.03871200550016503,23
2,SAD,180,CP2_Delta,bandpower,CP2,Delta,,0.004901571439424881,0.022392091532151298,0.0044494428980664524,0.02103932202173344,23
2,SAD,181,CP2_Theta,bandpower,CP2,Theta,,0.01855077732454067,0.07055157727396896,0.017710249905594118,0.07059207909345663,23
2,SAD,182,CP2_Alpha,bandpower,CP2,Alpha,,0.01481019737763459,0.03478641595041173,0.005294240560654806,0.01561656485628678,23
2,SAD,183,CP2_Beta,bandpower,CP2,Beta,,0.03027545830475974,0.07152836136497838,0.02482821745702779,0.0630779712523192,23
2,SAD,184,CP2_Gamma,bandpower,CP2,Gamma,,0.03173832190041008,0.10519535823485872,0.029218028082227742,0.10495363530957381,23
2,SAD,185,P6_Delta,bandpower,P6,Delta,,0.0,0.0,0.0,0.0,23
2,SAD,186,P6_Theta,bandpower,P6,Theta,,0.006415714030659205,0.02919873908467797,0.005527205719326226,0.02557745428462699,23
2,SAD,187,P6_Alpha,bandpower,P6,Alpha,,0.0037461514279247122,0.015076817118589528,0.0029400574404942863,0.012684757177801424,23
2,SAD,188,P6_Beta,bandpower,P6,Beta,,0.0,0.0,0.0,0.0,23
2,SAD,189,P6_Gamma,bandpower,P6,Gamma,,0.016178576909666863,0.07386357982339835,0.015582525346317289,0.07390768035038119,23
2,SAD,190,PO6_Delta,bandpower,PO6,Delta,,0.0,0.0,0.0,0.0,23
2,SAD,191,PO6_Theta,bandpower,PO6,Theta,,0.0009013185912656298,0.0043225721125395205,0.0006611113058880835,0.003170578441196508,23
2,SAD,192,PO6_Alpha,bandpower,PO6,Alpha,,0.0,0.0,0.0,0.0,23
2,SAD,193,PO6_Beta,bandpower,PO6,Beta,,0.00587836150300517,0.02819163140154014,0.005032580065214425,0.02413540612035052,23
2,SAD,194,PO6_Gamma,bandpower,PO6,Gamma,,0.012207455181345495,0.03949765529198394,0.011077136033044856,0.03562724629304763,23
2,SAD,195,CP6_Delta,bandpower,CP6,Delta,,0.0,0.0,0.0,0.0,23
2,SAD,196,CP6_Theta,bandpower,CP6,Theta,,0.01208400663249829,0.04548721289277963,-0.00441579390641771,0.02885960352868934,23
2,SAD,197,CP6_Alpha,bandpower,CP6,Alpha,,0.013050845184610112,0.06211559821121814,-0.007898495069541182,0.03797207232071498,23
2,SAD,198,CP6_Beta,bandpower,CP6,Beta,,0.028737860317226954,0.07642528809608151,0.0043673803912028155,0.052644953190158085,23
2,SAD,199,CP6_Gamma,bandpower,CP6,Gamma,,0.010163617467278016,0.0487429970404637,-0.001887737631693044,0.009053271641817198,23
2,SAD,200,C6_Delta,bandpower,C6,Delta,,0.007276907926765565,0.027365054882105895,0.005839312116723489,0.02177439541214102,23
2,SAD,201,C6_Theta,bandpower,C6,Theta,,0.01162335958878582,0.040142102655099494,0.009572254178418447,0.03686998154412366,23
2,SAD,202,C6_Alpha,bandpower,C6,Alpha,,0.007829050311076608,0.02634624462363079,0.0064045738297457315,0.021662777766861718,23
2,SAD,203,C6_Beta,bandpower,C6,Beta,,0.05803590367459211,0.1315758526885971,0.05417687987055731,0.12612273839747112,23
2,SAD,204,C6_Gamma,bandpower,C6,Gamma,,0.06605654778584555,0.16282024119675476,0.05403732397832895,0.16169881570575545,23
2,SAD,205,PO8_Delta,bandpower,PO8,Delta,,0.0032188317017095383,0.01543697454329693,0.002108661413430917,0.010112784878525146,23
2,SAD,206,PO8_Theta,bandpower,PO8,Theta,,0.0038668145643226265,0.013110635759945966,0.002518715097203322,0.008942836852224051,23
2,SAD,207,PO8_Alpha,bandpower,PO8,Alpha,,0.0026270620605805396,0.008656769532649919,0.002036321516959002,0.006915541143596111,23
2,SAD,208,PO8_Beta,bandpower,PO8,Beta,,0.00043888263887563347,0.0021048071945544353,0.0004388408996651236,0.002104607020332914,23
2,SAD,209,PO8_Gamma,bandpower,PO8,Gamma,,0.01773415137020471,0.044947144100532035,0.012817637137765268,0.033932271508565134,23
2,SAD,210,PO7_Delta,bandpower,PO7,Delta,,0.011312510584200124,0.03477749311970436,0.008786405125829238,0.028217423558288247,23
2,SAD,211,PO7_Theta,bandpower,PO7,Theta,,0.014247635348589627,0.04853234499486965,0.013328427637227415,0.04653199556102604,23
2,SAD,212,PO7_Alpha,bandpower,PO7,Alpha,,0.007839421559586841,0.02368411430375118,0.006860846525426182,0.02089116450056122,23
2,SAD,213,PO7_Beta,bandpower,PO7,Beta,,0.05476685811932486,0.11415194111594971,0.045485320679468956,0.10545974720465971,23
2,SAD,214,PO7_Gamma,bandpower,PO7,Gamma,,0.04599303340620338,0.09548122569864098,0.03728792753750077,0.07774789583290444,23
2,SAD,215,P5_Delta,bandpower,P5,Delta,,0.012935305922372098,0.05095646230501465,0.010298474716412686,0.039096236963903984,23
2,SAD,216,P5_Theta,bandpower,P5,Theta,,0.007160834186847009,0.02675333241728762,0.006835289408034156,0.02579000472873044,23
2,SAD,217,P5_Alpha,bandpower,P5,Alpha,,0.001377000577913024,0.006603862779175113,0.001283633293675328,0.006156089014181871,23
2,SAD,218,P5_Beta,bandpower,P5,Beta,,0.003974048522477134,0.016181927054800066,0.0029540536916439126,0.012699869580001749,23
2,SAD,219,P5_Gamma,bandpower,P5,Gamma,,0.0,0.0,0.0,0.0,23
2,SAD,220,CP5_Delta,bandpower,CP5,Delta,,0.0036992921054370713,0.016167597079617152,0.0030426767761744674,0.013169443846075829,23
2,SAD,221,CP5_Theta,bandpower,CP5,Theta,,0.0,0.0,0.0,0.0,23
2,SAD,222,CP5_Alpha,bandpower,CP5,Alpha,,0.0,0.0,0.0,0.0,23
2,SAD,223,CP5_Beta,bandpower,CP5,Beta,,0.0024864403585973817,0.009560705412034682,0.0012568817112021658,0.005448617772713444,23
2,SAD,224,CP5_Gamma,bandpower,CP5,Gamma,,0.010765268471786927,0.04291633215550268,0.009675941661685575,0.042331356550035636,23
2,SAD,225,CP1_Delta,bandpower,CP1,Delta,,0.009279825466234865,0.02107362189591493,0.006289128712508021,0.014554109331557596,23
2,SAD,226,CP1_Theta,bandpower,CP1,Theta,,0.017191064925649948,0.07940874319894431,0.0032088810285681017,0.013490439783220716,23
2,SAD,227,CP1_Alpha,bandpower,CP1,Alpha,,0.0,0.0,0.0,0.0,23
2,SAD,228,CP1_Beta,bandpower,CP1,Beta,,0.0031023519009176093,0.01070725683949928,0.0027034287369270245,0.009154064713744919,23
2,SAD,229,CP1_Gamma,bandpower,CP1,Gamma,,0.0012674366003070732,0.005159078118709222,0.0009279000362111295,0.003936523414303345,23
2,SAD,230,C1_Delta,bandpower,C1,Delta,,0.006599813655200141,0.022040748490751914,0.005172400959843236,0.018564606139857668,23
2,SAD,231,C1_Theta,bandpower,C1,Theta,,0.0035923798226696678,0.015771804488187602,0.003248534234231613,0.015527398060259509,23
2,SAD,232,C1_Alpha,bandpower,C1,Alpha,,0.003001550808012147,0.014394931983889423,0.00041400645380562895,0.0019855052020159468,23
2,SAD,233,C1_Beta,bandpower,C1,Beta,,0.0004882867179894827,0.0023417408345488694,0.0004508947500050279,0.0021624152557703203,23
2,SAD,234,C1_Gamma,bandpower,C1,Gamma,,0.03724787881542541,0.12723467807682307,0.03243808135464287,0.1264515469742346,23
2,SAD,235,C2_Delta,bandpower,C2,Delta,,0.0067654880939596665,0.022712941942509713,0.005255953126924019,0.01770183513141006,23
2,SAD,236,C2_Theta,bandpower,C2,Theta,,0.0,0.0,0.0,0.0,23
2,SAD,237,C2_Alpha,bandpower,C2,Alpha,,0.0,0.0,0.0,0.0,23
2,SAD,238,C2_Beta,bandpower,C2,Beta,,0.0026692038570074565,0.012801051999584256,0.0026692038570074565,0.012801051999584256,23
2,SAD,239,C2_Gamma,bandpower,C2,Gamma,,0.0018698987995311052,0.006473237409008371,0.0016959514182918092,0.00635186723695303,23
2,SAD,240,FC2_Delta,bandpower,FC2,Delta,,0.010444548094092284,0.039029768548437274,0.0022361435493518404,0.006761683727624936,23
2,SAD,241,FC2_Theta,bandpower,FC2,Theta,,0.0,0.0,0.0,0.0,23
2,SAD,242,FC2_Alpha,bandpower,FC2,Alpha,,0.007939136378815203,0.02938213663573782,0.0029380843675256316,0.01034938442640497,23
2,SAD,243,FC2_Beta,bandpower,FC2,Beta,,0.0091307784812328,0.0429845836268582,-0.00105639625777693,0.0057435593840837315,23
2,SAD,244,FC2_Gamma,bandpower,FC2,Gamma,,0.003990090774438666,0.019135803116932217,0.0028977551266096673,0.013897145383035681,23
2,SAD,245,FC6_Delta,bandpower,FC6,Delta,,0.0032722238492599587,0.0156930342876166,0.0032428188221617425,0.015552012731715109,23
2,SAD,246,FC6_Theta,bandpower,FC6,Theta,,0.0028323621030079344,0.013583531459041759,0.0027580361188638994,0.013227076561282554,23
2,SAD,247,FC6_Alpha,bandpower,FC6,Alpha,,0.007950653332333127,0.0266876626461383,0.007688882177977245,0.02574199123865342,23
2,SAD,248,FC6_Beta,bandpower,FC6,Beta,,0.0021949500464162513,0.010526610624699777,0.0013731531704388677,0.006585411261127524,23
2,SAD,249,FC6_Gamma,bandpower,FC6,Gamma,,0.015039454731872287,0.05105458052240675,0.012887685859234251,0.05040448902113446,23
2,SAD,250,C5_Delta,bandpower,C5,Delta,,0.0019519209014486236,0.009361083790180288,0.0016755080995117346,0.008035454561204162,23
2,SAD,251,C5_Theta,bandpower,C5,Theta,,0.006502573441905336,0.01826602638839156,0.0044538245710858786,0.011762695258944203,23
2,SAD,252,C5_Alpha,bandpower,C5,Alpha,,0.009336932211637412,0.03788881580595481,0.00876116668265614,0.035364520562790526,23
2,SAD,253,C5_Beta,bandpower,C5,Beta,,0.041839213313139244,0.13395677903123093,0.03882889750577667,0.13253769443946029,23
2,SAD,254,C5_Gamma,bandpower,C5,Gamma,,0.02784548698330671,0.08772157717405765,0.02407079730382125,0.07751526353396773,23
2,SAD,255,FC1_Delta,bandpower,FC1,Delta,,0.0,0.0,0.0,0.0,23
2,SAD,256,FC1_Theta,bandpower,FC1,Theta,,0.0002951208495696834,0.0014153498735531187,0.00024577517755890144,0.0011786963441847607,23
2,SAD,257,FC1_Alpha,bandpower,FC1,Alpha,,0.0019780033357632647,0.00948617075087118,0.0006007197100132478,0.0028809505219568095,23
2,SAD,258,FC1_Beta,bandpower,FC1,Beta,,0.0004927224948190628,0.0023630140728985493,0.0004815732472304179,0.002309544159851708,23
2,SAD,259,FC1_Gamma,bandpower,FC1,Gamma,,0.005621914616796113,0.018414440432594662,-0.001171010006716819,0.005148593683162793,23
2,SAD,260,F2_Delta,bandpower,F2,Delta,,0.009186822506406686,0.03528513120138758,0.0054298618526811195,0.019447399639379737,23
2,SAD,261,F2_Theta,bandpower,F2,Theta,,0.005324221625928919,0.025534069910733214,0.004476402840126717,0.0214680738517263,23
2,SAD,262,F2_Alpha,bandpower,F2,Alpha,,0.00881549461456293,0.024412077599612517,0.0076161323244466885,0.02226577220204405,23
2,SAD,263,F2_Beta,bandpower,F2,Beta,,0.024501299775220964,0.1013778853500783,0.02202653247943338,0.10114428897494426,23
2,SAD,264,F2_Gamma,bandpower,F2,Gamma,,0.024964918625128656,0.06288162806780341,0.018632945723239303,0.0500248081269824,23
2,SAD,265,F6_Delta,bandpower,F6,Delta,,0.007297399355665347,0.023721670753280456,0.004423693199877477,0.013782507671019722,23
2,SAD,266,F6_Theta,bandpower,F6,Theta,,0.012565824302002456,0.03441237436665326,0.009951915299698558,0.027438881898530495,23
2,SAD,267,F6_Alpha,bandpower,F6,Alpha,,0.002145618234147192,0.010290023564317675,0.002145618234147192,0.010290023564317675,23
2,SAD,268,F6_Beta,bandpower,F6,Beta,,0.05158301748628421,0.12338950960647403,0.038050453541728715,0.10036056051100518,23
2,SAD,269,F6_Gamma,bandpower,F6,Gamma,,0.02628997184611418,0.08100031132735716,0.025661810513222433,0.07875365505402793,23
2,SAD,270,FC5_Delta,bandpower,FC5,Delta,,0.014478383451780376,0.04812646361502374,0.012986812276013305,0.04422637755206128,23
2,SAD,271,FC5_Theta,bandpower,FC5,Theta,,0.022932794819206886,0.08597473620067658,0.02166448286158933,0.08305744589676647,23
2,SAD,272,FC5_Alpha,bandpower,FC5,Alpha,,0.019925072992383913,0.06147053981791549,0.01601777885798467,0.0580876697353929,23
2,SAD,273,FC5_Beta,bandpower,FC5,Beta,,0.09120078806838765,0.21859849009070942,0.08536897277034697,0.2085866601373589,23
2,SAD,274,FC5_Gamma,bandpower,FC5,Gamma,,0.1098759962287113,0.27841995055091984,0.08961453354918512,0.2546953471182006,23
2,SAD,275,F1_Delta,bandpower,F1,Delta,,0.008277002189545982,0.03467811645619892,0.004663248373935851,0.01828366194789237,23
2,SAD,276,F1_Theta,bandpower,F1,Theta,,0.00452566749976954,0.021704338859426617,0.002760404793475765,0.01323843632565461,23
2,SAD,277,F1_Alpha,bandpower,F1,Alpha,,0.003798249739582644,0.01821576583450477,0.003417834975992235,0.01639136071934433,23
2,SAD,278,F1_Beta,bandpower,F1,Beta,,0.0,0.0,0.0,0.0,23
2,SAD,279,F1_Gamma,bandpower,F1,Gamma,,0.005941605201753722,0.028166678084656654,-0.0002918554800074566,0.0016570437649092104,23
2,SAD,280,AF4_Delta,bandpower,AF4,Delta,,0.0222115578560992,0.08695196140792877,0.02018227365947338,0.08080585945455845,23
2,SAD,281,AF4_Theta,bandpower,AF4,Theta,,0.005848216784916848,0.028047062412270788,0.0057883358409943075,0.027759883493761347,23
2,SAD,282,AF4_Alpha,bandpower,AF4,Alpha,,0.0011560338076486445,0.005544143376736601,0.0009791780334307437,0.004695972879662516,23
2,SAD,283,AF4_Beta,bandpower,AF4,Beta,,0.04405083310151041,0.09882683620705952,0.015979675674321684,0.05851640702307457,23
2,SAD,284,AF4_Gamma,bandpower,AF4,Gamma,,0.047832948361315124,0.0929302418661634,0.03303371343684538,0.07752582878445419,23
2,SAD,285,AF8_Delta,bandpower,AF8,Delta,,0.03926771995389696,0.18659368324620904,0.03841618179559014,0.1835837708720557,23
2,SAD,286,AF8_Theta,bandpower,AF8,Theta,,0.017724122159041837,0.08500190377337835,0.017509924156153062,0.08397464623889371,23
2,SAD,287,AF8_Alpha,bandpower,AF8,Alpha,,0.0034065423124293665,0.014082445401887252,0.003074980247970043,0.01317154789960814,23
2,SAD,288,AF8_Beta,bandpower,AF8,Beta,,0.06760443464888226,0.15224301167038834,0.06491352292776567,0.1497245344472331,23
2,SAD,289,AF8_Gamma,bandpower,AF8,Gamma,,0.11384631403869289,0.22718823947062525,0.1083476804125131,0.22673311517933492,23
2,SAD,290,F5_Delta,bandpower,F5,Delta,,0.00794563140232203,0.022046231701941532,0.0032568197255535684,0.01253279326795523,23
2,SAD,291,F5_Theta,bandpower,F5,Theta,,0.005405367792007626,0.018173285017763614,0.003224745125408021,0.012403039573907352,23
2,SAD,292,F5_Alpha,bandpower,F5,Alpha,,0.018390116739879128,0.06369198020909753,0.014039450021956027,0.05686253657889651,23
2,SAD,293,F5_Beta,bandpower,F5,Beta,,0.032170375578141085,0.10323664268536638,0.02782298036914514,0.09339856572451756,23
2,SAD,294,F5_Gamma,bandpower,F5,Gamma,,0.011817813726048098,0.035222918277798505,0.009280927957544392,0.033006640220926226,23
2,SAD,295,AF7_Delta,bandpower,AF7,Delta,,0.018225397506054532,0.05288084647496279,0.01505159205766845,0.043022167360775875,23
2,SAD,296,AF7_Theta,bandpower,AF7,Theta,,0.0017589634715741884,0.006579085585846146,0.0016971765835131956,0.006503406968476209,23
2,SAD,297,AF7_Alpha,bandpower,AF7,Alpha,,0.007264333371886409,0.03001154553606316,0.005533369192319874,0.02187093256737571,23
2,SAD,298,AF7_Beta,bandpower,AF7,Beta,,0.013565873196240624,0.04919482237240548,0.01158643230816222,0.04685327129149684,23
2,SAD,299,AF7_Gamma,bandpower,AF7,Gamma,,0.017564468842512178,0.03571074802416745,0.00984014328456072,0.021846131299182548,23
2,SAD,300,AF3_Delta,bandpower,AF3,Delta,,0.0,0.0,0.0,0.0,23
2,SAD,301,AF3_Theta,bandpower,AF3,Theta,,0.010385105083545423,0.04938032199057021,0.0052266762025479025,0.025319782463479754,23
2,SAD,302,AF3_Alpha,bandpower,AF3,Alpha,,0.004250697334062776,0.01748976047393259,0.003192976958957434,0.016722423150982532,23
2,SAD,303,AF3_Beta,bandpower,AF3,Beta,,0.03896799263834011,0.09185328273805003,0.01978752961155873,0.05353301899405862,23
2,SAD,304,AF3_Gamma,bandpower,AF3,Gamma,,0.05461295503963482,0.14995390985200932,0.038850948651540304,0.09887250507109617,23
2,SAD,305,Fpz_Delta,bandpower,Fpz,Delta,,0.036974866177134524,0.09650707387650487,0.03059381450013168,0.08845285711299997,23
2,SAD,306,Fpz_Theta,bandpower,Fpz,Theta,,0.035343996558316396,0.10779747966303105,0.031650675187544615,0.0984671016251552,23
2,SAD,307,Fpz_Alpha,bandpower,Fpz,Alpha,,0.021815333902124173,0.08129557046359094,0.02030209018904331,0.07748332960633537,23
2,SAD,308,Fpz_Beta,bandpower,Fpz,Beta,,0.03841674147997145,0.07870394106222041,0.03347060545414922,0.07769932824249265,23
2,SAD,309,Fpz_Gamma,bandpower,Fpz,Gamma,,0.0804707795706887,0.13743012537133897,0.06457613854108488,0.11949769169703384,23
2,SAD,310,ThetaAlphaRatio_O2,ThetaAlphaRatio,O2,,,0.0009199155716184665,0.004411760097154082,0.0003663787408758491,0.0017570907149640198,23
2,SAD,311,ThetaAlphaRatio_O1,ThetaAlphaRatio,O1,,,0.0,0.0,0.0,0.0,23
2,SAD,312,ThetaAlphaRatio_Oz,ThetaAlphaRatio,Oz,,,0.0,0.0,0.0,0.0,23
2,SAD,313,ThetaAlphaRatio_Pz,ThetaAlphaRatio,Pz,,,0.0029368523811030807,0.014084649228610177,0.0014764616919291044,0.007080861525117233,23
2,SAD,314,ThetaAlphaRatio_P4,ThetaAlphaRatio,P4,,,0.0,0.0,0.0,0.0,23
2,SAD,315,ThetaAlphaRatio_CP4,ThetaAlphaRatio,CP4,,,0.0017894796861968414,0.008582043089390565,0.0006113469615750209,0.0029319170300029355,23
2,SAD,316,ThetaAlphaRatio_P8,ThetaAlphaRatio,P8,,,0.0,0.0,0.0,0.0,23
2,SAD,317,ThetaAlphaRatio_C4,ThetaAlphaRatio,C4,,,0.006770615186374433,0.03247072974303433,0.0034860090557697777,0.01671831212021431,23
2,SAD,318,ThetaAlphaRatio_TP8,ThetaAlphaRatio,TP8,,,0.0,0.0,0.0,0.0,23
2,SAD,319,ThetaAlphaRatio_T8,ThetaAlphaRatio,T8,,,0.0,0.0,0.0,0.0,23
2,SAD,320,ThetaAlphaRatio_P7,ThetaAlphaRatio,P7,,,0.0059305488148262385,0.01919449156401739,0.0007911875534590246,0.007098622294596601,23
2,SAD,321,ThetaAlphaRatio_P3,ThetaAlphaRatio,P3,,,0.0018763311551148103,0.008998568101873376,0.0009705414375933399,0.004654553221091384,23
2,SAD,322,ThetaAlphaRatio_CP3,ThetaAlphaRatio,CP3,,,0.0,0.0,0.0,0.0,23
2,SAD,323,ThetaAlphaRatio_CPz,ThetaAlphaRatio,CPz,,,0.0016139832526190425,0.0077403917610092,0.00023583278092997363,0.0011310142850144704,23
2,SAD,324,ThetaAlphaRatio_Cz,ThetaAlphaRatio,Cz,,,0.003720126592717145,0.012568223415314474,0.0013081405425647314,0.00705300510113787,23
2,SAD,325,ThetaAlphaRatio_FC4,ThetaAlphaRatio,FC4,,,0.004312844480823815,0.020683675516280135,0.0032157230025429253,0.015422065745837188,23
2,SAD,326,ThetaAlphaRatio_FT8,ThetaAlphaRatio,FT8,,,0.0,0.0,0.0,0.0,23
2,SAD,327,ThetaAlphaRatio_TP7,ThetaAlphaRatio,TP7,,,0.0,0.0,0.0,0.0,23
2,SAD,328,ThetaAlphaRatio_C3,ThetaAlphaRatio,C3,,,0.0,0.0,0.0,0.0,23
2,SAD,329,ThetaAlphaRatio_FCz,ThetaAlphaRatio,FCz,,,0.00411289829181622,0.019724767280071262,0.0018547008558964973,0.008894832831023504,23
2,SAD,330,ThetaAlphaRatio_Fz,ThetaAlphaRatio,Fz,,,0.0012281340931090841,0.005889924198587624,0.0006177550129478876,0.002962648964779936,23
2,SAD,331,ThetaAlphaRatio_F4,ThetaAlphaRatio,F4,,,0.0,0.0,0.0,0.0,23
2,SAD,332,ThetaAlphaRatio_F8,ThetaAlphaRatio,F8,,,0.0,0.0,0.0,0.0,23
2,SAD,333,ThetaAlphaRatio_T7,ThetaAlphaRatio,T7,,,0.005586508771301827,0.026791954870672305,0.00012121128477005319,0.000581308900481456,23
2,SAD,334,ThetaAlphaRatio_FT7,ThetaAlphaRatio,FT7,,,1.0757632477513771e-05,5.159179295187325e-05,5.691278132719196e-06,2.7294411076835064e-05,23
2,SAD,335,ThetaAlphaRatio_FC3,ThetaAlphaRatio,FC3,,,0.0,0.0,0.0,0.0,23
2,SAD,336,ThetaAlphaRatio_F3,ThetaAlphaRatio,F3,,,0.0,0.0,0.0,0.0,23
2,SAD,337,ThetaAlphaRatio_Fp2,ThetaAlphaRatio,Fp2,,,0.00016113769745900556,0.0007727892490679268,-7.147686633233136e-06,3.427910087442043e-05,23
2,SAD,338,ThetaAlphaRatio_F7,ThetaAlphaRatio,F7,,,0.0,0.0,0.0,0.0,23
2,SAD,339,ThetaAlphaRatio_Fp1,ThetaAlphaRatio,Fp1,,,0.004200288286717163,0.014523513706271795,0.0005847805235747389,0.00227204720353573,23
2,SAD,340,ThetaAlphaRatio_PO5,ThetaAlphaRatio,PO5,,,0.003250060935237307,0.011628745821175396,0.002284560479032363,0.009348279174126728,23
2,SAD,341,ThetaAlphaRatio_PO3,ThetaAlphaRatio,PO3,,,0.0011825428345947737,0.005671276203817194,0.0005343025867500228,0.0025624251885232874,23
2,SAD,342,ThetaAlphaRatio_P1,ThetaAlphaRatio,P1,,,0.0036227926581118342,0.017374303232198615,0.0005152853069836045,0.002471221518731842,23
2,SAD,343,ThetaAlphaRatio_POz,ThetaAlphaRatio,POz,,,0.01166859576932151,0.03357386925614672,0.0076990433807259985,0.025926219920928924,23
2,SAD,344,ThetaAlphaRatio_P2,ThetaAlphaRatio,P2,,,0.0049754429662272085,0.01650328036886801,0.002161613598905332,0.00741999886890774,23
2,SAD,345,ThetaAlphaRatio_PO4,ThetaAlphaRatio,PO4,,,0.00410403498823038,0.019682260369333602,0.0037189716111841052,0.017835561287221826,23
2,SAD,346,ThetaAlphaRatio_CP2,ThetaAlphaRatio,CP2,,,0.0,0.0,0.0,0.0,23
2,SAD,347,ThetaAlphaRatio_P6,ThetaAlphaRatio,P6,,,0.0,0.0,0.0,0.0,23
2,SAD,348,ThetaAlphaRatio_PO6,ThetaAlphaRatio,PO6,,,0.00077253329931641,0.00370493954967042,0.000682218406878679,0.003271804541492952,23
2,SAD,349,ThetaAlphaRatio_CP6,ThetaAlphaRatio,CP6,,,0.0,0.0,0.0,0.0,23
2,SAD,350,ThetaAlphaRatio_C6,ThetaAlphaRatio,C6,,,0.0011985438294911245,0.00574801427954548,0.00022223490152759753,0.0010658011463263502,23
2,SAD,351,ThetaAlphaRatio_PO8,ThetaAlphaRatio,PO8,,,0.0,0.0,0.0,0.0,23
2,SAD,352,ThetaAlphaRatio_PO7,ThetaAlphaRatio,PO7,,,0.0016737016920636196,0.00583210006151041,0.00018953827692693708,0.0007241544301100411,23
2,SAD,353,ThetaAlphaRatio_P5,ThetaAlphaRatio,P5,,,0.0,0.0,0.0,0.0,23
2,SAD,354,ThetaAlphaRatio_CP5,ThetaAlphaRatio,CP5,,,0.0043440144155221325,0.02083316127168592,0.0017646112958784378,0.00846277847916752,23
2,SAD,355,ThetaAlphaRatio_CP1,ThetaAlphaRatio,CP1,,,0.0035775681812792045,0.017157414260579363,0.0001650947779117139,0.00079176674024331,23
2,SAD,356,ThetaAlphaRatio_C1,ThetaAlphaRatio,C1,,,0.0005868701481457144,0.0028145303565684228,3.584500491220292e-06,1.7190660451124203e-05,23
2,SAD,357,ThetaAlphaRatio_C2,ThetaAlphaRatio,C2,,,0.0,0.0,0.0,0.0,23
2,SAD,358,ThetaAlphaRatio_FC2,ThetaAlphaRatio,FC2,,,0.0,0.0,0.0,0.0,23
2,SAD,359,ThetaAlphaRatio_FC6,ThetaAlphaRatio,FC6,,,0.0016540202038649947,0.007932402233891873,0.00022698319945340723,0.0010885731832010288,23
2,SAD,360,ThetaAlphaRatio_C5,ThetaAlphaRatio,C5,,,0.0017977307202201897,0.008621613658459665,0.000628952519600064,0.0030163503201649476,23
2,SAD,361,ThetaAlphaRatio_FC1,ThetaAlphaRatio,FC1,,,0.0025553554953568415,0.012255054437902731,0.0013628311603096099,0.006535908639565677,23
2,SAD,362,ThetaAlphaRatio_F2,ThetaAlphaRatio,F2,,,0.0,0.0,0.0,0.0,23
2,SAD,363,ThetaAlphaRatio_F6,ThetaAlphaRatio,F6,,,0.003580601210597254,0.014239066645129896,0.0007389985052624984,0.0024489973345528148,23
2,SAD,364,ThetaAlphaRatio_FC5,ThetaAlphaRatio,FC5,,,0.0,0.0,0.0,0.0,23
2,SAD,365,ThetaAlphaRatio_F1,ThetaAlphaRatio,F1,,,0.00454040780485183,0.021775030879203513,0.0026694147485639445,0.01280206339995886,23
2,SAD,366,ThetaAlphaRatio_AF4,ThetaAlphaRatio,AF4,,,0.005266237242442519,0.025255986576549285,0.0002329750607942605,0.001117309140702812,23
2,SAD,367,ThetaAlphaRatio_AF8,ThetaAlphaRatio,AF8,,,0.016802011785567523,0.07982298707829999,0.013439287478296673,0.06396398212107417,23
2,SAD,368,ThetaAlphaRatio_F5,ThetaAlphaRatio,F5,,,0.003472673456107272,0.012077382192325374,0.0014558595400119292,0.005414165763562936,23
2,SAD,369,ThetaAlphaRatio_AF7,ThetaAlphaRatio,AF7,,,0.0006157408905175268,0.002952989572936601,0.0003684110141690018,0.001766837155287308,23
2,SAD,370,ThetaAlphaRatio_AF3,ThetaAlphaRatio,AF3,,,0.005009808768232644,0.024026198816458583,0.001935727295628995,0.009283421984914414,23
2,SAD,371,ThetaAlphaRatio_Fpz,ThetaAlphaRatio,Fpz,,,0.0001689899138373401,0.0008104471559030159,9.158740224684418e-05,0.00043923775083373756,23
2,SAD,372,AlphaAsym_Fp2-Fp1,AlphaAsym,,,Fp2-Fp1,0.0009059769303808539,0.003985799816337901,0.00047051718364318,0.001948813089374311,23
2,SAD,373,AlphaAsym_AF8-AF7,AlphaAsym,,,AF8-AF7,0.034484401250660233,0.11911605733399286,0.030520850853456228,0.10595838948370964,23
2,SAD,374,AlphaAsym_AF4-AF3,AlphaAsym,,,AF4-AF3,0.014614194010867146,0.04550389508862975,0.009332096826832092,0.031058833759619448,23
2,SAD,375,AlphaAsym_F8-F7,AlphaAsym,,,F8-F7,0.023646756015119993,0.06130830494614965,0.01730034377578069,0.057306302481869215,23
2,SAD,376,AlphaAsym_F6-F5,AlphaAsym,,,F6-F5,0.0019269702471993297,0.009241424656004249,0.0018356901750789015,0.00880366080867884,23
2,SAD,377,AlphaAsym_F4-F3,AlphaAsym,,,F4-F3,0.019555867061773285,0.06479759668159696,0.017736249568685643,0.059166596572230626,23
2,SAD,378,AlphaAsym_F2-F1,AlphaAsym,,,F2-F1,0.0,0.0,0.0,0.0,23
2,SAD,379,AlphaAsym_FC6-FC5,AlphaAsym,,,FC6-FC5,0.0312111876646046,0.12576226206129532,0.028827923302291697,0.12125986804681203,23
2,SAD,380,AlphaAsym_FC4-FC3,AlphaAsym,,,FC4-FC3,0.0016567624941986056,0.007945553796319879,0.0013487411838787812,0.006468335486435976,23
2,SAD,381,AlphaAsym_FC2-FC1,AlphaAsym,,,FC2-FC1,0.005753735713100708,0.019075728514089958,0.004164002664203963,0.013989033070747088,23
2,SAD,382,AlphaAsym_T8-T7,AlphaAsym,,,T8-T7,0.006461911231784298,0.028239631739879607,0.0028532828090936935,0.012957353380312394,23
2,SAD,383,AlphaAsym_C6-C5,AlphaAsym,,,C6-C5,0.024957987922416065,0.07416487968091529,0.016776174630464196,0.049454693756465516,23
2,SAD,384,AlphaAsym_C4-C3,AlphaAsym,,,C4-C3,0.012941076417326627,0.03577491333037246,0.011594241507001883,0.03228707575372087,23
2,SAD,385,AlphaAsym_C2-C1,AlphaAsym,,,C2-C1,0.013293045964093173,0.04442917350304893,0.01026152258100227,0.03638852427581587,23
2,SAD,386,AlphaAsym_TP8-TP7,AlphaAsym,,,TP8-TP7,0.026499169297160292,0.08829396038282533,0.01352284860694248,0.04981860818536252,23
2,SAD,387,AlphaAsym_CP6-CP5,AlphaAsym,,,CP6-CP5,0.032916841497847675,0.10091051253695116,0.026907125908115864,0.08467517010543557,23
2,SAD,388,AlphaAsym_CP4-CP3,AlphaAsym,,,CP4-CP3,0.04180551635146541,0.15181863766530407,0.03769211808937939,0.14631603245785763,23
2,SAD,389,AlphaAsym_CP2-CP1,AlphaAsym,,,CP2-CP1,0.02134070383917383,0.05088903729460713,0.016128117149414388,0.03917106220830271,23
2,SAD,390,AlphaAsym_P8-P7,AlphaAsym,,,P8-P7,0.009695388723546165,0.04649745087115336,0.0055712957249364784,0.026718995663347754,23
2,SAD,391,AlphaAsym_P6-P5,AlphaAsym,,,P6-P5,0.0012744968757893555,0.0061122722932741656,0.0011391218894893438,0.005463036666508544,23
2,SAD,392,AlphaAsym_P4-P3,AlphaAsym,,,P4-P3,0.0,0.0,0.0,0.0,23
2,SAD,393,AlphaAsym_P2-P1,AlphaAsym,,,P2-P1,0.013583604101452146,0.06514467674994415,0.013333475231628039,0.06394510083115111,23
2,SAD,394,AlphaAsym_PO8-PO7,AlphaAsym,,,PO8-PO7,0.025951259794444036,0.062479251406584196,0.015364572557623657,0.03543507931410833,23
2,SAD,395,AlphaAsym_PO6-PO5,AlphaAsym,,,PO6-PO5,0.006381061785264582,0.03060249726197803,0.005710227776190531,0.02738529037435044,23
2,SAD,396,AlphaAsym_PO4-PO3,AlphaAsym,,,PO4-PO3,0.00023180340957877684,0.0011116900988692674,0.0001307548668693817,0.0006270783123587388,23
2,SAD,397,AlphaAsym_O2-O1,AlphaAsym,,,O2-O1,0.015918289020816153,0.07020312889421668,0.014305761944128515,0.06289125043758735,23
